point_id,seg,waktu,cycle,d_rad,d_tan,dZ,d_rad_c,d_tan_c,dZ_c,jarak_m
CND_14,0,2026-09-01 14:07,0,0.734,2.909,-8.5,0.734,2.412,-8.499,155.235
CND_14,0,2026-09-01 16:06,1,0.0,-0.0,-0.5,0.004,-0.363,-0.478,155.235
CND_14,0,2026-09-01 18:06,2,0.0,-0.0,0.5,0.008,-0.0,0.542,155.235
CND_14,0,2026-09-01 20:06,3,0.0,-0.0,0.5,0.012,0.164,0.563,155.235
CND_14,0,2026-09-01 22:06,4,-0.245,-0.97,0.5,-0.229,-0.895,0.584,155.235
CND_14,0,2026-09-02 00:06,5,0.725,-1.214,-0.5,0.744,-1.214,-0.396,155.235
CND_14,0,2026-09-02 02:06,6,0.0,-0.0,1.5,0.023,-0.0,1.625,155.235
CND_14,0,2026-09-02 04:06,7,0.0,-0.0,0.5,0.027,-0.253,0.646,155.235
CND_14,0,2026-09-02 06:06,8,0.725,-1.214,0.5,0.755,-1.411,0.666,155.235
CND_14,0,2026-09-02 08:06,9,0.48,-2.184,-0.5,0.514,-0.181,-0.313,155.235
CND_14,0,2026-09-02 10:07,10,0.0,-0.0,-3.5,0.038,0.31,-3.292,155.235
CND_14,0,2026-09-02 12:07,11,0.979,3.878,-9.5,1.021,1.14,-9.272,155.235
CND_14,0,2026-09-02 14:06,12,0.734,2.909,-4.5,0.78,0.17,-4.251,155.235
CND_14,0,2026-09-02 16:06,13,-0.235,3.154,0.5,-0.186,0.86,0.77,155.235
CND_14,0,2026-09-02 18:05,14,0.0,-0.0,-0.5,0.053,-0.277,-0.21,155.235
CND_14,0,2026-09-02 20:06,15,0.0,-0.0,-0.5,0.057,-0.266,-0.189,155.235
CND_1401,0,2026-09-01 14:02,0,0.068,-1.413,-0.5,0.069,-2.501,-0.5,339.875
CND_1401,0,2026-09-01 16:02,1,-0.068,1.413,-1.5,-0.06,0.617,-1.479,339.875
CND_1401,0,2026-09-01 18:02,2,0.0,-0.0,0.5,0.017,-0.0,0.542,339.875
CND_1401,0,2026-09-01 20:02,3,0.0,-0.0,-1.5,0.025,0.359,-1.438,339.875
CND_1401,0,2026-09-01 22:02,4,0.0,-0.0,0.5,0.033,0.162,0.583,339.875
CND_1401,0,2026-09-02 00:02,5,0.068,-1.413,0.5,0.11,-1.413,0.604,339.875
CND_1401,0,2026-09-02 02:02,6,0.0,-0.0,1.5,0.05,-0.0,1.624,339.875
CND_1401,0,2026-09-02 04:02,7,0.0,-0.0,1.5,0.058,-0.553,1.645,339.875
CND_1401,0,2026-09-02 06:02,8,-0.068,1.413,1.5,-0.002,0.982,1.666,339.875
CND_1401,0,2026-09-02 08:02,9,-0.467,-4.978,3.5,-0.392,-0.593,3.686,339.875
CND_1401,0,2026-09-02 10:03,10,0.068,-1.413,-2.5,0.152,-0.734,-2.293,339.875
CND_1401,0,2026-09-02 12:02,11,-0.205,4.238,0.5,-0.114,-1.758,0.728,339.875
CND_1401,0,2026-09-02 14:02,12,0.33,7.803,-4.5,0.429,1.807,-4.252,339.875
CND_1401,0,2026-09-02 16:02,13,0.467,4.978,-3.5,0.575,-0.043,-3.231,339.875
CND_1401,0,2026-09-02 18:02,14,0.0,-0.0,-1.5,0.116,-0.607,-1.21,339.875
CND_1401,0,2026-09-02 20:02,15,-0.068,1.413,0.5,0.056,0.829,0.81,339.875
CND_1401,0,2026-09-02 22:02,16,-0.809,2.085,1.5,-0.676,1.134,1.831,339.875
CND_1401,0,2026-09-03 00:02,17,-0.068,1.413,0.5,0.073,0.084,0.852,339.875
CND_1401,0,2026-09-03 02:02,18,-0.809,2.085,1.5,-0.66,0.588,1.872,339.875
CND_1401,0,2026-09-03 04:02,19,-0.068,1.413,0.5,0.089,0.02,0.893,339.875
CND_1401,0,2026-09-03 06:02,20,-0.741,0.672,4.5,-0.575,1.473,4.914,339.875
CND_1401,0,2026-09-03 08:02,21,-1.276,-2.894,3.5,-1.101,1.383,3.934,339.875
CND_1401,0,2026-09-03 10:03,22,0.137,-2.825,-2.5,0.319,-1.667,-2.045,339.875
CND_1401,0,2026-09-03 12:02,23,-1.207,-4.306,1.5,-1.016,-8.678,1.976,339.875
CND_1401,0,2026-09-03 14:02,24,-1.014,6.322,-0.5,-0.815,0.067,-0.004,339.875
CND_1401,0,2026-09-03 16:02,25,-1.481,1.344,2.5,-1.274,-1.954,3.017,339.875
CND_1401,0,2026-09-03 18:02,26,-0.741,0.672,-1.5,-0.525,0.539,-0.962,339.875
CND_1401,0,2026-09-03 20:02,27,-0.672,-0.741,-1.5,-0.448,-0.664,-0.942,339.875
CND_1401,0,2026-09-03 22:02,28,-0.741,0.672,0.5,-0.508,0.672,1.079,339.875
CND_1401,0,2026-09-04 00:02,29,-0.809,2.085,0.5,-0.568,1.799,1.1,339.875
CND_1401,0,2026-09-04 02:02,30,-0.672,-0.741,-1.5,-0.423,-0.986,-0.88,339.875
CND_1401,0,2026-09-04 04:02,31,-0.809,2.085,0.5,-0.552,1.349,1.141,339.875
CND_1401,0,2026-09-04 06:02,32,-0.604,-2.153,1.5,-0.338,-0.477,2.162,339.875
CND_1401,0,2026-09-04 08:02,33,-0.535,-3.566,-0.5,-0.261,-0.888,0.182,339.875
CND_1401,0,2026-09-04 10:02,34,-0.604,-2.153,-3.5,-0.322,-0.741,-2.797,339.875
CND_1401,0,2026-09-04 12:03,35,-0.137,2.825,-2.5,0.153,-1.834,-1.776,339.875
CND_1401,0,2026-09-04 14:02,36,-0.877,3.497,-0.5,-0.579,-1.594,0.244,339.875
CND_1401,0,2026-09-04 16:02,37,-1.686,5.582,0.5,-1.38,-1.041,1.265,339.875
CND_1401,0,2026-09-04 18:02,38,-0.068,1.413,-1.5,0.247,1.671,-0.715,339.875
CND_1401,0,2026-09-04 20:02,39,-0.672,-0.741,0.5,-0.349,-0.219,1.306,339.875
CND_1401,0,2026-09-04 22:02,40,0.0,-0.0,0.5,0.332,0.204,1.327,339.875
CND_1401,0,2026-09-05 00:02,41,-1.413,-0.068,4.5,-1.073,-0.537,5.347,339.875
CND_1401,0,2026-09-05 02:02,42,-1.481,1.344,3.5,-1.133,1.327,4.368,339.875
CND_1401,0,2026-09-05 04:02,43,-0.809,2.085,3.5,-0.452,1.915,4.389,339.875
CND_1401,0,2026-09-05 06:02,44,-0.604,-2.153,1.5,-0.239,0.844,2.409,339.875
CND_1401,0,2026-09-05 08:03,45,-0.933,-9.956,1.5,-0.56,-3.684,2.43,339.875
CND_1401,0,2026-09-05 10:02,46,0.685,-14.126,-7.5,1.066,-11.836,-6.549,339.875
CND_1401,0,2026-09-05 12:02,47,-0.741,0.672,-1.5,-0.351,-2.713,-0.529,339.875
CND_1401,0,2026-09-05 16:03,49,-0.274,5.65,-5.5,0.132,-0.04,-4.487,339.875
CND_1401,0,2026-09-05 18:02,50,0.0,-0.0,-1.5,0.415,1.288,-0.467,339.875
CND_1401,0,2026-09-05 20:04,51,0.068,-1.413,-1.5,0.491,-0.05,-0.446,339.875
CND_1401,0,2026-09-05 22:02,52,-0.741,0.672,0.5,-0.309,1.99,1.575,339.875
CND_1401,0,2026-09-06 00:02,53,-0.741,0.672,0.5,-0.301,0.994,1.595,339.875
CND_1401,0,2026-09-06 02:02,54,-1.413,-0.068,0.5,-0.965,0.3,1.616,339.875
CND_1401,0,2026-09-06 04:02,55,-0.672,-0.741,1.5,-0.216,-0.535,2.637,339.875
CND_1401,0,2026-09-06 06:02,56,-0.672,-0.741,-0.5,-0.208,-0.4,0.657,339.875
CND_1401,0,2026-09-06 10:02,58,-0.467,-4.978,-3.5,0.014,-2.131,-2.301,339.875
CND_1401,0,2026-09-06 12:03,59,0.068,-1.413,-6.5,0.558,-1.695,-5.28,339.875
CND_1401,0,2026-09-06 14:02,60,-1.207,-4.306,-0.5,-0.71,-2.925,0.74,339.875
CND_1401,0,2026-09-06 16:02,61,-1.413,-0.068,4.5,-0.907,0.847,5.761,339.875
CND_1401,0,2026-09-06 20:02,63,0.137,-2.825,-3.5,0.659,-1.46,-2.198,339.875
CND_1401,0,2026-09-07 06:02,68,-1.742,-7.872,8.5,-1.179,-6.307,9.905,339.875
CND_1401,0,2026-09-07 08:03,69,-0.467,-4.978,-0.5,0.105,-1.004,0.926,339.875
CND_1401,0,2026-09-07 10:02,70,-0.672,-0.741,-2.5,-0.092,0.498,-1.053,339.875
CND_1401,0,2026-09-07 12:03,71,-0.809,2.085,-3.5,-0.22,-0.036,-2.033,339.875
CND_1401,0,2026-09-07 18:03,73,0.205,-4.238,-2.5,0.819,-2.76,-0.971,339.875
CND_1401,0,2026-09-08 06:03,79,0.068,-1.413,-0.5,0.732,-0.818,1.153,339.875
CND_1401,0,2026-09-08 08:03,80,-1.07,-7.131,-0.5,-0.399,-0.813,1.174,339.875
CND_1401,0,2026-09-08 14:02,83,-1.276,-2.894,-0.5,-0.579,-3.987,1.236,339.875
CND_1401,0,2026-09-08 16:03,84,-1.276,-2.894,1.5,-0.571,-1.184,3.257,339.875
CND_1402,0,2026-09-01 14:04,0,-0.494,2.785,1.0,-0.494,1.715,1.001,334.393
CND_1402,0,2026-09-01 16:03,1,0.82,-0.573,-2.0,0.828,-1.355,-1.979,334.393
CND_1402,0,2026-09-01 18:03,2,0.247,-1.392,0.0,0.264,-1.392,0.042,334.393
CND_1402,0,2026-09-01 20:03,3,0.0,-0.0,-1.0,0.025,0.353,-0.938,334.393
CND_1402,0,2026-09-01 22:03,4,-0.573,-0.82,1.0,-0.54,-0.66,1.083,334.393
CND_1402,0,2026-09-02 00:03,5,0.0,-0.0,0.0,0.041,-0.0,0.104,334.393
CND_1402,0,2026-09-02 02:03,6,0.0,-0.0,1.0,0.049,-0.0,1.124,334.393
CND_1402,0,2026-09-02 04:03,7,0.0,-0.0,1.0,0.057,-0.544,1.145,334.393
CND_1402,0,2026-09-02 06:03,8,0.247,-1.392,-1.0,0.313,-1.816,-0.834,334.393
CND_1402,0,2026-09-02 08:03,9,-0.651,-4.424,3.0,-0.578,-0.11,3.186,334.393
CND_1402,0,2026-09-02 10:04,10,0.573,0.82,-2.0,0.654,1.487,-1.793,334.393
CND_1402,0,2026-09-02 12:04,11,-0.741,4.177,3.0,-0.651,-1.722,3.228,334.393
CND_1402,0,2026-09-02 14:03,12,0.0,-0.0,0.0,0.098,-5.899,0.248,334.393
CND_1402,0,2026-09-02 16:03,13,0.078,3.605,-2.0,0.185,-1.335,-1.731,334.393
CND_1402,0,2026-09-02 18:03,14,0.326,2.212,-1.0,0.44,1.615,-0.71,334.393
CND_1402,0,2026-09-02 20:03,15,0.0,-0.0,-1.0,0.123,-0.574,-0.69,334.393
CND_1402,0,2026-09-02 22:03,16,-0.247,1.392,-1.0,-0.116,0.457,-0.669,334.393
CND_1402,0,2026-09-03 00:03,17,-0.247,1.392,0.0,-0.108,0.085,0.352,334.393
CND_1402,0,2026-09-03 02:03,18,0.0,-0.0,1.0,0.147,-1.472,1.372,334.393
CND_1402,0,2026-09-03 04:03,19,-0.247,1.392,1.0,-0.092,0.023,1.393,334.393
CND_1402,0,2026-09-03 06:03,20,0.247,-1.392,0.0,0.41,-0.605,0.414,334.393
CND_1402,0,2026-09-03 08:03,21,-0.404,-5.817,1.0,-0.233,-1.609,1.434,334.393
CND_1402,0,2026-09-03 10:04,22,-0.078,-3.605,0.0,0.101,-2.465,0.455,334.393
CND_1402,0,2026-09-03 12:03,23,-0.416,6.39,1.0,-0.228,2.088,1.476,334.393
CND_1402,0,2026-09-03 14:03,24,-0.416,6.39,-2.0,-0.22,0.235,-1.504,334.393
CND_1402,0,2026-09-03 16:03,25,-0.494,2.785,1.0,-0.29,-0.46,1.517,334.393
CND_1402,0,2026-09-03 18:03,26,0.0,-0.0,-1.0,0.212,-0.131,-0.462,334.393
CND_1402,0,2026-09-03 20:03,27,-0.573,-0.82,-1.0,-0.352,-0.744,-0.442,334.393
CND_1402,0,2026-09-03 22:03,28,-0.573,-0.82,1.0,-0.344,-0.82,1.579,334.393
CND_1402,0,2026-09-04 00:03,29,0.82,-0.573,-2.0,1.056,-0.854,-1.4,334.393
CND_1402,0,2026-09-04 02:03,30,0.573,0.82,-2.0,0.818,0.578,-1.38,334.393
CND_1402,0,2026-09-04 04:03,31,-0.247,1.392,0.0,0.006,0.669,0.641,334.393
CND_1402,0,2026-09-04 06:03,32,-0.573,-0.82,2.0,-0.312,0.829,2.662,334.393
CND_1402,0,2026-09-04 08:03,33,-0.078,-3.605,-1.0,0.191,-0.97,-0.318,334.393
CND_1402,0,2026-09-04 10:04,34,-0.078,-3.605,-2.0,0.199,-2.215,-1.297,334.393
CND_1402,0,2026-09-04 12:04,35,-0.169,4.997,-1.0,0.117,0.413,-0.276,334.393
CND_1402,0,2026-09-04 14:04,36,-0.741,4.177,3.0,-0.448,-0.831,3.744,334.393
CND_1402,0,2026-09-04 16:03,37,-0.416,6.39,0.0,-0.114,-0.126,0.765,334.393
CND_1402,0,2026-09-04 18:03,38,0.573,0.82,-2.0,0.883,1.074,-1.214,334.393
CND_1402,0,2026-09-04 20:03,39,0.0,-0.0,0.0,0.318,0.513,0.806,334.393
CND_1402,0,2026-09-04 22:03,40,0.0,-0.0,2.0,0.326,0.201,2.827,334.393
CND_1402,0,2026-09-05 00:03,41,0.0,-0.0,1.0,0.335,-0.461,1.848,334.393
CND_1402,0,2026-09-05 02:03,42,0.247,-1.392,1.0,0.59,-1.409,1.868,334.393
CND_1402,0,2026-09-05 04:03,43,0.0,-0.0,0.0,0.351,-0.167,0.889,334.393
CND_1402,0,2026-09-05 06:03,44,-0.078,-3.605,0.0,0.281,-0.656,0.91,334.393
CND_1402,0,2026-09-05 08:04,45,-1.224,-5.244,3.0,-0.857,0.927,3.93,334.393
CND_1402,0,2026-09-05 10:03,46,-0.977,-6.637,1.0,-0.601,-4.384,1.951,334.393
CND_1402,0,2026-09-05 12:04,47,0.078,3.605,-1.0,0.462,0.275,-0.028,334.393
CND_1402,0,2026-09-05 14:04,48,0.0,-0.0,-2.0,0.392,-4.449,-1.008,334.393
CND_1402,0,2026-09-05 16:04,49,-0.169,4.997,-3.0,0.231,-0.601,-1.987,334.393
CND_1402,0,2026-09-05 18:04,50,-0.326,-2.212,0.0,0.082,-0.945,1.034,334.393
CND_1402,0,2026-09-05 20:05,51,-0.573,-0.82,-1.0,-0.156,0.521,0.055,334.393
CND_1402,0,2026-09-05 22:04,52,0.247,-1.392,-1.0,0.671,-0.096,0.075,334.393
CND_1402,0,2026-09-06 00:03,53,0.169,-4.997,-2.0,0.601,-4.681,-0.904,334.393
CND_1402,0,2026-09-06 02:03,54,0.741,-4.177,-5.0,1.182,-3.815,-3.884,334.393
CND_1402,0,2026-09-06 04:03,55,-0.078,-3.605,-2.0,0.37,-3.402,-0.863,334.393
CND_1402,0,2026-09-06 06:03,56,0.988,-5.57,-5.0,1.445,-5.235,-3.842,334.393
CND_1402,0,2026-09-06 10:04,58,0.169,-4.997,-4.0,0.642,-2.195,-2.801,334.393
CND_1402,0,2026-09-06 12:03,59,0.0,-0.0,-5.0,0.481,-0.278,-3.78,334.393
CND_1402,0,2026-09-06 14:03,60,-0.157,-7.209,-3.0,0.333,-5.851,-1.76,334.393
CND_1402,0,2026-09-06 16:04,61,-0.326,-2.212,-1.0,0.172,-1.311,0.261,334.393
CND_1402,0,2026-09-06 18:04,62,-0.078,-3.605,-2.0,0.427,-2.788,-0.718,334.393
CND_1402,0,2026-09-06 20:04,63,-0.573,-0.82,-1.0,-0.059,0.524,0.302,334.393
CND_1402,0,2026-09-06 22:03,64,-0.326,-2.212,2.0,0.197,-1.303,3.323,334.393
CND_1402,0,2026-09-07 00:03,65,-0.078,-3.605,0.0,0.452,-3.016,1.343,334.393
CND_1402,0,2026-09-07 02:03,66,-0.326,-2.212,0.0,0.213,-1.52,1.364,334.393
CND_1402,0,2026-09-07 04:03,67,-0.326,-2.212,0.0,0.221,-0.854,1.385,334.393
CND_1402,0,2026-09-07 08:04,69,-0.404,-5.817,0.0,0.159,-1.907,1.426,334.393
CND_1402,0,2026-09-07 10:03,70,-0.73,-8.029,1.0,-0.159,-6.811,2.447,334.393
CND_1402,0,2026-09-07 12:04,71,0.898,3.032,-10.0,1.477,0.946,-8.532,334.393
CND_1402,0,2026-09-07 14:04,72,-0.741,4.177,0.0,-0.154,-0.18,1.488,334.393
CND_1402,0,2026-09-07 18:04,73,-0.898,-3.032,-1.0,-0.295,-1.579,0.53,334.393
CND_1402,0,2026-09-07 20:04,74,-0.326,-2.212,-1.0,0.286,-1.168,0.55,334.393
CND_1402,0,2026-09-07 22:03,75,-0.326,-2.212,-1.0,0.294,-1.528,0.571,334.393
CND_1402,0,2026-09-08 00:03,76,-0.326,-2.212,0.0,0.303,-1.7,1.591,334.393
CND_1402,0,2026-09-08 02:03,77,-0.573,-0.82,-1.0,0.064,-0.157,0.612,334.393
CND_1402,0,2026-09-08 04:03,78,-0.82,0.573,-1.0,-0.175,0.658,0.633,334.393
CND_1402,0,2026-09-08 06:04,79,-0.898,-3.032,-1.0,-0.246,-2.447,0.654,334.393
CND_1402,0,2026-09-08 08:04,80,-1.302,-8.849,3.0,-0.641,-2.633,4.674,334.393
CND_1402,0,2026-09-08 10:04,81,-1.471,-3.852,1.0,-0.802,-0.9,2.695,334.393
CND_1402,0,2026-09-08 12:04,82,-0.078,-3.605,-3.0,0.599,-1.991,-1.284,334.393
CND_1402,0,2026-09-08 14:03,83,-0.247,1.392,-5.0,0.438,0.317,-3.264,334.393
CND_1402,0,2026-09-08 16:04,84,-0.73,-8.029,-3.0,-0.036,-6.347,-1.243,334.393
CND_1402,0,2026-09-08 18:03,85,-0.078,-3.605,-3.0,0.623,-2.071,-1.223,334.393
CND_1402,0,2026-09-08 20:03,86,0.247,-1.392,-4.0,0.957,-0.064,-2.202,334.393
CND_1402,0,2026-09-08 22:03,87,-0.326,-2.212,-1.0,0.392,-1.121,0.819,334.393
CND_1402,0,2026-09-09 04:03,90,0.494,-2.785,-5.0,1.236,-2.448,-3.119,334.393
CND_1402,0,2026-09-09 06:04,91,0.247,-1.392,-2.0,0.998,-0.888,-0.098,334.393
CND_1402,0,2026-09-09 12:04,94,-0.494,2.785,-5.0,0.281,0.546,-3.037,334.393
CND_1402,0,2026-09-09 14:04,95,-0.169,4.997,-4.0,0.614,3.129,-2.016,334.393
CND_1402,0,2026-09-09 18:04,97,-0.82,0.573,-2.0,-0.02,2.602,0.025,334.393
CND_1402,0,2026-09-09 20:03,98,-0.898,-3.032,-4.0,-0.091,-1.732,-1.954,334.393
CND_1402,0,2026-09-09 22:03,99,-0.651,-4.424,-2.0,0.165,-2.924,0.067,334.393
CND_1402,0,2026-09-10 00:03,100,-0.326,-2.212,-2.0,0.498,-1.153,0.087,334.393
CND_1402,0,2026-09-10 02:03,101,-0.326,-2.212,-2.0,0.506,-2.143,0.108,334.393
CND_1402,0,2026-09-10 04:03,102,-0.326,-2.212,-2.0,0.515,-1.848,0.129,334.393
CND_1402,0,2026-09-10 06:04,103,-0.326,-2.212,-2.0,0.523,-1.574,0.149,334.393
CND_1402,0,2026-09-10 08:04,104,-0.235,-10.814,-5.0,0.621,-4.507,-2.83,334.393
CND_1402,0,2026-09-10 10:04,105,-0.73,-8.029,-4.0,0.135,-4.777,-1.809,334.393
CND_1402,0,2026-09-10 12:04,106,0.0,-0.0,-7.0,0.873,-1.765,-4.789,334.393
CND_1402,0,2026-09-11 08:04,116,-1.055,-10.241,-1.0,-0.101,-4.712,1.418,334.393
CND_1403,1,2026-09-06 10:06,58,-0.419,-0.908,3.0,0.064,1.951,4.199,341.276
CND_1403,1,2026-09-06 12:05,59,-0.489,1.327,3.0,0.002,1.043,4.22,341.276
CND_1403,1,2026-09-06 14:05,60,-0.419,-0.908,1.0,0.081,0.479,2.241,341.276
CND_1403,1,2026-09-06 16:05,61,0.0,-0.0,-1.0,0.508,0.92,0.261,341.276
CND_1403,1,2026-09-06 18:05,62,0.0,-0.0,-2.0,0.516,0.833,-0.718,341.276
CND_1403,1,2026-09-06 20:06,63,0.838,1.816,-3.0,1.362,3.187,-1.697,341.276
CND_1403,1,2026-09-06 22:05,64,-0.419,-0.908,2.0,0.114,0.02,3.323,341.276
CND_1403,1,2026-09-07 00:05,65,0.419,0.908,0.0,0.96,1.509,1.344,341.276
CND_1403,1,2026-09-07 02:05,66,0.0,-0.0,0.0,0.55,0.706,1.364,341.276
CND_1403,1,2026-09-07 04:04,67,0.0,-0.0,0.0,0.558,1.386,1.385,341.276
CND_1403,1,2026-09-07 06:05,68,0.0,-0.0,0.0,0.566,1.571,1.406,341.276
CND_1403,1,2026-09-07 08:05,69,-0.768,-4.051,2.0,-0.193,-0.061,3.426,341.276
CND_1403,1,2026-09-07 10:05,70,-0.419,-0.908,1.0,0.164,0.335,2.447,341.276
CND_1403,1,2026-09-07 12:05,71,0.0,-0.0,-2.0,0.591,-2.129,-0.532,341.276
CND_1403,1,2026-09-07 14:05,72,-1.049,4.889,0.0,-0.449,0.442,1.488,341.276
CND_1403,1,2026-09-07 18:06,73,-0.419,-0.908,-2.0,0.197,0.575,-0.47,341.276
CND_1403,1,2026-09-07 20:05,74,0.419,0.908,0.0,1.043,1.974,1.55,341.276
CND_1403,1,2026-09-07 22:05,75,0.0,-0.0,1.0,0.633,0.698,2.571,341.276
CND_1403,1,2026-09-08 00:05,76,0.0,-0.0,0.0,0.641,0.522,1.592,341.276
CND_1403,1,2026-09-08 02:05,77,3.632,-1.676,-21.0,4.282,-0.999,-19.388,341.276
CND_1403,1,2026-09-08 04:05,78,0.0,-0.0,1.0,0.658,0.087,2.633,341.276
CND_1403,1,2026-09-08 06:05,79,0.0,-0.0,1.0,0.666,0.597,2.654,341.276
CND_1403,1,2026-09-08 08:06,80,-0.278,-5.378,2.0,0.396,0.966,3.675,341.276
CND_1403,1,2026-09-08 10:05,81,-0.349,-3.143,-2.0,0.334,-0.13,-0.305,341.276
CND_1403,1,2026-09-08 12:05,82,0.489,-1.327,-3.0,1.18,0.32,-1.284,341.276
CND_1403,1,2026-09-08 14:05,83,-0.908,0.419,-2.0,-0.209,-0.679,-0.264,341.276
CND_1403,1,2026-09-08 16:05,84,-0.419,-0.908,0.0,0.289,0.809,1.757,341.276
CND_1403,1,2026-09-08 18:05,85,0.0,-0.0,-1.0,0.716,1.565,0.778,341.276
CND_1403,1,2026-09-08 20:05,86,-0.419,-0.908,0.0,0.305,0.448,1.798,341.276
CND_1403,1,2026-09-08 22:05,87,-0.419,-0.908,0.0,0.314,0.205,1.819,341.276
CND_1403,1,2026-09-09 00:55,88,0.559,-3.562,-2.0,1.304,-3.048,-0.152,341.276
CND_1403,1,2026-09-09 02:05,89,0.978,-2.654,-6.0,1.728,-2.143,-4.14,341.276
CND_1403,1,2026-09-09 04:04,90,1.397,-1.746,-4.0,2.155,-1.402,-2.119,341.276
CND_1403,1,2026-09-09 06:05,91,0.419,0.908,-2.0,1.185,1.423,-0.098,341.276
CND_1403,1,2026-09-09 08:06,92,0.211,-6.705,-3.0,0.985,-0.813,-1.077,341.276
CND_1403,1,2026-09-09 10:05,93,0.559,-3.562,-5.0,1.342,-1.274,-3.057,341.276
CND_1403,1,2026-09-09 12:06,94,0.419,0.908,-5.0,1.21,-1.377,-3.036,341.276
CND_1403,1,2026-09-09 14:06,95,-0.07,2.235,-5.0,0.729,0.328,-3.015,341.276
CND_1403,1,2026-09-09 16:07,96,0.0,-0.0,-4.0,0.808,0.616,-1.995,341.276
CND_1403,1,2026-09-09 18:05,97,0.07,-2.235,-2.0,0.886,-0.163,0.026,341.276
CND_1403,1,2026-09-09 20:04,98,0.489,-1.327,-3.0,1.313,0.0,-0.954,341.276
CND_1403,1,2026-09-09 22:05,99,0.0,-0.0,-2.0,0.833,1.531,0.067,341.276
CND_1403,1,2026-09-10 00:05,100,0.07,-2.235,-3.0,0.911,-1.154,-0.912,341.276
CND_1403,1,2026-09-10 04:05,102,0.0,-0.0,-4.0,0.858,0.372,-1.871,341.276
CND_1403,1,2026-09-10 06:05,103,0.0,-0.0,-2.0,0.866,0.651,0.15,341.276
CND_1403,1,2026-09-10 08:05,104,-1.116,-7.194,0.0,-0.242,-0.758,2.17,341.276
CND_1403,1,2026-09-10 10:05,105,-0.278,-5.378,-3.0,0.604,-2.059,-0.809,341.276
CND_1403,1,2026-09-10 12:05,106,1.816,-0.838,-14.0,2.707,-2.639,-11.788,341.276
CND_1403,1,2026-09-10 14:06,107,-0.978,2.654,-4.0,-0.079,-0.741,-1.768,341.276
CND_1403,1,2026-09-10 16:05,108,0.211,-6.705,-7.0,1.118,-5.26,-4.747,341.276
CND_1403,1,2026-09-10 18:05,109,0.559,-3.562,-9.0,1.475,-2.067,-6.726,341.276
CND_1403,1,2026-09-10 22:05,111,0.838,1.816,-5.0,1.77,2.919,-2.685,341.276
CND_1403,1,2026-09-11 00:04,112,0.908,-0.419,-7.0,1.849,-0.0,-4.665,341.276
CND_1403,1,2026-09-11 02:05,113,0.489,-1.327,-7.0,1.438,-0.244,-4.644,341.276
CND_1403,1,2026-09-11 04:04,114,0.489,-1.327,-5.0,1.446,-1.031,-2.623,341.276
CND_1403,1,2026-09-11 06:05,115,0.07,-2.235,-3.0,1.036,-0.608,-0.602,341.276
CND_1403,1,2026-09-11 08:05,116,0.211,-6.705,-7.0,1.185,-1.062,-4.582,341.276
CND_1403,1,2026-09-11 10:06,117,-0.208,-7.613,-6.0,0.774,-5.125,-3.561,341.276
CND_1403,1,2026-09-11 12:05,118,-0.559,3.562,-4.0,0.431,0.989,-1.54,341.276
CND_1403,1,2026-09-11 14:05,119,-0.07,2.235,-4.0,0.929,0.069,-1.52,341.276
CND_1403,1,2026-09-11 16:05,120,-0.349,-3.143,-5.0,0.659,-1.132,-2.499,341.276
CND_1403,1,2026-09-11 18:05,121,0.0,-0.0,-6.0,1.016,1.28,-3.478,341.276
CND_1503,0,2026-09-01 14:04,0,-0.595,0.946,1.0,-0.595,-0.208,1.001,360.742
CND_1503,0,2026-09-01 16:03,1,-0.077,1.801,-2.0,-0.068,0.957,-1.979,360.742
CND_1503,0,2026-09-01 18:04,2,0.595,-0.946,-1.0,0.613,-0.946,-0.958,360.742
CND_1503,0,2026-09-01 20:03,3,-0.259,-0.427,1.0,-0.233,-0.047,1.063,360.742
CND_1503,0,2026-09-01 22:04,4,0.595,-0.946,0.0,0.631,-0.774,0.083,360.742
CND_1503,0,2026-09-02 00:04,5,0.259,0.427,0.0,0.304,0.427,0.104,360.742
CND_1503,0,2026-09-02 02:04,6,-0.077,1.801,2.0,-0.023,1.801,2.125,360.742
CND_1503,0,2026-09-02 04:04,7,-0.077,1.801,2.0,-0.015,1.214,2.145,360.742
CND_1503,0,2026-09-02 06:04,8,0.595,-0.946,-1.0,0.666,-1.403,-0.834,360.742
CND_1503,0,2026-09-02 08:04,9,-0.289,-6.258,3.0,-0.21,-1.604,3.187,360.742
CND_1503,0,2026-09-02 10:04,10,0.595,-0.946,-2.0,0.684,-0.226,-1.793,360.742
CND_1503,0,2026-09-02 12:04,11,-0.23,5.403,0.0,-0.133,-0.961,0.228,360.742
CND_1503,0,2026-09-02 14:04,12,0.106,4.03,-2.0,0.212,-2.334,-1.751,360.742
CND_1503,0,2026-09-02 16:03,13,-0.23,5.403,-2.0,-0.115,0.074,-1.731,360.742
CND_1503,0,2026-09-02 18:03,14,-0.259,-0.427,-1.0,-0.136,-1.071,-0.71,360.742
CND_1503,0,2026-09-02 20:04,15,-0.595,0.946,1.0,-0.463,0.327,1.311,360.742
CND_1503,0,2026-09-02 22:04,16,-0.259,-0.427,1.0,-0.118,-1.436,1.331,360.742
CND_1503,0,2026-09-03 00:03,17,-0.077,1.801,0.0,0.073,0.391,0.352,360.742
CND_1503,0,2026-09-03 02:04,18,0.259,0.427,1.0,0.418,-1.161,1.373,360.742
CND_1503,0,2026-09-03 04:04,19,-0.077,1.801,0.0,0.091,0.323,0.393,360.742
CND_1503,0,2026-09-03 06:04,20,-0.077,1.801,1.0,0.1,2.651,1.414,360.742
CND_1503,0,2026-09-03 08:04,21,-0.625,-4.885,0.0,-0.44,-0.345,0.435,360.742
CND_1503,0,2026-09-03 10:04,22,0.259,0.427,-5.0,0.453,1.657,-4.545,360.742
CND_1503,0,2026-09-03 12:04,23,0.442,2.656,-3.0,0.645,-1.984,-2.524,360.742
CND_1503,0,2026-09-03 14:04,24,-0.23,5.403,-2.0,-0.018,-1.236,-1.503,360.742
CND_1503,0,2026-09-03 16:04,25,-1.267,3.694,2.0,-1.047,0.194,2.517,360.742
CND_1503,0,2026-09-03 18:03,26,0.259,0.427,0.0,0.488,0.286,0.538,360.742
CND_1503,0,2026-09-03 20:04,27,0.259,0.427,-1.0,0.497,0.509,-0.441,360.742
CND_1503,0,2026-09-03 22:04,28,-0.259,-0.427,0.0,-0.013,-0.427,0.579,360.742
CND_1503,0,2026-09-04 00:04,29,0.077,-1.801,-1.0,0.332,-2.104,-0.4,360.742
CND_1503,0,2026-09-04 02:04,30,0.077,-1.801,-1.0,0.341,-2.062,-0.379,360.742
CND_1503,0,2026-09-04 04:04,31,-0.077,1.801,-1.0,0.196,1.02,-0.359,360.742
CND_1503,0,2026-09-04 06:04,32,-0.259,-0.427,1.0,0.022,1.351,1.662,360.742
CND_1503,0,2026-09-04 08:04,33,-0.106,-4.03,-1.0,0.184,-1.187,-0.317,360.742
CND_1503,0,2026-09-04 10:04,34,0.595,-0.946,-8.0,0.895,0.553,-7.297,360.742
CND_1503,0,2026-09-04 12:05,35,0.106,4.03,-2.0,0.415,-0.916,-1.276,360.742
CND_1503,0,2026-09-04 14:05,36,-0.23,5.403,0.0,0.087,0.0,0.745,360.742
CND_1503,0,2026-09-04 16:04,37,-0.566,6.777,-1.0,-0.24,-0.252,-0.235,360.742
CND_1503,0,2026-09-04 18:03,38,0.595,-0.946,-3.0,0.93,-0.672,-2.214,360.742
CND_1503,0,2026-09-04 20:04,39,-0.259,-0.427,-1.0,0.084,0.126,-0.194,360.742
CND_1503,0,2026-09-04 22:04,40,0.259,0.427,1.0,0.612,0.644,1.827,360.742
CND_1503,0,2026-09-05 00:04,41,-1.114,0.091,2.0,-0.753,-0.406,2.848,360.742
CND_1503,0,2026-09-05 02:04,42,-0.259,-0.427,1.0,0.11,-0.445,1.868,360.742
CND_1503,0,2026-09-05 04:04,43,0.259,0.427,1.0,0.638,0.247,1.889,360.742
CND_1503,0,2026-09-05 06:04,44,-0.961,-3.511,2.0,-0.574,-0.329,2.91,360.742
CND_1503,0,2026-09-05 08:04,45,-0.961,-3.511,-1.0,-0.565,3.147,-0.07,360.742
CND_1503,0,2026-09-05 10:04,46,0.23,-5.403,-5.0,0.635,-2.974,-4.049,360.742
CND_1503,0,2026-09-05 12:04,47,-0.595,0.946,-5.0,-0.182,-2.646,-4.028,360.742
CND_1503,0,2026-09-05 14:04,48,-0.412,3.175,-4.0,0.01,-1.624,-3.008,360.742
CND_1503,0,2026-09-05 16:05,49,-0.047,7.632,-4.0,0.385,1.593,-2.987,360.742
CND_1503,0,2026-09-05 18:04,50,0.595,-0.946,-7.0,1.036,0.421,-5.966,360.742
CND_1503,0,2026-09-05 20:06,51,-0.442,-2.656,-3.0,0.007,-1.21,-1.945,360.742
CND_1503,0,2026-09-05 22:05,52,-0.778,-1.282,-1.0,-0.321,0.116,0.075,360.742
CND_1503,0,2026-09-06 00:04,53,-1.114,0.091,0.0,-0.648,0.433,1.096,360.742
CND_1503,0,2026-09-06 02:04,54,-0.259,-0.427,-2.0,0.216,-0.037,-0.884,360.742
CND_1503,0,2026-09-06 04:04,55,-0.595,0.946,0.0,-0.111,1.164,1.137,360.742
CND_1503,0,2026-09-06 06:04,56,-0.259,-0.427,-1.0,0.233,-0.066,0.158,360.742
CND_1503,0,2026-09-06 10:05,58,-0.961,-3.511,-1.0,-0.451,-0.488,0.199,360.742
CND_1503,0,2026-09-06 12:04,59,-0.595,0.946,-3.0,-0.076,0.646,-1.78,360.742
CND_1503,0,2026-09-06 14:04,60,-1.633,-0.763,0.0,-1.105,0.702,1.24,360.742
CND_1503,0,2026-09-06 16:04,61,-1.969,0.61,0.0,-1.432,1.582,1.261,360.742
CND_1503,0,2026-09-06 18:04,62,-0.778,-1.282,-2.0,-0.233,-0.402,-0.718,360.742
CND_1503,0,2026-09-06 20:04,63,0.077,-1.801,-3.0,0.631,-0.352,-1.698,360.742
CND_1503,0,2026-09-06 22:04,64,-1.297,-2.137,0.0,-0.734,-1.156,1.323,360.742
CND_1503,0,2026-09-07 00:04,65,-0.778,-1.282,-1.0,-0.206,-0.647,0.344,360.742
CND_1503,0,2026-09-07 02:04,66,-0.778,-1.282,1.0,-0.197,-0.536,2.364,360.742
CND_1503,0,2026-09-07 04:04,67,-1.633,-0.763,1.0,-1.043,0.702,2.385,360.742
CND_1503,0,2026-09-07 06:04,68,-1.297,-2.137,0.0,-0.699,-0.476,1.406,360.742
CND_1503,0,2026-09-07 08:04,69,-1.144,-5.739,-1.0,-0.537,-1.521,0.426,360.742
CND_1503,0,2026-09-07 10:04,70,-0.778,-1.282,-2.0,-0.162,0.032,-0.553,360.742
CND_1503,0,2026-09-07 12:04,71,-0.077,1.801,-6.0,0.548,-0.45,-4.532,360.742
CND_1503,0,2026-09-07 14:04,72,-0.566,6.777,-3.0,0.068,2.077,-1.512,360.742
CND_1503,0,2026-09-07 18:05,73,-1.297,-2.137,-1.0,-0.646,-0.569,0.53,360.742
CND_1503,0,2026-09-07 20:04,74,-0.778,-1.282,-1.0,-0.118,-0.156,0.55,360.742
CND_1503,0,2026-09-07 22:04,75,-1.633,-0.763,0.0,-0.964,-0.025,1.571,360.742
CND_1503,0,2026-09-08 00:04,76,-0.778,-1.282,-1.0,-0.101,-0.73,0.592,360.742
CND_1503,0,2026-09-08 02:04,77,-0.808,-7.113,-4.0,-0.122,-6.398,-2.388,360.742
CND_1503,0,2026-09-08 04:04,78,-0.778,-1.282,-2.0,-0.083,-1.191,-0.367,360.742
CND_1503,0,2026-09-08 06:04,79,-0.778,-1.282,-1.0,-0.074,-0.651,0.654,360.742
CND_1503,0,2026-09-08 08:05,80,-2.518,-6.075,3.0,-1.805,0.63,4.674,360.742
CND_1503,0,2026-09-08 10:04,81,-0.961,-3.511,-2.0,-0.24,-0.326,-0.305,360.742
CND_1503,0,2026-09-08 12:04,82,-1.114,0.091,-1.0,-0.384,1.832,0.716,360.742
CND_1503,0,2026-09-08 14:04,83,-0.778,-1.282,-4.0,-0.039,-2.443,-2.264,360.742
CND_1503,0,2026-09-08 16:04,84,-1.297,-2.137,-1.0,-0.549,-0.322,0.757,360.742
CND_1503,0,2026-09-08 18:04,85,-0.961,-3.511,-1.0,-0.204,-1.857,0.778,360.742
CND_1503,0,2026-09-08 20:04,86,-1.816,-2.992,0.0,-1.05,-1.558,1.798,360.742
CND_1503,0,2026-09-08 22:04,87,-1.297,-2.137,0.0,-0.523,-0.96,1.819,360.742
CND_1503,0,2026-09-09 06:04,91,-0.778,-1.282,-3.0,0.031,-0.738,-1.098,360.742
CND_1503,0,2026-09-09 08:05,92,-1.663,-6.594,-2.0,-0.845,-0.367,-0.078,360.742
CND_1503,0,2026-09-09 10:05,93,-0.289,-6.258,-7.0,0.538,-3.84,-5.057,360.742
CND_1503,0,2026-09-09 12:05,94,-0.931,2.32,-5.0,-0.095,-0.095,-3.036,360.742
CND_1503,0,2026-09-09 14:05,95,-0.931,2.32,-8.0,-0.087,0.304,-6.016,360.742
CND_1503,0,2026-09-09 16:06,96,-1.45,1.465,-4.0,-0.597,2.116,-1.995,360.742
CND_1503,0,2026-09-09 18:04,97,-1.816,-2.992,-2.0,-0.954,-0.802,0.025,360.742
CND_1503,0,2026-09-09 20:04,98,-1.969,0.61,-1.0,-1.098,2.013,1.046,360.742
CND_1503,0,2026-09-09 22:04,99,-2.152,-1.618,0.0,-1.272,-0.0,2.067,360.742
CND_1503,0,2026-09-10 00:04,100,-1.114,0.091,-2.0,-0.226,1.234,0.087,360.742
CND_1503,0,2026-09-10 02:04,101,-1.969,0.61,-2.0,-1.072,0.686,0.108,360.742
CND_1503,0,2026-09-10 04:04,102,-1.633,-0.763,-1.0,-0.727,-0.371,1.129,360.742
CND_1503,0,2026-09-10 06:04,103,-1.633,-0.763,0.0,-0.718,-0.075,2.149,360.742
CND_1503,0,2026-09-10 08:04,104,-1.144,-5.739,-3.0,-0.22,1.064,-0.83,360.742
CND_1503,0,2026-09-10 10:04,105,-1.297,-2.137,-2.0,-0.364,1.371,0.191,360.742
CND_1503,0,2026-09-10 12:04,106,-1.786,2.839,-2.0,-0.845,0.935,0.211,360.742
CND_1503,0,2026-09-10 14:05,107,-1.267,3.694,-8.0,-0.317,0.105,-5.768,360.742
CND_1503,0,2026-09-10 16:04,108,-2.152,-1.618,-1.0,-1.193,-0.091,1.253,360.742
CND_1503,0,2026-09-10 18:04,109,-2.152,-1.618,-3.0,-1.184,-0.038,-0.727,360.742
CND_1503,0,2026-09-10 20:04,110,-1.816,-2.992,-2.0,-0.839,-1.465,0.294,360.742
CND_1503,0,2026-09-10 22:04,111,-1.633,-0.763,-3.0,-0.648,0.403,-0.685,360.742
CND_1503,0,2026-09-11 00:04,112,-1.969,0.61,-2.0,-0.975,1.053,0.335,360.742
CND_1503,0,2026-09-11 02:04,113,-1.633,-0.763,-4.0,-0.63,0.381,-1.644,360.742
CND_1503,0,2026-09-11 04:04,114,-1.816,-2.992,-2.0,-0.804,-2.679,0.377,360.742
CND_1503,0,2026-09-11 06:04,115,-1.816,-2.992,-1.0,-0.795,-1.273,1.397,360.742
CND_1503,0,2026-09-11 08:04,116,-2.365,-9.678,1.0,-1.335,-3.712,3.418,360.742
CND_1503,0,2026-09-11 12:04,118,-0.778,-1.282,-5.0,0.269,-4.002,-2.541,360.742
CND_1503,0,2026-09-11 14:04,119,-1.786,2.839,-6.0,-0.73,0.549,-3.52,360.742
CND_1503,0,2026-09-11 16:04,120,-3.343,0.274,1.0,-2.278,2.401,3.501,360.742
CND_1503,0,2026-09-11 18:04,121,-1.999,-5.221,-4.0,-0.925,-3.868,-1.479,360.742
CND_1504,0,2026-09-01 14:03,0,1.123,2.956,-7.0,1.123,1.794,-6.999,362.938
CND_1504,0,2026-09-01 16:02,1,0.0,-0.0,0.0,0.009,-0.849,0.021,362.938
CND_1504,0,2026-09-01 18:03,2,0.0,-0.0,1.0,0.018,-0.0,1.042,362.938
CND_1504,0,2026-09-01 20:02,3,0.284,-2.814,0.0,0.311,-2.431,0.062,362.938
CND_1504,0,2026-09-01 22:03,4,0.0,-0.0,1.0,0.036,0.173,1.083,362.938
CND_1504,0,2026-09-02 00:03,5,0.142,-1.407,0.0,0.186,-1.407,0.104,362.938
CND_1504,0,2026-09-02 02:03,6,0.633,0.775,0.0,0.686,0.775,0.124,362.938
CND_1504,0,2026-09-02 04:03,7,0.633,0.775,1.0,0.695,0.184,1.145,362.938
CND_1504,0,2026-09-02 06:03,8,0.633,0.775,-1.0,0.704,0.315,-0.834,362.938
CND_1504,0,2026-09-02 08:03,9,-0.413,-9.991,4.0,-0.334,-5.309,4.186,362.938
CND_1504,0,2026-09-02 10:03,10,-0.207,-4.996,1.0,-0.118,-4.271,1.207,362.938
CND_1504,0,2026-09-02 12:03,11,0.065,6.403,-5.0,0.162,-0.0,-4.772,362.938
CND_1504,0,2026-09-02 14:03,12,0.065,6.403,-3.0,0.171,-0.0,-2.752,362.938
CND_1504,0,2026-09-02 16:02,13,1.123,2.956,-3.0,1.238,-2.405,-2.731,362.938
CND_1504,0,2026-09-02 18:02,14,0.0,-0.0,1.0,0.124,-0.648,1.29,362.938
CND_1504,0,2026-09-02 20:02,15,0.0,-0.0,-1.0,0.133,-0.623,-0.69,362.938
CND_1504,0,2026-09-02 22:03,16,0.633,0.775,-2.0,0.774,-0.24,-1.669,362.938
CND_1504,0,2026-09-03 00:02,17,-0.142,1.407,0.0,0.009,-0.012,0.352,362.938
CND_1504,0,2026-09-03 02:02,18,0.633,0.775,-1.0,0.792,-0.823,-0.628,362.938
CND_1504,0,2026-09-03 04:02,19,0.633,0.775,-1.0,0.801,-0.712,-0.607,362.938
CND_1504,0,2026-09-03 06:03,20,0.142,-1.407,1.0,0.319,-0.552,1.414,362.938
CND_1504,0,2026-09-03 08:03,21,-0.839,-5.77,4.0,-0.653,-1.203,4.434,362.938
CND_1504,0,2026-09-03 10:03,22,-0.349,-3.589,-3.0,-0.154,-2.352,-2.545,362.938
CND_1504,0,2026-09-03 12:03,23,-0.284,2.814,-1.0,-0.08,-1.854,-0.524,362.938
CND_1504,0,2026-09-03 14:02,24,0.207,4.996,-5.0,0.419,-1.685,-4.504,362.938
CND_1504,0,2026-09-03 16:03,25,-0.284,2.814,-2.0,-0.062,-0.707,-1.483,362.938
CND_1504,0,2026-09-03 18:02,26,-0.633,-0.775,1.0,-0.402,-0.917,1.538,362.938
CND_1504,0,2026-09-03 20:03,27,0.775,-0.633,-2.0,1.014,-0.55,-1.442,362.938
CND_1504,0,2026-09-03 22:03,28,0.142,-1.407,0.0,0.39,-1.407,0.579,362.938
CND_1504,0,2026-09-04 00:03,29,0.0,-0.0,-1.0,0.257,-0.305,-0.4,362.938
CND_1504,0,2026-09-04 02:03,30,0.142,-1.407,-1.0,0.408,-1.67,-0.38,362.938
CND_1504,0,2026-09-04 04:03,31,0.0,-0.0,-2.0,0.275,-0.785,-1.359,362.938
CND_1504,0,2026-09-04 06:02,32,-0.349,-3.589,1.0,-0.065,-1.799,1.662,362.938
CND_1504,0,2026-09-04 08:03,33,-0.207,-4.996,-1.0,0.086,-2.136,-0.318,362.938
CND_1504,0,2026-09-04 10:03,34,0.568,-5.628,-5.0,0.869,-4.12,-4.297,362.938
CND_1504,0,2026-09-04 12:03,35,-0.916,2.04,-2.0,-0.606,-2.936,-1.276,362.938
CND_1504,0,2026-09-04 14:03,36,0.0,-0.0,-3.0,0.319,-5.436,-2.256,362.938
CND_1504,0,2026-09-04 16:02,37,0.207,4.996,-4.0,0.534,-2.076,-3.235,362.938
CND_1504,0,2026-09-04 18:02,38,-0.491,-2.182,0.0,-0.154,-1.906,0.785,362.938
CND_1504,0,2026-09-04 20:03,39,0.0,-0.0,-1.0,0.345,0.557,-0.194,362.938
CND_1504,0,2026-09-04 22:02,40,0.0,-0.0,-1.0,0.354,0.218,-0.173,362.938
CND_1504,0,2026-09-05 00:02,41,-0.633,-0.775,1.0,-0.27,-1.275,1.847,362.938
CND_1504,0,2026-09-05 02:02,42,0.142,-1.407,-1.0,0.514,-1.425,-0.132,362.938
CND_1504,0,2026-09-05 04:03,43,0.142,-1.407,-1.0,0.523,-1.588,-0.111,362.938
CND_1504,0,2026-09-05 06:03,44,0.284,-2.814,-1.0,0.674,0.387,-0.09,362.938
CND_1504,0,2026-09-05 08:03,45,-1.046,-10.766,-2.0,-0.647,-4.068,-1.07,362.938
CND_1504,0,2026-09-05 10:03,46,0.568,-5.628,-3.0,0.975,-3.184,-2.049,362.938
CND_1504,0,2026-09-05 12:03,47,-0.916,2.04,-3.0,-0.5,-1.575,-2.028,362.938
CND_1504,0,2026-09-05 14:03,48,0.633,0.775,-7.0,1.058,-4.054,-6.008,362.938
CND_1504,0,2026-09-05 16:03,49,0.207,4.996,-6.0,0.641,-1.08,-4.987,362.938
CND_1504,0,2026-09-05 18:03,50,-0.349,-3.589,-4.0,0.094,-2.213,-2.966,362.938
CND_1504,0,2026-09-05 20:04,51,0.284,-2.814,-3.0,0.736,-1.359,-1.946,362.938
CND_1504,0,2026-09-05 22:03,52,0.142,-1.407,-2.0,0.602,0.0,-0.925,362.938
CND_1504,0,2026-09-06 00:03,53,-0.349,-3.589,-1.0,0.121,-3.245,0.096,362.938
CND_1504,0,2026-09-06 02:03,54,-0.491,-2.182,-1.0,-0.012,-1.789,0.116,362.938
CND_1504,0,2026-09-06 04:03,55,-0.633,-0.775,-1.0,-0.146,-0.555,0.137,362.938
CND_1504,0,2026-09-06 06:03,56,0.284,-2.814,-1.0,0.78,-2.45,0.158,362.938
CND_1504,0,2026-09-06 10:03,58,-0.981,-4.363,-3.0,-0.468,-1.322,-1.801,362.938
CND_1504,0,2026-09-06 12:03,59,-1.407,-0.142,-3.0,-0.885,-0.444,-1.78,362.938
CND_1504,0,2026-09-06 14:03,60,-0.981,-4.363,-2.0,-0.45,-2.889,-0.76,362.938
CND_1504,0,2026-09-06 16:03,61,-1.123,-2.956,-3.0,-0.583,-1.978,-1.739,362.938
CND_1504,0,2026-09-06 18:02,62,-0.349,-3.589,-3.0,0.2,-2.703,-1.719,362.938
CND_1504,0,2026-09-06 20:03,63,-0.981,-4.363,-2.0,-0.423,-2.905,-0.698,362.938
CND_1504,0,2026-09-06 22:03,64,0.142,-1.407,-2.0,0.709,-0.42,-0.677,362.938
CND_1504,0,2026-09-07 00:02,65,0.142,-1.407,-4.0,0.717,-0.768,-2.657,362.938
CND_1504,0,2026-09-07 02:02,66,0.284,-2.814,-4.0,0.868,-2.063,-2.636,362.938
CND_1504,0,2026-09-07 04:02,67,0.142,-1.407,-6.0,0.735,0.067,-4.615,362.938
CND_1504,0,2026-09-07 06:03,68,0.142,-1.407,-6.0,0.744,0.264,-4.595,362.938
CND_1504,0,2026-09-07 08:03,69,-0.981,-4.363,-2.0,-0.37,-0.119,-0.574,362.938
CND_1504,0,2026-09-07 10:03,70,-0.981,-4.363,-1.0,-0.361,-3.041,0.447,362.938
CND_1504,0,2026-09-07 12:03,71,-0.775,0.633,-3.0,-0.146,-1.632,-1.533,362.938
CND_1504,0,2026-09-07 14:03,72,0.142,-1.407,-6.0,0.779,-6.136,-4.512,362.938
CND_1504,0,2026-09-07 18:03,73,-1.123,-2.956,-4.0,-0.468,-1.379,-2.471,362.938
CND_1504,0,2026-09-07 20:03,74,-0.491,-2.182,-3.0,0.173,-1.048,-1.45,362.938
CND_1504,0,2026-09-07 22:03,75,-0.491,-2.182,-3.0,0.182,-1.439,-1.429,362.938
CND_1504,0,2026-09-08 00:03,76,-0.491,-2.182,-3.0,0.191,-1.626,-1.409,362.938
CND_1504,0,2026-09-08 02:03,77,0.0,-0.0,-4.0,0.691,0.72,-2.388,362.938
CND_1504,0,2026-09-08 04:03,78,-0.633,-0.775,-3.0,0.067,-0.682,-1.367,362.938
CND_1504,0,2026-09-08 06:03,79,0.284,-2.814,-4.0,0.992,-2.179,-2.347,362.938
CND_1504,0,2026-09-08 08:03,80,-0.555,-8.584,-3.0,0.162,-1.838,-1.326,362.938
CND_1504,0,2026-09-08 10:03,81,-0.555,-8.584,-5.0,0.171,-5.38,-3.305,362.938
CND_1504,0,2026-09-08 12:03,82,-1.472,-6.545,-2.0,-0.737,-4.794,-0.285,362.938
CND_1504,0,2026-09-08 14:03,83,-1.265,-1.549,-2.0,-0.521,-2.716,-0.264,362.938
CND_1504,0,2026-09-08 16:03,84,-1.756,-3.731,-2.0,-1.003,-1.905,-0.243,362.938
CND_1504,0,2026-09-08 18:03,85,-0.491,-2.182,-4.0,0.271,-0.517,-2.223,362.938
CND_1504,0,2026-09-08 20:03,86,-0.349,-3.589,-2.0,0.422,-2.146,-0.202,362.938
CND_1504,0,2026-09-08 22:03,87,-0.491,-2.182,-4.0,0.288,-0.998,-2.181,362.938
CND_1504,0,2026-09-09 02:03,89,0.142,-1.407,-4.0,0.939,-0.864,-2.14,362.938
CND_1504,0,2026-09-09 04:02,90,0.284,-2.814,-5.0,1.089,-2.448,-3.119,362.938
CND_1504,0,2026-09-09 06:03,91,0.142,-1.407,-3.0,0.956,-0.859,-1.099,362.938
CND_1504,0,2026-09-09 08:04,92,-0.555,-8.584,-3.0,0.268,-2.319,-1.078,362.938
CND_1504,0,2026-09-09 10:03,93,-0.413,-9.991,-6.0,0.419,-7.559,-4.057,362.938
CND_1504,0,2026-09-09 12:03,94,-1.123,-2.956,-4.0,-0.282,-5.386,-2.037,362.938
CND_1504,0,2026-09-09 14:03,95,-1.33,-7.952,-7.0,-0.48,-9.98,-5.016,362.938
CND_1504,0,2026-09-09 16:04,96,-2.104,-7.319,-1.0,-1.246,-6.664,1.005,362.938
CND_1504,0,2026-09-09 18:03,97,-1.33,-7.952,-3.0,-0.462,-5.749,-0.975,362.938
CND_1504,0,2026-09-09 20:02,98,-0.981,-4.363,-4.0,-0.105,-2.952,-1.954,362.938
CND_1504,0,2026-09-09 22:03,99,-1.123,-2.956,-2.0,-0.238,-1.328,0.067,362.938
CND_1504,0,2026-09-10 00:03,100,-1.123,-2.956,-2.0,-0.229,-1.806,0.087,362.938
CND_1504,0,2026-09-10 02:03,101,-0.633,-0.775,-4.0,0.27,-0.699,-1.892,362.938
CND_1504,0,2026-09-10 04:03,102,-1.407,-0.142,-1.0,-0.495,0.253,1.129,362.938
CND_1504,0,2026-09-10 06:03,103,-1.265,-1.549,-1.0,-0.344,-0.856,1.149,362.938
CND_1504,0,2026-09-10 08:03,104,-0.904,-12.173,-3.0,0.026,-5.328,-0.83,362.938
CND_1504,0,2026-09-10 10:03,105,-2.104,-7.319,0.0,-1.166,-3.789,2.191,362.938
CND_1504,0,2026-09-10 12:03,106,-1.549,1.265,-7.0,-0.602,-0.651,-4.789,362.938
CND_1504,0,2026-09-10 14:04,107,-0.491,-2.182,-8.0,0.466,-5.792,-5.768,362.938
CND_1504,0,2026-09-10 16:03,108,-1.756,-3.731,-4.0,-0.791,-2.194,-1.747,362.938
CND_1504,0,2026-09-10 18:03,109,-0.839,-5.77,-5.0,0.135,-4.181,-2.727,362.938
CND_1504,0,2026-09-10 20:03,110,-0.349,-3.589,-6.0,0.634,-2.053,-3.706,362.938
CND_1504,0,2026-09-10 22:03,111,-1.123,-2.956,-5.0,-0.132,-1.783,-2.685,362.938
CND_1504,0,2026-09-11 00:03,112,-0.981,-4.363,-4.0,0.019,-3.918,-1.665,362.938
CND_1504,0,2026-09-11 02:03,113,-0.981,-4.363,-2.0,0.028,-3.212,0.356,362.938
CND_1504,0,2026-09-11 04:03,114,-0.633,-0.775,-4.0,0.385,-0.459,-1.623,362.938
CND_1504,0,2026-09-11 06:03,115,-1.472,-6.545,0.0,-0.445,-4.815,2.397,362.938
CND_1504,0,2026-09-11 08:03,116,-1.82,-10.133,-2.0,-0.785,-4.132,0.418,362.938
CND_1504,0,2026-09-11 10:03,117,-1.123,-2.956,-5.0,-0.079,-0.31,-2.561,362.938
CND_1504,0,2026-09-11 14:03,119,-1.898,-2.324,-5.0,-0.835,-4.627,-2.52,362.938
CND_1504,0,2026-09-11 20:03,122,-1.614,-5.138,-4.0,-0.525,-3.33,-1.458,362.938
CND_1504,0,2026-09-11 22:03,123,-1.614,-5.138,-1.0,-0.516,-3.222,1.563,362.938
CND_1505,0,2026-09-01 14:01,0,0.656,-0.755,-2.0,0.656,-1.955,-2.0,374.856
CND_1505,0,2026-09-01 16:01,1,0.0,-0.0,-2.0,0.009,-0.877,-1.979,374.856
CND_1505,0,2026-09-01 18:01,2,-0.656,0.755,0.0,-0.638,0.755,0.041,374.856
CND_1505,0,2026-09-01 20:01,3,0.0,-0.0,0.0,0.027,0.395,0.062,374.856
CND_1505,0,2026-09-01 22:01,4,0.656,-0.755,1.0,0.693,-0.576,1.083,374.856
CND_1505,0,2026-09-02 00:01,5,0.099,1.411,0.0,0.144,1.411,0.103,374.856
CND_1505,0,2026-09-02 02:01,6,0.0,-0.0,0.0,0.055,-0.0,0.124,374.856
CND_1505,0,2026-09-02 04:01,7,0.755,0.656,0.0,0.819,0.046,0.145,374.856
CND_1505,0,2026-09-02 06:01,8,0.099,1.411,0.0,0.172,0.936,0.165,374.856
CND_1505,0,2026-09-02 08:01,9,-0.952,-3.478,4.0,-0.87,1.359,4.186,374.856
CND_1505,0,2026-09-02 10:01,10,-0.296,-4.232,-2.0,-0.204,-3.484,-1.793,374.856
CND_1505,0,2026-09-02 12:01,11,0.296,4.232,-2.0,0.397,-2.381,-1.773,374.856
CND_1505,0,2026-09-02 14:01,12,0.493,7.054,-5.0,0.603,0.441,-4.752,374.856
CND_1505,0,2026-09-02 16:01,13,0.952,3.478,-5.0,1.071,-2.06,-4.731,374.856
CND_1505,0,2026-09-02 18:01,14,-0.557,2.165,-1.0,-0.429,1.496,-0.711,374.856
CND_1505,0,2026-09-02 20:01,15,0.099,1.411,1.0,0.236,0.767,1.31,374.856
CND_1505,0,2026-09-02 22:01,16,0.099,1.411,0.0,0.245,0.362,0.331,374.856
CND_1505,0,2026-09-03 00:01,17,-0.557,2.165,1.0,-0.402,0.7,1.351,374.856
CND_1505,0,2026-09-03 02:01,18,0.197,2.822,1.0,0.362,1.171,1.372,374.856
CND_1505,0,2026-09-03 04:01,19,0.099,1.411,1.0,0.272,-0.125,1.393,374.856
CND_1505,0,2026-09-03 06:01,20,0.0,-0.0,2.0,0.183,0.883,2.413,374.856
CND_1505,0,2026-09-03 08:01,21,-1.051,-4.888,4.0,-0.859,-0.171,4.434,374.856
CND_1505,0,2026-09-03 10:01,22,0.197,2.822,-2.0,0.398,4.099,-1.545,374.856
CND_1505,0,2026-09-03 12:01,23,-0.36,4.987,0.0,-0.15,0.165,0.475,374.856
CND_1505,0,2026-09-03 14:01,24,-0.064,9.219,-5.0,0.155,2.32,-4.504,374.856
CND_1505,0,2026-09-03 16:01,25,-0.459,3.576,1.0,-0.23,-0.061,1.517,374.856
CND_1505,0,2026-09-03 18:01,26,-0.656,0.755,-1.0,-0.418,0.608,-0.463,374.856
CND_1505,0,2026-09-03 20:01,27,0.099,1.411,-1.0,0.346,1.496,-0.442,374.856
CND_1505,0,2026-09-03 22:01,28,-0.656,0.755,2.0,-0.4,0.755,2.579,374.856
CND_1505,0,2026-09-04 00:01,29,-0.656,0.755,1.0,-0.391,0.44,1.599,374.856
CND_1505,0,2026-09-04 02:01,30,0.0,-0.0,0.0,0.274,-0.271,0.62,374.856
CND_1505,0,2026-09-04 04:01,31,0.099,1.411,0.0,0.382,0.6,0.641,374.856
CND_1505,0,2026-09-04 06:01,32,-0.755,-0.656,2.0,-0.462,1.192,2.661,374.856
CND_1505,0,2026-09-04 08:01,33,-0.853,-2.067,1.0,-0.552,0.887,1.682,374.856
CND_1505,0,2026-09-04 10:01,34,0.557,-2.165,-5.0,0.868,-0.608,-4.297,374.856
CND_1505,0,2026-09-04 12:01,35,-1.016,5.742,4.0,-0.696,0.603,4.723,374.856
CND_1505,0,2026-09-04 14:01,36,0.493,7.054,-7.0,0.822,1.439,-6.256,374.856
CND_1505,0,2026-09-04 16:01,37,-0.064,9.219,-3.0,0.274,1.915,-2.235,374.856
CND_1505,0,2026-09-04 18:01,38,0.099,1.411,-2.0,0.446,1.696,-1.215,374.856
CND_1505,0,2026-09-04 20:01,39,-0.755,-0.656,1.0,-0.398,-0.081,1.806,374.856
CND_1505,0,2026-09-04 22:01,40,0.0,-0.0,0.0,0.366,0.225,0.827,374.856
CND_1505,0,2026-09-05 00:01,41,0.099,1.411,0.0,0.474,0.894,0.847,374.856
CND_1505,0,2026-09-05 02:01,42,0.099,1.411,0.0,0.483,1.392,0.868,374.856
CND_1505,0,2026-09-05 04:01,43,-0.656,0.755,1.0,-0.263,0.568,1.889,374.856
CND_1505,0,2026-09-05 06:01,44,-0.755,-0.656,4.0,-0.352,2.65,4.909,374.856
CND_1505,0,2026-09-05 08:01,45,-1.149,-6.299,2.0,-0.738,0.619,2.93,374.856
CND_1505,0,2026-09-05 10:01,46,-0.099,-1.411,-2.0,0.322,1.114,-1.049,374.856
CND_1505,0,2026-09-05 12:01,47,-0.459,3.576,-4.0,-0.029,-0.157,-3.029,374.856
CND_1505,0,2026-09-05 14:01,48,-0.36,4.987,-3.0,0.079,0.0,-2.008,374.856
CND_1505,0,2026-09-05 16:01,49,-0.163,7.809,-3.0,0.285,1.533,-1.987,374.856
CND_1505,0,2026-09-05 18:01,50,-0.197,-2.822,-1.0,0.26,-1.401,0.033,374.856
CND_1505,0,2026-09-05 20:02,51,-0.656,0.755,2.0,-0.19,2.257,3.054,374.856
CND_1505,0,2026-09-05 22:01,52,-0.755,-0.656,-2.0,-0.279,0.797,-0.925,374.856
CND_1505,0,2026-09-06 00:01,53,0.0,-0.0,-1.0,0.485,0.355,0.095,374.856
CND_1505,0,2026-09-06 02:01,54,0.0,-0.0,0.0,0.494,0.406,1.116,374.856
CND_1505,0,2026-09-06 04:01,55,-0.656,0.755,1.0,-0.153,0.981,2.137,374.856
CND_1505,0,2026-09-06 06:01,56,0.557,-2.165,-6.0,1.069,-1.79,-4.843,374.856
CND_1505,0,2026-09-06 10:01,58,-0.296,-4.232,-7.0,0.234,-1.092,-5.801,374.856
CND_1505,0,2026-09-06 12:01,59,-1.411,0.099,1.0,-0.871,-0.213,2.219,374.856
CND_1505,0,2026-09-06 14:01,60,-1.411,0.099,1.0,-0.862,1.622,2.24,374.856
CND_1505,0,2026-09-06 16:01,61,-1.509,-1.312,1.0,-0.952,-0.302,2.261,374.856
CND_1505,0,2026-09-06 18:01,62,-0.755,-0.656,0.0,-0.188,0.259,1.281,374.856
CND_1505,0,2026-09-06 20:01,63,-0.099,-1.411,0.0,0.477,0.095,1.302,374.856
CND_1505,0,2026-09-06 22:01,64,-1.411,0.099,2.0,-0.826,1.118,3.322,374.856
CND_1505,0,2026-09-07 00:01,65,-0.755,-0.656,1.0,-0.16,0.004,2.343,374.856
CND_1505,0,2026-09-07 02:01,66,-0.755,-0.656,-1.0,-0.151,0.12,0.364,374.856
CND_1505,0,2026-09-07 04:01,67,-0.853,-2.067,1.0,-0.241,-0.544,2.384,374.856
CND_1505,0,2026-09-07 06:01,68,-0.853,-2.067,1.0,-0.232,-0.341,2.405,374.856
CND_1505,0,2026-09-07 08:01,69,-0.952,-3.478,2.0,-0.321,0.905,3.426,374.856
CND_1505,0,2026-09-07 10:01,70,-0.755,-0.656,2.0,-0.115,0.71,3.446,374.856
CND_1505,0,2026-09-07 12:01,71,-1.411,0.099,0.0,-0.762,-2.24,1.467,374.856
CND_1505,0,2026-09-07 14:01,72,-1.771,5.086,2.0,-1.113,0.201,3.488,374.856
CND_1505,0,2026-09-07 18:01,73,-1.509,-1.312,2.0,-0.833,0.317,3.529,374.856
CND_1505,0,2026-09-07 20:01,74,-0.755,-0.656,0.0,-0.069,0.515,1.55,374.856
CND_1505,0,2026-09-07 22:01,75,-0.755,-0.656,1.0,-0.06,0.111,2.57,374.856
CND_1505,0,2026-09-08 00:01,76,-1.411,0.099,1.0,-0.707,0.672,2.591,374.856
CND_1505,0,2026-09-08 02:01,77,-1.411,0.099,1.0,-0.698,0.842,2.612,374.856
CND_1505,0,2026-09-08 04:01,78,-0.755,-0.656,1.0,-0.032,-0.561,2.632,374.856
CND_1505,0,2026-09-08 06:01,79,-0.755,-0.656,0.0,-0.023,0.0,1.653,374.856
CND_1505,0,2026-09-08 08:01,80,-2.461,-4.79,3.0,-1.721,2.178,4.674,374.856
CND_1505,0,2026-09-08 10:01,81,-0.755,-0.656,-4.0,-0.005,2.653,-2.306,374.856
CND_1505,0,2026-09-08 12:01,82,-1.707,-4.134,-1.0,-0.948,-2.325,0.715,374.856
CND_1505,0,2026-09-08 14:01,83,-1.968,2.264,0.0,-1.2,1.058,1.736,374.856
CND_1505,0,2026-09-08 16:01,84,-0.853,-2.067,-2.0,-0.076,-0.181,-0.244,374.856
CND_1505,0,2026-09-08 18:01,85,-0.755,-0.656,-3.0,0.032,1.063,-1.223,374.856
CND_1505,0,2026-09-08 20:01,86,-1.509,-1.312,-2.0,-0.714,0.178,-0.202,374.856
CND_1505,0,2026-09-08 22:01,87,-0.952,-3.478,-2.0,-0.148,-2.255,-0.182,374.856
CND_1505,0,2026-09-09 00:51,88,-1.411,0.099,-1.0,-0.593,0.663,0.848,374.856
CND_1505,0,2026-09-09 02:01,89,-0.755,-0.656,-1.0,0.068,-0.095,0.86,374.856
CND_1505,0,2026-09-09 04:01,90,-0.755,-0.656,0.0,0.077,-0.278,1.88,374.856
CND_1505,0,2026-09-09 06:02,91,-0.656,0.755,-3.0,0.185,1.32,-1.099,374.856
CND_1505,0,2026-09-09 08:02,92,-1.608,-2.723,3.0,-0.758,3.749,4.922,374.856
CND_1505,0,2026-09-09 10:01,93,-0.952,-3.478,-4.0,-0.093,-0.965,-2.058,374.856
CND_1505,0,2026-09-09 12:01,94,-0.36,4.987,-9.0,0.508,2.477,-7.037,374.856
CND_1505,0,2026-09-09 14:02,95,-1.312,1.509,-5.0,-0.434,-0.585,-3.016,374.856
CND_1505,0,2026-09-09 16:03,96,-1.509,-1.312,-3.0,-0.622,-0.636,-0.995,374.856
CND_1505,0,2026-09-09 18:01,97,-1.608,-2.723,-3.0,-0.712,-0.447,-0.975,374.856
CND_1505,0,2026-09-09 20:01,98,-1.509,-1.312,-3.0,-0.604,0.145,-0.954,374.856
CND_1505,0,2026-09-09 22:01,99,-0.853,-2.067,-3.0,0.061,-0.385,-0.934,374.856
CND_1505,0,2026-09-10 00:01,100,-1.411,0.099,-2.0,-0.487,1.286,0.087,374.856
CND_1505,0,2026-09-10 02:01,101,-1.411,0.099,-2.0,-0.478,0.177,0.108,374.856
CND_1505,0,2026-09-10 04:01,102,-1.509,-1.312,-4.0,-0.568,-0.904,-1.872,374.856
CND_1505,0,2026-09-10 06:02,103,-1.509,-1.312,-1.0,-0.559,-0.597,1.149,374.856
CND_1505,0,2026-09-10 08:01,104,-1.608,-2.723,-1.0,-0.648,4.347,1.17,374.856
CND_1505,0,2026-09-10 10:01,105,-1.805,-5.544,-1.0,-0.836,-1.899,1.19,374.856
CND_1505,0,2026-09-10 12:02,106,-1.672,6.496,-1.0,-0.694,4.518,1.211,374.856
CND_1505,0,2026-09-10 14:02,107,-1.051,-4.888,-7.0,-0.063,-8.618,-4.768,374.856
CND_1505,0,2026-09-10 16:01,108,-1.509,-1.312,-5.0,-0.513,0.275,-2.748,374.856
CND_1505,0,2026-09-10 18:02,109,-2.363,-3.379,-1.0,-1.357,-1.737,1.273,374.856
CND_1505,0,2026-09-10 20:02,110,-1.411,0.099,-6.0,-0.396,1.685,-3.706,374.856
CND_1505,0,2026-09-10 22:01,111,-1.509,-1.312,-1.0,-0.486,-0.1,1.314,374.856
CND_1505,0,2026-09-11 00:02,112,-2.067,0.853,0.0,-1.034,1.313,2.335,374.856
CND_1505,0,2026-09-11 02:01,113,-2.067,0.853,0.0,-1.025,2.043,2.356,374.856
CND_1505,0,2026-09-11 04:01,114,-2.067,0.853,0.0,-1.016,1.179,2.376,374.856
CND_1505,0,2026-09-11 06:01,115,-1.509,-1.312,-2.0,-0.449,0.475,0.397,374.856
CND_1505,0,2026-09-11 08:02,116,-2.461,-4.79,1.0,-1.392,1.409,3.418,374.856
CND_1505,0,2026-09-11 10:02,117,0.0,-0.0,-11.0,1.079,2.733,-8.562,374.856
CND_1505,0,2026-09-11 12:02,118,-0.557,2.165,-12.0,0.531,-0.661,-9.541,374.856
CND_1505,0,2026-09-11 14:02,119,-1.213,2.92,-6.0,-0.116,0.541,-3.52,374.856
CND_1505,0,2026-09-11 16:02,120,-2.264,-1.968,-2.0,-1.158,0.241,0.5,374.856
CND_1505,0,2026-09-11 18:02,121,-2.165,-0.557,-2.0,-1.05,0.848,0.521,374.856
CND_1505,0,2026-09-11 20:01,122,-1.411,0.099,-4.0,-0.286,1.966,-1.459,374.856
CND_1505,0,2026-09-11 22:01,123,-2.264,-1.968,-2.0,-1.131,0.011,0.562,374.856
CND_1505,0,2026-09-12 00:01,124,-2.264,-1.968,-2.0,-1.121,-0.675,0.583,374.856
CND_1505,0,2026-09-12 02:01,125,-2.92,-1.213,0.0,-1.768,-0.137,2.603,374.856
CND_1505,0,2026-09-12 10:02,129,5.742,1.016,-43.0,6.93,5.783,-40.314,374.856
CND_1505,0,2026-09-12 12:02,130,5.416,16.633,-44.0,6.614,13.818,-41.293,374.856
CND_1505,0,2026-09-12 14:02,131,1.544,11.942,-24.0,2.751,12.15,-21.272,374.856
CND_1505,0,2026-09-12 16:02,132,1.149,6.299,-18.0,2.365,7.682,-15.252,374.856
CND_1505,0,2026-09-12 18:02,133,0.296,4.232,-13.0,1.521,4.156,-10.231,374.856
CND_1505,0,2026-09-12 20:02,134,-1.016,5.742,-8.0,0.218,6.707,-5.21,374.856
CND_1505,0,2026-09-12 22:02,135,-1.016,5.742,-4.0,0.227,6.088,-1.19,374.856
CND_1505,0,2026-09-13 00:01,136,1.051,4.888,-14.0,2.303,5.355,-11.169,374.856
CND_1505,0,2026-09-13 02:02,137,0.296,4.232,-12.0,1.558,5.252,-9.148,374.856
CND_1505,0,2026-09-13 04:01,138,-0.459,3.576,-9.0,0.812,3.471,-6.128,374.856
CND_1505,0,2026-09-13 06:01,139,-1.213,2.92,-5.0,0.066,5.375,-2.107,374.856
CND_1505,0,2026-09-13 08:02,140,-0.36,4.987,-14.0,0.929,7.473,-11.086,374.856
CND_1505,0,2026-09-13 10:02,141,4.726,6.758,-38.0,6.024,11.613,-35.066,374.856
CND_1602,0,2026-09-01 14:01,0,0.197,2.822,-5.0,0.197,1.622,-5.0,374.857
CND_1602,0,2026-09-01 16:01,1,-0.656,0.755,0.0,-0.647,-0.123,0.021,374.857
CND_1602,0,2026-09-01 18:01,2,0.0,-0.0,0.0,0.018,-0.0,0.041,374.857
CND_1602,0,2026-09-01 20:02,3,-0.099,-1.411,-2.0,-0.071,-1.015,-1.938,374.857
CND_1602,0,2026-09-01 22:01,4,0.0,-0.0,1.0,0.037,0.179,1.083,374.857
CND_1602,0,2026-09-02 00:01,5,-0.755,-0.656,0.0,-0.709,-0.656,0.103,374.857
CND_1602,0,2026-09-02 02:01,6,-0.755,-0.656,1.0,-0.7,-0.656,1.124,374.857
CND_1602,0,2026-09-02 04:01,7,-0.656,0.755,1.0,-0.592,0.145,1.145,374.857
CND_1602,0,2026-09-02 06:01,8,-0.656,0.755,0.0,-0.583,0.28,0.165,374.857
CND_1602,0,2026-09-02 08:01,9,-1.051,-4.888,4.0,-0.968,-0.052,4.186,374.857
CND_1602,1,2026-09-02 10:03,10,0.847,-2.79,-3.0,0.943,-2.002,-2.793,394.846
CND_1602,1,2026-09-02 12:03,11,-2.189,1.307,11.0,-2.083,-5.659,11.228,394.846
CND_1602,1,2026-09-02 14:02,12,-0.917,4.202,4.0,-0.801,-2.763,4.248,394.846
CND_1602,1,2026-09-02 18:02,14,0.035,-0.706,0.0,0.17,-1.411,0.29,394.846
CND_1602,1,2026-09-02 20:02,15,0.706,0.035,0.0,0.851,-0.643,0.31,394.846
CND_1602,1,2026-09-02 22:02,16,0.636,1.448,-1.0,0.79,0.343,-0.669,394.846
CND_1602,1,2026-09-03 00:02,17,0.706,0.035,1.0,0.87,-1.508,1.352,394.846
CND_1602,1,2026-09-03 02:02,18,-0.035,0.706,1.0,0.138,-1.032,1.372,394.846
CND_1602,1,2026-09-03 04:02,19,0.636,1.448,0.0,0.819,-0.17,0.393,394.846
CND_1602,1,2026-09-03 06:02,20,-0.636,-1.448,4.0,-0.443,-0.517,4.414,394.846
CND_1602,1,2026-09-03 08:02,21,-0.355,-7.097,3.0,-0.153,-2.129,3.434,394.846
CND_1602,1,2026-09-03 10:03,22,-0.355,-7.097,-1.0,-0.143,-5.752,-0.545,394.846
CND_1602,1,2026-09-03 12:03,23,-2.189,1.307,7.0,-1.967,-3.772,7.476,394.846
CND_1602,1,2026-09-03 14:02,24,-0.917,4.202,0.0,-0.686,-3.065,0.496,394.846
CND_1602,1,2026-09-03 16:03,25,-1.377,-0.776,5.0,-1.136,-4.607,5.517,394.846
CND_1602,1,2026-09-03 18:02,26,0.105,-2.119,-1.0,0.356,-2.273,-0.462,394.846
CND_1602,1,2026-09-03 20:02,27,0.776,-1.377,-3.0,1.037,-1.288,-2.442,394.846
CND_1602,1,2026-09-03 22:02,28,0.035,-0.706,-1.0,0.305,-0.706,-0.421,394.846
CND_1602,1,2026-09-04 00:02,29,0.847,-2.79,-2.0,1.126,-3.121,-1.4,394.846
CND_1602,1,2026-09-04 02:02,30,0.706,0.035,-2.0,0.995,-0.251,-1.38,394.846
CND_1602,1,2026-09-04 04:02,31,0.636,1.448,-3.0,0.935,0.593,-2.359,394.846
CND_1602,1,2026-09-04 06:02,32,-0.566,-2.86,4.0,-0.258,-0.913,4.662,394.846
CND_1602,1,2026-09-04 08:03,33,-1.167,-5.014,4.0,-0.849,-1.903,4.682,394.846
CND_1602,1,2026-09-04 10:03,34,-0.566,-2.86,-1.0,-0.238,-1.22,-0.297,394.846
CND_1602,1,2026-09-04 12:03,35,-0.847,2.79,0.0,-0.509,-2.623,0.724,394.846
CND_1602,1,2026-09-04 14:03,36,0.425,5.685,-2.0,0.772,-0.229,-1.256,394.846
CND_1602,1,2026-09-04 16:02,37,-0.917,4.202,-1.0,-0.56,-3.491,-0.235,394.846
CND_1602,1,2026-09-04 18:02,38,-0.496,-4.273,1.0,-0.13,-3.972,1.785,394.846
CND_1602,1,2026-09-04 20:02,39,0.176,-3.531,-1.0,0.551,-2.925,-0.194,394.846
CND_1602,1,2026-09-04 22:02,40,-1.167,-5.014,2.0,-0.781,-4.776,2.827,394.846
CND_1602,1,2026-09-05 00:02,41,0.035,-0.706,1.0,0.43,-1.25,1.847,394.846
CND_1602,1,2026-09-05 02:02,42,0.105,-2.119,-2.0,0.51,-2.138,-1.132,394.846
CND_1602,1,2026-09-05 04:02,43,0.176,-3.531,-1.0,0.59,-3.728,-0.111,394.846
CND_1602,1,2026-09-05 06:03,44,-0.425,-5.685,0.0,-0.001,-2.203,0.91,394.846
CND_1602,1,2026-09-05 08:03,45,-0.074,-12.747,-2.0,0.359,-5.46,-1.07,394.846
CND_1602,1,2026-09-05 10:02,46,-1.768,-7.168,6.0,-1.325,-4.508,6.951,394.846
CND_1602,1,2026-09-05 12:03,47,-1.768,-7.168,1.0,-1.315,-11.1,1.972,394.846
CND_1602,1,2026-09-06 10:03,58,-1.908,-4.343,1.0,-1.349,-1.035,2.199,394.846
CND_1602,1,2026-09-06 12:03,59,-1.307,-2.189,0.0,-0.739,-2.517,1.22,394.846
CND_1602,1,2026-09-06 14:03,60,-1.908,-4.343,1.0,-1.33,-2.738,2.24,394.846
CND_1602,1,2026-09-06 16:03,61,-2.298,-10.734,3.0,-1.711,-9.67,4.261,394.846
CND_1602,1,2026-09-06 18:02,62,-0.496,-4.273,-1.0,0.102,-3.309,0.281,394.846
CND_1602,1,2026-09-06 20:03,63,-1.838,-5.755,3.0,-1.231,-4.169,4.302,394.846
CND_1602,1,2026-09-06 22:02,64,-1.908,-4.343,4.0,-1.292,-3.269,5.323,394.846
CND_1602,1,2026-09-07 00:02,65,-1.908,-4.343,4.0,-1.282,-3.647,5.343,394.846
CND_1602,1,2026-09-07 02:02,66,-1.908,-4.343,4.0,-1.272,-3.525,5.364,394.846
CND_1602,1,2026-09-07 04:02,67,-1.167,-5.014,3.0,-0.521,-3.41,4.385,394.846
CND_1602,1,2026-09-07 06:03,68,-1.167,-5.014,0.0,-0.512,-3.196,1.405,394.846
CND_1602,1,2026-09-07 08:03,69,-0.886,-10.664,1.0,-0.221,-6.047,2.426,394.846
CND_1602,1,2026-09-07 10:03,70,-2.579,-5.084,6.0,-1.905,-3.646,7.447,394.846
CND_1602,1,2026-09-07 12:03,71,-2.649,-3.672,4.0,-1.966,-6.135,5.467,394.846
CND_1602,1,2026-09-07 14:03,72,-1.518,2.048,0.0,-0.824,-3.096,1.488,394.846
CND_1602,1,2026-09-07 18:03,73,-2.649,-3.672,4.0,-1.937,-1.955,5.529,394.846
CND_1602,1,2026-09-07 20:03,74,-1.908,-4.343,1.0,-1.186,-3.11,2.55,394.846
CND_1602,1,2026-09-07 22:02,75,-1.908,-4.343,2.0,-1.176,-3.535,3.571,394.846
CND_1602,1,2026-09-08 00:02,76,-1.978,-2.93,2.0,-1.237,-2.326,3.591,394.846
CND_1602,1,2026-09-08 02:02,77,-1.908,-4.343,3.0,-1.157,-3.56,4.612,394.846
CND_1602,1,2026-09-08 04:02,78,-2.649,-3.672,3.0,-1.889,-3.571,4.633,394.846
CND_1602,1,2026-09-08 08:03,80,-2.158,-13.559,1.0,-1.378,-6.219,2.674,394.846
CND_1602,1,2026-09-08 10:03,81,-3.321,-4.413,5.0,-2.531,-0.927,6.695,394.846
CND_1602,1,2026-09-08 12:03,82,-2.579,-5.084,5.0,-1.78,-3.179,6.715,394.846
CND_1602,1,2026-09-08 14:03,83,-1.448,0.636,-3.0,-0.639,-0.634,-1.264,394.846
CND_1602,1,2026-09-08 16:03,84,-1.908,-4.343,-1.0,-1.089,-2.356,0.757,394.846
CND_1602,1,2026-09-08 18:03,85,-1.838,-5.755,-1.0,-1.01,-3.945,0.777,394.846
CND_1602,1,2026-09-08 20:02,86,-1.237,-3.601,-2.0,-0.399,-2.032,-0.202,394.846
CND_1602,1,2026-09-08 22:03,87,-2.579,-5.084,4.0,-1.732,-3.796,5.819,394.846
CND_1602,1,2026-09-09 06:03,91,-1.908,-4.343,0.0,-1.022,-3.747,1.901,394.846
CND_1602,1,2026-09-09 08:04,92,-3.04,-10.063,3.0,-2.144,-3.246,4.922,394.846
CND_1602,1,2026-09-09 10:03,93,-1.978,-2.93,-2.0,-1.073,-0.283,-0.057,394.846
CND_1602,1,2026-09-09 12:03,94,-2.259,2.72,-2.0,-1.344,0.076,-0.037,394.846
CND_1602,1,2026-09-09 14:03,95,-2.119,-0.105,-2.0,-1.194,-2.312,-0.016,394.846
CND_1602,1,2026-09-09 16:04,96,-2.72,-2.259,-2.0,-1.785,-1.547,0.005,394.846
CND_1602,1,2026-09-09 18:03,97,-1.978,-2.93,-3.0,-1.034,-0.534,-0.975,394.846
CND_1602,1,2026-09-09 20:02,98,-2.048,-1.518,-2.0,-1.095,0.017,0.046,394.846
CND_1602,1,2026-09-09 22:02,99,-2.72,-2.259,-2.0,-1.757,-0.488,0.066,394.846
CND_1602,1,2026-09-10 00:02,100,-2.119,-0.105,-2.0,-1.146,1.145,0.087,394.846
CND_1602,1,2026-09-10 02:02,101,-1.448,0.636,-3.0,-0.465,0.718,-0.892,394.846
CND_1602,1,2026-09-10 04:02,102,-1.377,-0.776,-2.0,-0.385,-0.347,0.128,394.846
CND_1602,1,2026-09-10 06:03,103,-1.978,-2.93,-1.0,-0.977,-2.177,1.149,394.846
CND_1602,1,2026-09-10 08:03,104,-3.04,-10.063,-1.0,-2.028,-2.616,1.17,394.846
CND_1602,1,2026-09-10 10:03,105,-1.167,-5.014,-7.0,-0.146,-1.174,-4.809,394.846
CND_1602,1,2026-09-10 12:03,106,-2.579,-5.084,-4.0,-1.549,-7.168,-1.789,394.846
CND_1602,1,2026-09-10 14:03,107,-3.531,-0.176,1.0,-2.491,-4.104,3.232,394.846
CND_1602,1,2026-09-10 16:02,108,-3.11,-8.65,-3.0,-2.06,-6.979,-0.748,394.846
CND_1602,1,2026-09-11 06:03,115,-3.25,-5.825,1.0,-2.133,-3.944,3.397,394.846
CND_1602,1,2026-09-11 08:03,116,-3.711,-10.804,2.0,-2.584,-4.275,4.418,394.846
CND_1602,1,2026-09-11 12:03,118,-2.189,1.307,-5.0,-1.043,-1.67,-2.541,394.846
CND_1602,1,2026-09-11 14:03,119,-2.119,-0.105,-6.0,-0.963,-2.612,-3.52,394.846
CND_1603,0,2026-09-01 14:03,0,0.949,1.162,-8.0,0.949,0.0,-7.999,362.938
CND_1603,0,2026-09-01 16:02,1,-1.233,1.652,2.0,-1.224,0.803,2.021,362.938
CND_1603,0,2026-09-01 18:02,2,-0.458,1.02,1.0,-0.44,1.02,1.042,362.938
CND_1603,0,2026-09-01 20:03,3,-0.316,-0.387,0.0,-0.29,-0.004,0.063,362.938
CND_1603,0,2026-09-01 22:02,4,-0.316,-0.387,0.0,-0.281,-0.214,0.083,362.938
CND_1603,0,2026-09-02 00:02,5,-0.316,-0.387,0.0,-0.272,-0.387,0.104,362.938
CND_1603,0,2026-09-02 02:03,6,0.316,0.387,0.0,0.37,0.387,0.124,362.938
CND_1603,0,2026-09-02 04:02,7,0.174,1.794,-1.0,0.236,1.204,-0.855,362.938
CND_1603,0,2026-09-02 06:02,8,0.174,1.794,-1.0,0.245,1.335,-0.834,362.938
CND_1603,0,2026-09-02 08:03,9,-1.155,-6.158,2.0,-1.076,-1.475,2.186,362.938
CND_1603,1,2026-09-02 10:04,10,0.387,-2.086,-1.5,0.482,-1.308,-1.293,389.496
CND_1603,1,2026-09-02 12:04,11,-0.953,1.261,4.5,-0.849,-5.61,4.728,389.496
CND_1603,1,2026-09-02 14:04,12,0.129,-0.695,-1.5,0.243,-7.567,-1.251,389.496
CND_1603,1,2026-09-02 16:03,13,0.229,6.515,-1.5,0.353,0.761,-1.231,389.496
CND_1603,1,2026-09-02 18:03,14,-0.129,0.695,2.5,0.004,0.0,2.79,389.496
CND_1603,1,2026-09-02 20:03,15,0.129,-0.695,1.5,0.272,-1.364,1.81,389.496
CND_1603,1,2026-09-02 22:04,16,-1.003,-2.344,3.5,-0.851,-3.433,3.831,389.496
CND_1603,1,2026-09-03 00:03,17,-0.079,4.3,2.5,0.083,2.778,2.852,389.496
CND_1603,1,2026-09-03 02:03,18,-0.437,-1.52,4.5,-0.266,-3.234,4.872,389.496
CND_1603,1,2026-09-03 04:03,19,-0.129,0.695,0.5,0.052,-0.9,0.893,389.496
CND_1603,1,2026-09-03 06:03,20,0.079,-4.3,0.5,0.269,-3.383,0.914,389.496
CND_1603,1,2026-09-03 08:04,21,-0.487,-5.125,0.5,-0.287,-0.223,0.935,389.496
CND_1603,1,2026-09-03 10:04,22,-0.387,2.086,0.5,-0.178,3.413,0.955,389.496
CND_1603,1,2026-09-03 12:04,23,-0.595,7.081,1.5,-0.376,2.071,1.976,389.496
CND_1603,1,2026-09-03 14:03,24,-0.903,4.867,1.5,-0.675,-2.302,1.996,389.496
CND_1603,1,2026-09-03 16:03,25,-1.778,1.828,4.5,-1.54,-1.952,5.017,389.496
CND_1603,1,2026-09-03 18:03,26,-0.695,-0.129,3.5,-0.448,-0.282,4.038,389.496
CND_1603,1,2026-09-03 20:03,27,-0.179,-2.91,2.5,0.078,-2.822,3.058,389.496
CND_1603,1,2026-09-03 22:03,28,-0.437,-1.52,2.5,-0.171,-1.52,3.079,389.496
CND_1603,1,2026-09-04 00:03,29,0.437,1.52,-1.5,0.713,1.192,-0.9,389.496
CND_1603,1,2026-09-04 02:03,30,0.437,1.52,-1.5,0.722,1.238,-0.88,389.496
CND_1603,1,2026-09-04 04:03,31,-1.003,-2.344,3.5,-0.709,-3.187,4.141,389.496
CND_1603,1,2026-09-04 06:03,32,-0.179,-2.91,0.5,0.125,-0.989,1.162,389.496
CND_1603,1,2026-09-04 08:04,33,-1.311,-4.559,2.5,-0.998,-1.49,3.183,389.496
CND_1603,1,2026-09-04 10:04,34,-0.745,-3.734,2.5,-0.422,-2.116,3.203,389.496
CND_1603,1,2026-09-04 12:04,35,-0.903,4.867,-3.5,-0.571,-0.473,-2.776,389.496
CND_1603,1,2026-09-04 14:04,36,-0.953,1.261,0.5,-0.611,-4.573,1.244,389.496
CND_1603,1,2026-09-04 16:03,37,-0.337,5.691,-3.5,0.014,-1.898,-2.735,389.496
CND_1603,1,2026-09-04 18:03,38,0.129,-0.695,-4.5,0.49,-0.399,-3.714,389.496
CND_1603,1,2026-09-04 20:03,39,0.387,-2.086,-3.5,0.758,-1.488,-2.694,389.496
CND_1603,1,2026-09-04 22:03,40,-0.129,0.695,-0.5,0.251,0.929,0.327,389.496
CND_1603,1,2026-09-05 00:03,41,-0.129,0.695,0.5,0.261,0.158,1.348,389.496
CND_1603,1,2026-09-05 02:03,42,0.129,-0.695,-0.5,0.528,-0.714,0.368,389.496
CND_1603,1,2026-09-05 04:03,43,0.437,1.52,-0.5,0.846,1.325,0.389,389.496
CND_1603,1,2026-09-05 06:04,44,-0.487,-5.125,0.5,-0.069,-1.69,1.41,389.496
CND_1603,1,2026-09-05 08:04,45,-1.978,-12.593,5.5,-1.55,-5.405,6.43,389.496
CND_1603,1,2026-09-05 10:04,46,-0.695,-0.129,1.5,-0.258,2.495,2.451,389.496
CND_1603,1,2026-09-05 12:04,47,-2.294,4.609,4.5,-1.847,0.73,5.472,389.496
CND_1603,1,2026-09-05 14:04,48,-0.903,4.867,-0.5,-0.447,-0.315,0.492,389.496
CND_1603,1,2026-09-05 16:05,49,-0.129,0.695,-5.5,0.337,-5.826,-4.487,389.496
CND_1603,1,2026-09-05 18:04,50,-1.361,-8.164,4.5,-0.886,-6.687,5.534,389.496
CND_1603,1,2026-09-05 22:04,52,0.337,-5.691,-4.5,0.831,-4.181,-3.425,389.496
CND_1603,1,2026-09-06 00:04,53,0.079,-4.3,-1.5,0.583,-3.932,-0.404,389.496
CND_1603,1,2026-09-06 02:04,54,0.129,-0.695,-0.5,0.642,-0.273,0.616,389.496
CND_1603,1,2026-09-06 04:03,55,-0.437,-1.52,-0.5,0.086,-1.284,0.637,389.496
CND_1603,1,2026-09-06 06:04,56,-0.487,-5.125,-1.5,0.045,-4.734,-0.342,389.496
CND_1603,1,2026-09-06 10:04,58,-1.619,-6.773,2.5,-1.068,-3.51,3.699,389.496
CND_1603,1,2026-09-06 12:04,59,-0.695,-0.129,-2.5,-0.135,-0.453,-1.28,389.496
CND_1603,1,2026-09-06 14:04,60,-1.569,-3.168,-2.5,-0.999,-1.586,-1.26,389.496
CND_1603,1,2026-09-06 16:04,61,-1.003,-2.344,-1.5,-0.424,-1.294,-0.239,389.496
CND_1603,1,2026-09-06 18:04,62,-1.261,-0.953,-0.5,-0.672,-0.003,0.782,389.496
CND_1603,1,2026-09-06 20:04,63,-1.311,-4.559,0.5,-0.713,-2.994,1.802,389.496
CND_1603,1,2026-09-06 22:03,64,-1.569,-3.168,3.5,-0.961,-2.109,4.823,389.496
CND_1603,1,2026-09-07 00:03,65,-1.053,-5.949,2.5,-0.436,-5.263,3.843,389.496
CND_1603,1,2026-09-07 02:03,66,-1.569,-3.168,2.5,-0.942,-2.362,3.864,389.496
CND_1603,1,2026-09-07 04:03,67,-1.619,-6.773,1.5,-0.983,-5.191,2.885,389.496
CND_1603,1,2026-09-07 06:04,68,-1.878,-5.383,1.5,-1.231,-3.59,2.906,389.496
CND_1603,1,2026-09-07 08:04,69,-1.928,-8.988,2.5,-1.272,-4.434,3.926,389.496
CND_1603,1,2026-09-07 10:04,70,-1.569,-3.168,0.5,-0.904,-1.749,1.947,389.496
CND_1603,1,2026-09-07 12:04,71,-1.52,0.437,-2.5,-0.845,-1.993,-1.032,389.496
CND_1603,1,2026-09-07 14:04,72,-1.261,-0.953,-0.5,-0.577,-6.028,0.988,389.496
CND_1603,1,2026-09-07 18:05,73,-1.053,-5.949,-1.5,-0.35,-4.256,0.03,389.496
CND_1603,1,2026-09-07 20:04,74,-1.311,-4.559,-0.5,-0.599,-3.342,1.05,389.496
CND_1603,1,2026-09-07 22:04,75,-1.311,-4.559,-0.5,-0.589,-3.762,1.071,389.496
CND_1603,1,2026-09-08 00:04,76,-1.828,-1.778,-0.5,-1.096,-1.181,1.092,389.496
CND_1603,1,2026-09-08 02:04,77,-1.311,-4.559,-0.5,-0.57,-3.786,1.112,389.496
CND_1603,1,2026-09-08 04:04,78,-1.003,-2.344,-1.5,-0.253,-2.245,0.133,389.496
CND_1603,1,2026-09-08 06:04,79,-1.569,-3.168,1.5,-0.809,-2.486,3.154,389.496
CND_1603,1,2026-09-08 08:04,80,-1.669,-10.378,2.5,-0.9,-3.138,4.174,389.496
CND_1603,1,2026-09-08 10:04,81,-1.053,-5.949,-5.5,-0.274,-2.511,-3.805,389.496
CND_1603,1,2026-09-08 12:04,82,-2.96,-3.426,3.5,-2.171,-1.547,5.216,389.496
CND_1603,1,2026-09-08 14:04,83,-2.086,-0.387,-0.5,-1.288,-1.64,1.236,389.496
CND_1603,1,2026-09-08 16:04,84,-2.394,-2.602,-0.5,-1.586,-0.642,1.257,389.496
CND_1603,1,2026-09-08 18:04,85,-1.878,-5.383,-0.5,-1.06,-3.597,1.278,389.496
CND_1603,1,2026-09-08 20:04,86,-1.878,-5.383,0.5,-1.051,-3.835,2.298,389.496
CND_1603,1,2026-09-08 22:04,87,-1.261,-0.953,-2.5,-0.425,0.317,-0.681,389.496
CND_1603,1,2026-09-09 06:04,91,-0.129,0.695,-9.5,0.745,1.283,-7.598,389.496
CND_1603,1,2026-09-09 08:05,92,-2.186,-7.598,-0.5,-1.302,-0.873,1.422,389.496
CND_1603,1,2026-09-09 10:04,93,-1.053,-5.949,-4.5,-0.16,-3.338,-2.557,389.496
CND_1603,1,2026-09-09 12:04,94,-1.569,-3.168,-2.5,-0.667,-5.776,-0.537,389.496
CND_1603,1,2026-09-09 14:04,95,-1.52,0.437,-5.5,-0.607,-1.739,-3.516,389.496
CND_1603,1,2026-09-09 18:04,97,-1.828,-1.778,-2.5,-0.896,0.587,-0.475,389.496
CND_1603,1,2026-09-09 20:03,98,-1.261,-0.953,-3.5,-0.321,0.561,-1.454,389.496
CND_1603,1,2026-09-09 22:03,99,-1.828,-1.778,-2.5,-0.878,-0.03,-0.433,389.496
CND_1603,1,2026-09-10 00:03,100,-1.569,-3.168,-2.5,-0.61,-1.934,-0.413,389.496
CND_1603,1,2026-09-10 02:03,101,-1.52,0.437,-2.5,-0.55,0.518,-0.392,389.496
CND_1603,1,2026-09-10 04:04,102,-1.52,0.437,-2.5,-0.541,0.861,-0.371,389.496
CND_1603,1,2026-09-10 06:04,103,-1.569,-3.168,-1.5,-0.581,-2.425,0.649,389.496
CND_1603,1,2026-09-10 08:04,104,-3.01,-7.031,0.5,-2.012,0.315,2.67,389.496
CND_1603,1,2026-09-10 10:04,105,-3.01,-7.031,-1.5,-2.003,-3.243,0.691,389.496
CND_1603,1,2026-09-10 12:04,106,-1.361,-8.164,-7.5,-0.345,-10.22,-5.289,389.496
CND_1603,1,2026-09-10 14:05,107,-3.684,4.35,2.5,-2.658,0.476,4.732,389.496
CND_1603,1,2026-09-10 16:03,108,-1.361,-8.164,-6.5,-0.326,-6.515,-4.247,389.496
CND_1603,1,2026-09-10 18:04,109,-2.91,0.179,-0.5,-1.865,1.885,1.773,389.496
CND_1603,1,2026-09-10 20:04,110,-0.795,-7.339,-10.5,0.259,-5.691,-8.206,389.496
CND_1603,1,2026-09-10 22:03,111,-1.828,-1.778,-2.5,-0.764,-0.518,-0.185,389.496
CND_1603,1,2026-09-11 00:03,112,-3.01,-7.031,-0.5,-1.936,-6.553,1.835,389.496
CND_1603,1,2026-09-11 02:04,113,-0.487,-5.125,-8.5,0.596,-3.889,-6.144,389.496
CND_1603,1,2026-09-11 04:03,114,-1.828,-1.778,-3.5,-0.735,-1.439,-1.123,389.496
CND_1603,1,2026-09-11 06:04,115,-2.96,-3.426,-1.5,-1.858,-1.57,0.897,389.496
CND_1603,1,2026-09-11 08:04,116,-3.01,-7.031,-0.5,-1.898,-0.591,1.918,389.496
CND_1603,1,2026-09-11 10:04,117,-3.218,-2.036,0.5,-2.097,0.804,2.939,389.496
CND_1603,1,2026-09-11 12:04,118,-2.036,3.218,-5.5,-0.905,0.282,-3.041,389.496
CND_1603,1,2026-09-11 14:04,119,-2.602,2.394,-5.5,-1.462,-0.078,-3.02,389.496
CND_1603,1,2026-09-11 16:04,120,-3.784,-2.86,-0.5,-2.635,-0.564,2.001,389.496
CND_1603,1,2026-09-11 18:04,121,-2.702,-4.817,-0.5,-1.543,-3.356,2.021,389.496
CND_1603,1,2026-09-11 20:04,122,-3.526,-4.25,0.5,-2.358,-2.311,3.042,389.496
CND_1603,1,2026-09-11 22:04,123,-1.053,-5.949,-8.5,0.125,-3.893,-5.937,389.496
CND_1604,0,2026-09-01 14:04,0,-1.042,4.49,2.5,-1.042,3.246,2.501,388.669
CND_1604,0,2026-09-01 16:04,1,0.269,2.679,0.5,0.279,1.77,0.521,388.669
CND_1604,0,2026-09-01 18:04,2,-0.269,-2.679,-1.5,-0.25,-2.679,-1.458,388.669
CND_1604,0,2026-09-01 20:04,3,0.231,0.443,0.5,0.26,0.853,0.563,388.669
CND_1604,0,2026-09-01 22:04,4,0.193,-1.792,-0.5,0.232,-1.607,-0.417,388.669
CND_1604,0,2026-09-02 00:04,5,-0.231,-0.443,-1.5,-0.183,-0.443,-1.396,388.669
CND_1604,0,2026-09-02 02:04,6,-0.693,-1.33,1.5,-0.636,-1.33,1.625,388.669
CND_1604,0,2026-09-02 04:04,7,-0.269,-2.679,-0.5,-0.202,-3.312,-0.355,388.669
CND_1604,0,2026-09-02 06:04,8,0.193,-1.792,-0.5,0.269,-2.284,-0.334,388.669
CND_1604,0,2026-09-02 08:04,9,-1.656,-5.339,6.5,-1.57,-0.325,6.687,388.669
CND_1604,0,2026-09-02 10:05,10,-1.58,-0.868,4.5,-1.485,-0.092,4.707,388.669
CND_1604,0,2026-09-02 12:05,11,-1.391,10.311,4.5,-1.286,3.454,4.728,388.669
CND_1604,0,2026-09-02 14:04,12,-0.118,6.264,-1.5,-0.004,-0.593,-1.251,388.669
CND_1604,0,2026-09-02 16:04,13,-0.155,4.028,0.5,-0.032,-1.714,0.769,388.669
CND_1604,0,2026-09-02 18:04,14,-0.193,1.792,-2.5,-0.06,1.099,-2.21,388.669
CND_1604,0,2026-09-02 20:04,15,-0.656,0.906,0.5,-0.513,0.239,0.811,388.669
CND_1604,0,2026-09-02 22:04,16,-0.231,-0.443,0.5,-0.079,-1.53,0.831,388.669
CND_1604,0,2026-09-03 00:04,17,-1.042,4.49,1.5,-0.881,2.971,1.852,388.669
CND_1604,0,2026-09-03 02:04,18,-0.618,3.141,3.5,-0.447,1.43,3.873,388.669
CND_1604,0,2026-09-03 04:04,19,-0.618,3.141,0.5,-0.437,1.549,0.893,388.669
CND_1604,0,2026-09-03 06:04,20,-0.731,-3.566,0.5,-0.541,-2.65,0.914,388.669
CND_1604,0,2026-09-03 08:04,21,-1.194,-4.453,1.5,-0.994,0.438,1.935,388.669
CND_1604,0,2026-09-03 10:05,22,-0.656,0.906,-1.5,-0.447,2.23,-1.045,388.669
CND_1604,0,2026-09-03 12:04,23,-1.391,10.311,3.5,-1.173,5.311,3.976,388.669
CND_1604,0,2026-09-03 14:04,24,-0.504,9.849,-4.5,-0.276,2.695,-4.003,388.669
CND_1604,0,2026-09-03 16:04,25,-1.08,2.255,-0.5,-0.843,-1.516,0.017,388.669
CND_1604,0,2026-09-03 18:04,26,-0.269,-2.679,-1.5,-0.022,-2.831,-0.962,388.669
CND_1604,0,2026-09-03 20:04,27,-0.618,3.141,0.5,-0.362,3.229,1.059,388.669
CND_1604,0,2026-09-03 22:04,28,0.231,0.443,-2.5,0.497,0.443,-1.921,388.669
CND_1604,0,2026-09-04 00:04,29,-0.618,3.141,0.5,-0.343,2.815,1.1,388.669
CND_1604,0,2026-09-04 02:04,30,-0.618,3.141,-0.5,-0.333,2.86,0.121,388.669
CND_1604,0,2026-09-04 04:04,31,0.231,0.443,-3.5,0.525,-0.398,-2.859,388.669
CND_1604,0,2026-09-04 06:04,32,-0.693,-1.33,0.5,-0.39,0.586,1.162,388.669
CND_1604,0,2026-09-04 08:04,33,-0.307,-4.915,-1.5,0.006,-1.852,-0.817,388.669
CND_1604,0,2026-09-04 10:05,34,-1.542,1.368,4.5,-1.22,2.983,5.203,388.669
CND_1604,0,2026-09-04 12:05,35,-0.466,12.084,-1.5,-0.134,6.756,-0.776,388.669
CND_1604,0,2026-09-04 14:05,36,-1.815,11.66,1.5,-1.474,5.838,2.245,388.669
CND_1604,0,2026-09-04 16:04,37,-0.504,9.849,-0.5,-0.153,2.275,0.265,388.669
CND_1604,0,2026-09-04 18:04,38,-1.118,0.019,0.5,-0.757,0.314,1.286,388.669
CND_1604,0,2026-09-04 20:04,39,0.269,2.679,-1.5,0.639,3.276,-0.694,388.669
CND_1604,0,2026-09-04 22:04,40,-1.08,2.255,2.5,-0.701,2.488,3.327,388.669
CND_1604,0,2026-09-05 00:04,41,-1.504,3.604,3.5,-1.116,3.068,4.348,388.669
CND_1604,0,2026-09-05 02:04,42,-1.504,3.604,2.5,-1.106,3.584,3.368,388.669
CND_1604,0,2026-09-05 04:04,43,-1.504,3.604,2.5,-1.097,3.41,3.389,388.669
CND_1604,0,2026-09-05 06:04,44,-2.467,-0.406,4.5,-2.05,3.022,5.41,388.669
CND_1604,0,2026-09-05 08:05,45,-1.231,-6.688,1.5,-0.805,0.485,2.431,388.669
CND_1604,0,2026-09-05 10:05,46,-2.005,0.481,2.5,-1.568,3.099,3.451,388.669
CND_1604,0,2026-09-05 12:05,47,-2.042,-1.755,0.5,-1.597,-5.625,1.472,388.669
CND_1604,0,2026-09-05 14:05,48,-1.467,5.839,1.5,-1.011,0.669,2.493,388.669
CND_1604,0,2026-09-05 16:05,49,-0.542,7.613,-3.5,-0.077,1.106,-2.487,388.669
CND_1604,0,2026-09-06 10:05,58,-2.429,1.83,2.5,-1.879,5.087,3.699,388.669
CND_1604,0,2026-09-06 12:04,59,-1.891,7.188,0.5,-1.332,6.865,1.72,388.669
CND_1604,0,2026-09-06 14:04,60,-1.967,2.717,0.5,-1.398,4.296,1.74,388.669
CND_1604,0,2026-09-06 16:05,61,-1.467,5.839,0.5,-0.888,6.887,1.761,388.669
CND_1604,0,2026-09-06 18:05,62,-1.542,1.368,-2.5,-0.954,2.317,-1.218,388.669
CND_1604,0,2026-09-06 20:05,63,-1.542,1.368,-0.5,-0.945,2.929,0.803,388.669
CND_1604,0,2026-09-06 22:04,64,-1.004,6.726,-3.5,-0.397,7.783,-2.177,388.669
CND_1604,0,2026-09-07 00:04,65,-0.542,7.613,-5.5,0.074,8.298,-4.156,388.669
CND_1604,0,2026-09-07 02:04,66,-1.08,2.255,-2.5,-0.454,3.059,-1.136,388.669
CND_1604,0,2026-09-07 04:04,67,-2.391,4.066,2.5,-1.756,5.645,3.885,388.669
CND_1604,0,2026-09-07 06:05,68,-1.08,2.255,-2.5,-0.435,4.044,-1.094,388.669
CND_1604,0,2026-09-07 08:05,69,-2.005,0.481,0.5,-1.35,5.026,1.926,388.669
CND_1604,0,2026-09-07 10:04,70,-1.08,2.255,-2.5,-0.416,3.671,-1.053,388.669
CND_1604,0,2026-09-07 12:05,71,-1.891,7.188,-0.5,-1.218,4.763,0.968,388.669
CND_1604,0,2026-09-07 14:05,72,-1.353,12.547,-3.5,-0.67,7.482,-2.012,388.669
CND_1604,0,2026-09-07 18:05,73,-2.005,0.481,-1.5,-1.303,2.171,0.03,388.669
CND_1604,0,2026-09-07 20:05,74,-1.542,1.368,-1.5,-0.831,2.582,0.05,388.669
CND_1604,0,2026-09-07 22:05,75,-1.542,1.368,-2.5,-0.822,2.163,-0.929,388.669
CND_1604,0,2026-09-08 00:04,76,-1.967,2.717,-1.5,-1.237,3.312,0.092,388.669
CND_1604,0,2026-09-08 02:05,77,-1.58,-0.868,-3.5,-0.84,-0.097,-1.888,388.669
CND_1604,0,2026-09-08 04:04,78,-1.542,1.368,-2.5,-0.793,1.467,-0.867,388.669
CND_1604,0,2026-09-08 06:05,79,-1.542,1.368,-0.5,-0.784,2.048,1.154,388.669
CND_1604,0,2026-09-08 10:05,81,-3.278,4.528,3.5,-2.5,7.959,5.195,388.669
CND_1604,0,2026-09-08 12:05,82,-2.429,1.83,1.5,-1.642,3.705,3.216,388.669
CND_1604,0,2026-09-08 14:04,83,-2.429,1.83,-0.5,-1.633,0.58,1.236,388.669
CND_1604,0,2026-09-08 16:05,84,-2.005,0.481,-1.5,-1.199,2.436,0.257,388.669
CND_1604,0,2026-09-08 18:04,85,-1.004,6.726,-4.5,-0.189,8.508,-2.722,388.669
CND_1604,0,2026-09-08 20:04,86,-0.58,5.377,-5.5,0.245,6.922,-3.702,388.669
CND_1604,0,2026-09-09 08:06,92,-2.929,-1.292,1.5,-2.047,5.418,3.423,388.669
CND_1604,0,2026-09-09 10:05,93,-1.929,4.953,-2.5,-1.038,7.558,-0.557,388.669
CND_1604,0,2026-09-09 12:05,94,-1.429,8.075,-5.5,-0.528,5.473,-3.536,388.669
CND_1604,0,2026-09-09 14:05,95,-2.74,9.886,-1.5,-1.83,7.715,0.484,388.669
CND_1604,0,2026-09-09 16:07,96,-2.391,4.066,-3.5,-1.471,4.767,-1.495,388.669
CND_1604,0,2026-09-09 18:05,97,-1.929,4.953,-4.5,-1.0,7.312,-2.474,388.669
CND_1604,0,2026-09-09 20:04,98,-1.467,5.839,-3.5,-0.528,7.351,-1.454,388.669
CND_1604,0,2026-09-09 22:04,99,-1.891,7.188,-1.5,-0.943,8.932,0.567,388.669
CND_1604,0,2026-09-10 00:04,100,-1.929,4.953,-3.5,-0.971,6.184,-1.413,388.669
CND_1604,0,2026-09-10 02:04,101,-1.891,7.188,-4.5,-0.924,7.269,-2.392,388.669
CND_1604,0,2026-09-10 04:04,102,-2.391,4.066,-0.5,-1.415,4.489,1.629,388.669
CND_1604,0,2026-09-10 06:05,103,-2.816,5.415,0.5,-1.83,6.157,2.65,388.669
CND_1604,0,2026-09-10 08:05,104,-1.967,2.717,-5.5,-0.971,10.047,-3.33,388.669
CND_1604,0,2026-09-10 10:05,105,-2.853,3.179,-1.5,-1.848,6.959,0.691,388.669
CND_1604,0,2026-09-10 12:05,106,-2.353,6.302,-5.5,-1.339,4.25,-3.288,388.669
CND_1604,0,2026-09-10 16:04,108,-2.391,4.066,-6.5,-1.358,5.711,-4.247,388.669
CND_1604,0,2026-09-10 18:04,109,-2.429,1.83,-4.5,-1.386,3.532,-2.227,388.669
CND_1604,0,2026-09-10 20:05,110,-1.967,2.717,-5.5,-0.914,4.362,-3.206,388.669
CND_1604,0,2026-09-10 22:04,111,-1.967,2.717,-5.5,-0.905,3.973,-3.185,388.669
CND_1604,0,2026-09-11 00:04,112,-1.929,4.953,-3.5,-0.858,5.43,-1.165,388.669
CND_1604,0,2026-09-11 02:05,113,-2.391,4.066,-3.5,-1.31,5.299,-1.144,388.669
CND_1604,0,2026-09-11 04:04,114,-1.929,4.953,-4.5,-0.839,5.29,-2.123,388.669
CND_1604,0,2026-09-11 06:05,115,-2.816,5.415,-3.5,-1.716,7.267,-1.102,388.669
CND_1604,0,2026-09-11 08:05,116,-2.429,1.83,-3.5,-1.32,8.257,-1.082,388.669
CND_1604,0,2026-09-11 10:05,117,-1.967,2.717,-6.5,-0.848,5.55,-4.061,388.669
CND_1604,0,2026-09-11 12:05,118,-3.24,6.764,-0.5,-2.112,3.834,1.96,388.669
CND_1604,0,2026-09-11 14:05,119,-2.315,8.537,-4.5,-1.178,6.07,-2.02,388.669
CND_1604,0,2026-09-11 16:04,120,-4.203,2.755,0.5,-3.055,5.046,3.001,388.669
CND_1604,0,2026-09-11 18:05,121,-3.74,3.642,-0.5,-2.584,5.099,2.022,388.669
CND_1604,0,2026-09-11 20:04,122,-3.778,1.406,1.5,-2.612,3.342,4.042,388.669
CND_17,0,2026-09-01 14:08,0,-0.508,2.448,-1.0,-0.508,1.783,-0.999,207.72
CND_17,0,2026-09-01 16:07,1,-0.102,0.49,-1.0,-0.096,0.003,-0.978,207.72
CND_17,0,2026-09-01 18:07,2,-0.102,0.49,0.0,-0.091,0.49,0.043,207.72
CND_17,0,2026-09-01 20:07,3,0.102,-0.49,0.0,0.117,-0.27,0.063,207.72
CND_17,0,2026-09-01 22:07,4,0.102,-0.49,0.0,0.122,-0.39,0.084,207.72
CND_17,0,2026-09-02 00:07,5,0.102,-0.49,0.0,0.127,-0.49,0.105,207.72
CND_17,0,2026-09-02 02:07,6,-0.102,0.49,0.0,-0.071,0.49,0.125,207.72
CND_17,0,2026-09-02 04:07,7,0.102,-0.49,0.0,0.137,-0.828,0.146,207.72
CND_17,0,2026-09-02 06:07,8,0.102,-0.49,-1.0,0.142,-0.753,-0.834,207.72
CND_17,0,2026-09-02 08:08,9,-0.674,-1.672,1.0,-0.628,1.008,1.187,207.72
CND_17,0,2026-09-02 10:09,10,-0.102,0.49,-6.0,-0.051,0.904,-5.792,207.72
CND_17,0,2026-09-02 12:08,11,-0.139,5.588,-4.0,-0.083,1.924,-3.771,207.72
CND_17,0,2026-09-02 14:07,12,-0.139,5.588,-5.0,-0.078,1.924,-4.751,207.72
CND_17,0,2026-09-02 16:07,13,0.268,3.63,-1.0,0.334,0.562,-0.73,207.72
CND_17,0,2026-09-02 18:07,14,-0.305,1.469,0.0,-0.234,1.098,0.29,207.72
CND_17,0,2026-09-02 20:07,15,-0.102,0.49,0.0,-0.025,0.133,0.311,207.72
CND_17,0,2026-09-02 22:07,16,-0.102,0.49,0.0,-0.02,-0.091,0.332,207.72
CND_17,0,2026-09-03 00:07,17,-0.102,0.49,0.0,-0.015,-0.322,0.352,207.72
CND_17,0,2026-09-03 02:07,18,-0.102,0.49,2.0,-0.01,-0.425,2.373,207.72
CND_17,0,2026-09-03 04:07,19,-0.102,0.49,1.0,-0.005,-0.361,1.394,207.72
CND_17,0,2026-09-03 06:07,20,0.305,-1.469,1.0,0.407,-0.979,1.414,207.72
CND_17,0,2026-09-03 08:08,21,-0.674,-1.672,0.0,-0.567,0.942,0.435,207.72
CND_17,0,2026-09-03 10:08,22,0.102,-0.49,-3.0,0.213,0.218,-2.544,207.72
CND_17,0,2026-09-03 12:08,23,0.268,3.63,-3.0,0.384,0.958,-2.523,207.72
CND_17,0,2026-09-03 14:08,24,-0.139,5.588,-2.0,-0.017,1.765,-1.503,207.72
CND_17,0,2026-09-03 16:07,25,-0.712,3.427,-1.0,-0.585,1.411,-0.482,207.72
CND_17,0,2026-09-03 18:06,26,0.102,-0.49,0.0,0.234,-0.571,0.538,207.72
CND_17,0,2026-09-03 20:07,27,0.102,-0.49,0.0,0.239,-0.443,0.559,207.72
CND_17,0,2026-09-03 22:07,28,-0.102,0.49,0.0,0.04,0.49,0.58,207.72
CND_17,0,2026-09-04 00:07,29,0.102,-0.49,1.0,0.249,-0.664,1.6,207.72
CND_17,0,2026-09-04 02:07,30,-0.102,0.49,0.0,0.051,0.339,0.621,207.72
CND_17,0,2026-09-04 04:07,31,-0.102,0.49,-1.0,0.056,0.04,-0.358,207.72
CND_17,0,2026-09-04 06:07,32,0.305,-1.469,1.0,0.467,-0.444,1.662,207.72
CND_17,0,2026-09-04 08:08,33,0.102,-0.49,1.0,0.269,1.147,1.683,207.72
CND_17,0,2026-09-04 10:09,34,0.102,-0.49,-5.0,0.274,0.373,-4.296,207.72
CND_17,0,2026-09-04 12:09,35,-0.508,2.448,-1.0,-0.331,-0.4,-0.275,207.72
CND_17,0,2026-09-04 14:09,36,-1.118,5.385,-3.0,-0.935,2.274,-2.255,207.72
CND_17,0,2026-09-04 16:07,37,-0.915,4.406,-1.0,-0.727,0.359,-0.234,207.72
CND_17,0,2026-09-04 18:06,38,-0.877,-0.693,-1.0,-0.685,-0.535,-0.214,207.72
CND_17,0,2026-09-04 22:07,40,-0.877,-0.693,0.0,-0.675,-0.568,0.828,207.72
CND_17,0,2026-09-05 00:07,41,-1.081,0.286,1.0,-0.873,0.0,1.848,207.72
CND_17,0,2026-09-05 02:07,42,-1.081,0.286,0.0,-0.868,0.276,0.869,207.72
CND_17,0,2026-09-05 04:07,43,-0.877,-0.693,1.0,-0.659,-0.796,1.89,207.72
CND_17,0,2026-09-05 06:07,44,-1.45,-2.854,0.0,-1.227,-1.022,0.91,207.72
CND_17,0,2026-09-05 08:09,45,-1.247,-3.833,-5.0,-1.018,-0.0,-4.069,207.72
CND_17,0,2026-09-05 10:08,46,-1.857,-0.896,-2.0,-1.623,0.503,-1.048,207.72
CND_17,0,2026-09-05 12:09,47,-1.691,3.224,-8.0,-1.452,1.155,-7.027,207.72
CND_17,0,2026-09-05 14:08,48,-2.263,1.062,-4.0,-2.02,-1.701,-3.007,207.72
CND_17,0,2026-09-05 16:08,49,-1.691,3.224,-4.0,-1.442,-0.254,-2.986,207.72
CND_17,0,2026-09-05 18:07,50,-1.081,0.286,-2.0,-0.827,1.074,-0.966,207.72
CND_17,0,2026-09-05 20:08,51,-1.653,-1.875,-1.0,-1.395,-1.043,0.055,207.72
CND_17,0,2026-09-05 22:08,52,-1.653,-1.875,0.0,-1.39,-1.07,1.076,207.72
CND_17,0,2026-09-06 04:07,55,-1.653,-1.875,-1.0,-1.374,-1.75,0.138,207.72
CND_17,0,2026-09-06 06:07,56,-1.653,-1.875,-1.0,-1.369,-1.667,0.158,207.72
CND_170_1,0,2026-09-01 14:00,0,0.594,-4.23,-4.5,0.594,-5.833,-4.5,500.515
CND_170_1,0,2026-09-01 16:00,1,0.362,2.474,-1.5,0.374,1.302,-1.479,500.515
CND_170_1,0,2026-09-01 18:00,2,0.439,0.239,1.5,0.464,0.239,1.541,500.515
CND_170_1,0,2026-09-01 20:00,3,0.039,-1.117,-0.5,0.075,-0.589,-0.438,500.515
CND_170_1,0,2026-09-01 22:00,4,-0.439,-0.239,0.5,-0.39,0.0,0.583,500.515
CND_170_1,0,2026-09-02 00:00,5,-0.039,1.117,0.5,0.022,1.117,0.603,500.515
CND_170_1,0,2026-09-02 02:00,6,-0.439,-0.239,1.5,-0.366,-0.239,1.624,500.515
CND_170_1,0,2026-09-02 04:00,7,0.039,-1.117,0.5,0.124,-1.932,0.645,500.515
CND_170_1,0,2026-09-02 06:00,8,0.84,1.595,-0.5,0.937,0.962,-0.335,500.515
CND_170_1,0,2026-09-02 08:00,9,-0.362,-2.474,0.5,-0.252,3.984,0.686,500.515
CND_170_1,0,2026-09-02 10:00,10,1.149,-7.344,-6.5,1.271,-6.344,-6.293,500.515
CND_170_1,0,2026-09-02 12:00,11,1.55,-5.987,-13.5,1.684,-14.817,-13.273,500.515
CND_170_1,0,2026-09-02 14:00,12,0.53,10.534,-7.5,0.676,1.704,-7.252,500.515
CND_170_1,0,2026-09-02 16:00,13,0.129,9.178,-1.5,0.288,1.784,-1.231,500.515
CND_170_1,0,2026-09-02 18:00,14,0.517,-1.996,-3.5,0.688,-2.889,-3.211,500.515
CND_170_1,0,2026-09-02 20:00,15,-0.439,-0.239,-1.5,-0.256,-1.098,-1.19,500.515
CND_170_1,0,2026-09-02 22:00,16,-0.039,1.117,-1.5,0.157,-0.282,-1.169,500.515
CND_170_1,0,2026-09-03 00:00,17,-0.917,0.639,1.5,-0.71,-1.317,1.851,500.515
CND_170_1,0,2026-09-03 02:00,18,-0.517,1.996,1.5,-0.297,-0.208,1.872,500.515
CND_170_1,0,2026-09-03 04:00,19,-0.517,1.996,0.5,-0.285,-0.055,0.893,500.515
CND_170_1,0,2026-09-03 06:00,20,-0.362,-2.474,2.5,-0.118,-1.295,2.913,500.515
CND_170_1,0,2026-09-03 08:00,21,-2.364,-9.255,3.5,-2.108,-2.957,3.934,500.515
CND_170_1,0,2026-09-03 10:00,22,-1.24,-2.952,-1.5,-0.972,-1.246,-1.045,500.515
CND_170_1,0,2026-09-03 12:00,23,0.84,1.595,-8.5,1.12,-4.843,-8.025,500.515
CND_170_1,0,2026-09-03 14:00,24,0.129,9.178,-7.5,0.422,-0.035,-7.004,500.515
CND_170_1,0,2026-09-03 16:00,25,-0.517,1.996,-0.5,-0.212,-2.861,0.017,500.515
CND_170_1,0,2026-09-03 18:00,26,-0.439,-0.239,-0.5,-0.122,-0.435,0.037,500.515
CND_170_1,0,2026-09-03 20:00,27,-0.439,-0.239,-1.5,-0.11,-0.126,-0.942,500.515
CND_170_1,0,2026-09-03 22:00,28,-0.917,0.639,0.5,-0.575,0.639,1.079,500.515
CND_170_1,0,2026-09-04 00:00,29,-0.439,-0.239,-1.5,-0.085,-0.659,-0.901,500.515
CND_170_1,0,2026-09-04 02:00,30,-0.439,-0.239,-0.5,-0.073,-0.601,0.12,500.515
CND_170_1,0,2026-09-04 04:00,31,-0.439,-0.239,-1.5,-0.061,-1.322,-0.86,500.515
CND_170_1,0,2026-09-04 06:00,32,-1.318,-0.717,0.5,-0.927,1.751,1.161,500.515
CND_170_1,0,2026-09-04 08:00,33,-0.685,-6.065,-1.5,-0.282,-2.121,-0.818,500.515
CND_170_1,0,2026-09-04 10:00,34,0.039,-1.117,-8.5,0.454,0.962,-7.798,500.515
CND_170_1,0,2026-09-04 12:00,35,-1.24,-2.952,-0.5,-0.813,-9.813,0.223,500.515
CND_170_1,0,2026-09-04 14:00,36,1.008,9.656,-12.5,1.447,2.159,-11.756,500.515
CND_170_1,0,2026-09-04 16:00,37,-0.826,10.935,-4.5,-0.375,1.182,-3.736,500.515
CND_170_1,0,2026-09-04 18:00,38,-0.84,-1.595,-2.5,-0.376,-1.215,-1.715,500.515
CND_170_1,0,2026-09-04 20:00,39,0.116,-3.352,-3.5,0.592,-2.584,-2.694,500.515
CND_170_1,0,2026-09-04 22:00,40,-1.318,-0.717,1.5,-0.829,-0.416,2.326,500.515
CND_170_1,0,2026-09-05 00:00,41,-1.796,0.162,2.5,-1.295,-0.528,3.347,500.515
CND_170_1,0,2026-09-05 02:00,42,-1.318,-0.717,1.5,-0.805,-0.742,2.368,500.515
CND_170_1,0,2026-09-05 04:00,43,-0.917,0.639,1.5,-0.392,0.39,2.388,500.515
CND_170_1,0,2026-09-05 06:00,44,-1.718,-2.073,2.5,-1.181,2.341,3.409,500.515
CND_170_1,0,2026-09-05 08:00,45,-2.041,-5.664,0.5,-1.492,3.573,1.43,500.515
CND_170_1,0,2026-09-05 10:00,46,-0.917,0.639,-5.5,-0.356,4.011,-4.55,500.515
CND_170_1,0,2026-09-05 12:00,47,0.685,6.065,-13.5,1.258,1.08,-12.529,500.515
CND_170_1,0,2026-09-05 14:00,48,-1.55,5.987,-2.5,-0.964,-0.671,-1.508,500.515
CND_170_1,0,2026-09-05 16:00,49,-1.227,9.578,-3.5,-0.629,1.199,-2.488,500.515
CND_170_1,0,2026-09-05 18:00,50,-1.718,-2.073,3.5,-1.108,-0.176,4.533,500.515
CND_170_1,0,2026-09-05 20:01,51,-0.439,-0.239,-4.5,0.183,1.768,-3.446,500.515
CND_170_1,0,2026-09-05 22:00,52,0.917,-0.639,-8.5,1.552,1.301,-7.426,500.515
CND_170_1,0,2026-09-06 00:00,53,-0.284,-4.708,-4.5,0.363,-4.235,-3.405,500.515
CND_170_1,0,2026-09-06 02:00,54,0.116,-3.352,-6.5,0.775,-2.81,-5.384,500.515
CND_170_1,0,2026-09-06 04:00,55,-0.284,-4.708,-3.5,0.387,-4.406,-2.364,500.515
CND_170_1,0,2026-09-06 06:00,56,-1.318,-0.717,-1.5,-0.634,-0.215,-0.343,500.515
CND_170_1,0,2026-09-06 10:00,58,-1.085,-7.421,-3.5,-0.377,-3.228,-2.302,500.515
CND_170_1,0,2026-09-06 12:00,59,-2.351,3.275,2.5,-1.631,2.858,3.719,500.515
CND_170_1,0,2026-09-06 14:00,60,-2.196,-1.195,1.5,-1.464,0.839,2.74,500.515
CND_170_1,0,2026-09-06 16:00,61,-1.318,-0.717,-1.5,-0.573,0.632,-0.24,500.515
CND_170_1,0,2026-09-06 18:00,62,-1.718,-2.073,-0.5,-0.961,-0.852,0.781,500.515
CND_170_1,0,2026-09-06 20:00,63,-1.718,-2.073,-1.5,-0.949,-0.062,-0.198,500.515
CND_170_1,0,2026-09-06 22:00,64,-1.718,-2.073,2.5,-0.937,-0.712,3.822,500.515
CND_170_1,0,2026-09-07 00:00,65,-1.718,-2.073,-0.5,-0.925,-1.191,0.843,500.515
CND_170_1,0,2026-09-07 02:00,66,-1.718,-2.073,1.5,-0.913,-1.037,2.864,500.515
CND_170_1,0,2026-09-07 04:00,67,-1.718,-2.073,2.5,-0.9,-0.04,3.884,500.515
CND_170_1,0,2026-09-07 06:00,68,-1.718,-2.073,-0.5,-0.888,0.231,0.905,500.515
CND_170_1,0,2026-09-07 08:00,69,-1.563,-6.543,-1.5,-0.721,-0.69,-0.074,500.515
CND_170_1,0,2026-09-07 10:00,70,-1.318,-0.717,-3.5,-0.463,1.107,-2.054,500.515
CND_170_1,0,2026-09-07 12:00,71,-0.672,6.465,-8.5,0.195,3.342,-7.033,500.515
CND_170_1,0,2026-09-07 14:00,72,-2.506,7.744,0.5,-1.627,1.223,1.988,500.515
CND_170_1,0,2026-09-07 18:00,73,-1.318,-0.717,-1.5,-0.414,1.459,0.029,500.515
CND_170_1,0,2026-09-07 20:00,74,-1.395,1.518,-2.5,-0.48,3.081,-0.95,500.515
CND_170_1,0,2026-09-07 22:00,75,-0.917,0.639,-3.5,0.01,1.663,-1.93,500.515
CND_170_1,0,2026-09-08 00:00,76,-0.917,0.639,-3.5,0.023,1.406,-1.909,500.515
CND_170_1,0,2026-09-08 02:00,77,-1.318,-0.717,-3.5,-0.366,0.276,-1.888,500.515
CND_170_1,0,2026-09-08 04:00,78,-2.273,1.04,-1.5,-1.309,1.167,0.132,500.515
CND_170_1,0,2026-09-08 06:00,79,-1.318,-0.717,-1.5,-0.341,0.159,0.153,500.515
CND_170_1,0,2026-09-08 08:00,80,-1.563,-6.543,-0.5,-0.575,2.761,1.174,500.515
CND_170_1,0,2026-09-08 10:00,81,-2.119,-3.43,-0.5,-1.118,0.989,1.194,500.515
CND_170_1,0,2026-09-08 12:00,82,-2.196,-1.195,-2.5,-1.183,1.22,-0.785,500.515
CND_170_1,0,2026-09-08 14:00,83,-1.873,2.396,-2.5,-0.848,0.786,-0.764,500.515
CND_170_1,0,2026-09-08 16:00,84,-2.273,1.04,-3.5,-1.236,3.558,-1.744,500.515
CND_170_1,0,2026-09-08 18:00,85,-1.718,-2.073,-3.5,-0.668,0.222,-1.723,500.515
CND_170_1,0,2026-09-08 20:00,86,-2.196,-1.195,-2.5,-1.134,0.794,-0.702,500.515
CND_170_1,0,2026-09-08 22:00,87,-2.196,-1.195,-0.5,-1.122,0.438,1.318,500.515
CND_170_1,0,2026-09-09 02:00,89,-2.273,1.04,-1.5,-1.175,1.789,0.36,500.515
CND_170_1,0,2026-09-09 04:00,90,-2.273,1.04,-0.5,-1.163,1.545,1.38,500.515
CND_170_1,0,2026-09-09 06:00,91,-1.796,0.162,-2.5,-0.673,0.917,-0.599,500.515
CND_170_1,0,2026-09-09 08:00,92,-2.765,-10.612,-0.5,-1.63,-1.971,1.421,500.515
CND_170_1,0,2026-09-09 10:00,93,-2.674,-0.316,-2.5,-1.527,3.039,-0.558,500.515
CND_170_1,0,2026-09-09 12:00,94,-1.95,4.631,-7.5,-0.791,1.28,-5.537,500.515
CND_170_1,0,2026-09-09 14:01,95,-3.229,2.797,-4.5,-2.057,0.0,-2.516,500.515
CND_170_1,0,2026-09-09 16:01,96,-2.997,-3.907,-5.5,-1.813,-3.004,-3.496,500.515
CND_170_1,0,2026-09-09 18:00,97,-2.119,-3.43,-3.5,-0.922,-0.391,-1.475,500.515
CND_170_1,0,2026-09-09 20:00,98,-1.718,-2.073,-3.5,-0.51,-0.127,-1.455,500.515
CND_170_1,0,2026-09-09 22:00,99,-3.074,-1.673,-1.5,-1.854,0.573,0.566,500.515
CND_170_1,0,2026-09-10 00:00,100,-2.041,-5.664,-3.5,-0.808,-4.079,-1.413,500.515
CND_170_1,0,2026-09-10 02:00,101,-2.119,-3.43,-3.5,-0.874,-3.325,-1.393,500.515
CND_170_1,0,2026-09-10 04:00,102,-1.718,-2.073,-3.5,-0.461,-1.528,-1.372,500.515
CND_170_1,0,2026-09-10 06:01,103,-2.674,-0.316,-0.5,-1.404,0.639,1.649,500.515
CND_170_1,0,2026-09-10 08:00,104,-3.32,-7.498,4.5,-2.038,1.941,6.669,500.515
CND_170_1,0,2026-09-10 10:01,105,-1.718,-2.073,-9.5,-0.424,2.795,-7.31,500.515
CND_170_1,0,2026-09-10 12:01,106,-2.351,3.275,-5.5,-1.045,0.632,-3.289,500.515
CND_170_1,0,2026-09-10 16:00,108,-3.074,-1.673,-5.5,-1.744,0.446,-3.248,500.515
CND_170_1,0,2026-09-10 18:00,109,-1.641,-4.308,-8.5,-0.298,-2.116,-6.227,500.515
CND_170_1,0,2026-09-10 22:00,111,-2.119,-3.43,-6.5,-0.752,-1.811,-4.186,500.515
CND_170_1,0,2026-09-11 00:00,112,-1.563,-6.543,-5.5,-0.184,-5.928,-3.165,500.515
CND_170_1,0,2026-09-11 02:00,113,-2.596,-2.551,-5.5,-1.205,-0.963,-3.145,500.515
CND_170_1,0,2026-09-11 04:00,114,-2.119,-3.43,-6.5,-0.715,-2.995,-4.124,500.515
CND_170_1,0,2026-09-11 06:00,115,-3.074,-1.673,-2.5,-1.659,0.713,-0.103,500.515
CND_170_1,0,2026-09-11 08:00,116,-3.798,-6.62,-3.5,-2.37,1.656,-1.083,500.515
CND_170_1,0,2026-09-11 10:01,117,-2.119,-3.43,-10.5,-0.678,0.219,-8.062,500.515
CND_170_1,0,2026-09-11 12:01,118,-5.064,4.076,3.5,-3.611,0.302,5.959,500.515
CND_170_1,0,2026-09-11 16:01,120,-3.552,-0.794,-2.5,-2.075,2.156,0.0,500.515
CND_170_1,0,2026-09-11 18:00,121,-2.92,-6.142,-8.5,-1.43,-4.265,-5.979,500.515
CND_170_1,0,2026-09-11 20:00,122,-2.442,-7.021,-4.5,-0.94,-4.528,-1.959,500.515
CND_170_1,0,2026-09-11 22:00,123,-3.397,-5.264,-1.5,-1.884,-2.622,1.062,500.515
CND_170_1,0,2026-09-12 00:00,124,-3.397,-5.264,-1.5,-1.872,-3.537,1.083,500.515
CND_170_1,0,2026-09-12 02:00,125,-3.074,-1.673,-0.5,-1.537,-0.235,2.103,500.515
CND_170_1,0,2026-09-12 06:00,127,-3.074,-1.673,-4.5,-1.512,0.356,-1.855,500.515
CND_170_1,0,2026-09-12 08:00,128,-3.566,-13.324,-2.5,-1.991,-2.744,0.165,500.515
CND_170_1,0,2026-09-12 10:01,129,-3.229,2.797,-2.5,-1.642,9.162,0.186,500.515
CND_170_1,0,2026-09-12 12:01,130,-3.707,3.675,-1.5,-2.108,-0.083,1.207,500.515
CND_170_1,0,2026-09-12 16:00,132,-3.074,-1.673,-5.5,-1.451,0.173,-2.752,500.515
CND_170_1,0,2026-09-12 18:00,133,-2.674,-0.316,-5.5,-1.038,-0.418,-2.731,500.515
CND_170_1,0,2026-09-12 22:00,135,-3.074,-1.673,-2.5,-1.414,-1.21,0.31,500.515
CND_170_1,0,2026-09-13 00:00,136,-1.718,-2.073,-8.5,-0.046,-1.451,-5.669,500.515
CND_170_1,0,2026-09-13 02:01,137,-2.596,-2.551,-5.5,-0.912,-1.19,-2.649,500.515
CND_170_1,0,2026-09-13 04:00,138,-3.074,-1.673,-0.5,-1.378,-1.813,2.372,500.515
CND_170_1,0,2026-09-13 06:00,139,-4.353,-3.507,0.5,-2.645,-0.229,3.393,500.515
CND_170_1,0,2026-09-13 10:01,141,-1.731,-14.603,-13.5,0.002,-8.121,-10.566,500.515
CND_18,0,2026-09-01 14:08,0,0.933,4.514,-10.5,0.933,3.945,-10.499,177.915
CND_18,0,2026-09-01 16:06,1,-0.007,0.5,-1.5,-0.003,0.084,-1.478,177.915
CND_18,0,2026-09-01 18:07,2,0.007,-0.5,-0.5,0.016,-0.5,-0.457,177.915
CND_18,0,2026-09-01 20:06,3,-0.007,0.5,0.5,0.006,0.688,0.563,177.915
CND_18,0,2026-09-01 22:07,4,0.007,-0.5,0.5,0.025,-0.415,0.584,177.915
CND_18,0,2026-09-02 00:07,5,0.007,-0.5,1.5,0.029,-0.5,1.605,177.915
CND_18,0,2026-09-02 02:07,6,-0.007,0.5,2.5,0.019,0.5,2.625,177.915
CND_18,0,2026-09-02 04:07,7,0.992,0.515,1.5,1.023,0.225,1.646,177.915
CND_18,0,2026-09-02 06:07,8,0.007,-0.5,0.5,0.042,-0.725,0.666,177.915
CND_18,0,2026-09-02 08:07,9,1.007,-0.485,-6.5,1.047,1.81,-6.313,177.915
CND_18,0,2026-09-02 10:08,10,0.978,1.515,-11.5,1.021,1.87,-11.292,177.915
CND_18,0,2026-09-02 12:08,11,0.918,5.514,-9.5,0.966,2.376,-9.271,177.915
CND_18,0,2026-09-02 14:07,12,-0.082,5.499,-3.5,-0.03,2.361,-3.251,177.915
CND_18,0,2026-09-02 16:07,13,0.978,1.515,-2.5,1.034,-1.114,-2.23,177.915
CND_18,0,2026-09-02 18:07,14,-0.007,0.5,-1.5,0.054,0.182,-1.21,177.915
CND_18,0,2026-09-02 20:07,15,-0.022,1.5,-1.5,0.043,1.194,-1.189,177.915
CND_18,0,2026-09-02 22:07,16,-0.007,0.5,-0.5,0.062,0.002,-0.168,177.915
CND_18,0,2026-09-03 00:07,17,-0.007,0.5,0.5,0.067,-0.195,0.852,177.915
CND_18,0,2026-09-03 02:07,18,-0.007,0.5,0.5,0.071,-0.283,0.873,177.915
CND_18,0,2026-09-03 04:07,19,-0.007,0.5,1.5,0.075,-0.229,1.894,177.915
CND_18,0,2026-09-03 06:07,20,0.022,-1.5,0.5,0.109,-1.081,0.914,177.915
CND_18,0,2026-09-03 08:08,21,0.007,-0.5,-5.5,0.099,1.739,-5.065,177.915
CND_18,0,2026-09-03 10:08,22,0.978,1.515,-11.5,1.073,2.121,-11.044,177.915
CND_18,0,2026-09-03 12:08,23,-0.052,3.5,-6.5,0.048,1.211,-6.023,177.915
CND_18,0,2026-09-03 14:08,24,-0.037,2.5,-8.5,0.067,-0.775,-8.003,177.915
CND_18,0,2026-09-03 16:07,25,-0.052,3.5,-0.5,0.057,1.773,0.018,177.915
CND_18,0,2026-09-03 18:06,26,-0.007,0.5,-0.5,0.106,0.43,0.038,177.915
CND_18,0,2026-09-03 20:07,27,-0.007,0.5,0.5,0.11,0.54,1.059,177.915
CND_18,0,2026-09-03 22:07,28,-0.007,0.5,0.5,0.114,0.5,1.08,177.915
CND_18,0,2026-09-04 00:07,29,-0.007,0.5,0.5,0.119,0.351,1.1,177.915
CND_18,0,2026-09-04 02:07,30,-1.007,0.485,-0.5,-0.877,0.356,0.121,177.915
CND_18,0,2026-09-04 04:07,31,-1.007,0.485,0.5,-0.873,0.1,1.142,177.915
CND_18,0,2026-09-04 06:07,32,-1.962,-2.53,0.5,-1.823,-1.652,1.162,177.915
CND_18,0,2026-09-04 08:08,33,-1.977,-1.53,-0.5,-1.834,-0.128,0.183,177.915
CND_18,0,2026-09-04 10:08,34,-1.992,-0.53,-11.5,-1.845,0.209,-10.796,177.915
CND_18,0,2026-09-04 12:09,35,-1.097,6.484,-15.5,-0.945,4.045,-14.775,177.915
CND_18,0,2026-09-04 14:09,36,-2.067,4.47,-10.5,-1.91,1.805,-9.755,177.915
CND_18,0,2026-09-04 16:07,37,-3.052,3.455,-5.5,-2.891,-0.012,-4.734,177.915
CND_18,0,2026-09-04 18:06,38,-2.992,-0.545,-2.5,-2.827,-0.409,-1.714,177.915
CND_18,0,2026-09-04 20:07,39,-1.992,-0.53,-2.5,-1.823,-0.257,-1.693,177.915
CND_18,0,2026-09-04 22:07,40,-2.992,-0.545,-1.5,-2.818,-0.438,-0.672,177.915
CND_18,0,2026-09-05 00:07,41,-2.977,-1.545,0.5,-2.799,-1.79,1.348,177.915
CND_18,0,2026-09-05 02:07,42,-2.992,-0.545,0.5,-2.81,-0.553,1.369,177.915
CND_18,0,2026-09-05 04:07,43,-2.977,-1.545,0.5,-2.79,-1.633,1.39,177.915
CND_18,0,2026-09-05 06:07,44,-2.962,-2.544,-1.5,-2.771,-0.975,-0.59,177.915
CND_18,0,2026-09-05 08:09,45,-2.962,-2.544,-14.5,-2.767,0.739,-13.569,177.915
CND_18,0,2026-09-05 10:08,46,-3.007,0.455,-9.5,-2.807,1.654,-8.548,177.915
CND_18,0,2026-09-05 12:08,47,-3.022,1.455,-19.5,-2.818,-0.317,-18.528,177.915
CND_18,0,2026-09-05 14:08,48,-3.037,2.455,-9.5,-2.828,0.088,-8.507,177.915
CND_18,0,2026-09-05 16:08,49,-4.037,2.44,-3.5,-3.824,-0.539,-2.486,177.915
CND_18,0,2026-09-05 18:07,50,-2.977,-1.545,-2.5,-2.76,-0.87,-1.466,177.915
CND_18,0,2026-09-05 20:08,51,-2.977,-1.545,-2.5,-2.756,-0.831,-1.445,177.915
CND_18,0,2026-09-05 22:08,52,-2.977,-1.545,-2.5,-2.751,-0.855,-1.424,177.915
CND_18,0,2026-09-06 00:07,53,-3.977,-1.559,-1.5,-3.747,-1.391,-0.404,177.915
CND_1803,0,2026-09-01 14:07,0,0.207,0.978,-1.0,0.208,-0.584,-0.999,488.028
CND_1803,0,2026-09-01 16:06,1,0.0,-0.0,-1.0,0.012,-1.142,-0.978,488.028
CND_1803,0,2026-09-01 18:06,2,-0.356,3.142,1.0,-0.331,3.142,1.042,488.028
CND_1803,0,2026-09-01 20:06,3,-0.415,-1.956,1.0,-0.379,-1.442,1.063,488.028
CND_1803,0,2026-09-01 22:06,4,0.0,-0.0,0.0,0.048,0.233,0.084,488.028
CND_1803,0,2026-09-02 00:06,5,0.0,-0.0,0.0,0.06,-0.0,0.104,488.028
CND_1803,0,2026-09-02 02:06,6,-0.148,4.12,2.0,-0.076,4.12,2.125,488.028
CND_1803,0,2026-09-02 04:06,7,0.059,5.099,0.0,0.143,4.304,0.146,488.028
CND_1803,0,2026-09-02 06:06,8,0.415,1.956,-2.0,0.511,1.339,-1.834,488.028
CND_1803,0,2026-09-02 08:07,9,0.148,-4.12,-1.0,0.256,2.176,-0.813,488.028
CND_1803,0,2026-09-02 10:07,10,0.415,1.956,-4.0,0.535,2.931,-3.792,488.028
CND_1803,0,2026-09-02 12:07,11,1.096,9.99,-9.0,1.228,1.38,-8.772,488.028
CND_1803,0,2026-09-02 14:07,12,-1.275,8.448,1.0,-1.131,-0.161,1.249,488.028
CND_1803,0,2026-09-02 16:06,13,-1.127,4.328,0.0,-0.971,-2.882,0.27,488.028
CND_1803,0,2026-09-02 18:06,14,-0.207,-0.978,1.0,-0.04,-1.849,1.29,488.028
CND_1803,0,2026-09-02 20:06,15,0.0,-0.0,0.0,0.179,-0.838,0.311,488.028
CND_1803,0,2026-09-02 22:06,16,0.0,-0.0,-2.0,0.191,-1.365,-1.668,488.028
CND_1803,0,2026-09-03 00:06,17,0.267,6.077,0.0,0.469,4.169,0.352,488.028
CND_1803,0,2026-09-03 02:06,18,0.0,-0.0,0.0,0.215,-2.149,0.373,488.028
CND_1803,0,2026-09-03 04:06,19,0.0,-0.0,-1.0,0.227,-1.999,-0.606,488.028
CND_1803,0,2026-09-03 06:06,20,0.148,-4.12,-2.0,0.387,-2.971,-1.586,488.028
CND_1803,0,2026-09-03 08:07,21,-0.83,-3.913,0.0,-0.579,2.228,0.435,488.028
CND_1803,0,2026-09-03 10:07,22,0.83,3.913,-7.0,1.092,5.576,-6.544,488.028
CND_1803,0,2026-09-03 12:07,23,2.223,5.662,-15.0,2.497,-0.616,-14.524,488.028
CND_1803,0,2026-09-03 14:07,24,0.326,11.176,-4.0,0.612,2.193,-3.503,488.028
CND_1803,0,2026-09-03 16:06,25,-0.089,9.219,-4.0,0.209,4.484,-3.482,488.028
CND_1803,0,2026-09-03 18:06,26,0.415,1.956,-1.0,0.725,1.765,-0.462,488.028
CND_1803,0,2026-09-03 20:06,27,-0.415,-1.956,0.0,-0.093,-1.846,0.559,488.028
CND_1803,0,2026-09-04 00:06,29,0.207,0.978,-2.0,0.553,0.568,-1.4,488.028
CND_1803,0,2026-09-04 02:06,30,0.978,-0.207,-3.0,1.336,-0.561,-2.379,488.028
CND_1803,0,2026-09-04 04:06,31,0.771,-1.186,-4.0,1.14,-2.242,-3.358,488.028
CND_1803,0,2026-09-04 06:06,32,-0.622,-2.935,1.0,-0.241,-0.528,1.662,488.028
CND_1803,0,2026-09-04 08:07,33,-0.415,-1.956,0.0,-0.022,1.889,0.683,488.028
CND_1803,0,2026-09-04 10:08,34,-1.393,-1.749,3.0,-0.988,0.279,3.704,488.028
CND_1803,0,2026-09-04 12:08,35,1.452,6.848,-10.0,1.87,0.157,-9.275,488.028
CND_1803,0,2026-09-04 14:08,36,0.889,9.012,-6.0,1.318,1.702,-5.255,488.028
CND_1803,0,2026-09-04 16:06,37,-0.445,12.361,0.0,-0.004,2.852,0.765,488.028
CND_1803,0,2026-09-04 18:06,38,0.622,2.935,-2.0,1.075,3.306,-1.214,488.028
CND_1803,0,2026-09-04 20:07,39,0.207,0.978,-3.0,0.672,1.727,-2.193,488.028
CND_1803,0,2026-09-04 22:06,40,0.356,-3.142,1.0,0.832,-2.849,1.827,488.028
CND_1803,0,2026-09-05 00:06,41,-0.148,4.12,1.0,0.34,3.448,1.848,488.028
CND_1803,0,2026-09-05 02:06,42,0.0,-0.0,-1.0,0.5,-0.024,-0.131,488.028
CND_1803,0,2026-09-05 04:06,43,0.978,-0.207,-2.0,1.491,-0.451,-1.111,488.028
CND_1803,0,2026-09-05 06:06,44,0.148,-4.12,-1.0,0.673,0.184,-0.09,488.028
CND_1803,0,2026-09-05 08:08,45,-0.267,-6.077,-3.0,0.27,2.93,-2.069,488.028
CND_1803,0,2026-09-05 10:07,46,0.207,0.978,-4.0,0.756,4.266,-3.048,488.028
CND_1803,0,2026-09-05 12:08,47,-0.089,9.219,-5.0,0.471,4.359,-4.028,488.028
CND_1803,0,2026-09-05 14:07,48,-0.712,6.284,-2.0,-0.14,-0.208,-1.007,488.028
CND_1803,0,2026-09-05 16:08,49,-0.445,12.361,-1.0,0.139,4.191,0.014,488.028
CND_1803,0,2026-09-05 18:06,50,-0.207,-0.978,-2.0,0.388,0.872,-0.966,488.028
CND_1803,0,2026-09-05 20:08,51,-0.415,-1.956,-1.0,0.193,0.0,0.055,488.028
CND_1803,0,2026-09-05 22:07,52,-0.207,-0.978,1.0,0.412,0.914,2.076,488.028
CND_1803,0,2026-09-06 00:06,53,0.0,-0.0,-1.0,0.631,0.462,0.096,488.028
CND_1803,0,2026-09-06 02:06,54,1.186,0.771,-6.0,1.829,1.299,-4.883,488.028
CND_1803,0,2026-09-06 04:06,55,0.0,-0.0,-1.0,0.655,0.295,0.137,488.028
CND_1803,0,2026-09-06 06:06,56,0.0,-0.0,-2.0,0.667,0.489,-0.842,488.028
CND_1803,0,2026-09-06 10:07,58,0.356,-3.142,-6.0,1.047,0.947,-4.8,488.028
CND_1803,0,2026-09-06 12:06,59,-0.415,-1.956,-3.0,0.288,-2.363,-1.78,488.028
CND_1803,0,2026-09-06 14:07,60,-1.037,-4.891,1.0,-0.323,-2.908,2.241,488.028
CND_1803,0,2026-09-07 08:07,69,0.356,-3.142,-6.0,1.178,2.564,-4.573,488.028
CND_1803,0,2026-09-07 10:06,70,0.771,-1.186,-4.0,1.604,0.592,-2.553,488.028
CND_1803,0,2026-09-07 12:07,71,0.059,5.099,-4.0,0.905,2.054,-2.532,488.028
CND_1803,0,2026-09-07 14:07,72,-0.089,9.219,-2.0,0.768,2.86,-0.511,488.028
CND_1803,0,2026-09-07 22:07,75,0.978,-0.207,-9.0,1.883,0.791,-7.429,488.028
CND_1803,0,2026-09-08 08:08,80,-0.267,-6.077,-5.0,0.698,2.995,-3.325,488.028
CND_1803,0,2026-09-08 10:07,81,0.356,-3.142,-6.0,1.332,1.166,-4.305,488.028
CND_1803,0,2026-09-08 14:06,83,-0.771,1.186,-1.0,0.229,-0.384,0.737,488.028
CND_1803,0,2026-09-08 16:07,84,0.356,-3.142,-5.0,1.368,-0.687,-3.243,488.028
CND_1803,0,2026-09-09 10:07,93,0.771,-1.186,-10.0,1.89,2.086,-8.057,488.028
CND_1803,0,2026-09-09 12:07,94,0.622,2.935,-6.0,1.754,-0.333,-4.036,488.028
CND_1803,0,2026-09-09 16:09,96,-0.622,-2.935,-4.0,0.533,-2.054,-1.994,488.028
CND_1803,0,2026-09-11 12:07,118,-0.86,10.405,-6.0,0.557,6.726,-3.54,488.028
CND_180_2,0,2026-09-01 14:01,0,2.282,-1.022,-16.5,2.282,-2.765,-16.5,544.706
CND_180_2,0,2026-09-01 16:01,1,-0.143,3.351,-0.5,-0.129,2.076,-0.479,544.706
CND_180_2,0,2026-09-01 18:01,2,-0.532,1.992,-1.5,-0.506,1.992,-1.459,544.706
CND_180_2,0,2026-09-01 20:01,3,-0.437,-0.242,0.5,-0.397,0.332,0.562,544.706
CND_180_2,0,2026-09-01 22:01,4,-0.437,-0.242,1.5,-0.384,0.018,1.583,544.706
CND_180_2,0,2026-09-02 00:01,5,-0.437,-0.242,0.5,-0.371,-0.242,0.603,544.706
CND_180_2,0,2026-09-02 02:01,6,-0.532,1.992,3.5,-0.453,1.992,3.624,544.706
CND_180_2,0,2026-09-02 04:01,7,0.342,2.476,-2.5,0.435,1.59,-2.355,544.706
CND_180_2,0,2026-09-02 06:01,8,0.342,2.476,-1.5,0.448,1.787,-1.335,544.706
CND_180_2,0,2026-09-02 08:01,9,1.017,-2.866,-2.5,1.137,4.162,-2.314,544.706
CND_180_2,0,2026-09-02 10:01,10,0.922,-0.632,-9.5,1.055,0.455,-9.293,544.706
CND_180_2,0,2026-09-02 12:01,11,3.07,11.993,-19.5,3.216,2.383,-19.273,544.706
CND_180_2,0,2026-09-02 14:01,12,1.217,2.961,-11.5,1.376,-6.648,-11.252,544.706
CND_180_2,0,2026-09-02 16:01,13,0.446,10.538,-6.5,0.619,2.491,-6.231,544.706
CND_180_2,0,2026-09-02 18:01,14,0.342,2.476,-3.5,0.528,1.504,-3.211,544.706
CND_180_2,0,2026-09-02 20:01,15,-0.143,3.351,-0.5,0.057,2.416,-0.19,544.706
CND_180_2,0,2026-09-02 22:01,16,-0.628,4.226,-1.5,-0.415,2.702,-1.169,544.706
CND_180_2,0,2026-09-03 00:01,17,-0.143,3.351,-0.5,0.083,1.222,-0.149,544.706
CND_180_2,0,2026-09-03 02:01,18,-1.502,3.741,0.5,-1.263,1.343,0.872,544.706
CND_180_2,0,2026-09-03 04:01,19,-0.628,4.226,0.5,-0.375,1.994,0.893,544.706
CND_180_2,0,2026-09-03 06:01,20,-0.922,0.632,2.5,-0.656,1.915,2.913,544.706
CND_180_2,0,2026-09-03 08:01,21,-1.217,-2.961,-1.5,-0.938,3.893,-1.066,544.706
CND_180_2,0,2026-09-03 10:01,22,-1.797,0.147,-2.5,-1.504,2.004,-2.045,544.706
CND_180_2,0,2026-09-03 12:01,23,-1.597,5.975,-2.5,-1.292,-1.032,-2.025,544.706
CND_180_2,0,2026-09-03 14:01,24,0.247,4.711,-10.5,0.566,-5.315,-10.004,544.706
CND_180_2,0,2026-09-03 16:01,25,-1.693,8.209,3.5,-1.36,2.924,4.017,544.706
CND_180_2,0,2026-09-03 18:01,26,-1.017,2.866,-2.5,-0.672,2.653,-1.963,544.706
CND_180_2,0,2026-09-03 20:01,27,-1.017,2.866,-2.5,-0.659,2.989,-1.942,544.706
CND_180_2,0,2026-09-03 22:01,28,-1.017,2.866,-1.5,-0.645,2.866,-0.921,544.706
CND_180_2,0,2026-09-04 00:01,29,-0.628,4.226,-1.5,-0.242,3.768,-0.901,544.706
CND_180_2,0,2026-09-04 02:01,30,-1.017,2.866,-1.5,-0.619,2.472,-0.88,544.706
CND_180_2,0,2026-09-04 04:01,31,-1.113,5.1,-1.5,-0.701,3.921,-0.859,544.706
CND_180_2,0,2026-09-04 06:01,32,-1.312,-0.727,0.5,-0.887,1.959,1.161,544.706
CND_180_2,0,2026-09-04 08:01,33,-0.342,-2.476,-3.5,0.096,1.815,-2.818,544.706
CND_180_2,0,2026-09-04 10:01,34,-1.026,-7.429,-7.5,-0.575,-5.166,-6.797,544.706
CND_180_2,0,2026-09-04 12:01,35,-1.208,7.334,-8.5,-0.743,-0.133,-7.777,544.706
CND_180_2,0,2026-09-04 14:01,36,-0.628,4.226,-15.5,-0.149,-3.933,-14.756,544.706
CND_180_2,0,2026-09-04 16:01,37,-1.588,16.27,-3.5,-1.097,5.657,-2.735,544.706
CND_180_2,0,2026-09-04 18:01,38,-1.407,1.507,-3.5,-0.902,1.921,-2.715,544.706
CND_180_2,0,2026-09-04 20:01,39,-1.892,2.381,0.5,-1.374,3.217,1.306,544.706
CND_180_2,0,2026-09-04 22:01,40,-1.892,2.381,0.5,-1.361,2.709,1.327,544.706
CND_180_2,0,2026-09-05 00:01,41,-1.892,2.381,0.5,-1.347,1.631,1.347,544.706
CND_180_2,0,2026-09-05 02:01,42,-1.407,1.507,0.5,-0.849,1.48,1.368,544.706
CND_180_2,0,2026-09-05 04:01,43,-2.377,3.256,2.5,-1.806,2.984,3.389,544.706
CND_180_2,0,2026-09-05 06:01,44,-2.186,-1.212,1.5,-1.602,3.592,2.409,544.706
CND_180_2,0,2026-09-05 08:01,45,-2.975,-14.227,1.5,-2.377,-4.174,2.43,544.706
CND_180_2,0,2026-09-05 10:01,46,-2.091,-3.446,-4.5,-1.48,0.223,-3.549,544.706
CND_180_2,0,2026-09-05 12:01,47,-1.987,4.615,-5.5,-1.363,-0.809,-4.529,544.706
CND_180_2,0,2026-09-05 14:01,48,-0.039,11.413,-15.5,0.599,4.166,-14.508,544.706
CND_180_2,0,2026-09-05 16:01,49,-1.208,7.334,-10.5,-0.557,-1.785,-9.487,544.706
CND_180_2,0,2026-09-05 18:01,50,-2.282,1.022,-0.5,-1.617,3.087,0.533,544.706
CND_180_2,0,2026-09-05 20:01,51,-1.312,-0.727,-7.5,-0.634,1.456,-6.446,544.706
CND_180_2,0,2026-09-05 22:01,52,-2.282,1.022,-1.5,-1.591,3.134,-0.425,544.706
CND_180_2,0,2026-09-06 00:01,53,-2.767,1.896,0.5,-2.062,2.412,1.595,544.706
CND_180_2,0,2026-09-06 02:01,54,-2.282,1.022,-1.5,-1.564,1.612,-0.384,544.706
CND_180_2,0,2026-09-06 04:01,55,-3.251,2.771,0.5,-2.521,3.1,1.637,544.706
CND_180_2,0,2026-09-06 06:01,56,-3.251,2.771,-0.5,-2.507,3.317,0.657,544.706
CND_180_2,0,2026-09-06 10:01,58,-1.121,-5.195,-11.5,-0.351,-0.632,-10.301,544.706
CND_180_2,0,2026-09-06 12:01,59,-2.767,1.896,-3.5,-1.983,1.443,-2.281,544.706
CND_180_2,0,2026-09-06 14:01,60,-3.546,-0.823,0.5,-2.749,1.391,1.74,544.706
CND_180_2,0,2026-09-06 16:01,61,-2.671,-0.338,-2.5,-1.861,1.13,-1.239,544.706
CND_180_2,0,2026-09-06 18:01,62,-3.641,1.412,-1.5,-2.817,2.741,-0.219,544.706
CND_180_2,0,2026-09-06 20:01,63,-3.156,0.537,1.5,-2.319,2.725,2.802,544.706
CND_180_2,0,2026-09-06 22:01,64,-3.546,-0.823,2.5,-2.696,0.659,3.822,544.706
CND_180_2,0,2026-09-07 00:01,65,-3.641,1.412,2.5,-2.778,2.371,3.843,544.706
CND_180_2,0,2026-09-07 02:00,66,-3.546,-0.823,1.5,-2.669,0.305,2.864,544.706
CND_180_2,0,2026-09-07 04:01,67,-3.936,-2.182,0.5,-3.046,0.03,1.884,544.706
CND_180_2,0,2026-09-07 06:01,68,-2.671,-0.338,-1.5,-1.768,2.17,-0.095,544.706
CND_180_2,0,2026-09-07 08:01,69,-3.26,-7.525,-4.5,-2.344,-1.156,-3.074,544.706
CND_180_2,0,2026-09-07 10:01,70,-3.156,0.537,-2.5,-2.226,2.521,-1.054,544.706
CND_180_2,0,2026-09-07 12:01,71,-3.251,2.771,-3.5,-2.308,-0.628,-2.033,544.706
CND_180_2,0,2026-09-07 14:01,72,-2.178,9.083,-5.5,-1.221,1.986,-4.012,544.706
CND_180_2,0,2026-09-07 18:01,73,-3.936,-2.182,-0.5,-2.953,0.186,1.029,544.706
CND_180_2,0,2026-09-07 20:01,74,-2.186,-1.212,-8.5,-1.19,0.489,-6.95,544.706
CND_180_2,0,2026-09-07 22:01,75,-2.671,-0.338,-6.5,-1.662,0.777,-4.93,544.706
CND_180_2,0,2026-09-08 00:01,76,-3.156,0.537,-1.5,-2.133,1.371,0.091,544.706
CND_180_2,0,2026-09-08 02:01,77,-3.546,-0.823,-3.5,-2.51,0.258,-1.888,544.706
CND_180_2,0,2026-09-08 04:01,78,-4.031,0.052,0.5,-2.981,0.19,2.132,544.706
CND_180_2,0,2026-09-08 06:01,79,-3.641,1.412,-2.5,-2.578,2.365,-0.847,544.706
CND_180_2,0,2026-09-08 08:01,80,-3.65,-8.884,-0.5,-2.574,1.241,1.174,544.706
CND_180_2,0,2026-09-08 10:01,81,-4.031,0.052,-5.5,-2.941,4.861,-3.806,544.706
CND_180_2,0,2026-09-08 12:01,82,-4.516,0.927,-2.5,-3.413,3.555,-0.785,544.706
CND_180_2,0,2026-09-08 14:01,83,-3.736,3.646,-9.5,-2.62,1.894,-7.764,544.706
CND_180_2,0,2026-09-08 16:01,84,-3.936,-2.182,-6.5,-2.806,0.558,-4.744,544.706
CND_180_2,0,2026-09-08 18:01,85,-4.031,0.052,-2.5,-2.888,2.55,-0.723,544.706
CND_180_2,0,2026-09-08 20:01,86,-3.546,-0.823,-4.5,-2.39,1.342,-2.702,544.706
CND_180_2,0,2026-09-08 22:01,87,-4.031,0.052,-2.5,-2.862,1.829,-0.682,544.706
CND_180_2,0,2026-09-09 02:01,89,-4.126,2.286,-5.5,-2.93,3.101,-3.64,544.706
CND_180_2,0,2026-09-09 04:01,90,-5.001,1.801,-1.5,-3.792,2.35,0.38,544.706
CND_180_2,0,2026-09-09 06:01,91,-4.611,3.161,-0.5,-3.389,3.983,1.401,544.706
CND_180_2,0,2026-09-09 08:01,92,-3.07,-11.993,-10.5,-1.835,-2.589,-8.578,544.706
CND_180_2,0,2026-09-09 10:01,93,-4.031,0.052,-7.5,-2.782,3.703,-5.558,544.706
CND_180_2,0,2026-09-09 12:01,94,-5.381,10.737,-3.5,-4.119,7.09,-1.537,544.706
CND_180_2,0,2026-09-09 14:01,95,-3.442,7.239,-15.5,-2.166,4.195,-13.516,544.706
CND_180_2,0,2026-09-09 16:01,96,-4.031,0.052,-11.5,-2.742,1.035,-9.496,544.706
CND_180_2,0,2026-09-09 18:01,97,-5.39,0.442,-3.5,-4.088,3.748,-1.475,544.706
CND_180_2,0,2026-09-09 20:01,98,-4.905,-0.433,-6.5,-3.59,1.685,-4.454,544.706
CND_180_2,0,2026-09-09 22:01,99,-5.001,1.801,-1.5,-3.672,4.245,0.566,544.706
CND_180_2,0,2026-09-10 00:01,100,-5.001,1.801,-2.5,-3.659,3.527,-0.413,544.706
CND_180_2,0,2026-09-10 02:01,101,-4.126,2.286,-3.5,-2.771,2.4,-1.392,544.706
CND_180_2,0,2026-09-10 04:01,102,-4.611,3.161,-3.5,-3.243,3.754,-1.372,544.706
CND_180_2,0,2026-09-10 06:01,103,-4.516,0.927,-4.5,-3.134,1.966,-2.351,544.706
CND_180_2,0,2026-09-10 08:01,104,-4.135,-8.01,-5.5,-2.74,2.264,-3.33,544.706
CND_180_2,0,2026-09-10 10:01,105,-1.606,-4.321,-25.5,-0.198,0.977,-23.31,544.706
CND_180_2,0,2026-09-10 12:01,106,-3.736,3.646,-13.5,-2.315,0.77,-11.289,544.706
CND_180_2,0,2026-09-10 14:01,107,-3.537,9.473,-19.5,-2.102,4.054,-17.268,544.706
CND_180_2,0,2026-09-10 16:01,108,-5.78,-0.918,-5.5,-4.332,1.388,-3.248,544.706
CND_180_2,0,2026-09-10 18:01,109,-5.001,1.801,-4.5,-3.539,4.187,-2.227,544.706
CND_180_2,0,2026-09-10 20:01,110,-5.001,1.801,-6.5,-3.526,4.106,-4.206,544.706
CND_180_2,0,2026-09-10 22:01,111,-5.001,1.801,-5.5,-3.513,3.562,-3.186,544.706
CND_180_2,0,2026-09-11 00:01,112,-6.36,2.191,-0.5,-4.859,2.859,1.835,544.706
CND_180_2,0,2026-09-11 02:01,113,-5.97,3.55,-3.5,-4.456,5.279,-1.144,544.706
CND_180_2,0,2026-09-11 04:01,114,-4.611,3.161,-7.5,-3.083,3.634,-5.124,544.706
CND_180_2,0,2026-09-11 06:01,115,-5.875,1.316,-1.5,-4.334,3.913,0.897,544.706
CND_180_2,0,2026-09-11 08:01,116,-5.685,-3.152,-5.5,-4.131,5.855,-3.082,544.706
CND_180_2,0,2026-09-11 10:01,117,-3.831,5.88,-13.5,-2.264,9.85,-11.062,544.706
CND_180_2,0,2026-09-11 12:01,118,-4.117,12.582,-17.5,-2.536,8.475,-15.041,544.706
CND_180_2,0,2026-09-11 14:01,119,-4.126,2.286,-19.5,-2.532,-1.171,-17.02,544.706
CND_180_2,0,2026-09-11 16:01,120,-5.875,1.316,-5.5,-4.268,4.527,-3.0,544.706
CND_180_2,0,2026-09-11 18:01,121,-6.75,0.831,-5.5,-5.129,2.874,-2.979,544.706
CND_180_2,0,2026-09-11 20:01,122,-6.655,-1.403,-2.5,-5.021,1.31,0.041,544.706
CND_180_2,0,2026-09-11 22:01,123,-6.845,3.065,-0.5,-5.198,5.941,2.062,544.706
CND_180_2,0,2026-09-12 00:01,124,-6.36,2.191,-0.5,-4.7,4.07,2.083,544.706
CND_180_2,0,2026-09-12 02:01,125,-8.204,3.455,3.5,-6.531,5.02,6.103,544.706
CND_180_2,0,2026-09-12 04:01,126,-7.719,2.581,3.5,-6.032,3.534,6.124,544.706
CND_180_2,0,2026-09-12 06:01,127,-5.875,1.316,-4.5,-4.175,3.524,-1.855,544.706
CND_180_2,0,2026-09-12 08:01,128,-7.824,-5.481,2.5,-6.11,6.034,5.165,544.706
CND_180_2,0,2026-09-12 10:01,129,-5.685,-3.152,-7.5,-3.958,3.776,-4.814,544.706
CND_180_2,0,2026-09-12 12:01,130,-4.801,7.629,-10.5,-3.061,3.538,-7.793,544.706
CND_180_2,0,2026-09-12 14:01,131,-4.81,-2.667,-12.5,-3.057,-2.365,-9.773,544.706
CND_180_2,0,2026-09-12 16:01,132,-5.39,0.442,-11.5,-3.623,2.451,-8.752,544.706
CND_180_2,0,2026-09-12 18:01,133,-6.36,2.191,-5.5,-4.58,2.08,-2.731,544.706
CND_180_2,0,2026-09-12 20:01,134,-6.655,-1.403,-2.5,-4.861,0.0,0.289,544.706
CND_180_2,0,2026-09-12 22:01,135,-6.36,2.191,-1.5,-4.553,2.694,1.31,544.706
CND_180_2,0,2026-09-13 00:01,136,-6.066,5.784,-4.5,-4.246,6.462,-1.669,544.706
CND_180_2,0,2026-09-13 02:01,137,-5.485,2.676,-8.5,-3.652,4.157,-5.649,544.706
CND_180_2,0,2026-09-13 04:01,138,-6.845,3.065,-1.5,-4.998,2.913,1.372,544.706
CND_180_2,0,2026-09-13 06:01,139,-7.235,1.706,1.5,-5.375,5.273,4.393,544.706
CND_180_2,0,2026-09-13 08:01,140,-6.066,5.784,-9.5,-4.192,9.396,-6.587,544.706
CND_180_2,0,2026-09-13 10:01,141,-6.369,-8.105,-12.5,-4.483,-1.05,-9.566,544.706
CND_1901,0,2026-09-01 14:08,0,0.117,6.575,-1.0,0.118,4.897,-0.999,524.313
CND_1901,0,2026-09-01 18:06,2,-0.085,-0.493,1.0,-0.059,-0.493,1.042,524.313
CND_1901,0,2026-09-01 20:06,3,1.07,0.323,-3.0,1.109,0.876,-2.937,524.313
CND_1901,0,2026-09-01 22:06,4,-0.085,-0.493,1.0,-0.033,-0.242,1.084,524.313
CND_1901,0,2026-09-02 00:06,5,0.424,2.464,-1.0,0.489,2.464,-0.896,524.313
CND_1901,0,2026-09-02 02:07,6,0.561,-2.633,2.0,0.639,-2.633,2.125,524.313
CND_1901,0,2026-09-02 06:06,8,0.901,-0.662,-1.0,1.004,-1.326,-0.834,524.313
CND_1901,0,2026-09-02 10:08,10,-0.254,-1.478,0.0,-0.126,-0.432,0.208,524.313
CND_1901,0,2026-09-02 12:08,11,1.305,13.474,-4.0,1.446,4.224,-3.771,524.313
CND_1901,0,2026-09-02 14:07,12,0.998,17.586,-6.0,1.152,8.336,-5.751,524.313
CND_1901,0,2026-09-02 16:06,13,0.796,10.517,-2.0,0.963,2.772,-1.73,524.313
CND_1901,0,2026-09-02 18:06,14,0.933,5.42,-3.0,1.113,4.484,-2.71,524.313
CND_1901,0,2026-09-02 20:07,15,0.254,1.478,2.0,0.447,0.578,2.311,524.313
CND_1901,0,2026-09-02 22:07,16,0.731,-1.648,0.0,0.936,-3.114,0.332,524.313
CND_1901,0,2026-09-03 00:06,17,0.254,1.478,1.0,0.472,-0.571,1.352,524.313
CND_1901,0,2026-09-03 02:06,18,-0.222,4.604,3.0,0.009,2.296,3.373,524.313
CND_1901,0,2026-09-03 04:06,19,1.103,6.406,-3.0,1.346,4.258,-2.606,524.313
CND_1901,0,2026-09-03 08:07,21,0.085,0.493,1.0,0.354,7.09,1.435,524.313
CND_1901,0,2026-09-03 10:08,22,0.424,2.464,-4.0,0.706,4.251,-3.544,524.313
CND_1901,0,2026-09-03 12:08,23,1.475,14.459,-7.0,1.769,7.715,-6.523,524.313
CND_1901,0,2026-09-03 14:07,24,0.15,12.658,-1.0,0.457,3.008,-0.503,524.313
CND_1901,0,2026-09-03 16:06,25,0.117,6.575,-2.0,0.438,1.488,-1.482,524.313
CND_1901,0,2026-09-03 18:06,26,-0.222,4.604,1.0,0.111,4.399,1.538,524.313
CND_1901,0,2026-09-04 06:07,32,0.085,0.493,6.0,0.495,3.078,6.662,524.313
CND_1901,0,2026-09-04 08:07,33,0.424,2.464,0.0,0.847,6.595,0.683,524.313
CND_1901,0,2026-09-04 10:08,34,-0.731,1.648,-1.0,-0.295,3.826,-0.296,524.313
CND_1901,0,2026-09-04 12:08,35,0.489,14.629,-2.0,0.937,7.441,-1.275,524.313
CND_1901,0,2026-09-04 14:08,36,-0.359,9.702,0.0,0.102,1.848,0.745,524.313
CND_1901,0,2026-09-04 16:07,37,0.521,20.712,-3.0,0.995,10.496,-2.234,524.313
CND_1901,0,2026-09-04 18:06,38,-0.052,5.59,-2.0,0.434,5.988,-1.214,524.313
CND_1901,0,2026-09-04 22:06,40,0.594,3.449,2.0,1.106,3.765,2.827,524.313
CND_1901,0,2026-09-05 00:06,41,-0.561,2.633,2.0,-0.037,1.911,2.848,524.313
CND_1901,0,2026-09-05 08:08,45,0.052,-5.59,-2.0,0.629,4.086,-1.069,524.313
CND_1901,0,2026-09-05 12:08,47,0.287,7.561,-6.0,0.889,2.34,-5.028,524.313
CND_1901,0,2026-09-05 14:08,48,0.457,8.546,-6.0,1.071,1.571,-5.007,524.313
CND_190_3,0,2026-09-01 14:00,0,-0.8,-2.713,1.0,-0.8,-4.582,1.0,583.757
CND_190_3,0,2026-09-01 16:00,1,0.4,1.357,1.0,0.414,-0.01,1.021,583.757
CND_190_3,0,2026-09-01 18:00,2,0.0,-0.0,-1.0,0.028,-0.0,-0.959,583.757
CND_190_3,0,2026-09-01 20:01,3,-0.4,-1.357,-1.0,-0.357,-0.741,-0.938,583.757
CND_190_3,0,2026-09-01 22:00,4,0.0,-0.0,0.0,0.057,0.279,0.083,583.757
CND_190_3,0,2026-09-02 00:00,5,0.4,1.357,0.0,0.471,1.357,0.103,583.757
CND_190_3,0,2026-09-02 02:00,6,0.478,-0.878,0.0,0.564,-0.878,0.124,583.757
CND_190_3,0,2026-09-02 04:00,7,0.478,-0.878,-2.0,0.578,-1.828,-1.855,583.757
CND_190_3,0,2026-09-02 06:00,8,0.478,-0.878,-1.0,0.592,-1.617,-0.835,583.757
CND_190_3,0,2026-09-02 08:00,9,-0.243,-5.826,1.0,-0.114,1.706,1.186,583.757
CND_190_3,0,2026-09-02 10:00,10,-1.442,-9.896,3.0,-1.299,-8.73,3.207,583.757
CND_190_3,0,2026-09-02 12:01,11,-0.557,3.113,-2.0,-0.4,-7.186,-1.773,583.757
CND_190_3,0,2026-09-02 14:00,12,-0.314,8.939,-5.0,-0.144,-1.36,-4.752,583.757
CND_190_3,0,2026-09-02 16:00,13,-0.714,7.582,1.0,-0.529,-1.041,1.269,583.757
CND_190_3,0,2026-09-02 18:00,14,-0.079,2.235,-2.0,0.121,1.193,-1.711,583.757
CND_190_3,0,2026-09-02 20:00,15,0.0,-0.0,-2.0,0.214,-1.002,-1.69,583.757
CND_190_3,0,2026-09-02 22:00,16,-1.357,0.4,1.0,-1.129,-1.233,1.331,583.757
CND_190_3,0,2026-09-03 00:00,17,-0.957,1.756,0.0,-0.715,-0.526,0.351,583.757
CND_190_3,0,2026-09-03 02:00,18,-1.435,2.634,1.0,-1.179,0.064,1.372,583.757
CND_190_3,0,2026-09-03 04:00,19,-0.957,1.756,0.0,-0.686,-0.635,0.393,583.757
CND_190_3,0,2026-09-03 06:00,20,-1.357,0.4,2.0,-1.072,1.775,2.413,583.757
CND_190_3,0,2026-09-03 08:00,21,-2.399,-8.139,8.0,-2.1,-0.793,8.434,583.757
CND_190_3,0,2026-09-03 10:00,22,-1.52,-7.661,-4.0,-1.207,-5.671,-3.545,583.757
CND_190_3,0,2026-09-03 12:00,23,0.806,15.243,-17.0,1.134,7.734,-16.525,583.757
CND_190_3,0,2026-09-03 14:00,24,-0.393,11.173,-9.0,-0.051,0.429,-8.504,583.757
CND_190_3,0,2026-09-03 16:00,25,-3.27,3.912,6.0,-2.914,-1.752,6.517,583.757
CND_190_3,0,2026-09-03 18:01,26,-1.756,-0.957,0.0,-1.386,-1.185,0.537,583.757
CND_190_3,0,2026-09-03 20:00,27,-1.756,-0.957,-2.0,-1.372,-0.825,-1.442,583.757
CND_190_3,0,2026-09-03 22:00,28,-2.156,-2.313,1.0,-1.757,-2.313,1.579,583.757
CND_190_3,0,2026-09-04 00:00,29,-1.756,-0.957,-1.0,-1.343,-1.447,-0.401,583.757
CND_190_3,0,2026-09-04 02:00,30,-1.357,0.4,-2.0,-0.929,-0.023,-1.38,583.757
CND_190_3,0,2026-09-04 04:00,31,-0.878,-0.478,-3.0,-0.437,-1.742,-2.36,583.757
CND_190_3,0,2026-09-04 06:00,32,-1.678,-3.191,2.0,-1.222,-0.313,2.661,583.757
CND_190_3,0,2026-09-04 08:00,33,-2.956,-5.026,5.0,-2.486,-0.427,5.682,583.757
CND_190_3,0,2026-09-04 10:00,34,-2.235,-0.079,-1.0,-1.751,2.347,-0.298,583.757
CND_190_3,0,2026-09-04 12:00,35,-1.035,3.991,-8.0,-0.537,-4.012,-7.277,583.757
CND_190_3,0,2026-09-04 14:01,36,-2.549,8.86,-2.0,-2.037,0.116,-1.256,583.757
CND_190_3,0,2026-09-04 16:00,37,-1.271,10.695,-7.0,-0.745,-0.679,-6.236,583.757
CND_190_3,0,2026-09-04 18:00,38,-2.156,-2.313,-2.0,-1.615,-1.87,-1.215,583.757
CND_190_3,0,2026-09-04 20:00,39,-2.235,-0.079,2.0,-1.68,0.817,2.806,583.757
CND_190_3,0,2026-09-04 22:00,40,-2.634,-1.435,2.0,-2.065,-1.084,2.826,583.757
CND_190_3,0,2026-09-05 00:00,41,-3.113,-0.557,2.0,-2.529,-1.362,2.847,583.757
CND_190_3,0,2026-09-05 02:00,42,-2.713,0.8,0.0,-2.115,0.771,0.868,583.757
CND_190_3,0,2026-09-05 04:00,43,-1.835,1.278,-2.0,-1.223,0.987,-1.112,583.757
CND_190_3,0,2026-09-05 06:00,44,-3.434,-4.148,3.0,-2.808,1.0,3.909,583.757
CND_190_3,0,2026-09-05 08:00,45,-4.476,-12.687,1.0,-3.835,-1.914,1.93,583.757
CND_190_3,0,2026-09-05 10:00,46,-3.912,-3.27,3.0,-3.258,0.662,3.95,583.757
CND_190_3,0,2026-09-05 12:00,47,-2.634,-1.435,-7.0,-1.965,-7.248,-6.029,583.757
CND_190_3,0,2026-09-05 14:00,48,-2.149,10.217,-5.0,-1.466,2.45,-4.008,583.757
CND_190_3,0,2026-09-05 16:00,49,-2.549,8.86,0.0,-1.852,-0.913,1.012,583.757
CND_190_3,0,2026-09-05 18:01,50,-3.834,-5.505,1.0,-3.122,-3.292,2.033,583.757
CND_190_3,0,2026-09-05 20:01,51,-1.278,-1.835,-8.0,-0.552,0.505,-6.946,583.757
CND_190_3,0,2026-09-05 22:01,52,-3.034,-2.792,-3.0,-2.294,-0.529,-1.925,583.757
CND_190_3,0,2026-09-06 00:00,53,-3.591,0.321,0.0,-2.837,0.873,1.095,583.757
CND_190_3,0,2026-09-06 02:00,54,-3.034,-2.792,-2.0,-2.266,-2.16,-0.884,583.757
CND_190_3,0,2026-09-06 04:00,55,-2.156,-2.313,-5.0,-1.373,-1.96,-3.864,583.757
CND_190_3,0,2026-09-06 06:01,56,-3.113,-0.557,-2.0,-2.316,0.028,-0.843,583.757
CND_190_3,0,2026-09-06 10:00,58,-2.956,-5.026,-3.0,-2.13,-0.135,-1.802,583.757
CND_190_3,0,2026-09-06 12:00,59,-3.27,3.912,-3.0,-2.43,3.427,-1.781,583.757
CND_190_3,0,2026-09-06 14:00,60,-4.869,-1.514,2.0,-4.015,0.858,3.24,583.757
CND_190_3,0,2026-09-06 16:01,61,-4.869,-1.514,1.0,-4.001,0.059,2.261,583.757
CND_190_3,0,2026-09-06 18:00,62,-3.912,-3.27,-3.0,-3.03,-1.845,-1.719,583.757
CND_190_3,0,2026-09-06 20:00,63,-3.912,-3.27,-1.0,-3.016,-0.925,0.302,583.757
CND_190_3,0,2026-09-06 22:00,64,-4.791,-3.748,3.0,-3.879,-2.161,4.322,583.757
CND_190_3,0,2026-09-07 00:00,65,-3.991,-1.035,0.0,-3.066,-0.007,1.343,583.757
CND_190_3,0,2026-09-07 02:00,66,-3.434,-4.148,-1.0,-2.494,-2.94,0.364,583.757
CND_190_3,0,2026-09-07 04:00,67,-3.991,-1.035,-1.0,-3.037,1.336,0.384,583.757
CND_190_3,0,2026-09-07 06:00,68,-3.513,-1.914,-1.0,-2.545,0.774,0.405,583.757
CND_190_3,0,2026-09-07 08:00,69,-4.155,-9.096,2.0,-3.173,-2.27,3.426,583.757
CND_190_3,0,2026-09-07 10:00,70,-4.791,-3.748,-2.0,-3.794,-1.622,-0.554,583.757
CND_190_3,0,2026-09-07 12:01,71,-5.583,6.068,2.0,-4.573,2.426,3.467,583.757
CND_190_3,0,2026-09-07 14:00,72,-4.463,12.373,-2.0,-3.438,4.767,-0.512,583.757
CND_190_3,0,2026-09-07 18:00,73,-4.791,-3.748,-3.0,-3.737,-1.211,-1.471,583.757
CND_190_3,0,2026-09-07 20:00,74,-3.834,-5.505,-4.0,-2.766,-3.682,-2.45,583.757
CND_190_3,0,2026-09-07 22:00,75,-4.391,-2.392,-2.0,-3.309,-1.198,-0.43,583.757
CND_190_3,0,2026-09-08 00:01,76,-4.869,-1.514,-3.0,-3.773,-0.62,-1.409,583.757
CND_190_3,0,2026-09-08 02:00,77,-4.07,1.199,-4.0,-2.959,2.357,-2.388,583.757
CND_190_3,0,2026-09-08 04:00,78,-4.391,-2.392,-1.0,-3.266,-2.244,0.632,583.757
CND_190_3,0,2026-09-08 06:00,79,-4.391,-2.392,-3.0,-3.252,-1.37,-1.347,583.757
CND_190_3,0,2026-09-08 08:00,80,-6.39,-9.175,6.0,-5.237,1.677,7.674,583.757
CND_190_3,0,2026-09-08 10:00,81,-4.391,-2.392,-6.0,-3.223,2.761,-4.306,583.757
CND_190_3,0,2026-09-08 12:00,82,-5.905,2.477,1.0,-4.723,5.294,2.715,583.757
CND_190_3,0,2026-09-08 14:00,83,-5.983,4.712,0.0,-4.787,2.834,1.736,583.757
CND_190_3,0,2026-09-08 16:00,84,-5.19,-5.105,-6.0,-3.98,-2.168,-4.244,583.757
CND_190_3,0,2026-09-08 18:00,85,-4.791,-3.748,-4.0,-3.566,-1.072,-2.223,583.757
CND_190_3,0,2026-09-08 20:00,86,-5.19,-5.105,-4.0,-3.952,-2.785,-2.202,583.757
CND_190_3,0,2026-09-08 22:00,87,-4.712,-5.983,-3.0,-3.459,-4.079,-1.182,583.757
CND_190_3,0,2026-09-09 02:00,89,-5.269,-2.87,-5.0,-3.988,-1.996,-3.14,583.757
CND_190_3,0,2026-09-09 04:00,90,-5.348,-0.636,-5.0,-4.052,-0.047,-3.12,583.757
CND_190_3,0,2026-09-09 06:01,91,-4.869,-1.514,-8.0,-3.559,-0.633,-6.099,583.757
CND_190_3,0,2026-09-09 08:00,92,-5.833,-12.287,0.0,-4.509,-2.21,1.921,583.757
CND_190_3,0,2026-09-09 10:01,93,-5.348,-0.636,-7.0,-4.009,3.278,-5.058,583.757
CND_190_3,0,2026-09-09 12:01,94,-4.548,2.077,-15.0,-3.196,-1.831,-13.037,583.757
CND_190_3,0,2026-09-09 14:01,95,-6.783,1.999,-4.0,-5.416,-1.263,-2.016,583.757
CND_190_3,0,2026-09-09 16:01,96,-6.226,-1.114,-7.0,-4.845,-0.061,-4.996,583.757
CND_190_3,0,2026-09-09 18:00,97,-5.669,-4.227,-5.0,-4.274,-0.683,-2.975,583.757
CND_190_3,0,2026-09-09 20:00,98,-5.19,-5.105,-7.0,-3.781,-2.835,-4.955,583.757
CND_190_3,0,2026-09-09 22:00,99,-6.547,-4.705,-4.0,-5.123,-2.087,-1.934,583.757
CND_190_3,0,2026-09-10 00:00,100,-6.226,-1.114,-4.0,-4.788,0.735,-1.913,583.757
CND_190_3,0,2026-09-10 02:00,101,-5.826,0.243,-5.0,-4.374,0.364,-2.893,583.757
CND_190_3,0,2026-09-10 04:00,102,-5.348,-0.636,-6.0,-3.881,0.0,-3.872,583.757
CND_190_3,0,2026-09-10 06:01,103,-6.226,-1.114,-4.0,-4.745,0.0,-1.851,583.757
CND_190_3,0,2026-09-10 08:01,104,-8.945,-12.844,4.0,-7.451,-1.835,6.17,583.757
CND_190_3,0,2026-09-10 10:01,105,-3.519,-14.443,-18.0,-2.01,-8.766,-15.81,583.757
CND_190_3,0,2026-09-10 12:01,106,-7.975,10.459,0.0,-6.452,7.378,2.211,583.757
CND_190_3,0,2026-09-10 14:01,107,-5.741,10.538,-16.0,-4.203,4.73,-13.768,583.757
CND_190_3,0,2026-09-10 16:00,108,-6.468,-6.94,-7.0,-4.917,-4.469,-4.748,583.757
CND_190_3,0,2026-09-10 18:00,109,-7.661,1.52,-4.0,-6.095,4.077,-1.727,583.757
CND_190_3,0,2026-09-10 20:01,110,-6.625,-2.471,-6.0,-5.045,0.0,-3.706,583.757
CND_190_3,0,2026-09-10 22:00,111,-5.59,-6.462,-11.0,-3.996,-4.574,-8.686,583.757
CND_190_3,0,2026-09-11 00:00,112,-6.783,1.999,-4.0,-5.174,2.715,-1.665,583.757
CND_190_3,0,2026-09-11 02:00,113,-7.025,-3.827,-4.0,-5.402,-1.975,-1.645,583.757
CND_190_3,0,2026-09-11 04:00,114,-6.704,-0.236,-7.0,-5.067,0.271,-4.624,583.757
CND_190_3,0,2026-09-11 06:01,115,-7.504,-2.949,-3.0,-5.852,-0.167,-0.603,583.757
CND_190_3,0,2026-09-11 08:00,116,-7.268,-9.653,-5.0,-5.602,0.0,-2.583,583.757
CND_190_3,0,2026-09-11 10:01,117,-7.425,-5.184,-4.0,-5.745,-0.928,-1.562,583.757
CND_190_3,0,2026-09-11 12:01,118,-7.739,3.755,-7.0,-6.045,-0.646,-4.541,583.757
CND_190_3,0,2026-09-11 14:01,119,-6.861,4.234,-13.0,-5.153,0.528,-10.52,583.757
CND_190_3,0,2026-09-11 16:01,120,-8.939,-0.314,-3.0,-7.216,3.126,-0.5,583.757
CND_190_3,0,2026-09-11 18:00,121,-7.425,-5.184,-8.0,-5.688,-2.994,-5.479,583.757
CND_190_3,0,2026-09-11 20:00,122,-7.025,-3.827,-9.0,-5.274,-0.92,-6.459,583.757
CND_190_3,0,2026-09-11 22:00,123,-7.504,-2.949,-6.0,-5.738,0.133,-3.438,583.757
CND_190_3,0,2026-09-12 00:01,124,-9.26,-3.906,1.0,-7.48,-1.892,3.583,583.757
CND_190_3,0,2026-09-12 02:01,125,-8.382,-3.427,-2.0,-6.588,-1.75,0.603,583.757
CND_190_3,0,2026-09-12 04:00,126,-7.982,-2.071,-4.0,-6.174,-1.049,-1.376,583.757
CND_190_3,0,2026-09-12 06:00,127,-7.582,-0.714,-5.0,-5.76,1.652,-2.355,583.757
CND_190_3,0,2026-09-12 08:00,128,-9.424,-11.966,-2.0,-7.587,0.374,0.665,583.757
CND_190_3,0,2026-09-12 10:01,129,-8.303,-5.662,-3.0,-6.452,1.762,-0.314,583.757
CND_190_3,0,2026-09-12 12:01,130,-8.853,9.981,-4.0,-6.988,5.597,-1.293,583.757
CND_190_3,0,2026-09-12 14:01,131,-6.94,6.468,-12.0,-5.061,6.792,-9.273,583.757
CND_190_3,0,2026-09-12 16:01,132,-8.46,-1.193,-8.0,-6.567,0.961,-5.252,583.757
CND_190_3,0,2026-09-12 18:01,133,-7.903,-4.305,-9.0,-5.996,-4.424,-6.231,583.757
CND_190_3,0,2026-09-12 20:01,134,-9.417,0.564,-4.0,-7.495,2.067,-1.211,583.757
CND_190_3,0,2026-09-12 22:01,135,-8.539,1.042,-3.0,-6.603,1.582,-0.19,583.757
CND_190_3,0,2026-09-13 00:00,136,-7.025,-3.827,-7.0,-5.075,-3.101,-4.169,583.757
CND_190_3,0,2026-09-13 02:01,137,-8.061,0.164,-9.0,-6.096,1.751,-6.149,583.757
CND_190_3,0,2026-09-13 04:00,138,-8.061,0.164,-5.0,-6.082,0.0,-2.128,583.757
CND_190_3,0,2026-09-13 06:01,139,-8.782,-4.784,-2.0,-6.788,-0.961,0.893,583.757
CND_190_3,0,2026-09-13 08:01,140,-8.86,-2.549,-7.0,-6.853,1.322,-4.087,583.757
CND_190_3,0,2026-09-13 10:01,141,-7.668,-11.01,-10.0,-5.646,-3.449,-7.066,583.757
CND_190_4,0,2026-09-01 14:01,0,1.085,1.955,-7.0,1.085,0.172,-7.0,557.071
CND_190_4,0,2026-09-01 16:01,1,0.0,-0.0,-1.0,0.014,-1.304,-0.979,557.071
CND_190_4,0,2026-09-01 18:01,2,0.305,-2.215,1.0,0.332,-2.215,1.041,557.071
CND_190_4,0,2026-09-01 20:01,3,-0.26,-1.39,0.0,-0.219,-0.802,0.062,557.071
CND_190_4,0,2026-09-01 22:01,4,0.0,-0.0,2.0,0.054,0.266,2.083,557.071
CND_190_4,0,2026-09-02 00:01,5,0.0,-0.0,0.0,0.068,-0.0,0.103,557.071
CND_190_4,0,2026-09-02 02:01,6,0.0,-0.0,2.0,0.082,-0.0,2.124,557.071
CND_190_4,0,2026-09-02 04:01,7,0.305,-2.215,1.0,0.4,-3.122,1.145,557.071
CND_190_4,0,2026-09-02 06:01,8,0.0,-0.0,-1.0,0.109,-0.705,-0.835,557.071
CND_190_4,0,2026-09-02 08:01,9,-1.301,-6.95,2.0,-1.178,0.237,2.186,557.071
CND_190_4,0,2026-09-02 10:01,10,-0.476,-6.385,-6.0,-0.34,-5.273,-5.793,557.071
CND_190_4,0,2026-09-02 12:01,11,-1.264,12.466,-2.0,-1.115,2.638,-1.773,557.071
CND_190_4,0,2026-09-02 14:01,12,-1.48,7.471,-2.0,-1.316,-2.357,-1.752,557.071
CND_190_4,0,2026-09-02 16:01,13,-0.394,9.426,-3.0,-0.218,1.196,-2.731,557.071
CND_190_4,0,2026-09-02 18:01,14,-1.65,-1.13,2.0,-1.46,-2.124,2.289,557.071
CND_190_4,0,2026-09-02 20:01,15,-0.565,0.825,-2.0,-0.361,-0.131,-1.69,557.071
CND_190_4,0,2026-09-02 22:01,16,-1.13,1.65,1.0,-0.912,0.092,1.331,557.071
CND_190_4,0,2026-09-03 00:01,17,-1.955,1.085,2.0,-1.724,-1.092,2.351,557.071
CND_190_4,0,2026-09-03 02:01,18,-1.695,2.475,2.0,-1.45,0.023,2.372,557.071
CND_190_4,0,2026-09-03 04:01,19,-1.13,1.65,0.0,-0.872,-0.632,0.393,557.071
CND_190_4,0,2026-09-03 06:01,20,-1.65,-1.13,3.0,-1.378,0.182,3.413,557.071
CND_190_4,0,2026-09-03 08:01,21,-2.431,-5.3,5.0,-2.145,1.71,5.434,557.071
CND_190_4,0,2026-09-03 10:01,22,-2.861,-15.291,2.0,-2.562,-13.392,2.455,557.071
CND_190_4,0,2026-09-03 12:01,23,-3.695,7.166,2.0,-3.382,0.0,2.475,557.071
CND_190_4,0,2026-09-03 14:01,24,-2.089,11.901,-5.0,-1.763,1.648,-4.504,557.071
CND_190_4,0,2026-09-03 16:01,25,-3.13,6.341,2.0,-2.79,0.936,2.517,557.071
CND_190_4,0,2026-09-03 18:01,26,-2.215,-0.305,0.0,-1.862,-0.523,0.537,557.071
CND_190_4,0,2026-09-03 20:01,27,-1.65,-1.13,-2.0,-1.283,-1.004,-1.442,557.071
CND_190_4,0,2026-09-03 22:01,28,-2.475,-1.695,1.0,-2.095,-1.695,1.579,557.071
CND_190_4,0,2026-09-04 00:01,29,-2.475,-1.695,-1.0,-2.081,-2.163,-0.401,557.071
CND_190_4,0,2026-09-04 02:01,30,-2.215,-0.305,-3.0,-1.808,-0.708,-2.38,557.071
CND_190_4,0,2026-09-04 04:01,31,-2.215,-0.305,-3.0,-1.794,-1.51,-2.359,557.071
CND_190_4,0,2026-09-04 06:01,32,-3.3,-2.26,3.0,-2.866,0.487,3.661,557.071
CND_190_4,0,2026-09-04 08:01,33,-2.996,-4.475,2.0,-2.547,-0.086,2.682,557.071
CND_190_4,0,2026-09-04 10:01,34,-3.39,4.951,0.0,-2.928,7.265,0.703,557.071
CND_190_4,0,2026-09-04 12:01,35,-2.951,-8.08,-2.0,-2.475,-15.717,-1.277,557.071
CND_190_4,0,2026-09-04 14:01,36,-1.13,1.65,-14.0,-0.641,-6.694,-13.256,557.071
CND_190_4,0,2026-09-04 16:01,37,-3.435,8.556,0.0,-2.932,-2.299,0.765,557.071
CND_190_4,0,2026-09-04 18:01,38,-3.3,-2.26,-2.0,-2.784,-1.837,-1.215,557.071
CND_190_4,0,2026-09-04 20:01,39,-3.65,3.561,4.0,-3.12,4.415,4.806,557.071
CND_190_4,0,2026-09-04 22:01,40,-3.04,-0.87,-1.0,-2.497,-0.535,-0.173,557.071
CND_190_4,0,2026-09-05 00:01,41,-3.345,1.345,2.0,-2.788,0.578,2.847,557.071
CND_190_4,0,2026-09-05 02:01,42,-4.17,0.78,4.0,-3.6,0.753,4.868,557.071
CND_190_4,0,2026-09-05 04:01,43,-4.43,-0.61,2.0,-3.846,-0.888,2.889,557.071
CND_190_4,0,2026-09-05 06:01,44,-4.386,-4.215,2.0,-3.788,0.698,2.909,557.071
CND_190_4,0,2026-09-05 08:01,45,-5.991,-8.95,8.0,-5.38,1.331,8.93,557.071
CND_190_4,0,2026-09-05 10:01,46,-4.036,-10.035,-3.0,-3.411,-6.283,-2.049,557.071
CND_190_4,0,2026-09-05 12:01,47,-3.39,4.951,-5.0,-2.751,-0.597,-4.029,557.071
CND_190_4,0,2026-09-05 14:01,48,-2.045,8.296,-13.0,-1.392,0.885,-12.008,557.071
CND_190_4,0,2026-09-05 16:01,49,-2.394,14.116,-15.0,-1.728,4.79,-13.987,557.071
CND_190_4,0,2026-09-05 18:01,50,-3.561,-3.65,-3.0,-2.881,-1.538,-1.967,557.071
CND_190_4,0,2026-09-05 20:01,51,-4.126,-2.825,-3.0,-3.433,-0.592,-1.946,557.071
CND_190_4,0,2026-09-05 22:01,52,-3.865,-1.435,-4.0,-3.159,0.725,-2.925,557.071
CND_190_4,0,2026-09-06 00:01,53,-4.995,0.215,2.0,-4.275,0.742,3.095,557.071
CND_190_4,0,2026-09-06 02:01,54,-4.995,0.215,1.0,-4.262,0.819,2.116,557.071
CND_190_4,0,2026-09-06 04:01,55,-5.82,-0.35,4.0,-5.073,-0.013,5.137,557.071
CND_190_4,0,2026-09-06 06:01,56,-4.995,0.215,0.0,-4.235,0.774,1.157,557.071
CND_190_4,0,2026-09-06 10:01,58,-5.471,-6.17,-2.0,-4.683,-1.503,-0.801,557.071
CND_190_4,0,2026-09-06 12:01,59,-4.17,0.78,-9.0,-3.369,0.317,-7.781,557.071
CND_190_4,0,2026-09-06 14:01,60,-6.036,-5.345,-2.0,-5.221,-3.082,-0.76,557.071
CND_190_4,0,2026-09-06 16:01,61,-6.081,-1.74,0.0,-5.252,-0.238,1.261,557.071
CND_190_4,0,2026-09-06 18:01,62,-4.69,-2.0,-4.0,-3.848,-0.64,-2.719,557.071
CND_190_4,0,2026-09-06 20:01,63,-5.516,-2.565,0.0,-4.66,-0.327,1.302,557.071
CND_190_4,0,2026-09-06 22:01,64,-6.081,-1.74,1.0,-5.211,-0.225,2.322,557.071
CND_190_4,0,2026-09-07 00:01,65,-6.646,-0.915,1.0,-5.762,0.067,2.343,557.071
CND_190_4,0,2026-09-07 02:01,66,-6.081,-1.74,2.0,-5.184,-0.587,3.364,557.071
CND_190_4,0,2026-09-07 04:01,67,-6.081,-1.74,1.0,-5.17,0.523,2.384,557.071
CND_190_4,0,2026-09-07 06:01,68,-5.516,-2.565,2.0,-4.592,0.0,3.405,557.071
CND_190_4,0,2026-09-07 08:01,69,-7.686,-6.475,7.0,-6.749,0.039,8.426,557.071
CND_190_4,0,2026-09-07 10:01,70,-6.081,-1.74,-1.0,-5.13,0.29,0.446,557.071
CND_190_4,0,2026-09-07 12:01,71,-6.43,4.081,-2.0,-5.466,0.605,-0.533,557.071
CND_190_4,0,2026-09-07 14:01,72,-6.735,6.296,-4.0,-5.757,-0.962,-2.512,557.071
CND_190_4,0,2026-09-07 18:01,73,-6.906,-2.305,-1.0,-5.9,0.117,0.529,557.071
CND_190_4,0,2026-09-07 20:01,74,-6.081,-1.74,-5.0,-5.062,0.0,-3.45,557.071
CND_190_4,0,2026-09-07 22:01,75,-6.081,-1.74,-5.0,-5.048,-0.6,-3.43,557.071
CND_190_4,0,2026-09-08 00:01,76,-6.081,-1.74,-4.0,-5.034,-0.887,-2.409,557.071
CND_190_4,0,2026-09-08 02:01,77,-6.906,-2.305,-1.0,-5.846,-1.2,0.612,557.071
CND_190_4,0,2026-09-08 04:01,78,-7.471,-1.48,1.0,-6.397,-1.338,2.632,557.071
CND_190_4,0,2026-09-08 06:01,79,-7.471,-1.48,0.0,-6.384,-0.505,1.653,557.071
CND_190_4,0,2026-09-08 08:01,80,-8.251,-5.65,3.0,-7.151,4.705,4.674,557.071
CND_190_4,0,2026-09-08 10:01,81,-7.032,-14.511,-6.0,-5.918,-9.593,-4.306,557.071
CND_190_4,0,2026-09-08 12:01,82,-8.296,-2.045,0.0,-7.168,0.643,1.715,557.071
CND_190_4,0,2026-09-08 14:01,83,-9.47,3.211,3.0,-8.329,1.419,4.736,557.071
CND_190_4,0,2026-09-08 16:01,84,-9.121,-2.61,-2.0,-7.966,0.193,-0.244,557.071
CND_190_4,0,2026-09-08 18:01,85,-7.731,-2.87,-3.0,-6.562,-0.315,-1.223,557.071
CND_190_4,0,2026-09-08 20:01,86,-7.991,-4.26,-3.0,-6.809,-2.046,-1.202,557.071
CND_190_4,0,2026-09-08 22:01,87,-7.471,-1.48,-3.0,-6.275,0.338,-1.182,557.071
CND_190_4,0,2026-09-09 00:51,88,-8.036,-0.654,-2.0,-6.821,0.184,-0.152,557.071
CND_190_4,0,2026-09-09 02:01,89,-8.036,-0.654,-2.0,-6.813,0.179,-0.14,557.071
CND_190_4,0,2026-09-09 04:01,90,-8.036,-0.654,-5.0,-6.799,-0.093,-3.12,557.071
CND_190_4,0,2026-09-09 06:02,91,-7.515,2.126,-5.0,-6.265,2.966,-3.099,557.071
CND_190_4,0,2026-09-09 08:01,92,-9.292,-11.21,-3.0,-8.028,-1.593,-1.078,557.071
CND_190_4,0,2026-09-09 10:01,93,-9.991,0.431,2.0,-8.714,4.165,3.942,557.071
CND_190_4,0,2026-09-09 12:01,94,-9.121,-2.61,-7.0,-7.83,-6.339,-5.037,557.071
CND_190_4,0,2026-09-09 14:01,95,-9.166,0.996,-7.0,-7.861,-2.117,-5.016,557.071
CND_190_4,0,2026-09-09 16:02,96,-9.166,0.996,-6.0,-7.848,2.001,-3.996,557.071
CND_190_4,0,2026-09-09 18:01,97,-9.381,-4.0,-5.0,-8.05,-0.618,-2.975,557.071
CND_190_4,0,2026-09-09 20:01,98,-9.121,-2.61,-4.0,-7.776,-0.444,-1.954,557.071
CND_190_4,0,2026-09-09 22:01,99,-8.861,-1.219,-4.0,-7.502,1.28,-1.934,557.071
CND_190_4,0,2026-09-10 00:01,100,-8.601,0.171,-6.0,-7.228,1.935,-3.913,557.071
CND_190_4,0,2026-09-10 02:01,101,-9.686,-1.784,-5.0,-8.3,-1.668,-2.892,557.071
CND_190_4,0,2026-09-10 04:01,102,-9.166,0.996,-4.0,-7.766,1.602,-1.872,557.071
CND_190_4,0,2026-09-10 06:01,103,-9.426,-0.394,-5.0,-8.013,0.669,-2.851,557.071
CND_190_4,0,2026-09-10 08:01,104,-11.202,-13.73,1.0,-9.775,-3.224,3.17,557.071
CND_190_4,0,2026-09-10 10:01,105,-9.076,-6.215,-12.0,-7.636,-0.797,-9.81,557.071
CND_190_4,0,2026-09-10 12:01,106,-8.905,2.386,-13.0,-7.452,-0.555,-10.789,557.071
CND_190_4,0,2026-09-10 14:02,107,-9.21,4.601,-13.0,-7.743,-0.941,-10.768,557.071
CND_190_4,0,2026-09-10 16:01,108,-11.076,-1.524,-3.0,-9.595,0.834,-0.748,557.071
CND_190_4,0,2026-09-10 18:01,109,-10.511,-2.349,-4.0,-9.017,0.09,-1.727,557.071
CND_190_4,0,2026-09-10 20:02,110,-10.251,-0.959,-7.0,-8.743,1.398,-4.706,557.071
CND_190_4,0,2026-09-10 22:01,111,-10.556,1.256,-6.0,-9.034,3.057,-3.686,557.071
CND_190_4,0,2026-09-11 00:01,112,-10.556,1.256,-4.0,-9.021,1.94,-1.665,557.071
CND_190_4,0,2026-09-11 02:01,113,-10.816,-0.134,-4.0,-9.267,1.633,-1.644,557.071
CND_190_4,0,2026-09-11 04:01,114,-9.991,0.431,-5.0,-8.428,0.914,-2.624,557.071
CND_190_4,0,2026-09-11 06:01,115,-11.076,-1.524,-4.0,-9.5,1.131,-1.603,557.071
CND_190_4,0,2026-09-11 08:01,116,-11.812,-9.3,-2.0,-10.222,-0.088,0.418,557.071
CND_190_4,0,2026-09-11 10:02,117,-11.596,-4.304,-5.0,-9.993,-0.244,-2.562,557.071
CND_190_4,0,2026-09-11 12:01,118,-8.816,-4.825,-21.0,-7.199,-9.024,-18.541,557.071
CND_190_4,0,2026-09-11 14:01,119,-10.34,6.251,-11.0,-8.71,2.715,-8.52,557.071
CND_190_4,0,2026-09-11 16:02,120,-11.076,-1.524,-7.0,-9.432,1.759,-4.5,557.071
CND_190_4,0,2026-09-11 18:01,121,-11.901,-2.089,-3.0,-10.244,0.0,-0.479,557.071
CND_190_4,0,2026-09-11 20:01,122,-11.901,-2.089,-6.0,-10.23,0.685,-3.459,557.071
CND_190_4,0,2026-09-11 22:01,123,-11.641,-0.699,-5.0,-9.956,2.242,-2.438,557.071
CND_190_4,0,2026-09-12 00:01,124,-11.901,-2.089,-4.0,-10.203,-0.167,-1.417,557.071
CND_190_4,0,2026-09-12 02:01,125,-12.771,0.951,0.0,-11.059,2.551,2.603,557.071
CND_190_4,0,2026-09-12 04:01,126,-12.511,2.341,0.0,-10.785,3.316,2.624,557.071
CND_190_4,0,2026-09-12 06:01,127,-12.726,-2.654,-2.0,-10.987,-0.396,0.645,557.071
CND_190_4,0,2026-09-12 08:02,128,-12.897,-11.255,-1.0,-11.144,0.521,1.666,557.071
CND_190_4,0,2026-09-12 10:02,129,-12.116,-7.085,-6.0,-10.35,0.0,-3.314,557.071
CND_190_4,0,2026-09-12 12:02,130,-10.6,4.861,-11.0,-8.821,0.678,-8.293,557.071
CND_190_4,0,2026-09-12 14:02,131,-11.901,-2.089,-8.0,-10.108,-1.78,-5.272,557.071
CND_190_4,0,2026-09-12 16:01,132,-11.901,-2.089,-7.0,-10.094,-0.035,-4.252,557.071
CND_190_4,0,2026-09-12 18:01,133,-11.946,1.516,-6.0,-10.125,1.403,-3.231,557.071
CND_190_4,0,2026-09-12 20:01,134,-12.726,-2.654,-4.0,-10.892,-1.22,-1.211,557.071
CND_190_4,0,2026-09-12 22:01,135,-13.551,-3.219,1.0,-11.704,-2.704,3.81,557.071
CND_190_4,0,2026-09-13 00:01,136,-12.206,0.126,-5.0,-10.345,0.819,-2.169,557.071
CND_190_4,0,2026-09-13 02:02,137,-11.686,2.906,-6.0,-9.811,4.421,-3.148,557.071
CND_190_4,0,2026-09-13 04:01,138,-12.511,2.341,-4.0,-10.622,2.185,-1.128,557.071
CND_190_4,0,2026-09-13 06:01,139,-12.726,-2.654,-2.0,-10.824,0.994,0.893,557.071
CND_190_4,0,2026-09-13 08:01,140,-12.726,-2.654,-4.0,-10.811,1.04,-1.087,557.071
CND_190_4,0,2026-09-13 10:01,141,-12.116,-7.085,-11.0,-10.187,0.13,-8.066,557.071
CND_190_5,0,2026-09-01 14:02,0,2.756,-1.55,-18.0,2.756,-3.249,-18.0,530.731
CND_190_5,0,2026-09-01 16:02,1,0.069,1.413,0.0,0.082,0.17,0.021,530.731
CND_190_5,0,2026-09-01 18:02,2,0.0,-0.0,-1.0,0.026,-0.0,-0.958,530.731
CND_190_5,0,2026-09-01 20:02,3,-0.741,-0.672,0.0,-0.702,-0.112,0.062,530.731
CND_190_5,0,2026-09-01 22:02,4,-0.672,0.741,0.0,-0.62,0.994,0.083,530.731
CND_190_5,0,2026-09-02 00:02,5,-0.741,-0.672,0.0,-0.676,-0.672,0.104,530.731
CND_190_5,0,2026-09-02 02:02,6,-0.672,0.741,0.0,-0.594,0.741,0.124,530.731
CND_190_5,0,2026-09-02 04:02,7,0.138,2.825,-2.0,0.228,1.961,-1.855,530.731
CND_190_5,0,2026-09-02 06:02,8,0.741,0.672,-3.0,0.844,0.0,-2.834,530.731
CND_190_5,0,2026-09-02 08:02,9,-1.619,-4.169,2.0,-1.502,2.679,2.186,530.731
CND_190_5,0,2026-09-02 10:02,10,-2.016,2.222,1.0,-1.886,3.282,1.207,530.731
CND_190_5,0,2026-09-02 12:02,11,-1.74,7.872,-3.0,-1.598,-1.491,-2.772,530.731
CND_190_5,0,2026-09-02 14:01,12,-1.74,7.872,-2.0,-1.585,-1.491,-1.752,530.731
CND_190_5,0,2026-09-02 16:01,13,-1.603,10.697,-4.0,-1.434,2.857,-3.731,530.731
CND_190_5,0,2026-09-02 18:01,14,-1.344,1.481,1.0,-1.162,0.534,1.289,530.731
CND_190_5,0,2026-09-02 20:01,15,-0.672,0.741,-2.0,-0.478,-0.17,-1.69,530.731
CND_190_5,0,2026-09-02 22:02,16,-1.275,2.894,-1.0,-1.068,1.41,-0.669,530.731
CND_190_5,0,2026-09-03 00:01,17,-0.603,2.153,-1.0,-0.383,0.079,-0.649,530.731
CND_190_5,0,2026-09-03 02:01,18,-1.275,2.894,0.0,-1.042,0.557,0.372,530.731
CND_190_5,0,2026-09-03 04:01,19,-1.947,3.635,-1.0,-1.701,1.46,-0.607,530.731
CND_190_5,0,2026-09-03 06:01,20,-2.084,0.81,1.0,-1.825,2.06,1.413,530.731
CND_190_5,0,2026-09-03 08:01,21,-3.979,-9.009,9.0,-3.707,-2.331,9.434,530.731
CND_190_5,0,2026-09-03 10:01,22,-0.947,-4.909,-7.0,-0.662,-3.101,-6.545,530.731
CND_190_5,0,2026-09-03 12:01,23,-2.55,5.788,0.0,-2.252,-1.039,0.475,530.731
CND_190_5,0,2026-09-03 14:01,24,-2.481,7.2,2.0,-2.17,-2.568,2.496,530.731
CND_190_5,0,2026-09-03 16:01,25,-3.29,5.116,1.0,-2.967,-0.033,1.517,530.731
CND_190_5,0,2026-09-03 18:01,26,-2.084,0.81,0.0,-1.748,0.602,0.537,530.731
CND_190_5,0,2026-09-03 20:01,27,-2.016,2.222,-3.0,-1.666,2.342,-2.442,530.731
CND_190_5,0,2026-09-03 22:02,28,-2.084,0.81,-2.0,-1.722,0.81,-1.421,530.731
CND_190_5,0,2026-09-04 00:02,29,-1.344,1.481,-3.0,-0.968,1.036,-2.4,530.731
CND_190_5,0,2026-09-04 02:02,30,-1.413,0.069,-3.0,-1.024,-0.315,-2.38,530.731
CND_190_5,0,2026-09-04 04:02,31,-2.016,2.222,-2.0,-1.614,1.073,-1.359,530.731
CND_190_5,0,2026-09-04 06:01,32,-2.894,-1.275,2.0,-2.48,1.342,2.661,530.731
CND_190_5,0,2026-09-04 08:01,33,-3.032,-4.1,0.0,-2.604,0.082,0.682,530.731
CND_190_5,0,2026-09-04 10:01,34,-1.947,3.635,-5.0,-1.507,5.84,-4.297,530.731
CND_190_5,0,2026-09-04 12:01,35,-3.825,8.682,4.0,-3.372,1.406,4.723,530.731
CND_190_5,0,2026-09-04 14:02,36,-2.619,4.375,-6.0,-2.152,-3.574,-5.256,530.731
CND_190_5,0,2026-09-04 16:01,37,-2.274,11.438,-5.0,-1.795,1.097,-4.235,530.731
CND_190_5,0,2026-09-04 18:01,38,-2.756,1.55,-1.0,-2.264,1.954,-0.215,530.731
CND_190_5,0,2026-09-04 20:02,39,-2.894,-1.275,0.0,-2.389,-0.46,0.806,530.731
CND_190_5,0,2026-09-04 22:01,40,-2.825,0.138,-2.0,-2.307,0.457,-1.173,530.731
CND_190_5,0,2026-09-05 00:01,41,-2.825,0.138,-1.0,-2.294,-0.594,-0.153,530.731
CND_190_5,0,2026-09-05 02:01,42,-1.688,-5.581,-5.0,-1.144,-5.608,-4.132,530.731
CND_190_5,0,2026-09-05 04:01,43,-2.687,2.963,-2.0,-2.131,2.698,-1.111,530.731
CND_190_5,0,2026-09-05 06:01,44,-4.375,-2.619,1.0,-3.806,2.062,1.909,530.731
CND_190_5,0,2026-09-05 08:02,45,-4.719,-9.681,2.0,-4.137,0.113,2.93,530.731
CND_190_5,0,2026-09-05 10:01,46,-3.635,-1.947,-5.0,-3.039,1.628,-4.049,530.731
CND_190_5,0,2026-09-05 12:02,47,-3.428,2.291,-5.0,-2.82,-2.994,-4.029,530.731
CND_190_5,0,2026-09-05 14:02,48,-1.275,2.894,-16.0,-0.653,-4.167,-15.008,530.731
CND_190_5,0,2026-09-05 16:02,49,-2.274,11.438,-8.0,-1.64,2.553,-6.987,530.731
CND_190_5,0,2026-09-05 18:02,50,-3.497,0.878,-5.0,-2.85,2.89,-3.967,530.731
CND_190_5,0,2026-09-05 20:02,51,-3.566,-0.534,-4.0,-2.905,1.593,-2.946,530.731
CND_190_5,0,2026-09-05 22:02,52,-3.566,-0.534,-3.0,-2.893,1.523,-1.925,530.731
CND_190_5,0,2026-09-06 00:01,53,-4.169,1.619,-2.0,-3.483,2.121,-0.905,530.731
CND_190_5,0,2026-09-06 02:02,54,-3.428,2.291,-2.0,-2.729,2.866,-0.884,530.731
CND_190_5,0,2026-09-06 04:01,55,-4.1,3.032,-1.0,-3.388,3.353,0.137,530.731
CND_190_5,0,2026-09-06 06:02,56,-3.359,3.703,-3.0,-2.634,4.235,-1.843,530.731
CND_190_5,0,2026-09-06 10:01,58,-3.91,-7.597,-7.0,-3.159,-3.15,-5.801,530.731
CND_190_5,0,2026-09-06 12:02,59,-4.909,0.947,-2.0,-4.146,0.506,-0.781,530.731
CND_190_5,0,2026-09-06 14:01,60,-5.719,-1.137,0.0,-4.942,1.019,1.24,530.731
CND_190_5,0,2026-09-06 16:02,61,-5.047,-1.878,-4.0,-4.257,-0.448,-2.739,530.731
CND_190_5,0,2026-09-06 18:02,62,-4.238,0.207,-3.0,-3.435,1.502,-1.719,530.731
CND_190_5,0,2026-09-06 20:02,63,-4.238,0.207,-4.0,-3.422,2.339,-2.698,530.731
CND_190_5,0,2026-09-06 22:01,64,-3.635,-1.947,-6.0,-2.806,-0.503,-4.678,530.731
CND_190_5,0,2026-09-07 00:02,65,-4.169,1.619,-3.0,-3.327,2.554,-1.657,530.731
CND_190_5,0,2026-09-07 02:01,66,-4.909,0.947,-2.0,-4.055,2.046,-0.636,530.731
CND_190_5,0,2026-09-07 04:01,67,-4.375,-2.619,-3.0,-3.508,-0.463,-1.616,530.731
CND_190_5,0,2026-09-07 06:01,68,-4.306,-1.206,-4.0,-3.426,1.237,-2.595,530.731
CND_190_5,0,2026-09-07 08:01,69,-5.925,-5.375,1.0,-5.032,0.831,2.426,530.731
CND_190_5,0,2026-09-07 10:01,70,-5.719,-1.137,-1.0,-4.813,0.796,0.446,530.731
CND_190_5,0,2026-09-07 12:02,71,-5.116,-3.29,-5.0,-4.197,-6.602,-3.533,530.731
CND_190_5,0,2026-09-07 14:01,72,-5.375,5.925,-2.0,-4.443,-0.99,-0.512,530.731
CND_190_5,0,2026-09-07 18:01,73,-5.788,-2.55,-5.0,-4.83,-0.243,-3.471,530.731
CND_190_5,0,2026-09-07 20:02,74,-4.978,-0.465,-5.0,-4.007,1.192,-3.45,530.731
CND_190_5,0,2026-09-07 22:02,75,-4.978,-0.465,-6.0,-3.994,0.62,-4.429,530.731
CND_190_5,0,2026-09-08 00:02,76,-4.909,0.947,-5.0,-3.913,1.76,-3.409,530.731
CND_190_5,0,2026-09-08 02:01,77,-5.047,-1.878,-4.0,-4.038,-0.825,-2.388,530.731
CND_190_5,0,2026-09-08 04:02,78,-4.909,0.947,-4.0,-3.887,1.082,-2.367,530.731
CND_190_5,0,2026-09-08 06:01,79,-4.978,-0.465,-6.0,-3.943,0.464,-4.347,530.731
CND_190_5,0,2026-09-08 08:02,80,-7.407,-6.719,4.0,-6.358,3.147,5.674,530.731
CND_190_5,0,2026-09-08 10:01,81,-7.872,-1.74,3.0,-6.811,2.945,4.694,530.731
CND_190_5,0,2026-09-08 12:01,82,-5.788,-2.55,-4.0,-4.714,0.011,-2.285,530.731
CND_190_5,0,2026-09-08 14:01,83,-6.529,-3.222,-5.0,-5.441,-4.929,-3.264,530.731
CND_190_5,0,2026-09-08 16:01,84,-7.2,-2.481,-4.0,-6.1,0.189,-2.244,530.731
CND_190_5,0,2026-09-08 18:02,85,-6.529,-3.222,-6.0,-5.415,-0.788,-4.223,530.731
CND_190_5,0,2026-09-08 20:02,86,-5.719,-1.137,-8.0,-4.593,0.972,-6.202,530.731
CND_190_5,0,2026-09-08 22:02,87,-6.391,-0.397,-3.0,-5.252,1.335,-1.181,530.731
CND_190_5,0,2026-09-09 00:51,88,-6.46,-1.809,-4.0,-5.302,-1.01,-2.152,530.731
CND_190_5,0,2026-09-09 02:02,89,-6.391,-0.397,-7.0,-5.226,0.398,-5.14,530.731
CND_190_5,0,2026-09-09 04:01,90,-6.391,-0.397,-4.0,-5.213,0.139,-2.12,530.731
CND_190_5,0,2026-09-09 06:02,91,-5.65,0.275,-6.0,-4.459,1.076,-4.099,530.731
CND_190_5,0,2026-09-09 08:02,92,-8.01,-4.565,-2.0,-6.806,4.597,-0.078,530.731
CND_190_5,0,2026-09-09 10:02,93,-5.788,-2.55,-12.0,-4.571,1.008,-10.058,530.731
CND_190_5,0,2026-09-09 12:02,94,-7.2,-2.481,-6.0,-5.971,-6.034,-4.037,530.731
CND_190_5,0,2026-09-09 14:02,95,-6.322,1.016,-10.0,-5.079,-1.95,-8.016,530.731
CND_190_5,0,2026-09-09 16:03,96,-6.184,3.841,-7.0,-4.929,4.799,-4.995,530.731
CND_190_5,0,2026-09-09 18:02,97,-6.529,-3.222,-6.0,-5.26,0.0,-3.975,530.731
CND_190_5,0,2026-09-09 20:02,98,-7.269,-3.893,-5.0,-5.988,-1.83,-2.954,530.731
CND_190_5,0,2026-09-09 22:01,99,-6.46,-1.809,-7.0,-5.165,0.572,-4.934,530.731
CND_190_5,0,2026-09-10 00:02,100,-7.872,-1.74,-4.0,-6.565,-0.059,-1.913,530.731
CND_190_5,0,2026-09-10 02:02,101,-7.132,-1.068,-5.0,-5.811,-0.958,-2.892,530.731
CND_190_5,0,2026-09-10 04:02,102,-7.132,-1.068,-7.0,-5.798,-0.49,-4.872,530.731
CND_190_5,0,2026-09-10 06:02,103,-7.803,-0.328,-6.0,-6.457,0.685,-3.851,530.731
CND_190_5,0,2026-09-10 08:02,104,-8.285,-10.215,-2.0,-6.926,-0.206,0.17,530.731
CND_190_5,0,2026-09-10 10:02,105,-7.735,1.085,-9.0,-6.362,6.247,-6.81,530.731
CND_190_5,0,2026-09-10 12:02,106,-6.184,3.841,-11.0,-4.799,1.039,-8.789,530.731
CND_190_5,0,2026-09-10 14:02,107,-8.819,-6.65,-6.0,-7.421,-11.929,-3.768,530.731
CND_190_5,0,2026-09-10 16:02,108,-8.613,-2.412,-6.0,-7.202,-0.166,-3.748,530.731
CND_190_5,0,2026-09-10 18:02,109,-7.872,-1.74,-7.0,-6.448,0.584,-4.727,530.731
CND_190_5,0,2026-09-10 20:02,110,-7.2,-2.481,-10.0,-5.764,-0.235,-7.706,530.731
CND_190_5,0,2026-09-10 22:02,111,-7.872,-1.74,-6.0,-6.422,-0.024,-3.686,530.731
CND_190_5,0,2026-09-11 00:02,112,-8.544,-1.0,-4.0,-7.081,-0.348,-1.665,530.731
CND_190_5,0,2026-09-11 02:02,113,-9.285,-1.671,-1.0,-7.809,0.013,1.356,530.731
CND_190_5,0,2026-09-11 04:02,114,-7.803,-0.328,-5.0,-6.315,0.133,-2.624,530.731
CND_190_5,0,2026-09-11 06:02,115,-9.422,-4.496,-4.0,-7.921,-1.967,-1.603,530.731
CND_190_5,0,2026-09-11 08:02,116,-10.301,-7.993,0.0,-8.786,0.783,2.418,530.731
CND_190_5,0,2026-09-11 10:02,117,-9.285,-1.671,-2.0,-7.757,2.197,0.438,530.731
CND_190_5,0,2026-09-11 12:02,118,-8.269,4.651,-10.0,-6.728,0.649,-7.541,530.731
CND_190_5,0,2026-09-11 14:02,119,-9.544,7.545,-8.0,-7.99,4.176,-5.52,530.731
CND_190_5,0,2026-09-11 16:02,120,-10.025,-2.343,-5.0,-8.459,0.785,-2.5,530.731
CND_190_5,0,2026-09-11 18:02,121,-9.285,-1.671,-6.0,-7.706,0.319,-3.479,530.731
CND_190_5,0,2026-09-11 20:02,122,-9.422,-4.496,-6.0,-7.83,-1.853,-3.458,530.731
CND_190_5,0,2026-09-11 22:02,123,-9.285,-1.671,-5.0,-7.68,1.13,-2.438,530.731
CND_190_5,0,2026-09-12 00:02,124,-9.285,-1.671,-4.0,-7.667,0.16,-1.417,530.731
CND_190_5,0,2026-09-12 02:02,125,-9.957,-0.931,-2.0,-8.326,0.594,0.604,530.731
CND_190_5,0,2026-09-12 04:01,126,-9.957,-0.931,-4.0,-8.313,-0.002,-1.376,530.731
CND_190_5,0,2026-09-12 06:02,127,-10.094,-3.756,-1.0,-8.437,-1.605,1.645,530.731
CND_190_5,0,2026-09-12 08:02,128,-9.767,-11.559,-9.0,-8.097,-0.34,-6.334,530.731
CND_190_5,0,2026-09-12 10:02,129,-9.698,-10.147,-4.0,-8.015,-3.397,-1.314,530.731
CND_190_5,0,2026-09-12 12:02,130,-7.063,0.344,-17.0,-5.367,-3.641,-14.293,530.731
CND_190_5,0,2026-09-12 14:02,131,-9.216,-0.259,-6.0,-7.507,0.036,-3.272,530.731
CND_190_5,0,2026-09-12 16:02,132,-8.613,-2.412,-9.0,-6.891,-0.454,-6.252,530.731
CND_190_5,0,2026-09-12 18:02,133,-10.094,-3.756,-7.0,-8.36,-3.863,-4.231,530.731
CND_190_5,0,2026-09-12 20:02,134,-9.216,-0.259,-8.0,-7.468,1.108,-5.21,530.731
CND_190_5,0,2026-09-12 22:02,135,-10.697,-1.603,0.0,-8.937,-1.112,2.81,530.731
CND_190_5,0,2026-09-13 00:02,136,-9.354,-3.084,-7.0,-7.58,-2.424,-4.169,530.731
CND_190_5,0,2026-09-13 02:02,137,-8.613,-2.412,-9.0,-6.827,-0.969,-6.148,530.731
CND_190_5,0,2026-09-13 04:02,138,-10.025,-2.343,-4.0,-8.226,-2.492,-1.128,530.731
CND_190_5,0,2026-09-13 06:02,139,-11.507,-3.687,0.0,-9.695,-0.211,2.893,530.731
CND_190_5,0,2026-09-13 08:02,140,-10.37,-9.406,-6.0,-8.545,-5.887,-3.086,530.731
CND_190_5,0,2026-09-13 10:02,141,-10.628,-0.19,-7.0,-8.79,6.683,-4.066,530.731
CND_190_6,0,2026-09-01 14:03,0,0.312,0.391,-4.5,0.313,-1.266,-4.499,517.42
CND_190_6,0,2026-09-01 16:03,1,0.469,-1.015,-2.5,0.482,-2.226,-2.479,517.42
CND_190_6,0,2026-09-01 18:03,2,0.312,0.391,0.5,0.338,0.391,0.542,517.42
CND_190_6,0,2026-09-01 20:03,3,0.469,-1.015,0.5,0.507,-0.469,0.563,517.42
CND_190_6,0,2026-09-01 22:03,4,-0.312,-0.391,1.5,-0.261,-0.144,1.583,517.42
CND_190_6,0,2026-09-02 00:03,5,0.312,0.391,-0.5,0.376,0.391,-0.396,517.42
CND_190_6,0,2026-09-02 02:03,6,0.312,0.391,2.5,0.388,0.391,2.624,517.42
CND_190_6,0,2026-09-02 04:03,7,0.469,-1.015,1.5,0.558,-1.857,1.645,517.42
CND_190_6,0,2026-09-02 06:03,8,0.312,0.391,-1.5,0.413,-0.264,-1.334,517.42
CND_190_6,0,2026-09-02 08:03,9,-0.467,-5.388,3.5,-0.353,1.287,3.686,517.42
CND_190_6,0,2026-09-02 10:03,10,0.312,0.391,-0.5,0.439,1.423,-0.293,517.42
CND_190_6,0,2026-09-02 12:03,11,1.872,5.545,-9.5,2.011,-3.583,-9.272,517.42
CND_190_6,0,2026-09-02 14:03,12,0.307,13.197,-6.5,0.459,4.069,-6.252,517.42
CND_190_6,0,2026-09-02 16:03,13,-0.158,4.607,-1.5,0.006,-3.037,-1.231,517.42
CND_190_6,0,2026-09-02 18:03,14,-0.469,1.015,0.5,-0.292,0.091,0.79,517.42
CND_190_6,0,2026-09-02 20:03,15,-0.469,1.015,-1.5,-0.279,0.127,-1.19,517.42
CND_190_6,0,2026-09-02 22:03,16,0.312,0.391,-0.5,0.514,-1.056,-0.169,517.42
CND_190_6,0,2026-09-03 00:03,17,0.156,1.796,-0.5,0.37,-0.226,-0.148,517.42
CND_190_6,0,2026-09-03 02:03,18,-0.469,1.015,1.5,-0.241,-1.263,1.872,517.42
CND_190_6,0,2026-09-03 04:03,19,-0.469,1.015,1.5,-0.229,-1.105,1.893,517.42
CND_190_6,0,2026-09-03 06:03,20,-0.937,-1.172,3.5,-0.684,0.047,3.914,517.42
CND_190_6,0,2026-09-03 08:03,21,-1.872,-5.545,3.5,-1.607,0.966,3.934,517.42
CND_190_6,0,2026-09-03 10:03,22,-1.561,-1.953,3.5,-1.283,-0.189,3.955,517.42
CND_190_6,0,2026-09-03 12:03,23,-0.16,11.01,-4.5,0.13,4.354,-4.024,517.42
CND_190_6,0,2026-09-03 14:03,24,-0.004,9.605,-7.5,0.3,0.081,-7.004,517.42
CND_190_6,0,2026-09-03 16:03,25,-2.188,3.669,0.5,-1.872,-1.351,1.017,517.42
CND_190_6,0,2026-09-03 18:03,26,-0.78,-2.577,-2.5,-0.452,-2.78,-1.962,517.42
CND_190_6,0,2026-09-03 20:03,27,-0.937,-1.172,-1.5,-0.596,-1.055,-0.942,517.42
CND_190_6,0,2026-09-03 22:03,28,-0.469,1.015,-0.5,-0.115,1.015,0.079,517.42
CND_190_6,0,2026-09-04 00:03,29,-0.312,-0.391,-1.5,0.054,-0.825,-0.9,517.42
CND_190_6,0,2026-09-04 02:03,30,-0.312,-0.391,-4.5,0.067,-0.765,-3.88,517.42
CND_190_6,0,2026-09-04 04:03,31,-0.156,-1.796,-2.5,0.236,-2.916,-1.859,517.42
CND_190_6,0,2026-09-04 06:03,32,-1.404,-3.358,0.5,-1.0,-0.807,1.162,517.42
CND_190_6,0,2026-09-04 08:03,33,-0.623,-3.983,1.5,-0.207,0.094,2.182,517.42
CND_190_6,0,2026-09-04 10:03,34,-0.001,3.202,-7.5,0.428,5.351,-6.797,517.42
CND_190_6,0,2026-09-04 12:04,35,-0.469,1.015,-2.5,-0.027,-6.078,-1.776,517.42
CND_190_6,0,2026-09-04 14:03,36,-1.096,6.637,-1.5,-0.641,-1.113,-0.756,517.42
CND_190_6,0,2026-09-04 16:03,37,-0.785,10.229,-4.5,-0.317,0.147,-3.735,517.42
CND_190_6,0,2026-09-04 18:03,38,-0.78,-2.577,-1.5,-0.3,-2.184,-0.714,517.42
CND_190_6,0,2026-09-04 20:03,39,-0.156,-1.796,-1.5,0.337,-1.002,-0.694,517.42
CND_190_6,0,2026-09-04 22:03,40,-1.093,0.234,-0.5,-0.588,0.545,0.327,517.42
CND_190_6,0,2026-09-05 00:03,41,-1.093,0.234,1.5,-0.576,-0.479,2.348,517.42
CND_190_6,0,2026-09-05 02:03,42,-1.093,0.234,1.5,-0.563,0.208,2.368,517.42
CND_190_6,0,2026-09-05 04:03,43,-0.937,-1.172,-0.5,-0.394,-1.43,0.389,517.42
CND_190_6,0,2026-09-05 06:03,44,-1.872,-5.545,2.5,-1.317,-0.982,3.41,517.42
CND_190_6,0,2026-09-05 08:03,45,-1.089,-12.572,-4.5,-0.52,-3.023,-3.57,517.42
CND_190_6,0,2026-09-05 10:03,46,-1.87,-11.948,0.5,-1.289,-8.463,1.451,517.42
CND_190_6,0,2026-09-05 12:03,47,-1.722,12.259,-4.5,-1.129,7.106,-3.528,517.42
CND_190_6,0,2026-09-05 14:03,48,-1.25,1.639,-5.5,-0.644,-5.244,-4.508,517.42
CND_190_6,0,2026-09-05 16:03,49,-1.722,12.259,-4.5,-1.104,3.597,-3.487,517.42
CND_190_6,0,2026-09-05 18:03,50,-2.031,2.264,-2.5,-1.4,4.225,-1.466,517.42
CND_190_6,0,2026-09-05 20:04,51,-1.404,-3.358,-1.5,-0.76,-1.284,-0.446,517.42
CND_190_6,0,2026-09-05 22:03,52,-0.937,-1.172,-3.5,-0.28,0.834,-2.425,517.42
CND_190_6,0,2026-09-06 00:03,53,-0.937,-1.172,-0.5,-0.268,-0.682,0.596,517.42
CND_190_6,0,2026-09-06 02:03,54,-1.561,-1.953,-2.5,-0.879,-1.392,-1.384,517.42
CND_190_6,0,2026-09-06 04:03,55,-1.718,-0.547,-1.5,-1.023,-0.234,-0.363,517.42
CND_190_6,0,2026-09-06 06:03,56,-1.561,-1.953,-1.5,-0.854,-1.434,-0.342,517.42
CND_190_6,0,2026-09-06 10:03,58,-3.434,-4.296,2.5,-2.702,0.039,3.699,517.42
CND_190_6,0,2026-09-06 12:03,59,-2.185,-2.734,-3.5,-1.441,-3.164,-2.28,517.42
CND_190_6,0,2026-09-06 14:03,60,-2.81,-3.515,0.5,-2.052,-1.413,1.74,517.42
CND_190_6,0,2026-09-06 16:03,61,-2.185,-2.734,-4.5,-1.415,-1.339,-3.239,517.42
CND_190_6,0,2026-09-06 18:03,62,-2.185,-2.734,-3.5,-1.403,-1.471,-2.218,517.42
CND_190_6,0,2026-09-06 20:03,63,-2.185,-2.734,-1.5,-1.39,-0.655,-0.198,517.42
CND_190_6,0,2026-09-06 22:03,64,-1.718,-0.547,-1.5,-0.91,0.86,-0.177,517.42
CND_190_6,0,2026-09-07 00:03,65,-1.718,-0.547,-2.5,-0.897,0.364,-1.157,517.42
CND_190_6,0,2026-09-07 02:03,66,-1.561,-1.953,-2.5,-0.728,-0.882,-1.136,517.42
CND_190_6,0,2026-09-07 04:03,67,-1.561,-1.953,-2.5,-0.715,0.149,-1.115,517.42
CND_190_6,0,2026-09-07 06:03,68,-2.029,-4.139,-0.5,-1.17,-1.757,0.905,517.42
CND_190_6,0,2026-09-07 08:03,69,-1.872,-5.545,-0.5,-1.001,0.505,0.926,517.42
CND_190_6,0,2026-09-07 10:03,70,-2.967,-2.109,-1.5,-2.083,-0.224,-0.053,517.42
CND_190_6,0,2026-09-07 12:03,71,-2.969,4.294,-0.5,-2.073,1.065,0.967,517.42
CND_190_6,0,2026-09-07 14:03,72,-3.282,7.105,-1.5,-2.373,0.363,-0.012,517.42
CND_190_6,0,2026-09-07 18:04,73,-2.185,-2.734,-3.5,-1.251,-0.485,-1.97,517.42
CND_190_6,0,2026-09-07 20:03,74,-2.81,-3.515,-2.5,-1.863,-1.899,-0.95,517.42
CND_190_6,0,2026-09-07 22:03,75,-2.342,-1.328,-3.5,-1.383,-0.27,-1.929,517.42
CND_190_6,0,2026-09-08 00:03,76,-2.499,0.077,-2.5,-1.527,0.869,-0.909,517.42
CND_190_6,0,2026-09-08 02:03,77,-2.342,-1.328,-3.5,-1.358,-0.302,-1.888,517.42
CND_190_6,0,2026-09-08 04:03,78,-2.499,0.077,-2.5,-1.502,0.208,-0.867,517.42
CND_190_6,0,2026-09-08 06:03,79,-2.342,-1.328,-3.5,-1.332,-0.423,-1.847,517.42
CND_190_6,0,2026-09-08 08:03,80,-4.524,-13.667,1.5,-3.502,-4.049,3.174,517.42
CND_190_6,0,2026-09-08 10:03,81,-3.121,-7.107,-1.5,-2.086,-2.539,0.195,517.42
CND_190_6,0,2026-09-08 12:03,82,-2.185,-2.734,-6.5,-1.138,-0.238,-4.785,517.42
CND_190_6,0,2026-09-08 14:03,83,-2.81,-3.515,-8.5,-1.75,-5.179,-6.764,517.42
CND_190_6,0,2026-09-08 16:03,84,-3.591,-2.891,-2.5,-2.518,-0.288,-0.743,517.42
CND_190_6,0,2026-09-08 18:03,85,-2.81,-3.515,-3.5,-1.724,-1.142,-1.723,517.42
CND_190_6,0,2026-09-08 20:03,86,-2.81,-3.515,-4.5,-1.712,-1.459,-2.702,517.42
CND_190_6,0,2026-09-08 22:03,87,-3.434,-4.296,-1.5,-2.324,-2.608,0.319,517.42
CND_190_6,0,2026-09-09 00:53,88,-3.28,0.702,-2.5,-2.151,1.481,-0.652,517.42
CND_190_6,0,2026-09-09 02:03,89,-3.28,0.702,-3.5,-2.144,1.476,-1.64,517.42
CND_190_6,0,2026-09-09 04:03,90,-3.437,2.107,-3.5,-2.288,2.629,-1.619,517.42
CND_190_6,0,2026-09-09 06:03,91,-2.342,-1.328,-3.5,-1.181,-0.547,-1.599,517.42
CND_190_6,0,2026-09-09 08:04,92,-4.213,-10.075,-1.5,-3.039,-1.142,0.422,517.42
CND_190_6,0,2026-09-09 10:03,93,-2.183,-9.137,-10.5,-0.997,-5.669,-8.557,517.42
CND_190_6,0,2026-09-09 12:03,94,-1.874,0.858,-12.5,-0.675,-2.606,-10.537,517.42
CND_190_6,0,2026-09-09 14:04,95,-3.904,-0.08,-7.5,-2.693,-2.971,-5.516,517.42
CND_190_6,0,2026-09-09 16:05,96,-4.372,-2.266,-4.5,-3.148,-1.333,-2.495,517.42
CND_190_6,0,2026-09-09 18:03,97,-3.748,-1.485,-4.5,-2.511,1.656,-2.475,517.42
CND_190_6,0,2026-09-09 20:03,98,-2.967,-2.109,-5.5,-1.717,-0.098,-3.454,517.42
CND_190_6,0,2026-09-09 22:03,99,-4.059,-5.077,-3.5,-2.797,-2.756,-1.433,517.42
CND_190_6,0,2026-09-10 00:03,100,-4.215,-3.672,-2.5,-2.941,-2.033,-0.413,517.42
CND_190_6,0,2026-09-10 02:03,101,-3.434,-4.296,-4.5,-2.147,-4.188,-2.392,517.42
CND_190_6,0,2026-09-10 04:03,102,-3.748,-1.485,-2.5,-2.448,-0.922,-0.371,517.42
CND_190_6,0,2026-09-10 06:03,103,-4.372,-2.266,-3.5,-3.059,-1.279,-1.351,517.42
CND_190_6,0,2026-09-10 08:03,104,-4.681,-12.261,-0.5,-3.356,-2.503,1.67,517.42
CND_190_6,0,2026-09-10 10:03,105,-3.278,-5.702,-9.5,-1.94,-0.669,-7.309,517.42
CND_190_6,0,2026-09-10 12:03,106,-4.218,2.731,-8.5,-2.867,0.0,-6.289,517.42
CND_190_6,0,2026-09-10 14:04,107,-4.374,4.137,-7.5,-3.011,-1.01,-5.268,517.42
CND_190_6,0,2026-09-10 16:03,108,-4.84,-4.453,-4.5,-3.464,-2.263,-2.247,517.42
CND_190_6,0,2026-09-10 18:03,109,-4.372,-2.266,-5.5,-2.984,0.0,-3.227,517.42
CND_190_6,0,2026-09-10 20:03,110,-4.372,-2.266,-5.5,-2.971,-0.076,-3.206,517.42
CND_190_6,0,2026-09-10 22:03,111,-4.372,-2.266,-6.5,-2.959,-0.593,-4.185,517.42
CND_190_6,0,2026-09-11 00:03,112,-4.215,-3.672,-4.5,-2.789,-3.037,-2.165,517.42
CND_190_6,0,2026-09-11 02:03,113,-5.153,-1.642,-3.5,-3.714,0.0,-1.144,517.42
CND_190_6,0,2026-09-11 04:03,114,-4.84,-4.453,-3.5,-3.388,-4.003,-1.123,517.42
CND_190_6,0,2026-09-11 06:03,115,-4.84,-4.453,-3.5,-3.376,-1.987,-1.103,517.42
CND_190_6,0,2026-09-11 08:03,116,-5.151,-8.045,-3.5,-3.674,0.511,-1.082,517.42
CND_190_6,0,2026-09-11 10:04,117,-4.84,-4.453,-4.5,-3.35,-0.681,-2.061,517.42
CND_190_6,0,2026-09-11 12:03,118,-5.78,3.98,-6.5,-4.278,0.079,-4.041,517.42
CND_190_6,0,2026-09-11 14:03,119,-4.996,-3.047,-8.5,-3.482,-6.331,-6.02,517.42
CND_190_6,0,2026-09-11 16:03,120,-5.307,-6.639,-7.5,-3.78,-3.59,-4.999,517.42
CND_190_6,0,2026-09-11 18:03,121,-5.621,-3.828,-4.5,-4.081,-1.888,-1.979,517.42
CND_190_6,0,2026-09-11 20:03,122,-4.84,-4.453,-7.5,-3.287,-1.876,-4.958,517.42
CND_190_6,0,2026-09-11 22:03,123,-5.153,-1.642,-3.5,-3.588,1.09,-0.937,517.42
CND_190_6,0,2026-09-12 00:03,124,-5.778,-2.423,-2.5,-4.2,-0.638,0.083,517.42
CND_20,0,2026-09-01 14:08,0,0.048,3.0,0.0,0.048,2.352,0.001,202.416
CND_20,0,2026-09-01 16:06,1,0.016,1.0,-2.0,0.021,0.526,-1.978,202.416
CND_20,0,2026-09-01 18:07,2,0.0,-0.0,-1.0,0.01,-0.0,-0.957,202.416
CND_20,0,2026-09-01 20:06,3,-0.016,-1.0,1.0,-0.001,-0.786,1.063,202.416
CND_20,0,2026-09-01 22:07,4,0.0,-0.0,0.0,0.02,0.097,0.084,202.416
CND_20,0,2026-09-02 00:07,5,0.0,-0.0,1.0,0.025,-0.0,1.105,202.416
CND_20,0,2026-09-02 02:07,6,0.0,-0.0,1.0,0.03,-0.0,1.125,202.416
CND_20,0,2026-09-02 04:06,7,0.0,-0.0,-1.0,0.035,-0.329,-0.854,202.416
CND_20,0,2026-09-02 06:07,8,0.016,1.0,0.0,0.056,0.744,0.166,202.416
CND_20,0,2026-09-02 08:07,9,-0.048,-3.0,0.0,-0.003,-0.388,0.187,202.416
CND_20,0,2026-09-02 10:08,10,0.0,-0.0,-1.0,0.05,0.404,-0.792,202.416
CND_20,0,2026-09-02 12:08,11,0.064,3.999,-1.0,0.119,0.429,-0.771,202.416
CND_20,0,2026-09-02 14:07,12,-0.92,5.015,-1.0,-0.86,1.444,-0.751,202.416
CND_20,0,2026-09-02 16:07,13,-0.952,3.016,-1.0,-0.887,0.025,-0.73,202.416
CND_20,0,2026-09-02 18:06,14,0.0,-0.0,-1.0,0.069,-0.361,-0.71,202.416
CND_20,0,2026-09-02 20:07,15,0.0,-0.0,0.0,0.074,-0.347,0.311,202.416
CND_20,0,2026-09-02 22:07,16,0.016,1.0,0.0,0.095,0.434,0.332,202.416
CND_20,0,2026-09-03 00:06,17,0.016,1.0,0.0,0.1,0.209,0.352,202.416
CND_20,0,2026-09-03 02:07,18,0.016,1.0,0.0,0.105,0.109,0.373,202.416
CND_20,0,2026-09-03 04:07,19,0.016,1.0,0.0,0.11,0.171,0.394,202.416
CND_20,0,2026-09-03 06:07,20,-0.016,-1.0,0.0,0.083,-0.523,0.414,202.416
CND_20,0,2026-09-03 08:08,21,-1.032,-1.984,1.0,-0.928,0.563,1.435,202.416
CND_20,0,2026-09-03 10:08,22,0.016,1.0,-2.0,0.125,1.69,-1.544,202.416
CND_20,0,2026-09-03 12:08,23,-0.92,5.015,1.0,-0.806,2.412,1.477,202.416
CND_20,0,2026-09-03 14:07,24,-0.92,5.015,0.0,-0.801,1.29,0.497,202.416
CND_20,0,2026-09-03 16:07,25,-0.968,2.016,1.0,-0.844,0.052,1.518,202.416
CND_20,0,2026-09-03 18:06,26,-1.0,0.016,0.0,-0.871,-0.063,0.538,202.416
CND_20,0,2026-09-03 20:06,27,-1.0,0.016,0.0,-0.866,0.062,0.559,202.416
CND_20,0,2026-09-03 22:07,28,0.0,-0.0,0.0,0.138,-0.0,0.58,202.416
CND_20,0,2026-09-04 00:07,29,0.0,-0.0,0.0,0.143,-0.17,0.6,202.416
CND_20,0,2026-09-04 02:07,30,0.0,-0.0,-2.0,0.148,-0.146,-1.379,202.416
CND_20,0,2026-09-04 04:07,31,0.0,-0.0,-1.0,0.153,-0.438,-0.358,202.416
CND_20,0,2026-09-04 06:07,32,-1.032,-1.984,1.0,-0.874,-0.986,1.662,202.416
CND_20,0,2026-09-04 08:07,33,-1.016,-0.984,1.0,-0.853,0.611,1.683,202.416
CND_20,0,2026-09-04 10:08,34,-1.016,-0.984,0.0,-0.848,-0.143,0.704,202.416
CND_20,0,2026-09-04 12:08,35,-0.936,4.015,-1.0,-0.763,1.241,-0.275,202.416
CND_20,0,2026-09-04 14:09,36,-0.936,4.015,0.0,-0.758,0.984,0.745,202.416
CND_20,0,2026-09-04 16:07,37,-0.92,5.015,-2.0,-0.737,1.071,-1.234,202.416
CND_20,0,2026-09-04 18:06,38,-1.0,0.016,-2.0,-0.812,0.17,-1.214,202.416
CND_20,0,2026-09-04 20:07,39,-0.984,1.016,-2.0,-0.791,1.327,-1.193,202.416
CND_20,0,2026-09-04 22:07,40,-1.0,0.016,-1.0,-0.802,0.138,-0.172,202.416
CND_20,0,2026-09-05 00:07,41,-1.016,-0.984,2.0,-0.813,-1.263,2.848,202.416
CND_20,0,2026-09-05 02:06,42,-1.0,0.016,0.0,-0.792,0.006,0.869,202.416
CND_20,0,2026-09-05 04:07,43,-0.984,1.016,1.0,-0.771,0.915,1.89,202.416
CND_20,0,2026-09-05 06:07,44,-1.048,-2.984,-1.0,-0.83,-1.198,-0.09,202.416
CND_20,0,2026-09-05 08:08,45,-1.064,-3.984,-1.0,-0.841,-0.248,-0.069,202.416
CND_20,0,2026-09-05 10:08,46,-1.016,-0.984,-2.0,-0.788,0.38,-1.048,202.416
CND_20,0,2026-09-05 12:08,47,-0.968,2.016,-3.0,-0.736,0.0,-2.028,202.416
CND_20,0,2026-09-05 14:08,48,-0.952,3.016,-4.0,-0.715,0.323,-3.007,202.416
CND_20,0,2026-09-05 16:08,49,-1.936,4.031,0.0,-1.694,0.643,1.014,202.416
CND_20,0,2026-09-05 18:07,50,-1.016,-0.984,-1.0,-0.769,-0.217,0.034,202.416
CND_20,0,2026-09-05 20:08,51,-1.032,-1.984,0.0,-0.78,-1.172,1.055,202.416
CND_20,0,2026-09-05 22:07,52,-1.016,-0.984,-1.0,-0.759,-0.199,0.076,202.416
CND_20,0,2026-09-06 00:06,53,-0.952,3.016,-2.0,-0.69,3.207,-0.904,202.416
CND_20,0,2026-09-06 04:07,55,-1.0,0.016,-1.0,-0.728,0.138,0.138,202.416
CND_20,0,2026-09-06 06:07,56,-1.016,-0.984,-2.0,-0.739,-0.781,-0.842,202.416
CND_20,0,2026-09-06 08:06,57,-0.984,1.016,-1.0,-0.702,1.016,0.179,202.416
CND_20,0,2026-09-06 10:08,58,-1.016,-0.984,-2.0,-0.729,0.712,-0.8,202.416
CND_20,0,2026-09-06 12:07,59,-2.0,0.032,-2.0,-1.708,-0.136,-0.78,202.416
CND_20,0,2026-09-06 14:07,60,-2.016,-0.968,-1.0,-1.719,-0.145,0.241,202.416
CND_20,0,2026-09-06 18:07,62,-1.984,1.032,-1.0,-1.677,1.526,0.282,202.416
CND_20,0,2026-09-07 00:07,65,-1.016,-0.984,-1.0,-0.695,-0.627,0.344,202.416
CND_20,0,2026-09-07 02:07,66,-2.0,0.032,-2.0,-1.674,0.451,-0.635,202.416
CND_20,0,2026-09-07 04:06,67,-1.016,-0.984,-2.0,-0.685,-0.162,-0.615,202.416
CND_20,0,2026-09-07 06:07,68,-2.016,-0.968,-1.0,-1.68,-0.036,0.406,202.416
CND_20,0,2026-09-07 08:07,69,-2.032,-1.968,-2.0,-1.691,0.399,-0.573,202.416
CND_20,0,2026-09-07 10:07,70,-2.016,-0.968,0.0,-1.67,-0.23,1.447,202.416
CND_20,0,2026-09-07 12:07,71,-1.952,3.032,-2.0,-1.601,1.769,-0.532,202.416
CND_20,0,2026-09-07 14:07,72,-1.936,4.031,-2.0,-1.58,1.394,-0.511,202.416
CND_20,0,2026-09-07 18:08,73,-2.016,-0.968,-2.0,-1.65,-0.088,-0.47,202.416
CND_20,0,2026-09-07 20:07,74,-2.016,-0.968,-3.0,-1.645,-0.336,-1.449,202.416
CND_20,0,2026-09-07 22:07,75,-2.016,-0.968,-1.0,-1.64,-0.554,0.571,202.416
CND_200_3,0,2026-09-01 14:01,0,3.339,2.203,-14.0,3.339,0.328,-14.0,585.915
CND_200_3,0,2026-09-01 16:01,1,0.284,1.385,0.0,0.298,0.014,0.021,585.915
CND_200_3,0,2026-09-01 18:01,2,0.551,-0.835,0.0,0.58,-0.835,0.041,585.915
CND_200_3,0,2026-09-01 20:01,3,0.0,-0.0,0.0,0.043,0.618,0.062,585.915
CND_200_3,0,2026-09-01 22:01,4,0.0,-0.0,0.0,0.057,0.28,0.083,585.915
CND_200_3,0,2026-09-02 00:01,5,0.0,-0.0,1.0,0.072,-0.0,1.103,585.915
CND_200_3,0,2026-09-02 02:01,6,0.284,1.385,1.0,0.37,1.385,1.124,585.915
CND_200_3,0,2026-09-02 04:01,7,0.284,1.385,-2.0,0.384,0.432,-1.855,585.915
CND_200_3,0,2026-09-02 06:01,8,0.568,2.771,-2.0,0.682,2.029,-1.835,585.915
CND_200_3,0,2026-09-02 08:01,9,-2.254,-7.478,9.0,-2.125,0.081,9.186,585.915
CND_200_3,0,2026-09-02 10:01,10,0.818,-3.055,-10.0,0.961,-1.885,-9.793,585.915
CND_200_3,0,2026-09-02 12:01,11,1.72,11.918,-16.0,1.877,1.582,-15.773,585.915
CND_200_3,0,2026-09-02 14:01,12,-0.534,4.44,-5.0,-0.362,-5.896,-4.752,585.915
CND_200_3,0,2026-09-02 16:01,13,-0.517,8.046,-6.0,-0.331,-0.61,-5.731,585.915
CND_200_3,0,2026-09-02 18:01,14,-1.118,-1.936,-1.0,-0.918,-2.982,-0.711,585.915
CND_200_3,0,2026-09-02 20:01,15,-0.267,2.22,-4.0,-0.053,1.214,-3.69,585.915
CND_200_3,0,2026-09-02 22:01,16,-0.818,3.055,-3.0,-0.589,1.416,-2.669,585.915
CND_200_3,0,2026-09-03 00:01,17,-1.369,3.889,-2.0,-1.126,1.599,-1.649,585.915
CND_200_3,0,2026-09-03 02:01,18,-0.534,4.44,-2.0,-0.277,1.86,-1.628,585.915
CND_200_3,0,2026-09-03 04:01,19,-1.085,5.275,-1.0,-0.813,2.874,-0.607,585.915
CND_200_3,0,2026-09-03 06:01,20,-1.118,-1.936,-1.0,-0.833,-0.556,-0.587,585.915
CND_200_3,0,2026-09-03 08:01,21,-3.355,-5.809,0.0,-3.055,1.564,0.434,585.915
CND_200_3,0,2026-09-03 10:01,22,-1.953,-2.487,-3.0,-1.639,-0.49,-2.545,585.915
CND_200_3,0,2026-09-03 12:01,23,-2.487,1.953,-5.0,-2.158,-5.584,-4.525,585.915
CND_200_3,0,2026-09-03 14:01,24,-1.335,11.1,-5.0,-0.992,0.316,-4.504,585.915
CND_200_3,0,2026-09-03 16:01,25,-2.203,3.339,-1.0,-1.846,-2.346,-0.483,585.915
CND_200_3,0,2026-09-03 18:01,26,-3.055,-0.818,0.0,-2.683,-1.047,0.537,585.915
CND_200_3,0,2026-09-03 20:01,27,-1.953,-2.487,-5.0,-1.567,-2.354,-4.442,585.915
CND_200_3,0,2026-09-03 22:01,28,-1.652,2.504,-3.0,-1.252,2.504,-2.421,585.915
CND_200_3,0,2026-09-04 00:01,29,-1.953,-2.487,-4.0,-1.539,-2.979,-3.401,585.915
CND_200_3,0,2026-09-04 02:01,30,-1.936,1.118,-5.0,-1.507,0.694,-4.38,585.915
CND_200_3,0,2026-09-04 04:01,31,-1.652,2.504,-5.0,-1.209,1.236,-4.359,585.915
CND_200_3,0,2026-09-04 06:01,32,-3.072,-4.423,0.0,-2.614,-1.534,0.661,585.915
CND_200_3,0,2026-09-04 08:01,33,-2.237,-3.872,-2.0,-1.765,0.744,-1.318,585.915
CND_200_3,0,2026-09-04 10:01,34,-2.788,-3.038,-6.0,-2.302,-0.603,-5.297,585.915
CND_200_3,0,2026-09-04 12:01,35,-2.737,7.779,-5.0,-2.237,-0.254,-4.277,585.915
CND_200_3,0,2026-09-04 14:01,36,-0.801,6.66,-16.0,-0.286,-2.116,-15.256,585.915
CND_200_3,0,2026-09-04 16:01,37,-3.271,12.219,-2.0,-2.742,0.802,-1.235,585.915
CND_200_3,0,2026-09-04 18:01,38,-3.055,-0.818,-3.0,-2.512,-0.372,-2.215,585.915
CND_200_3,0,2026-09-04 20:01,39,-2.771,0.568,-3.0,-2.214,1.467,-2.194,585.915
CND_200_3,0,2026-09-04 22:01,40,-3.055,-0.818,-1.0,-2.483,-0.465,-0.173,585.915
CND_200_3,0,2026-09-05 00:01,41,-3.322,1.402,-2.0,-2.736,0.595,-1.153,585.915
CND_200_3,0,2026-09-05 02:01,42,-4.156,0.851,-1.0,-3.556,0.823,-0.132,585.915
CND_200_3,0,2026-09-05 04:01,43,-3.606,0.017,0.0,-2.991,-0.275,0.889,585.915
CND_200_3,0,2026-09-05 06:01,44,-4.741,-5.525,1.0,-4.112,-0.357,1.909,585.915
CND_200_3,0,2026-09-05 08:01,45,-5.041,-10.516,1.0,-4.398,0.297,1.93,585.915
CND_200_3,0,2026-09-05 10:01,46,-3.088,-8.029,-9.0,-2.431,-4.082,-8.049,585.915
CND_200_3,0,2026-09-05 12:01,47,-3.555,10.833,-10.0,-2.883,4.999,-9.029,585.915
CND_200_3,0,2026-09-05 14:01,48,-3.572,7.228,-8.0,-2.886,-0.567,-7.008,585.915
CND_200_3,0,2026-09-05 16:01,49,-3.288,8.613,-7.0,-2.588,-1.196,-5.987,585.915
CND_200_3,0,2026-09-05 18:01,50,-3.322,1.402,-9.0,-2.607,3.623,-7.967,585.915
CND_200_3,0,2026-09-05 20:01,51,-3.606,0.017,-5.0,-2.877,2.366,-3.946,585.915
CND_200_3,0,2026-09-05 22:01,52,-3.622,-3.589,-5.0,-2.879,-1.317,-3.925,585.915
CND_200_3,0,2026-09-06 00:01,53,-4.44,-0.534,-1.0,-3.683,0.02,0.095,585.915
CND_200_3,0,2026-09-06 02:01,54,-4.44,-0.534,-2.0,-3.668,0.1,-0.884,585.915
CND_200_3,0,2026-09-06 04:01,55,-5.542,1.135,0.0,-4.756,1.49,1.137,585.915
CND_200_3,0,2026-09-06 06:01,56,-5.542,1.135,0.0,-4.742,1.723,1.157,585.915
CND_200_3,0,2026-09-06 10:01,58,-4.724,-1.919,-5.0,-3.895,2.99,-3.801,585.915
CND_200_3,0,2026-09-06 12:01,59,-3.889,-1.369,-13.0,-3.046,-1.856,-11.781,585.915
CND_200_3,0,2026-09-06 14:01,60,-5.275,-1.085,-5.0,-4.417,1.296,-3.76,585.915
CND_200_3,0,2026-09-06 16:01,61,-5.292,-4.69,-5.0,-4.42,-3.111,-3.739,585.915
CND_200_3,0,2026-09-06 18:01,62,-6.109,-1.636,-4.0,-5.223,-0.205,-2.719,585.915
CND_200_3,0,2026-09-06 20:01,63,-5.842,-3.856,-5.0,-4.942,-1.502,-3.698,585.915
CND_200_3,0,2026-09-06 22:01,64,-6.677,-4.406,1.0,-5.763,-2.813,2.322,585.915
CND_200_3,0,2026-09-07 00:01,65,-5.559,-2.47,-1.0,-4.63,-1.438,0.343,585.915
CND_200_3,0,2026-09-07 02:01,66,-5.842,-3.856,-4.0,-4.899,-2.643,-2.636,585.915
CND_200_3,0,2026-09-07 04:01,67,-6.41,-6.627,-2.0,-5.453,-4.247,-0.616,585.915
CND_200_3,0,2026-09-07 06:01,68,-5.275,-1.085,-4.0,-4.303,1.613,-2.595,585.915
CND_200_3,0,2026-09-07 08:01,69,-8.063,-4.123,6.0,-7.077,2.728,7.426,585.915
CND_200_3,0,2026-09-07 10:01,70,-6.944,-2.186,-1.0,-5.944,-0.052,0.446,585.915
CND_200_3,0,2026-09-07 12:01,71,-5.258,2.521,-10.0,-4.243,-1.135,-8.533,585.915
CND_200_3,0,2026-09-07 14:01,72,-6.894,8.63,-4.0,-5.865,0.996,-2.512,585.915
CND_200_3,0,2026-09-07 18:01,73,-6.944,-2.186,-4.0,-5.887,0.36,-2.471,585.915
CND_200_3,0,2026-09-07 20:01,74,-6.109,-1.636,-9.0,-5.038,0.194,-7.45,585.915
CND_200_3,0,2026-09-07 22:01,75,-6.393,-3.021,-7.0,-5.307,-1.823,-5.43,585.915
CND_200_3,0,2026-09-08 00:01,76,-7.211,0.034,-5.0,-6.111,0.93,-3.409,585.915
CND_200_3,0,2026-09-08 02:01,77,-6.109,-1.636,-7.0,-4.995,-0.474,-5.388,585.915
CND_200_3,0,2026-09-08 04:01,78,-7.211,0.034,-3.0,-6.082,0.182,-1.368,585.915
CND_200_3,0,2026-09-08 06:01,79,-7.495,-1.352,-4.0,-6.352,-0.326,-2.347,585.915
CND_200_3,0,2026-09-08 08:01,80,-9.482,-11.05,2.0,-8.324,-0.158,3.674,585.915
CND_200_3,0,2026-09-08 10:01,81,-8.647,-10.499,0.0,-7.475,-5.327,1.694,585.915
CND_200_3,0,2026-09-08 12:01,82,-8.063,-4.123,-2.0,-6.876,-1.296,-0.285,585.915
CND_200_3,0,2026-09-08 14:01,83,-7.211,0.034,-6.0,-6.011,-1.851,-4.264,585.915
CND_200_3,0,2026-09-08 16:01,84,-7.228,-3.572,-9.0,-6.013,-0.624,-7.244,585.915
CND_200_3,0,2026-09-08 18:01,85,-7.495,-1.352,-6.0,-6.266,1.335,-4.223,585.915
CND_200_3,0,2026-09-08 20:01,86,-7.211,0.034,-7.0,-5.968,2.362,-5.202,585.915
CND_200_3,0,2026-09-08 22:01,87,-8.046,-0.517,-7.0,-6.788,1.394,-5.182,585.915
CND_200_3,0,2026-09-09 00:51,88,-8.046,-0.517,-5.0,-6.768,0.365,-3.152,585.915
CND_200_3,0,2026-09-09 02:01,89,-6.944,-2.186,-10.0,-5.658,-1.309,-8.14,585.915
CND_200_3,0,2026-09-09 04:01,90,-6.393,-3.021,-13.0,-5.093,-2.43,-11.12,585.915
CND_200_3,0,2026-09-09 06:01,91,-6.36,4.19,-10.0,-5.045,5.074,-8.099,585.915
CND_200_3,0,2026-09-09 08:01,92,-7.529,-8.563,-10.0,-6.2,1.552,-8.078,585.915
CND_200_3,0,2026-09-09 10:01,93,-9.732,-5.224,-2.0,-8.389,-1.297,-0.058,585.915
CND_200_3,0,2026-09-09 12:01,94,-8.58,3.923,-14.0,-7.222,0.0,-12.037,585.915
CND_200_3,0,2026-09-09 14:01,95,-9.965,4.207,-8.0,-8.593,0.933,-6.016,585.915
CND_200_3,0,2026-09-09 16:02,96,-8.613,-3.288,-13.0,-7.227,-2.231,-10.996,585.915
CND_200_3,0,2026-09-09 18:01,97,-8.63,-6.894,-10.0,-7.23,-3.337,-7.975,585.915
CND_200_3,0,2026-09-09 20:01,98,-8.046,-0.517,-8.0,-6.631,1.761,-5.954,585.915
CND_200_3,0,2026-09-09 22:01,99,-8.063,-4.123,-11.0,-6.634,-1.494,-8.934,585.915
CND_200_3,0,2026-09-10 00:01,100,-9.164,-2.453,-8.0,-7.721,-0.597,-5.913,585.915
CND_200_3,0,2026-09-10 02:01,101,-8.313,1.703,-11.0,-6.855,1.825,-8.892,585.915
CND_200_3,0,2026-09-10 04:01,102,-8.863,2.538,-8.0,-7.392,3.176,-5.872,585.915
CND_200_3,0,2026-09-10 06:01,103,-8.313,1.703,-9.0,-6.827,2.821,-6.851,585.915
CND_200_3,0,2026-09-10 08:01,104,-9.198,-9.664,-7.0,-7.697,1.386,-4.83,585.915
CND_200_3,0,2026-09-10 10:01,105,-11.117,-4.94,-5.0,-9.603,0.758,-2.81,585.915
CND_200_3,0,2026-09-10 12:01,106,-8.88,-1.068,-16.0,-7.351,-4.161,-13.789,585.915
CND_200_3,0,2026-09-10 14:01,107,-6.376,0.584,-25.0,-4.833,-5.244,-22.768,585.915
CND_200_3,0,2026-09-10 16:01,108,-10.55,-2.17,-8.0,-8.992,0.311,-5.748,585.915
CND_200_3,0,2026-09-10 18:01,109,-9.164,-2.453,-13.0,-7.592,0.113,-10.727,585.915
CND_200_3,0,2026-09-10 20:02,110,-9.164,-2.453,-12.0,-7.578,0.026,-9.706,585.915
CND_200_3,0,2026-09-10 22:01,111,-9.982,0.601,-11.0,-8.382,2.495,-8.686,585.915
CND_200_3,0,2026-09-11 00:01,112,-9.982,0.601,-12.0,-8.367,1.321,-9.665,585.915
CND_200_3,0,2026-09-11 02:01,113,-9.999,-3.004,-11.0,-8.37,-1.145,-8.644,585.915
CND_200_3,0,2026-09-11 04:01,114,-8.88,-1.068,-13.0,-7.237,-0.559,-10.624,585.915
CND_200_3,0,2026-09-11 06:01,115,-11.651,-0.5,-4.0,-9.994,2.292,-1.603,585.915
CND_200_3,0,2026-09-11 08:01,116,-11.685,-7.711,-4.0,-10.013,1.977,-1.582,585.915
CND_200_3,0,2026-09-11 10:02,117,-9.715,-1.619,-16.0,-8.029,2.652,-13.562,585.915
CND_200_3,0,2026-09-11 12:01,118,-11.084,2.271,-16.0,-9.383,-2.147,-13.541,585.915
CND_200_3,0,2026-09-11 14:01,119,-11.3,15.307,-11.0,-9.585,11.588,-8.52,585.915
CND_200_3,0,2026-09-11 16:01,120,-11.651,-0.5,-10.0,-9.922,2.953,-7.5,585.915
CND_200_3,0,2026-09-11 18:01,121,-11.384,-2.72,-11.0,-9.641,-0.523,-8.479,585.915
CND_200_3,0,2026-09-11 20:01,122,-10.55,-2.17,-13.0,-8.792,0.749,-10.459,585.915
CND_200_3,0,2026-09-11 22:01,123,-9.999,-3.004,-13.0,-8.227,0.089,-10.438,585.915
CND_200_3,0,2026-09-12 00:01,124,-12.753,1.169,-3.0,-10.967,3.19,-0.417,585.915
CND_200_3,0,2026-09-12 02:01,125,-11.651,-0.5,-7.0,-9.851,1.183,-4.397,585.915
CND_200_3,0,2026-09-12 04:01,126,-11.935,-1.886,-6.0,-10.12,-0.86,-3.376,585.915
CND_200_3,0,2026-09-12 06:01,127,-11.367,0.885,-12.0,-9.538,3.26,-9.355,585.915
CND_200_3,0,2026-09-12 08:01,128,-12.82,-13.253,-3.0,-10.977,-0.867,-0.335,585.915
CND_200_3,0,2026-09-12 10:01,129,-11.151,-12.151,-15.0,-9.293,-4.7,-12.314,585.915
CND_200_3,0,2026-09-12 12:01,130,-11.918,1.72,-14.0,-10.046,-2.68,-11.293,585.915
CND_200_3,0,2026-09-12 14:01,131,-9.715,-1.619,-20.0,-7.829,-1.294,-17.273,585.915
CND_200_3,0,2026-09-12 16:01,132,-11.384,-2.72,-14.0,-9.484,-0.559,-11.252,585.915
CND_200_3,0,2026-09-12 18:01,133,-11.117,-4.94,-13.0,-9.202,-5.059,-10.231,585.915
CND_200_3,0,2026-09-12 20:01,134,-13.587,0.618,-5.0,-11.658,2.127,-2.211,585.915
CND_200_3,0,2026-09-12 22:01,135,-11.634,3.105,-12.0,-9.691,3.647,-9.19,585.915
CND_200_3,0,2026-09-13 00:01,136,-10.833,-3.555,-13.0,-8.876,-2.826,-10.169,585.915
CND_200_3,0,2026-09-13 02:01,137,-11.935,-1.886,-12.0,-9.963,-0.292,-9.149,585.915
CND_200_3,0,2026-09-13 04:01,138,-11.918,1.72,-9.0,-9.932,1.555,-6.128,585.915
CND_200_3,0,2026-09-13 06:01,139,-13.604,-2.987,-2.0,-11.604,0.85,0.893,585.915
CND_200_3,0,2026-09-13 08:01,140,-13.354,-8.813,-7.0,-11.339,-4.928,-4.087,585.915
CND_200_3,0,2026-09-13 10:01,141,-13.354,-8.813,-7.0,-11.325,-1.225,-4.066,585.915
CND_200_4,0,2026-09-01 14:01,0,1.188,8.766,-7.5,1.188,6.957,-7.5,565.158
CND_200_4,0,2026-09-01 16:01,1,-0.889,1.86,0.5,-0.875,0.538,0.521,565.158
CND_200_4,0,2026-09-01 18:01,2,0.118,-2.497,0.5,0.146,-2.497,0.541,565.158
CND_200_4,0,2026-09-01 20:01,3,0.252,-1.089,-0.5,0.293,-0.493,-0.438,565.158
CND_200_4,0,2026-09-01 22:01,4,-0.519,-1.726,1.5,-0.464,-1.457,1.583,565.158
CND_200_4,0,2026-09-02 00:01,5,-0.252,1.089,-0.5,-0.183,1.089,-0.397,565.158
CND_200_4,0,2026-09-02 02:01,6,-0.385,-0.319,0.5,-0.303,-0.319,0.624,565.158
CND_200_4,0,2026-09-02 04:01,7,-0.755,3.268,-0.5,-0.658,2.348,-0.355,565.158
CND_200_4,0,2026-09-02 06:01,8,0.385,0.319,-1.5,0.496,-0.397,-1.335,565.158
CND_200_4,0,2026-09-02 08:01,9,-3.602,-4.275,8.5,-3.478,3.017,8.686,565.158
CND_200_4,0,2026-09-02 10:01,10,0.621,-4.676,-10.5,0.759,-3.548,-10.293,565.158
CND_200_4,0,2026-09-02 12:01,11,-1.494,10.441,-2.5,-1.342,0.471,-2.273,565.158
CND_200_4,0,2026-09-02 14:01,12,0.583,17.347,-11.5,0.748,7.376,-11.252,565.158
CND_200_4,0,2026-09-02 16:01,13,-0.857,9.67,-3.5,-0.678,1.322,-3.231,565.158
CND_200_4,0,2026-09-02 18:01,14,-1.022,0.452,-3.5,-0.829,-0.556,-3.211,565.158
CND_200_4,0,2026-09-02 20:01,15,-0.252,1.089,-5.5,-0.045,0.119,-5.19,565.158
CND_200_4,0,2026-09-02 22:01,16,-1.526,2.631,-0.5,-1.305,1.05,-0.169,565.158
CND_200_4,0,2026-09-03 00:01,17,-1.156,-0.956,-0.5,-0.922,-3.165,-0.149,565.158
CND_200_4,0,2026-09-03 02:01,18,-2.163,3.402,-0.5,-1.915,0.914,-0.128,565.158
CND_200_4,0,2026-09-03 04:01,19,-1.66,1.223,-0.5,-1.398,-1.092,-0.107,565.158
CND_200_4,0,2026-09-03 06:01,20,-1.793,-0.185,-2.5,-1.518,1.147,-2.087,565.158
CND_200_4,0,2026-09-03 08:01,21,-3.87,-7.09,5.5,-3.58,0.021,5.934,565.158
CND_200_4,0,2026-09-03 10:01,22,-2.195,-4.408,-3.5,-1.891,-2.482,-3.045,565.158
CND_200_4,0,2026-09-03 12:01,23,-2.934,2.765,-0.5,-2.617,-4.505,-0.025,565.158
CND_200_4,0,2026-09-03 14:01,24,-2.666,5.581,-4.5,-2.335,-4.822,-4.004,565.158
CND_200_4,0,2026-09-03 16:01,25,-3.94,7.122,2.5,-3.596,1.639,3.017,565.158
CND_200_4,0,2026-09-03 18:01,26,-3.067,1.357,-1.5,-2.709,1.136,-0.963,565.158
CND_200_4,0,2026-09-03 20:01,27,-1.793,-0.185,-5.5,-1.421,-0.057,-4.942,565.158
CND_200_4,0,2026-09-03 22:01,28,-2.564,-0.822,-1.5,-2.178,-0.822,-0.921,565.158
CND_200_4,0,2026-09-04 00:01,29,-1.927,-1.593,-5.5,-1.527,-2.067,-4.901,565.158
CND_200_4,0,2026-09-04 02:01,30,-1.927,-1.593,-6.5,-1.513,-2.002,-5.88,565.158
CND_200_4,0,2026-09-04 04:01,31,-1.66,1.223,-6.5,-1.232,0.0,-5.859,565.158
CND_200_4,0,2026-09-04 06:01,32,-3.335,-1.459,-1.5,-2.894,1.328,-0.839,565.158
CND_200_4,0,2026-09-04 08:01,33,-2.462,-7.224,-1.5,-2.007,-2.771,-0.818,565.158
CND_200_4,0,2026-09-04 10:01,34,-4.373,-4.912,-0.5,-3.905,-2.563,0.203,565.158
CND_200_4,0,2026-09-04 12:01,35,-3.972,-0.688,0.5,-3.489,-8.436,1.223,565.158
CND_200_4,0,2026-09-04 14:01,36,-2.399,8.396,-7.5,-1.902,-0.069,-6.756,565.158
CND_200_4,0,2026-09-04 16:01,37,-2.902,10.575,-5.5,-2.392,-0.437,-4.735,565.158
CND_200_4,0,2026-09-04 18:01,38,-3.201,-0.051,-5.5,-2.677,0.379,-4.715,565.158
CND_200_4,0,2026-09-04 20:01,39,-2.698,-2.23,-3.5,-2.16,-1.362,-2.694,565.158
CND_200_4,0,2026-09-04 22:01,40,-3.335,-1.459,-2.5,-2.784,-1.119,-1.673,565.158
CND_200_4,0,2026-09-05 00:01,41,-3.704,2.128,-1.5,-3.139,1.349,-0.653,565.158
CND_200_4,0,2026-09-05 02:01,42,-3.972,-0.688,-1.5,-3.393,-0.716,-0.632,565.158
CND_200_4,0,2026-09-05 04:01,43,-3.201,-0.051,-3.5,-2.608,-0.333,-2.611,565.158
CND_200_4,0,2026-09-05 06:01,44,-4.106,-2.096,-0.5,-3.499,2.888,0.409,565.158
CND_200_4,0,2026-09-05 08:01,45,-6.08,-15.404,3.5,-5.46,-4.974,4.43,565.158
CND_200_4,0,2026-09-05 10:01,46,-3.201,-0.051,-7.5,-2.567,3.756,-6.549,565.158
CND_200_4,0,2026-09-05 12:01,47,-4.845,5.077,-2.5,-4.197,-0.551,-1.529,565.158
CND_200_4,0,2026-09-05 14:01,48,-3.806,8.53,-7.5,-3.145,1.011,-6.508,565.158
CND_200_4,0,2026-09-05 16:01,49,-2.902,10.575,-11.5,-2.226,1.113,-10.487,565.158
CND_200_4,0,2026-09-05 18:01,50,-4.106,-2.096,-6.5,-3.417,0.046,-5.467,565.158
CND_200_4,0,2026-09-05 20:02,51,-4.743,-1.325,-4.5,-4.04,0.941,-3.446,565.158
CND_200_4,0,2026-09-05 22:01,52,-4.24,-3.504,-4.5,-3.523,-1.313,-3.425,565.158
CND_200_4,0,2026-09-06 00:01,53,-5.38,-0.554,-1.5,-4.649,-0.02,-0.405,565.158
CND_200_4,0,2026-09-06 02:01,54,-5.38,-0.554,-1.5,-4.636,0.058,-0.384,565.158
CND_200_4,0,2026-09-06 04:01,55,-5.38,-0.554,-1.5,-4.622,-0.212,-0.363,565.158
CND_200_4,0,2026-09-06 06:01,56,-4.743,-1.325,-4.5,-3.971,-0.759,-3.343,565.158
CND_200_4,0,2026-09-06 10:01,58,-5.781,-4.778,-3.5,-4.982,-0.043,-2.301,565.158
CND_200_4,0,2026-09-06 12:01,59,-6.151,-1.191,-3.5,-5.337,-1.662,-2.281,565.158
CND_200_4,0,2026-09-06 14:01,60,-7.055,-3.236,-0.5,-6.228,-0.94,0.74,565.158
CND_200_4,0,2026-09-06 16:01,61,-6.151,-1.191,-1.5,-5.31,0.332,-0.239,565.158
CND_200_4,0,2026-09-06 18:01,62,-6.284,-2.599,-1.5,-5.43,-1.22,-0.219,565.158
CND_200_4,0,2026-09-06 20:01,63,-6.284,-2.599,-2.5,-5.416,-0.329,-1.198,565.158
CND_200_4,0,2026-09-06 22:01,64,-6.151,-1.191,-0.5,-5.269,0.346,0.822,565.158
CND_200_4,0,2026-09-07 00:01,65,-6.151,-1.191,-1.5,-5.255,-0.196,-0.157,565.158
CND_200_4,0,2026-09-07 02:01,66,-6.788,-0.421,-1.5,-5.878,0.749,-0.136,565.158
CND_200_4,0,2026-09-07 04:01,67,-7.055,-3.236,-0.5,-6.132,-0.941,0.884,565.158
CND_200_4,0,2026-09-07 06:01,68,-6.921,-1.828,-0.5,-5.984,0.774,0.905,565.158
CND_200_4,0,2026-09-07 08:01,69,-7.457,-7.46,3.5,-6.506,-0.852,4.926,565.158
CND_200_4,0,2026-09-07 10:01,70,-6.788,-0.421,-3.5,-5.823,1.638,-2.054,565.158
CND_200_4,0,2026-09-07 12:01,71,-7.393,8.161,-4.5,-6.414,4.634,-3.033,565.158
CND_200_4,0,2026-09-07 14:01,72,-9.973,3.434,8.5,-8.981,-3.93,9.988,565.158
CND_200_4,0,2026-09-07 18:01,73,-6.921,-1.828,-3.5,-5.902,0.628,-1.971,565.158
CND_200_4,0,2026-09-07 20:01,74,-6.921,-1.828,-5.5,-5.888,-0.063,-3.95,565.158
CND_200_4,0,2026-09-07 22:01,75,-6.151,-1.191,-5.5,-5.103,-0.035,-3.93,565.158
CND_200_4,0,2026-09-08 00:01,76,-6.921,-1.828,-3.5,-5.86,-0.963,-1.909,565.158
CND_200_4,0,2026-09-08 02:01,77,-7.291,1.758,-4.5,-6.216,2.879,-2.888,565.158
CND_200_4,0,2026-09-08 04:01,78,-8.196,-0.287,-1.5,-7.107,-0.143,0.132,565.158
CND_200_4,0,2026-09-08 06:01,79,-8.196,-0.287,-1.5,-7.093,0.702,0.153,565.158
CND_200_4,0,2026-09-08 08:01,80,-9.132,-10.142,1.5,-8.016,0.364,3.174,565.158
CND_200_4,0,2026-09-08 10:01,81,-8.731,-5.918,-2.5,-7.6,-0.929,-0.806,565.158
CND_200_4,0,2026-09-08 12:01,82,-8.966,-0.924,-2.5,-7.822,1.803,-0.785,565.158
CND_200_4,0,2026-09-08 14:01,83,-9.973,3.434,-0.5,-8.815,1.616,1.236,565.158
CND_200_4,0,2026-09-08 16:01,84,-8.597,-4.51,-7.5,-7.425,-1.667,-5.744,565.158
CND_200_4,0,2026-09-08 18:01,85,-7.826,-3.873,-5.5,-6.641,-1.282,-3.723,565.158
CND_200_4,0,2026-09-08 20:01,86,-8.196,-0.287,-4.5,-6.996,1.959,-2.702,565.158
CND_200_4,0,2026-09-08 22:01,87,-8.833,0.484,-4.5,-7.62,2.328,-2.682,565.158
CND_200_4,0,2026-09-09 00:51,88,-8.196,-0.287,-5.5,-6.963,0.564,-3.652,565.158
CND_200_4,0,2026-09-09 02:01,89,-8.196,-0.287,-7.5,-6.955,0.559,-5.64,565.158
CND_200_4,0,2026-09-09 04:01,90,-8.196,-0.287,-6.5,-6.941,0.283,-4.62,565.158
CND_200_4,0,2026-09-09 06:02,91,-8.329,-1.695,-5.5,-7.061,-0.842,-3.599,565.158
CND_200_4,0,2026-09-09 08:01,92,-11.177,-9.237,2.5,-9.895,0.519,4.422,565.158
CND_200_4,0,2026-09-09 10:01,93,-9.368,-5.147,-6.5,-8.072,-1.359,-4.558,565.158
CND_200_4,0,2026-09-09 12:01,94,-9.068,5.479,-9.5,-7.759,1.694,-7.537,565.158
CND_200_4,0,2026-09-09 14:02,95,-10.476,5.612,-1.5,-9.153,2.454,0.484,565.158
CND_200_4,0,2026-09-09 16:02,96,-10.107,2.026,-7.5,-8.77,3.045,-5.496,565.158
CND_200_4,0,2026-09-09 18:01,97,-9.737,-1.561,-5.5,-8.387,1.87,-3.475,565.158
CND_200_4,0,2026-09-09 20:01,98,-9.871,-2.969,-4.5,-8.506,-0.771,-2.454,565.158
CND_200_4,0,2026-09-09 22:01,99,-9.871,-2.969,-5.5,-8.493,-0.433,-3.434,565.158
CND_200_4,0,2026-09-10 00:01,100,-9.737,-1.561,-4.5,-8.345,0.229,-2.413,565.158
CND_200_4,0,2026-09-10 02:01,101,-10.005,-4.377,-4.5,-8.599,-4.259,-2.392,565.158
CND_200_4,0,2026-09-10 04:01,102,-9.603,-0.153,-8.5,-8.184,0.462,-6.372,565.158
CND_200_4,0,2026-09-10 06:01,103,-10.374,-0.79,-4.5,-8.941,0.288,-2.351,565.158
CND_200_4,0,2026-09-10 08:01,104,-12.081,-11.282,0.5,-10.634,-0.623,2.67,565.158
CND_200_4,0,2026-09-10 10:01,105,-9.132,-10.142,-13.5,-7.671,-4.645,-11.31,565.158
CND_200_4,0,2026-09-10 12:01,106,-11.011,-0.019,-9.5,-9.537,-3.003,-7.289,565.158
CND_200_4,0,2026-09-10 14:02,107,-9.705,6.249,-12.5,-8.217,0.627,-10.268,565.158
CND_200_4,0,2026-09-10 16:01,108,-11.279,-2.835,-7.5,-9.777,-0.443,-5.248,565.158
CND_200_4,0,2026-09-10 18:01,109,-11.279,-2.835,-7.5,-9.763,-0.36,-5.227,565.158
CND_200_4,0,2026-09-10 20:02,110,-9.871,-2.969,-11.5,-8.341,-0.577,-9.206,565.158
CND_200_4,0,2026-09-10 22:01,111,-10.241,0.618,-8.5,-8.697,2.445,-6.186,565.158
CND_200_4,0,2026-09-11 00:01,112,-10.642,-3.606,-9.5,-9.084,-2.912,-7.165,565.158
CND_200_4,0,2026-09-11 02:01,113,-11.279,-2.835,-5.5,-9.708,-1.042,-3.144,565.158
CND_200_4,0,2026-09-11 04:01,114,-10.642,-3.606,-8.5,-9.057,-3.115,-6.124,565.158
CND_200_4,0,2026-09-11 06:01,115,-11.782,-0.656,-6.5,-10.183,2.037,-4.103,565.158
CND_200_4,0,2026-09-11 08:01,116,-12.081,-11.282,-1.5,-10.469,-1.937,0.918,565.158
CND_200_4,0,2026-09-11 10:02,117,-11.916,-2.064,-2.5,-10.289,2.056,-0.062,565.158
CND_200_4,0,2026-09-11 12:02,118,-11.75,7.154,-11.5,-10.11,2.893,-9.041,565.158
CND_200_4,0,2026-09-11 14:02,119,-11.648,0.752,-11.5,-9.994,-2.836,-9.02,565.158
CND_200_4,0,2026-09-11 16:02,120,-12.585,-9.103,-7.5,-10.917,-5.772,-5.0,565.158
CND_200_4,0,2026-09-11 18:01,121,-11.782,-0.656,-9.5,-10.101,1.463,-6.979,565.158
CND_200_4,0,2026-09-11 20:01,122,-11.916,-2.064,-10.5,-10.221,0.751,-7.959,565.158
CND_200_4,0,2026-09-11 22:01,123,-12.183,-4.88,-8.5,-10.474,-1.896,-5.938,565.158
CND_200_4,0,2026-09-12 00:01,124,-12.687,-2.701,-4.5,-10.964,-0.751,-1.917,565.158
CND_200_4,0,2026-09-12 02:01,125,-12.687,-2.701,-6.5,-10.95,-1.078,-3.897,565.158
CND_200_4,0,2026-09-12 04:01,126,-12.553,-1.293,-7.5,-10.803,-0.304,-4.876,565.158
CND_200_4,0,2026-09-12 06:01,127,-13.19,-0.522,-3.5,-11.426,1.768,-0.855,565.158
CND_200_4,0,2026-09-12 08:02,128,-13.254,-16.143,-4.5,-11.476,-4.196,-1.834,565.158
CND_200_4,0,2026-09-12 10:02,129,-12.719,-10.511,-9.5,-10.927,-3.324,-6.814,565.158
CND_200_4,0,2026-09-12 12:02,130,-12.018,4.338,-9.5,-10.212,0.094,-6.793,565.158
CND_200_4,0,2026-09-12 14:02,131,-11.145,-1.427,-14.5,-9.326,-1.114,-11.772,565.158
CND_200_4,0,2026-09-12 16:01,132,-12.821,-4.109,-10.5,-10.987,-2.024,-7.752,565.158
CND_200_4,0,2026-09-12 18:01,133,-12.419,0.115,-9.5,-10.572,0.0,-6.731,565.158
CND_200_4,0,2026-09-12 20:02,134,-12.821,-4.109,-9.5,-10.96,-2.654,-6.71,565.158
CND_200_4,0,2026-09-12 22:01,135,-13.19,-0.522,-6.5,-11.316,0.0,-3.69,565.158
CND_200_4,0,2026-09-13 00:01,136,-12.285,1.522,-10.5,-10.397,2.225,-7.669,565.158
CND_200_4,0,2026-09-13 02:02,137,-12.05,-3.472,-13.5,-10.148,-1.935,-10.648,565.158
CND_200_4,0,2026-09-13 04:01,138,-13.19,-0.522,-7.5,-11.274,-0.681,-4.628,565.158
CND_200_4,0,2026-09-13 06:01,139,-13.961,-1.16,-4.5,-12.031,2.542,-1.607,565.158
CND_200_4,0,2026-09-13 08:01,140,-16.171,-9.473,2.5,-14.228,-5.726,5.413,565.158
CND_200_4,0,2026-09-13 10:02,141,-12.05,-3.472,-14.5,-10.092,3.847,-11.566,565.158
CND_200_5,0,2026-09-01 14:02,0,-0.027,1.414,0.5,-0.027,-0.344,0.5,549.118
CND_200_5,0,2026-09-01 16:02,1,-0.748,2.107,-1.5,-0.735,0.822,-1.479,549.118
CND_200_5,0,2026-09-01 18:02,2,-0.693,-0.721,2.5,-0.666,-0.721,2.542,549.118
CND_200_5,0,2026-09-01 20:02,3,0.721,-0.693,-4.5,0.761,-0.114,-4.438,549.118
CND_200_5,0,2026-09-01 22:02,4,0.0,-0.0,0.5,0.054,0.262,0.583,549.118
CND_200_5,0,2026-09-02 00:02,5,-0.693,-0.721,-0.5,-0.626,-0.721,-0.396,549.118
CND_200_5,0,2026-09-02 02:02,6,-0.721,0.693,-0.5,-0.64,0.693,-0.376,549.118
CND_200_5,0,2026-09-02 04:02,7,-0.666,-2.135,-1.5,-0.572,-3.028,-1.355,549.118
CND_200_5,0,2026-09-02 06:02,8,-0.055,2.828,-1.5,0.052,2.133,-1.334,549.118
CND_200_5,0,2026-09-02 08:02,9,-1.943,-9.232,5.5,-1.822,-2.147,5.686,549.118
CND_200_5,0,2026-09-02 10:02,10,-0.137,7.07,-5.5,-0.003,8.166,-5.293,549.118
CND_200_5,0,2026-09-02 12:02,11,-2.409,14.805,4.5,-2.261,5.118,4.728,549.118
CND_200_5,0,2026-09-02 14:02,12,-1.743,16.94,-2.5,-1.582,7.253,-2.252,549.118
CND_200_5,0,2026-09-02 16:02,13,-0.165,8.484,-3.5,0.01,0.372,-3.231,549.118
CND_200_5,0,2026-09-02 18:02,14,-0.693,-0.721,-4.5,-0.506,-1.701,-4.21,549.118
CND_200_5,0,2026-09-02 20:02,15,-1.414,-0.027,-2.5,-1.213,-0.97,-2.19,549.118
CND_200_5,0,2026-09-02 22:02,16,-0.748,2.107,-1.5,-0.534,0.572,-1.169,549.118
CND_200_5,0,2026-09-03 00:02,17,-0.748,2.107,-1.5,-0.52,-0.039,-1.148,549.118
CND_200_5,0,2026-09-03 02:02,18,-1.469,2.8,-0.5,-1.228,0.383,-0.128,549.118
CND_200_5,0,2026-09-03 04:02,19,-1.469,2.8,0.5,-1.214,0.551,0.893,549.118
CND_200_5,0,2026-09-03 06:02,20,-2.107,-0.748,3.5,-1.839,0.545,3.914,549.118
CND_200_5,0,2026-09-03 08:02,21,-1.194,-11.339,-2.5,-0.913,-4.429,-2.066,549.118
CND_200_5,0,2026-09-03 10:02,22,-1.387,-1.441,-4.5,-1.092,0.43,-4.045,549.118
CND_200_5,0,2026-09-03 12:02,23,-0.666,-2.135,-8.5,-0.358,-9.198,-8.024,549.118
CND_200_5,0,2026-09-03 14:02,24,-2.162,2.08,-2.5,-1.84,-8.027,-2.004,549.118
CND_200_5,0,2026-09-03 16:02,25,-2.938,5.601,0.5,-2.603,0.273,1.017,549.118
CND_200_5,0,2026-09-03 18:02,26,-1.387,-1.441,-3.5,-1.038,-1.656,-2.962,549.118
CND_200_5,0,2026-09-03 20:02,27,-1.414,-0.027,-3.5,-1.052,0.097,-2.942,549.118
CND_200_5,0,2026-09-03 22:02,28,-2.107,-0.748,-1.5,-1.732,-0.748,-0.921,549.118
CND_200_5,0,2026-09-04 00:02,29,-1.359,-2.855,-2.5,-0.971,-3.317,-1.9,549.118
CND_200_5,0,2026-09-04 02:02,30,-1.387,-1.441,-5.5,-0.985,-1.839,-4.88,549.118
CND_200_5,0,2026-09-04 04:02,31,-0.693,-0.721,-6.5,-0.278,-1.909,-5.859,549.118
CND_200_5,0,2026-09-04 06:02,32,-2.8,-1.469,2.5,-2.372,1.239,3.162,549.118
CND_200_5,0,2026-09-04 08:02,33,-2.052,-3.576,-2.5,-1.61,0.751,-1.818,549.118
CND_200_5,0,2026-09-04 10:02,34,-2.691,-7.125,-3.5,-2.235,-4.843,-2.797,549.118
CND_200_5,0,2026-09-04 12:03,35,-2.354,11.977,-5.5,-1.885,4.45,-4.776,549.118
CND_200_5,0,2026-09-04 14:02,36,-0.748,2.107,-13.5,-0.266,-6.118,-12.756,549.118
CND_200_5,0,2026-09-04 16:02,37,-3.047,11.257,-2.5,-2.552,0.557,-1.735,549.118
CND_200_5,0,2026-09-04 18:02,38,-2.8,-1.469,-4.5,-2.291,-1.051,-3.715,549.118
CND_200_5,0,2026-09-04 20:02,39,-1.359,-2.855,-5.5,-0.837,-2.013,-4.694,549.118
CND_200_5,0,2026-09-04 22:02,40,-2.08,-2.162,-4.5,-1.544,-1.832,-3.673,549.118
CND_200_5,0,2026-09-05 00:02,41,-2.8,-1.469,-0.5,-2.251,-2.226,0.347,549.118
CND_200_5,0,2026-09-05 02:02,42,-2.8,-1.469,-4.5,-2.238,-1.496,-3.632,549.118
CND_200_5,0,2026-09-05 04:02,43,-2.135,0.666,-4.5,-1.559,0.392,-3.611,549.118
CND_200_5,0,2026-09-05 06:02,44,-3.466,-3.603,0.5,-2.877,1.239,1.409,549.118
CND_200_5,0,2026-09-05 08:02,45,-3.219,-16.329,-2.5,-2.617,-6.195,-1.57,549.118
CND_200_5,0,2026-09-05 10:02,46,-2.773,-2.883,-7.5,-2.157,0.816,-6.549,549.118
CND_200_5,0,2026-09-05 12:02,47,-2.052,-3.576,-12.5,-1.423,-9.044,-11.529,549.118
CND_200_5,0,2026-09-05 16:02,49,-2.272,7.736,-11.5,-1.615,-1.458,-10.487,549.118
CND_200_5,0,2026-09-05 18:02,50,-2.8,-1.469,-7.5,-2.131,0.613,-6.467,549.118
CND_200_5,0,2026-09-05 20:03,51,-2.08,-2.162,-6.5,-1.397,0.039,-5.446,549.118
CND_200_5,0,2026-09-05 22:02,52,-2.052,-3.576,-9.5,-1.356,-1.447,-8.425,549.118
CND_200_5,0,2026-09-06 00:02,53,-2.052,-3.576,-6.5,-1.342,-3.057,-5.405,549.118
CND_200_5,0,2026-09-06 02:02,54,-2.8,-1.469,-6.5,-2.077,-0.874,-5.384,549.118
CND_200_5,0,2026-09-06 04:02,55,-3.494,-2.19,-5.5,-2.757,-1.857,-4.363,549.118
CND_200_5,0,2026-09-06 06:02,56,-2.773,-2.883,-7.5,-2.023,-2.332,-6.343,549.118
CND_200_5,0,2026-09-06 10:02,58,-4.825,-6.459,-2.5,-4.048,-1.858,-1.301,549.118
CND_200_5,0,2026-09-06 12:02,59,-4.297,2.746,-4.5,-3.506,2.289,-3.281,549.118
CND_200_5,0,2026-09-06 14:02,60,-4.853,-5.045,-5.5,-4.049,-2.814,-4.26,549.118
CND_200_5,0,2026-09-06 16:02,61,-4.853,-5.045,-4.5,-4.036,-3.565,-3.239,549.118
CND_200_5,0,2026-09-06 18:02,62,-3.466,-3.603,-8.5,-2.636,-2.263,-7.219,549.118
CND_200_5,0,2026-09-06 20:02,63,-3.494,-2.19,-6.5,-2.65,0.016,-5.198,549.118
CND_200_5,0,2026-09-06 22:02,64,-4.242,-0.082,-5.5,-3.385,1.411,-4.177,549.118
CND_200_5,0,2026-09-07 00:02,65,-3.521,-0.776,-7.5,-2.651,0.192,-6.157,549.118
CND_200_5,0,2026-09-07 02:02,66,-4.187,-2.91,-6.5,-3.303,-1.774,-5.136,549.118
CND_200_5,0,2026-09-07 04:02,67,-4.187,-2.91,-5.5,-3.29,-0.68,-4.115,549.118
CND_200_5,0,2026-09-07 06:02,68,-4.187,-2.91,-1.5,-3.276,-0.382,-0.095,549.118
CND_200_5,0,2026-09-07 08:02,69,-4.825,-6.459,-5.5,-3.901,-0.038,-4.074,549.118
CND_200_5,0,2026-09-07 10:02,70,-4.825,-6.459,-5.5,-3.888,-4.458,-4.053,549.118
CND_200_5,0,2026-09-07 12:02,71,-4.324,4.16,-11.5,-3.373,0.733,-10.033,549.118
CND_200_5,0,2026-09-07 14:02,72,-6.431,3.411,-0.5,-5.467,-3.743,0.988,549.118
CND_200_5,0,2026-09-07 18:02,73,-4.16,-4.324,-9.5,-3.168,-1.937,-7.971,549.118
CND_200_5,0,2026-09-07 20:02,74,-4.88,-3.631,-6.5,-3.876,-1.916,-4.95,549.118
CND_200_5,0,2026-09-07 22:02,75,-4.187,-2.91,-7.5,-3.169,-1.787,-5.929,549.118
CND_200_5,0,2026-09-08 00:02,76,-4.214,-1.496,-8.5,-3.183,-0.656,-6.909,549.118
CND_200_5,0,2026-09-08 02:02,77,-4.935,-0.803,-8.5,-3.89,0.286,-6.888,549.118
CND_200_5,0,2026-09-08 04:02,78,-4.187,-2.91,-7.5,-3.129,-2.771,-5.867,549.118
CND_200_5,0,2026-09-08 06:02,79,-4.214,-1.496,-9.5,-3.143,-0.535,-7.847,549.118
CND_200_5,0,2026-09-08 08:02,80,-6.157,-10.728,-1.5,-5.072,-0.521,0.174,549.118
CND_200_5,0,2026-09-08 10:02,81,-3.995,-12.808,-14.5,-2.897,-7.96,-12.805,549.118
CND_200_5,0,2026-09-08 12:02,82,-7.042,-1.551,-0.5,-5.931,1.098,1.215,549.118
CND_200_5,0,2026-09-08 14:02,83,-6.431,3.411,-6.5,-5.306,1.645,-4.764,549.118
CND_200_5,0,2026-09-08 16:02,84,-5.573,-4.352,-7.5,-4.435,-1.589,-5.743,549.118
CND_200_5,0,2026-09-08 18:02,85,-4.908,-2.217,-9.5,-3.756,0.301,-7.723,549.118
CND_200_5,0,2026-09-08 20:02,86,-5.601,-2.938,-10.5,-4.436,-0.756,-8.702,549.118
CND_200_5,0,2026-09-08 22:02,87,-4.963,0.611,-11.5,-3.784,2.402,-9.681,549.118
CND_200_5,0,2026-09-09 00:52,88,-5.573,-4.352,-10.5,-4.376,-3.525,-8.652,549.118
CND_200_5,0,2026-09-09 02:02,89,-5.628,-1.524,-8.5,-4.423,-0.702,-6.64,549.118
CND_200_5,0,2026-09-09 04:02,90,-5.628,-1.524,-7.5,-4.41,-0.97,-5.619,549.118
CND_200_5,0,2026-09-09 06:03,91,-5.491,-8.593,-7.5,-4.259,-7.765,-5.599,549.118
CND_200_5,0,2026-09-09 08:03,92,-7.598,-9.342,0.5,-6.353,0.138,2.422,549.118
CND_200_5,0,2026-09-09 10:02,93,-6.267,-5.072,-9.5,-5.008,-1.391,-7.558,549.118
CND_200_5,0,2026-09-09 12:02,94,-7.179,5.519,-8.5,-5.907,1.842,-6.537,549.118
CND_200_5,0,2026-09-09 14:03,95,-6.322,-2.244,-13.5,-5.036,-5.313,-11.516,549.118
CND_200_5,0,2026-09-09 16:04,96,-6.376,0.584,-12.5,-5.077,1.574,-10.495,549.118
CND_200_5,0,2026-09-09 18:03,97,-6.349,-0.83,-10.5,-5.036,2.503,-8.475,549.118
CND_200_5,0,2026-09-09 20:02,98,-6.987,-4.379,-9.5,-5.662,-2.244,-7.454,549.118
CND_200_5,0,2026-09-09 22:02,99,-6.267,-5.072,-9.5,-4.927,-2.609,-7.434,549.118
CND_200_5,0,2026-09-10 00:02,100,-6.349,-0.83,-11.5,-4.996,0.909,-9.413,549.118
CND_200_5,0,2026-09-10 02:02,101,-6.322,-2.244,-11.5,-4.956,-2.13,-9.392,549.118
CND_200_5,0,2026-09-10 04:02,102,-6.322,-2.244,-10.5,-4.942,-1.646,-8.372,549.118
CND_200_5,0,2026-09-10 06:02,103,-7.042,-1.551,-8.5,-5.649,-0.503,-6.351,549.118
CND_200_5,0,2026-09-10 08:03,104,-8.209,-14.304,-3.5,-6.803,-3.948,-1.33,549.118
CND_200_5,0,2026-09-10 10:02,105,-8.401,-4.406,-6.5,-6.982,0.934,-4.31,549.118
CND_200_5,0,2026-09-10 12:03,106,-6.376,0.584,-16.5,-4.943,-2.315,-14.289,549.118
CND_200_5,0,2026-09-10 14:03,107,-7.708,-3.686,-9.5,-6.262,-9.148,-7.268,549.118
CND_200_5,0,2026-09-10 16:02,108,-6.987,-4.379,-13.5,-5.528,-2.055,-11.248,549.118
CND_200_5,0,2026-09-10 18:02,109,-7.015,-2.965,-11.5,-5.542,-0.56,-9.227,549.118
CND_200_5,0,2026-09-10 20:03,110,-6.267,-5.072,-15.5,-4.78,-2.748,-13.206,549.118
CND_200_5,0,2026-09-10 22:02,111,-6.987,-4.379,-13.5,-5.487,-2.604,-11.186,549.118
CND_200_5,0,2026-09-11 00:02,112,-7.042,-1.551,-8.5,-5.529,-0.877,-6.165,549.118
CND_200_5,0,2026-09-11 02:02,113,-7.736,-2.272,-9.5,-6.209,-0.53,-7.144,549.118
CND_200_5,0,2026-09-11 04:02,114,-6.322,-2.244,-13.5,-4.781,-1.768,-11.124,549.118
CND_200_5,0,2026-09-11 06:02,115,-7.653,-6.514,-8.5,-6.1,-3.896,-6.103,549.118
CND_200_5,0,2026-09-11 08:02,116,-9.678,-11.504,-0.5,-8.111,-2.423,1.918,549.118
CND_200_5,0,2026-09-11 10:03,117,-8.264,-11.476,-10.5,-6.684,-7.473,-8.061,549.118
CND_200_5,0,2026-09-11 12:02,118,-7.873,4.798,-14.5,-6.279,0.658,-12.041,549.118
CND_200_5,0,2026-09-11 14:02,119,-7.763,-0.858,-14.5,-6.156,-4.343,-12.02,549.118
CND_200_5,0,2026-09-11 16:03,120,-7.681,-5.1,-13.5,-6.06,-1.863,-10.999,549.118
CND_200_5,0,2026-09-11 18:02,121,-8.429,-2.992,-11.5,-6.795,-0.933,-8.979,549.118
CND_200_5,0,2026-09-11 20:02,122,-8.429,-2.992,-12.5,-6.782,-0.258,-9.958,549.118
CND_200_5,0,2026-09-11 22:02,123,-8.429,-2.992,-12.5,-6.768,-0.094,-9.938,549.118
CND_200_5,0,2026-09-12 00:02,124,-7.708,-3.686,-12.5,-6.034,-1.791,-9.917,549.118
CND_200_5,0,2026-09-12 02:02,125,-9.843,-3.02,-6.5,-8.155,-1.443,-3.896,549.118
CND_200_5,0,2026-09-12 06:02,127,-6.184,-9.314,-18.5,-4.47,-7.088,-15.855,549.118
CND_200_5,0,2026-09-12 08:03,128,-6.878,-10.035,-18.5,-5.15,1.573,-15.834,549.118
CND_200_5,0,2026-09-12 10:03,129,-7.516,-13.583,-16.5,-5.775,-6.6,-13.814,549.118
CND_200_5,0,2026-09-12 12:03,130,-4.825,-6.459,-30.5,-3.071,-10.582,-27.793,549.118
CND_200_5,0,2026-09-12 14:03,131,-4.88,-3.631,-27.5,-3.112,-3.326,-24.772,549.118
CND_200_5,0,2026-09-12 16:02,132,-6.933,-7.207,-23.5,-5.151,-5.181,-20.752,549.118
CND_200_5,0,2026-09-12 18:02,133,-6.878,-10.035,-18.5,-5.083,-10.146,-15.731,549.118
CND_200_5,0,2026-09-12 20:03,134,-9.095,-5.127,-12.5,-7.287,-3.713,-9.71,549.118
CND_200_5,0,2026-09-12 22:02,135,-9.287,4.771,-7.5,-7.465,5.278,-4.69,549.118
CND_200_5,0,2026-09-13 00:02,136,-7.736,-2.272,-15.5,-5.901,-1.589,-12.669,549.118
CND_200_5,0,2026-09-13 02:03,137,-8.319,-8.648,-15.5,-6.471,-7.155,-12.648,549.118
CND_200_5,0,2026-09-13 04:02,138,-8.319,-8.648,-15.5,-6.458,-8.802,-12.628,549.118
CND_200_5,0,2026-09-13 06:02,139,-9.067,-6.541,-9.5,-7.192,-2.945,-6.607,549.118
CND_200_5,0,2026-09-13 08:02,140,-9.706,-10.09,-8.5,-7.817,-6.449,-5.586,549.118
CND_200_5,0,2026-09-13 10:03,141,-5.381,-14.249,-32.5,-3.48,-7.138,-29.566,549.118
CND_200_6,0,2026-09-01 14:04,0,0.0,-0.0,-2.0,0.0,-1.729,-1.999,540.278
CND_200_6,0,2026-09-01 16:03,1,0.318,2.213,-1.0,0.332,0.949,-0.979,540.278
CND_200_6,0,2026-09-01 18:03,2,0.252,-1.392,0.0,0.278,-1.392,0.042,540.278
CND_200_6,0,2026-09-01 20:03,3,0.822,-0.57,1.0,0.862,0.0,1.063,540.278
CND_200_6,0,2026-09-01 22:03,4,0.0,-0.0,1.0,0.053,0.258,1.083,540.278
CND_200_6,0,2026-09-02 00:03,5,0.0,-0.0,0.0,0.066,-0.0,0.104,540.278
CND_200_6,0,2026-09-02 02:04,6,-0.252,1.392,3.0,-0.172,1.392,3.125,540.278
CND_200_6,0,2026-09-02 04:03,7,0.822,-0.57,0.0,0.914,-1.449,0.145,540.278
CND_200_6,0,2026-09-02 06:03,8,0.822,-0.57,-1.0,0.927,-1.254,-0.834,540.278
CND_200_6,0,2026-09-02 08:03,9,-0.451,-9.423,1.0,-0.332,-2.453,1.186,540.278
CND_200_6,0,2026-09-02 10:04,10,-1.895,2.531,4.0,-1.763,3.61,4.207,540.278
CND_200_6,0,2026-09-02 12:04,11,-0.371,9.993,-2.0,-0.226,0.462,-1.772,540.278
CND_200_6,0,2026-09-02 14:03,12,-1.073,1.962,0.0,-0.915,-7.57,0.248,540.278
CND_200_6,0,2026-09-02 16:03,13,0.384,5.818,-5.0,0.556,-2.163,-4.731,540.278
CND_200_6,0,2026-09-02 18:03,14,-0.185,4.997,-1.0,-0.001,4.032,-0.71,540.278
CND_200_6,0,2026-09-02 20:03,15,0.0,-0.0,-3.0,0.198,-0.927,-2.69,540.278
CND_200_6,0,2026-09-02 22:03,16,0.318,2.213,-2.0,0.529,0.702,-1.669,540.278
CND_200_6,0,2026-09-03 00:03,17,-0.252,1.392,-1.0,-0.027,-0.72,-0.648,540.278
CND_200_6,0,2026-09-03 02:03,18,-0.252,1.392,0.0,-0.014,-0.987,0.372,540.278
CND_200_6,0,2026-09-03 04:03,19,0.318,2.213,-1.0,0.569,0.0,-0.607,540.278
CND_200_6,0,2026-09-03 06:03,20,-0.318,-2.213,1.0,-0.054,-0.941,1.414,540.278
CND_200_6,0,2026-09-03 08:03,21,-2.094,-8.283,2.0,-1.817,-1.485,2.434,540.278
CND_200_6,0,2026-09-03 10:04,22,-1.14,-1.643,-4.0,-0.85,0.198,-3.545,540.278
CND_200_6,0,2026-09-03 12:03,23,-2.266,12.525,2.0,-1.963,5.575,2.476,540.278
CND_200_6,0,2026-09-03 14:03,24,-2.014,11.133,2.0,-1.698,1.189,2.496,540.278
CND_200_6,0,2026-09-03 16:03,25,-1.829,6.136,1.0,-1.499,0.894,1.517,540.278
CND_200_6,0,2026-09-03 18:03,26,-0.822,0.57,-1.0,-0.479,0.358,-0.462,540.278
CND_200_6,0,2026-09-03 20:03,27,-0.57,-0.822,-3.0,-0.214,-0.699,-2.442,540.278
CND_200_6,0,2026-09-03 22:03,28,-1.14,-1.643,1.0,-0.771,-1.643,1.579,540.278
CND_200_6,0,2026-09-04 00:03,29,-0.252,1.392,-3.0,0.131,0.938,-2.4,540.278
CND_200_6,0,2026-09-04 02:03,30,-0.252,1.392,-4.0,0.144,1.001,-3.38,540.278
CND_200_6,0,2026-09-04 04:03,31,-0.822,0.57,-3.0,-0.413,-0.599,-2.359,540.278
CND_200_6,0,2026-09-04 06:03,32,-1.458,-3.857,1.0,-1.036,-1.193,1.662,540.278
CND_200_6,0,2026-09-04 08:04,33,-1.206,-5.248,-3.0,-0.771,-0.991,-2.317,540.278
CND_200_6,0,2026-09-04 10:04,34,0.0,-0.0,-7.0,0.448,2.245,-6.297,540.278
CND_200_6,0,2026-09-04 12:04,35,-1.763,9.741,-5.0,-1.301,2.335,-4.276,540.278
CND_200_6,0,2026-09-04 14:04,36,-1.259,6.958,-5.0,-0.784,-1.135,-4.256,540.278
CND_200_6,0,2026-09-04 16:03,37,-1.193,10.563,-4.0,-0.705,0.036,-3.235,540.278
CND_200_6,0,2026-09-04 18:03,38,-0.57,-0.822,-3.0,-0.069,-0.411,-2.214,540.278
CND_200_6,0,2026-09-04 20:03,39,-1.392,-0.252,-2.0,-0.877,0.577,-1.194,540.278
CND_200_6,0,2026-09-04 22:03,40,-1.392,-0.252,1.0,-0.864,0.073,1.827,540.278
CND_200_6,0,2026-09-05 00:03,41,-1.392,-0.252,-1.0,-0.851,-0.996,-0.152,540.278
CND_200_6,0,2026-09-05 02:03,42,-1.392,-0.252,-1.0,-0.838,-0.278,-0.132,540.278
CND_200_6,0,2026-09-05 04:03,43,-0.888,-3.035,-3.0,-0.321,-3.305,-2.111,540.278
CND_200_6,0,2026-09-05 06:04,44,-2.598,-5.5,-1.0,-2.018,-0.735,-0.09,540.278
CND_200_6,0,2026-09-05 08:04,45,-3.3,-13.532,2.0,-2.707,-3.561,2.93,540.278
CND_200_6,0,2026-09-05 10:03,46,-1.458,-3.857,-5.0,-0.852,-0.217,-4.049,540.278
CND_200_6,0,2026-09-05 12:04,47,-1.829,6.136,-6.0,-1.209,0.756,-5.028,540.278
CND_200_6,0,2026-09-05 14:04,48,-1.325,3.353,-6.0,-0.692,-3.835,-5.008,540.278
CND_200_6,0,2026-09-05 16:04,49,-0.689,7.78,-9.0,-0.043,-1.265,-7.987,540.278
CND_200_6,0,2026-09-05 18:04,50,-1.14,-1.643,-5.0,-0.481,0.405,-3.966,540.278
CND_200_6,0,2026-09-05 20:05,51,-1.458,-3.857,-5.0,-0.785,-1.691,-3.945,540.278
CND_200_6,0,2026-09-05 22:04,52,-0.888,-3.035,-5.0,-0.202,-0.94,-3.925,540.278
CND_200_6,0,2026-09-06 00:03,53,-1.392,-0.252,-5.0,-0.693,0.259,-3.904,540.278
CND_200_6,0,2026-09-06 02:04,54,-1.962,-1.073,-5.0,-1.25,-0.488,-3.884,540.278
CND_200_6,0,2026-09-06 04:03,55,-1.392,-0.252,-5.0,-0.667,0.075,-3.863,540.278
CND_200_6,0,2026-09-06 06:04,56,-1.392,-0.252,-4.0,-0.653,0.29,-2.842,540.278
CND_200_6,0,2026-09-06 10:04,58,-2.598,-5.5,-1.0,-1.833,-0.973,0.199,540.278
CND_200_6,0,2026-09-06 12:04,59,-2.28,-3.287,-6.0,-1.502,-3.736,-4.78,540.278
CND_200_6,0,2026-09-06 14:04,60,-3.353,-1.325,-3.0,-2.562,0.87,-1.76,540.278
CND_200_6,0,2026-09-06 16:04,61,-3.671,-3.539,-3.0,-2.867,-2.083,-1.739,540.278
CND_200_6,0,2026-09-06 18:04,62,-2.783,-0.504,-4.0,-1.966,0.815,-2.718,540.278
CND_200_6,0,2026-09-06 20:04,63,-2.531,-1.895,-5.0,-1.701,0.275,-3.698,540.278
CND_200_6,0,2026-09-06 22:03,64,-3.353,-1.325,-2.0,-2.51,0.144,-0.677,540.278
CND_200_6,0,2026-09-07 00:03,65,-2.783,-0.504,-3.0,-1.927,0.448,-1.657,540.278
CND_200_6,0,2026-09-07 02:03,66,-2.783,-0.504,-2.0,-1.913,0.615,-0.636,540.278
CND_200_6,0,2026-09-07 04:03,67,-2.531,-1.895,-4.0,-1.648,0.299,-2.615,540.278
CND_200_6,0,2026-09-07 06:04,68,-3.101,-2.717,-1.0,-2.205,-0.229,0.406,540.278
CND_200_6,0,2026-09-07 08:04,69,-2.346,-6.892,-5.0,-1.436,-0.574,-3.574,540.278
CND_200_6,0,2026-09-07 10:04,70,-3.101,-2.717,-4.0,-2.179,-0.749,-2.553,540.278
CND_200_6,0,2026-09-07 12:04,71,-3.79,5.063,-4.0,-2.855,1.692,-2.532,540.278
CND_200_6,0,2026-09-07 14:04,72,-2.081,7.528,-9.0,-1.132,0.488,-7.512,540.278
CND_200_6,0,2026-09-07 18:04,73,-2.531,-1.895,-7.0,-1.556,0.453,-5.47,540.278
CND_200_6,0,2026-09-07 20:04,74,-3.101,-2.717,-5.0,-2.113,-1.03,-3.45,540.278
CND_200_6,0,2026-09-07 22:04,75,-2.783,-0.504,-5.0,-1.781,0.602,-3.429,540.278
CND_200_6,0,2026-09-08 00:04,76,-3.353,-1.325,-6.0,-2.338,-0.498,-4.408,540.278
CND_200_6,0,2026-09-08 02:03,77,-3.035,0.888,-7.0,-2.007,1.959,-5.388,540.278
CND_200_6,0,2026-09-08 04:04,78,-3.605,0.066,-4.0,-2.564,0.203,-2.367,540.278
CND_200_6,0,2026-09-08 06:04,79,-3.101,-2.717,-6.0,-2.047,-1.771,-4.346,540.278
CND_200_6,0,2026-09-08 08:04,80,-5.196,-11.0,1.0,-4.128,-0.957,2.674,540.278
CND_200_6,0,2026-09-08 10:04,81,-3.168,-6.322,-6.0,-2.087,-1.552,-4.305,540.278
CND_200_6,0,2026-09-08 12:04,82,-4.811,-5.182,-2.0,-3.717,-2.575,-0.284,540.278
CND_200_6,0,2026-09-08 14:04,83,-4.678,2.028,-6.0,-3.571,0.29,-4.264,540.278
CND_200_6,0,2026-09-08 16:04,84,-3.923,-2.147,-5.0,-2.803,0.571,-3.243,540.278
CND_200_6,0,2026-09-08 18:04,85,-3.101,-2.717,-6.0,-1.968,-0.239,-4.222,540.278
CND_200_6,0,2026-09-08 20:03,86,-3.923,-2.147,-6.0,-2.777,0.0,-4.202,540.278
CND_200_6,0,2026-09-08 22:03,87,-4.493,-2.969,-4.0,-3.333,-1.206,-2.181,540.278
CND_200_6,0,2026-09-09 00:53,88,-3.923,-2.147,-5.0,-2.745,-1.333,-3.152,540.278
CND_200_6,0,2026-09-09 02:03,89,-4.241,-4.36,-5.0,-3.055,-3.552,-3.14,540.278
CND_200_6,0,2026-09-09 04:03,90,-2.85,-4.109,-11.0,-1.65,-3.564,-9.119,540.278
CND_200_6,0,2026-09-09 06:04,91,-3.605,0.066,-9.0,-2.392,0.882,-7.098,540.278
CND_200_6,0,2026-09-09 08:05,92,-5.262,-14.605,-2.0,-4.036,-5.278,-0.078,540.278
CND_200_6,0,2026-09-09 10:04,93,-3.035,0.888,-12.0,-1.796,4.51,-10.057,540.278
CND_200_6,0,2026-09-09 12:04,94,-3.353,-1.325,-11.0,-2.101,-4.943,-9.037,540.278
CND_200_6,0,2026-09-09 14:04,95,-3.539,3.671,-15.0,-2.273,0.652,-13.016,540.278
CND_200_6,0,2026-09-09 18:04,97,-3.671,-3.539,-10.0,-2.38,-0.259,-7.975,540.278
CND_200_6,0,2026-09-09 20:03,98,-4.493,-2.969,-5.0,-3.188,-0.868,-2.954,540.278
CND_200_6,0,2026-09-09 22:03,99,-5.315,-2.399,-4.0,-3.997,0.025,-1.933,540.278
CND_200_6,0,2026-09-10 00:03,100,-5.063,-3.79,-7.0,-3.732,-2.079,-4.913,540.278
CND_200_6,0,2026-09-10 02:03,101,-5.248,1.206,-5.0,-3.904,1.319,-2.892,540.278
CND_200_6,0,2026-09-10 04:03,102,-4.997,-0.185,-5.0,-3.639,0.403,-2.871,540.278
CND_200_6,0,2026-09-10 06:04,103,-4.745,-1.577,-7.0,-3.374,-0.546,-4.851,540.278
CND_200_6,0,2026-09-10 08:04,104,-6.203,-5.434,-4.0,-4.819,4.756,-1.83,540.278
CND_200_6,0,2026-09-10 10:04,105,-5.951,-6.825,-8.0,-4.554,-1.571,-5.809,540.278
CND_200_6,0,2026-09-10 12:04,106,-2.783,-0.504,-23.0,-1.373,-3.356,-20.789,540.278
CND_200_6,0,2026-09-10 14:04,107,-5.5,2.598,-11.0,-4.077,-2.777,-8.768,540.278
CND_200_6,0,2026-09-10 16:03,108,-5.885,-3.22,-8.0,-4.448,-0.934,-5.747,540.278
CND_200_6,0,2026-09-10 18:03,109,-5.885,-3.22,-8.0,-4.435,-0.854,-5.727,540.278
CND_200_6,0,2026-09-10 20:04,110,-5.315,-2.399,-9.0,-3.852,-0.112,-6.706,540.278
CND_200_6,0,2026-09-10 22:03,111,-5.315,-2.399,-7.0,-3.839,-0.652,-4.685,540.278
CND_200_6,0,2026-09-11 00:03,112,-6.136,-1.829,-6.0,-4.647,-1.166,-3.665,540.278
CND_200_6,0,2026-09-11 02:04,113,-6.388,-0.437,-7.0,-4.886,1.277,-4.644,540.278
CND_200_6,0,2026-09-11 04:03,114,-6.136,-1.829,-4.0,-4.621,-1.36,-1.623,540.278
CND_200_6,0,2026-09-11 06:04,115,-5.566,-1.007,-7.0,-4.038,1.568,-4.603,540.278
CND_200_6,0,2026-09-11 08:04,116,-7.979,-11.504,-1.0,-6.437,-2.57,1.418,540.278
CND_200_6,0,2026-09-11 10:04,117,-5.129,-7.395,-10.0,-3.574,-3.457,-7.561,540.278
CND_200_6,0,2026-09-11 12:04,118,-5.752,3.989,-12.0,-4.184,-0.084,-9.541,540.278
CND_200_6,0,2026-09-11 14:04,119,-6.322,3.168,-13.0,-4.74,-0.262,-10.52,540.278
CND_200_6,0,2026-09-11 16:04,120,-6.084,-14.035,-10.0,-4.489,-10.851,-7.499,540.278
CND_200_6,0,2026-09-11 18:03,121,-6.136,-1.829,-9.0,-4.529,0.197,-6.479,540.278
CND_200_6,0,2026-09-11 20:03,122,-5.633,-4.612,-10.0,-4.012,-1.921,-7.458,540.278
CND_200_6,0,2026-09-11 22:03,123,-5.885,-3.22,-8.0,-4.251,-0.368,-5.437,540.278
CND_200_7,0,2026-09-01 14:04,0,1.278,6.68,-7.0,1.279,4.946,-6.999,541.536
CND_200_7,0,2026-09-01 16:04,1,-0.234,-0.442,3.0,-0.221,-1.709,3.021,541.536
CND_200_7,0,2026-09-01 18:04,2,0.234,0.442,-1.0,0.261,0.442,-0.958,541.536
CND_200_7,0,2026-09-01 20:04,3,0.181,-1.794,1.0,0.221,-1.222,1.063,541.536
CND_200_7,0,2026-09-01 22:04,4,0.234,0.442,0.0,0.288,0.7,0.083,541.536
CND_200_7,0,2026-09-02 00:04,5,0.649,-0.91,0.0,0.716,-0.91,0.104,541.536
CND_200_7,0,2026-09-02 02:04,6,-0.234,-0.442,3.0,-0.155,-0.442,3.125,541.536
CND_200_7,0,2026-09-02 04:04,7,0.234,0.442,2.0,0.327,-0.44,2.145,541.536
CND_200_7,0,2026-09-02 06:04,8,0.703,1.325,0.0,0.809,0.64,0.166,541.536
CND_200_7,0,2026-09-02 08:04,9,-1.332,-8.915,5.0,-1.212,-1.928,5.187,541.536
CND_200_7,0,2026-09-02 10:05,10,0.234,0.442,-3.0,0.367,1.523,-2.793,541.536
CND_200_7,0,2026-09-02 12:04,11,0.863,8.031,-4.0,1.009,-1.522,-3.772,541.536
CND_200_7,0,2026-09-02 14:04,12,-0.02,8.5,-1.0,0.139,-1.054,-0.751,541.536
CND_200_7,0,2026-09-02 16:04,13,0.395,7.148,-2.0,0.567,-0.852,-1.731,541.536
CND_200_7,0,2026-09-02 18:04,14,0.234,0.442,-1.0,0.42,-0.525,-0.71,541.536
CND_200_7,0,2026-09-02 20:04,15,0.234,0.442,-2.0,0.433,-0.488,-1.689,541.536
CND_200_7,0,2026-09-02 22:04,16,0.234,0.442,1.0,0.446,-1.073,1.331,541.536
CND_200_7,0,2026-09-03 00:04,17,-0.649,0.91,0.0,-0.424,-1.207,0.352,541.536
CND_200_7,0,2026-09-03 02:04,18,-0.181,1.794,1.0,0.057,-0.591,1.373,541.536
CND_200_7,0,2026-09-03 04:04,19,-0.181,1.794,0.0,0.071,-0.425,0.393,541.536
CND_200_7,0,2026-09-03 06:04,20,-0.703,-1.325,1.0,-0.438,-0.049,1.414,541.536
CND_200_7,0,2026-09-03 08:04,21,-1.693,-5.328,3.0,-1.415,1.487,3.435,541.536
CND_200_7,0,2026-09-03 10:04,22,0.127,-4.029,-3.0,0.418,-2.184,-2.545,541.536
CND_200_7,0,2026-09-03 12:04,23,-0.435,9.852,-6.0,-0.131,2.886,-5.524,541.536
CND_200_7,0,2026-09-03 14:04,24,-0.904,8.968,1.0,-0.586,-0.999,1.497,541.536
CND_200_7,0,2026-09-03 16:04,25,-1.064,2.262,1.0,-0.734,-2.992,1.517,541.536
CND_200_7,0,2026-09-03 18:04,26,-0.703,-1.325,-1.0,-0.359,-1.537,-0.462,541.536
CND_200_7,0,2026-09-03 20:04,27,-0.234,-0.442,-2.0,0.123,-0.319,-1.441,541.536
CND_200_7,0,2026-09-03 22:04,28,-0.288,-2.677,-1.0,0.082,-2.677,-0.421,541.536
CND_200_7,0,2026-09-04 00:04,29,0.234,0.442,-1.0,0.618,-0.013,-0.4,541.536
CND_200_7,0,2026-09-04 02:04,30,-0.181,1.794,-3.0,0.216,1.402,-2.379,541.536
CND_200_7,0,2026-09-04 04:04,31,0.649,-0.91,-4.0,1.059,-2.082,-3.359,541.536
CND_200_7,0,2026-09-04 06:04,32,-0.341,-4.913,2.0,0.082,-2.242,2.662,541.536
CND_200_7,0,2026-09-04 08:04,33,-0.341,-4.913,-1.0,0.095,-0.646,-0.317,541.536
CND_200_7,0,2026-09-04 10:05,34,0.074,-6.265,-3.0,0.523,-4.015,-2.297,541.536
CND_200_7,0,2026-09-04 12:05,35,-0.435,9.852,-4.0,0.028,2.428,-3.276,541.536
CND_200_7,0,2026-09-04 14:05,36,-2.363,4.083,0.0,-1.887,-4.029,0.745,541.536
CND_200_7,0,2026-09-04 16:04,37,-0.435,9.852,-5.0,0.054,-0.7,-4.235,541.536
CND_200_7,0,2026-09-04 18:04,38,-0.234,-0.442,-3.0,0.268,-0.03,-2.214,541.536
CND_200_7,0,2026-09-04 20:04,39,-0.288,-2.677,-4.0,0.228,-1.846,-3.194,541.536
CND_200_7,0,2026-09-04 22:04,40,-0.234,-0.442,-1.0,0.294,-0.116,-0.173,541.536
CND_200_7,0,2026-09-05 00:04,41,-0.703,-1.325,0.0,-0.161,-2.072,0.848,541.536
CND_200_7,0,2026-09-05 02:04,42,-1.118,0.027,0.0,-0.563,0.0,0.868,541.536
CND_200_7,0,2026-09-05 04:04,43,-1.118,0.027,2.0,-0.549,-0.243,2.889,541.536
CND_200_7,0,2026-09-05 06:04,44,-1.693,-5.328,2.0,-1.112,-0.552,2.91,541.536
CND_200_7,0,2026-09-05 08:05,45,-1.8,-9.798,1.0,-1.205,0.196,1.931,541.536
CND_200_7,0,2026-09-05 10:05,46,-0.756,-3.561,-5.0,-0.148,0.087,-4.049,541.536
CND_200_7,0,2026-09-05 12:05,47,-1.118,0.027,-7.0,-0.496,-5.366,-6.028,541.536
CND_200_7,0,2026-09-05 14:05,48,-0.181,1.794,-10.0,0.454,-5.411,-9.007,541.536
CND_200_7,0,2026-09-05 16:05,49,-0.489,7.617,-5.0,0.159,-1.45,-3.987,541.536
CND_200_7,0,2026-09-05 18:04,50,-0.288,-2.677,-6.0,0.373,-0.624,-4.966,541.536
CND_200_7,0,2026-09-05 20:06,51,-0.756,-3.561,-3.0,-0.082,-1.39,-1.945,541.536
CND_200_7,0,2026-09-05 22:05,52,-0.288,-2.677,-4.0,0.399,-0.578,-2.925,541.536
CND_200_7,0,2026-09-06 00:04,53,-1.533,1.379,-1.0,-0.832,1.891,0.096,541.536
CND_200_7,0,2026-09-06 02:04,54,-0.649,0.91,-3.0,0.064,1.497,-1.884,541.536
CND_200_7,0,2026-09-06 04:04,55,-1.533,1.379,0.0,-0.806,1.706,1.137,541.536
CND_200_7,0,2026-09-06 06:04,56,-0.703,-1.325,-3.0,0.037,-0.782,-1.842,541.536
CND_200_7,0,2026-09-06 10:05,58,-0.703,-1.325,-8.0,0.064,3.212,-6.801,541.536
CND_200_7,0,2026-09-06 12:04,59,-1.533,1.379,-5.0,-0.753,0.928,-3.78,541.536
CND_200_7,0,2026-09-06 14:04,60,-1.171,-2.209,-4.0,-0.378,-0.008,-2.76,541.536
CND_200_7,0,2026-09-06 16:04,61,-1.64,-3.092,-5.0,-0.834,-1.633,-3.739,541.536
CND_200_7,0,2026-09-06 18:05,62,-1.586,-0.857,-4.0,-0.767,0.465,-2.718,541.536
CND_200_7,0,2026-09-06 20:05,63,-1.171,-2.209,-6.0,-0.339,-0.033,-4.697,541.536
CND_200_7,0,2026-09-06 22:04,64,-1.64,-3.092,-1.0,-0.794,-1.62,0.323,541.536
CND_200_7,0,2026-09-07 00:04,65,-1.171,-2.209,-3.0,-0.312,-1.255,-1.656,541.536
CND_200_7,0,2026-09-07 02:04,66,-1.586,-0.857,-2.0,-0.714,0.264,-0.636,541.536
CND_200_7,0,2026-09-07 04:04,67,-2.055,-1.74,1.0,-1.169,0.459,2.385,541.536
CND_200_7,0,2026-09-07 06:04,68,-1.64,-3.092,-3.0,-0.741,-0.599,-1.594,541.536
CND_200_7,0,2026-09-07 08:04,69,-1.278,-6.68,-4.0,-0.367,-0.348,-2.574,541.536
CND_200_7,0,2026-09-07 10:04,70,-1.64,-3.092,-3.0,-0.715,-1.119,-1.553,541.536
CND_200_7,0,2026-09-07 12:05,71,-2.363,4.083,-5.0,-1.424,0.704,-3.532,541.536
CND_200_7,0,2026-09-07 14:05,72,-3.3,2.316,-1.0,-2.348,-4.74,0.488,541.536
CND_200_7,0,2026-09-07 18:05,73,-1.693,-5.328,-4.0,-0.715,-2.974,-2.47,541.536
CND_200_7,0,2026-09-07 20:04,74,-1.171,-2.209,-5.0,-0.18,-0.518,-3.45,541.536
CND_200_7,0,2026-09-07 22:04,75,-0.703,-1.325,-8.0,0.301,-0.217,-6.429,541.536
CND_200_7,0,2026-09-08 00:04,76,-1.118,0.027,-8.0,-0.1,0.856,-6.408,541.536
CND_200_7,0,2026-09-08 02:04,77,-1.278,-6.68,-6.0,-0.248,-5.606,-4.388,541.536
CND_200_7,0,2026-09-08 04:04,78,-2.055,-1.74,-3.0,-1.011,-1.603,-1.367,541.536
CND_200_7,0,2026-09-08 06:04,79,-1.118,0.027,-4.0,-0.061,0.975,-2.346,541.536
CND_200_7,0,2026-09-08 08:05,80,-2.737,-11.565,-3.0,-1.667,-1.499,-1.326,541.536
CND_200_7,0,2026-09-08 10:05,81,-1.8,-9.798,-6.0,-0.717,-5.018,-4.305,541.536
CND_200_7,0,2026-09-08 12:05,82,-2.523,-2.624,-1.0,-1.427,-0.011,0.716,541.536
CND_200_7,0,2026-09-08 14:04,83,-2.055,-1.74,-6.0,-0.945,-3.482,-4.264,541.536
CND_200_7,0,2026-09-08 16:05,84,-2.992,-3.507,-2.0,-1.869,-0.783,-0.243,541.536
CND_200_7,0,2026-09-08 18:04,85,-1.586,-0.857,-8.0,-0.45,1.626,-6.222,541.536
CND_200_7,0,2026-09-08 20:04,86,-1.64,-3.092,-7.0,-0.49,-0.94,-5.202,541.536
CND_200_7,0,2026-09-08 22:04,87,-2.47,-0.388,-2.0,-1.307,1.378,-0.181,541.536
CND_200_7,0,2026-09-09 06:05,91,0.074,-6.265,-13.0,1.289,-5.447,-11.098,541.536
CND_200_7,0,2026-09-09 08:05,92,-3.567,-8.861,-1.0,-2.338,0.487,0.922,541.536
CND_200_7,0,2026-09-09 10:05,93,-3.407,-2.155,1.0,-2.165,1.475,2.943,541.536
CND_200_7,0,2026-09-09 12:05,94,-3.3,2.316,-6.0,-2.045,-1.31,-4.036,541.536
CND_200_7,0,2026-09-09 14:05,95,-5.013,5.488,1.0,-3.745,2.462,2.984,541.536
CND_200_7,0,2026-09-09 16:06,96,-2.523,-2.624,-7.0,-1.242,-1.647,-4.995,541.536
CND_200_7,0,2026-09-09 18:04,97,-2.577,-4.859,-6.0,-1.282,-1.572,-3.975,541.536
CND_200_7,0,2026-09-09 20:04,98,-2.47,-0.388,-5.0,-1.162,1.717,-2.954,541.536
CND_200_7,0,2026-09-09 22:04,99,-2.47,-0.388,-4.0,-1.149,2.041,-1.933,541.536
CND_200_7,0,2026-09-10 00:04,100,-2.001,0.495,-7.0,-0.667,2.211,-4.913,541.536
CND_200_7,0,2026-09-10 02:04,101,-2.885,0.964,-5.0,-1.537,1.077,-2.892,541.536
CND_200_7,0,2026-09-10 04:04,102,-2.938,-1.272,-5.0,-1.578,-0.682,-2.871,541.536
CND_200_7,0,2026-09-10 06:04,103,-2.938,-1.272,-6.0,-1.564,-0.238,-3.851,541.536
CND_200_7,0,2026-09-10 08:05,104,-3.152,-10.213,-4.0,-1.765,0.0,-1.83,541.536
CND_200_7,0,2026-09-10 10:05,105,-4.759,-2.57,-1.0,-3.358,2.697,1.191,541.536
CND_200_7,0,2026-09-10 12:05,106,-3.768,1.432,-5.0,-2.355,-1.427,-2.788,541.536
CND_200_7,0,2026-09-10 14:05,107,-1.426,5.85,-15.0,0.001,0.462,-12.768,541.536
CND_200_7,0,2026-09-10 16:04,108,-3.407,-2.155,-8.0,-1.967,0.137,-5.747,541.536
CND_200_7,0,2026-09-10 18:04,109,-2.577,-4.859,-10.0,-1.124,-2.487,-7.727,541.536
CND_200_7,0,2026-09-10 20:04,110,-2.215,-8.446,-10.0,-0.749,-6.155,-7.706,541.536
CND_200_7,0,2026-09-10 22:04,111,-1.8,-9.798,-9.0,-0.321,-8.048,-6.685,541.536
CND_200_7,0,2026-09-11 00:04,112,-2.162,-6.211,-9.0,-0.669,-5.546,-6.665,541.536
CND_200_7,0,2026-09-11 02:05,113,-1.693,-5.328,-11.0,-0.187,-3.609,-8.644,541.536
CND_200_7,0,2026-09-11 04:04,114,-3.407,-2.155,-4.0,-1.888,-1.685,-1.623,541.536
CND_200_7,0,2026-09-11 06:04,115,-0.97,-12.502,-13.0,0.562,-9.921,-10.603,541.536
CND_200_7,0,2026-09-11 08:05,116,-3.514,-6.626,-7.0,-1.968,2.329,-4.582,541.536
CND_200_7,0,2026-09-11 10:05,117,-3.099,-7.978,-10.0,-1.54,-4.03,-7.561,541.536
CND_200_7,0,2026-09-11 12:05,118,-2.363,4.083,-13.0,-0.791,0.0,-10.54,541.536
CND_200_7,0,2026-09-11 14:05,119,-4.183,2.784,-5.0,-2.598,-0.653,-2.52,541.536
CND_200_7,0,2026-09-11 16:04,120,-4.812,-4.806,-3.0,-3.214,-1.614,-0.499,541.536
CND_200_7,0,2026-09-11 18:04,121,-2.577,-4.859,-10.0,-0.965,-2.828,-7.479,541.536
CND_200_7,0,2026-09-11 20:04,122,-3.822,-0.803,-3.0,-2.197,1.894,-0.458,541.536
CND_200_7,0,2026-09-11 22:04,123,-2.162,-6.211,-9.0,-0.524,-3.352,-6.437,541.536
CND_200_8,0,2026-09-01 14:01,0,0.701,1.661,-6.0,0.701,-0.215,-6.0,585.915
CND_200_8,0,2026-09-01 16:01,1,0.167,6.101,0.0,0.182,4.73,0.021,585.915
CND_200_8,0,2026-09-01 18:01,2,0.133,-1.11,-1.0,0.162,-1.11,-0.959,585.915
CND_200_8,0,2026-09-01 20:01,3,0.417,0.275,0.0,0.46,0.893,0.062,585.915
CND_200_8,0,2026-09-01 22:01,4,-0.417,-0.275,1.0,-0.36,0.004,1.083,585.915
CND_200_8,0,2026-09-02 00:01,5,-0.417,-0.275,0.0,-0.346,-0.275,0.103,585.915
CND_200_8,0,2026-09-02 02:01,6,0.133,-1.11,-1.0,0.219,-1.11,-0.876,585.915
CND_200_8,0,2026-09-02 04:01,7,-0.701,-1.661,1.0,-0.601,-2.614,1.145,585.915
CND_200_8,0,2026-09-02 06:01,8,0.133,-1.11,-1.0,0.248,-1.852,-0.835,585.915
CND_200_8,0,2026-09-02 08:01,9,-2.37,-2.762,5.0,-2.242,4.797,5.186,585.915
CND_200_8,0,2026-09-02 10:01,10,-0.718,-5.266,-3.0,-0.575,-4.097,-2.793,585.915
CND_200_8,0,2026-09-02 12:01,11,-0.634,12.761,-4.0,-0.476,2.425,-3.773,585.915
CND_200_8,0,2026-09-02 14:01,12,-2.036,9.44,0.0,-1.864,-0.897,0.248,585.915
CND_200_8,0,2026-09-02 16:01,13,-1.218,6.385,-2.0,-1.032,-2.271,-1.731,585.915
CND_200_8,0,2026-09-02 18:01,14,-1.803,0.008,1.0,-1.603,-1.037,1.289,585.915
CND_200_8,0,2026-09-02 20:01,15,-0.951,4.165,-3.0,-0.737,3.159,-2.69,585.915
CND_200_8,0,2026-09-02 22:01,16,-1.519,1.394,-1.0,-1.29,-0.245,-0.669,585.915
CND_200_8,0,2026-09-03 00:01,17,-1.235,2.779,-1.0,-0.992,0.489,-0.649,585.915
CND_200_8,0,2026-09-03 02:01,18,-1.235,2.779,0.0,-0.978,0.2,0.372,585.915
CND_200_8,0,2026-09-03 04:01,19,-2.337,4.449,3.0,-2.065,2.048,3.393,585.915
CND_200_8,0,2026-09-03 06:01,20,-1.803,0.008,1.0,-1.517,1.389,1.413,585.915
CND_200_8,0,2026-09-03 08:01,21,-3.239,-10.524,2.0,-2.939,-3.151,2.434,585.915
CND_200_8,0,2026-09-03 10:01,22,-3.222,-6.919,4.0,-2.907,-4.922,4.455,585.915
CND_200_8,0,2026-09-03 12:01,23,-3.705,8.338,3.0,-3.377,0.801,3.475,585.915
CND_200_8,0,2026-09-03 14:01,24,-1.752,10.825,-3.0,-1.409,0.041,-2.504,585.915
CND_200_8,0,2026-09-03 16:01,25,-3.171,3.898,-1.0,-2.814,-1.787,-0.483,585.915
CND_200_8,0,2026-09-03 18:01,26,-2.637,-0.542,-1.0,-2.266,-0.772,-0.463,585.915
CND_200_8,0,2026-09-03 20:01,27,-2.354,0.843,-4.0,-1.968,0.976,-3.442,585.915
CND_200_8,0,2026-09-03 22:01,28,-2.637,-0.542,1.0,-2.237,-0.542,1.579,585.915
CND_200_8,0,2026-09-04 00:01,29,-2.637,-0.542,0.0,-2.223,-1.035,0.599,585.915
CND_200_8,0,2026-09-04 02:01,30,-2.354,0.843,-4.0,-1.925,0.419,-3.38,585.915
CND_200_8,0,2026-09-04 04:01,31,-1.519,1.394,-7.0,-1.076,0.126,-6.359,585.915
CND_200_8,0,2026-09-04 06:01,32,-2.654,-4.148,0.0,-2.197,-1.259,0.661,585.915
CND_200_8,0,2026-09-04 08:01,33,-2.654,-4.148,-2.0,-2.183,0.469,-1.318,585.915
CND_200_8,0,2026-09-04 10:01,34,-1.786,3.614,-11.0,-1.3,6.048,-10.297,585.915
CND_200_8,0,2026-09-04 12:01,35,-3.138,11.109,-6.0,-2.637,3.077,-5.277,585.915
CND_200_8,0,2026-09-04 14:01,36,-3.121,14.714,-8.0,-2.606,5.938,-7.256,585.915
CND_200_8,0,2026-09-04 16:01,37,-3.138,11.109,-5.0,-2.609,-0.308,-4.235,585.915
CND_200_8,0,2026-09-04 18:01,38,-3.188,0.292,-3.0,-2.645,0.738,-2.215,585.915
CND_200_8,0,2026-09-04 20:01,39,-3.739,1.127,-1.0,-3.182,2.026,-0.194,585.915
CND_200_8,0,2026-09-04 22:01,40,-2.921,-1.928,-2.0,-2.35,-1.575,-1.173,585.915
CND_200_8,0,2026-09-05 00:01,41,-4.023,-0.259,-1.0,-3.437,-1.066,-0.153,585.915
CND_200_8,0,2026-09-05 02:01,42,-4.574,0.576,0.0,-3.973,0.547,0.868,585.915
CND_200_8,0,2026-09-05 04:01,43,-3.188,0.292,-2.0,-2.574,0.0,-1.111,585.915
CND_200_8,0,2026-09-05 06:01,44,-4.323,-5.25,1.0,-3.695,-0.082,1.909,585.915
CND_200_8,0,2026-09-05 08:01,45,-4.624,-10.24,0.0,-3.981,0.573,0.93,585.915
CND_200_8,0,2026-09-05 10:01,46,-4.307,-1.644,-6.0,-3.649,2.303,-5.049,585.915
CND_200_8,0,2026-09-05 12:01,47,-3.438,6.118,-7.0,-2.767,0.283,-6.029,585.915
CND_200_8,0,2026-09-05 14:01,48,-4.256,9.173,-5.0,-3.57,1.378,-4.008,585.915
CND_200_8,0,2026-09-05 16:01,49,-2.587,10.274,-11.0,-1.887,0.465,-9.987,585.915
CND_200_8,0,2026-09-05 18:01,50,-3.739,1.127,-7.0,-3.024,3.348,-5.967,585.915
CND_200_8,0,2026-09-05 20:01,51,-3.756,-2.479,-6.0,-3.027,-0.13,-4.946,585.915
CND_200_8,0,2026-09-05 22:01,52,-4.307,-1.644,-2.0,-3.564,0.628,-0.925,585.915
CND_200_8,0,2026-09-06 00:01,53,-4.857,-0.809,-4.0,-4.1,-0.255,-2.905,585.915
CND_200_8,0,2026-09-06 02:01,54,-4.023,-0.259,-5.0,-3.251,0.376,-3.884,585.915
CND_200_8,0,2026-09-06 04:01,55,-5.124,1.411,-3.0,-4.338,1.765,-1.863,585.915
CND_200_8,0,2026-09-06 06:01,56,-5.124,1.411,-3.0,-4.324,1.998,-1.843,585.915
CND_200_8,0,2026-09-06 10:01,58,-5.425,-3.58,-4.0,-4.596,1.329,-2.801,585.915
CND_200_8,0,2026-09-06 12:01,59,-4.523,11.393,-8.0,-3.68,10.905,-6.781,585.915
CND_200_8,0,2026-09-06 14:01,60,-5.692,-1.36,-5.0,-4.835,1.02,-3.76,585.915
CND_200_8,0,2026-09-06 16:01,61,-5.976,-2.746,-4.0,-5.104,-1.167,-2.739,585.915
CND_200_8,0,2026-09-06 18:01,62,-5.692,-1.36,-6.0,-4.806,0.07,-4.719,585.915
CND_200_8,0,2026-09-06 20:01,63,-5.408,0.025,-6.0,-4.508,2.379,-4.698,585.915
CND_200_8,0,2026-09-06 22:01,64,-5.408,0.025,-5.0,-4.494,1.619,-3.678,585.915
CND_200_8,0,2026-09-07 00:01,65,-5.959,0.86,-4.0,-5.03,1.892,-2.657,585.915
CND_200_8,0,2026-09-07 02:01,66,-5.124,1.411,-7.0,-4.181,2.624,-5.636,585.915
CND_200_8,0,2026-09-07 04:01,67,-6.243,-0.526,-2.0,-5.285,1.854,-0.616,585.915
CND_200_8,0,2026-09-07 06:01,68,-6.527,-1.911,-1.0,-5.555,0.787,0.405,585.915
CND_200_8,0,2026-09-07 08:01,69,-7.662,-7.453,1.0,-6.676,-0.602,2.426,585.915
CND_200_8,0,2026-09-07 10:01,70,-5.976,-2.746,-3.0,-4.976,-0.611,-1.554,585.915
CND_200_8,0,2026-09-07 12:01,71,-7.612,3.364,-1.0,-6.597,-0.292,0.467,585.915
CND_200_8,0,2026-09-07 14:01,72,-5.942,4.465,-10.0,-4.913,-3.169,-8.512,585.915
CND_200_8,0,2026-09-07 18:01,73,-6.794,0.309,-4.0,-5.736,2.856,-2.471,585.915
CND_200_8,0,2026-09-07 20:01,74,-6.527,-1.911,-8.0,-5.455,-0.081,-6.45,585.915
CND_200_8,0,2026-09-07 22:01,75,-5.692,-1.36,-8.0,-4.606,-0.162,-6.43,585.915
CND_200_8,0,2026-09-08 00:01,76,-6.794,0.309,-5.0,-5.693,1.206,-3.409,585.915
CND_200_8,0,2026-09-08 02:01,77,-6.243,-0.526,-8.0,-5.128,0.636,-6.388,585.915
CND_200_8,0,2026-09-08 04:01,78,-7.912,-1.627,-4.0,-6.783,-1.479,-2.368,585.915
CND_200_8,0,2026-09-08 06:01,79,-6.794,0.309,-5.0,-5.651,1.335,-3.347,585.915
CND_200_8,0,2026-09-08 08:01,80,-9.047,-7.169,-1.0,-7.89,3.722,0.674,585.915
CND_200_8,0,2026-09-08 10:01,81,-9.314,-4.949,-1.0,-8.143,0.224,0.694,585.915
CND_200_8,0,2026-09-08 12:01,82,-8.179,0.593,-3.0,-6.993,3.42,-1.285,585.915
CND_200_8,0,2026-09-08 14:01,83,-8.713,5.033,-4.0,-7.513,3.148,-2.264,585.915
CND_200_8,0,2026-09-08 16:01,84,-7.094,-4.682,-11.0,-5.88,-1.734,-9.244,585.915
CND_200_8,0,2026-09-08 18:01,85,-7.628,-0.242,-7.0,-6.399,2.445,-5.223,585.915
CND_200_8,0,2026-09-08 20:01,86,-7.078,-1.076,-10.0,-5.834,1.252,-8.202,585.915
CND_200_8,0,2026-09-08 22:01,87,-7.628,-0.242,-7.0,-6.371,1.67,-5.182,585.915
CND_200_8,0,2026-09-09 00:50,88,-7.078,-1.076,-11.0,-5.8,-0.194,-9.153,585.915
CND_200_8,0,2026-09-09 02:01,89,-6.527,-1.911,-12.0,-5.241,-1.034,-10.14,585.915
CND_200_8,0,2026-09-09 04:01,90,-6.527,-1.911,-14.0,-5.226,-1.32,-12.12,585.915
CND_200_8,0,2026-09-09 06:01,91,-7.912,-1.627,-8.0,-6.598,-0.743,-6.099,585.915
CND_200_8,0,2026-09-09 08:01,92,-9.865,-4.114,0.0,-8.536,6.001,1.922,585.915
CND_200_8,0,2026-09-09 10:01,93,-8.196,-3.013,-9.0,-6.853,0.915,-7.058,585.915
CND_200_8,0,2026-09-09 12:01,94,-7.612,3.364,-12.0,-6.254,-0.559,-10.037,585.915
CND_200_8,0,2026-09-09 14:01,95,-8.446,2.813,-10.0,-7.074,-0.461,-8.016,585.915
CND_200_8,0,2026-09-09 16:02,96,-9.832,3.097,-9.0,-8.445,4.154,-6.996,585.915
CND_200_8,0,2026-09-09 18:01,97,-9.031,-3.563,-9.0,-7.63,-0.007,-6.975,585.915
CND_200_8,0,2026-09-09 20:01,98,-9.565,0.877,-8.0,-8.15,3.155,-5.954,585.915
CND_200_8,0,2026-09-09 22:01,99,-9.031,-3.563,-9.0,-7.602,-0.935,-6.934,585.915
CND_200_8,0,2026-09-10 00:01,100,-8.73,1.428,-10.0,-7.287,3.283,-7.913,585.915
CND_200_8,0,2026-09-10 02:01,101,-9.281,2.262,-6.0,-7.823,2.384,-3.892,585.915
CND_200_8,0,2026-09-10 04:01,102,-9.581,-2.729,-7.0,-8.11,-2.091,-4.872,585.915
CND_200_8,0,2026-09-10 06:01,103,-9.014,0.042,-9.0,-7.528,1.16,-6.851,585.915
CND_200_8,0,2026-09-10 08:01,104,-10.166,-9.105,-5.0,-8.666,1.945,-2.83,585.915
CND_200_8,0,2026-09-10 10:01,105,-9.298,-1.343,-14.0,-7.783,4.355,-11.81,585.915
CND_200_8,0,2026-09-10 12:01,106,-6.976,20.557,-24.0,-5.448,17.464,-21.789,585.915
CND_200_8,0,2026-09-10 14:01,107,-9.264,5.868,-16.0,-7.721,0.039,-13.768,585.915
CND_200_8,0,2026-09-10 16:01,108,-10.683,-1.06,-8.0,-9.126,1.421,-5.748,585.915
CND_200_8,0,2026-09-10 18:01,109,-9.848,-0.509,-12.0,-8.277,2.057,-9.727,585.915
CND_200_8,0,2026-09-10 20:01,110,-9.848,-0.509,-11.0,-8.262,1.971,-8.706,585.915
CND_200_8,0,2026-09-10 22:01,111,-10.132,-1.894,-12.0,-8.532,0.0,-9.686,585.915
CND_200_8,0,2026-09-11 00:01,112,-10.115,1.711,-12.0,-8.501,2.431,-9.665,585.915
CND_200_8,0,2026-09-11 02:01,113,-10.132,-1.894,-10.0,-8.503,-0.035,-7.644,585.915
CND_200_8,0,2026-09-11 04:01,114,-9.848,-0.509,-12.0,-8.205,0.0,-9.624,585.915
CND_200_8,0,2026-09-11 06:01,115,-10.132,-1.894,-12.0,-8.475,0.898,-9.603,585.915
CND_200_8,0,2026-09-11 08:01,116,-11.268,-7.436,-6.0,-9.596,2.253,-3.582,585.915
CND_200_8,0,2026-09-11 10:02,117,-11.234,-0.225,-7.0,-9.548,4.046,-4.562,585.915
CND_200_8,0,2026-09-11 12:01,118,-10.95,1.161,-15.0,-9.25,-3.257,-12.541,585.915
CND_200_8,0,2026-09-11 14:01,119,-10.048,16.133,-16.0,-8.333,12.414,-13.52,585.915
CND_200_8,0,2026-09-11 16:01,120,-11.251,-3.83,-12.0,-9.522,-0.377,-9.5,585.915
CND_200_8,0,2026-09-11 18:01,121,-11.785,0.61,-12.0,-10.041,2.807,-9.479,585.915
CND_200_8,0,2026-09-11 20:01,122,-11.518,-1.61,-10.0,-9.76,1.308,-7.459,585.915
CND_200_8,0,2026-09-11 22:01,123,-10.416,-3.28,-13.0,-8.644,-0.187,-10.438,585.915
CND_200_8,0,2026-09-12 00:01,124,-12.619,0.059,-7.0,-10.833,2.08,-4.417,585.915
CND_200_8,0,2026-09-12 02:01,125,-11.785,0.61,-6.0,-9.984,2.293,-3.397,585.915
CND_200_8,0,2026-09-12 04:01,126,-12.886,2.279,-8.0,-11.072,3.304,-5.376,585.915
CND_200_8,0,2026-09-12 06:01,127,-12.335,1.444,-9.0,-10.506,3.819,-6.355,585.915
CND_200_8,0,2026-09-12 08:02,128,-11.852,-13.812,-10.0,-10.009,-1.427,-7.334,585.915
CND_200_8,0,2026-09-12 10:01,129,-10.984,-6.05,-14.0,-9.126,1.401,-11.314,585.915
CND_200_8,0,2026-09-12 12:01,130,-12.052,2.83,-13.0,-10.18,-1.57,-10.293,585.915
CND_200_8,0,2026-09-12 14:02,131,-9.565,0.877,-20.0,-7.678,1.202,-17.272,585.915
CND_200_8,0,2026-09-12 16:01,132,-12.352,-2.161,-10.0,-10.452,0.0,-7.252,585.915
CND_200_8,0,2026-09-12 18:01,133,-12.335,1.444,-10.0,-10.421,1.326,-7.231,585.915
CND_200_8,0,2026-09-12 20:01,134,-12.052,2.83,-11.0,-10.123,4.339,-8.211,585.915
CND_200_8,0,2026-09-12 22:01,135,-12.335,1.444,-6.0,-10.392,1.986,-3.19,585.915
CND_200_8,0,2026-09-13 00:01,136,-12.335,1.444,-8.0,-10.378,2.173,-5.169,585.915
CND_200_8,0,2026-09-13 02:01,137,-11.768,4.215,-12.0,-9.796,5.809,-9.149,585.915
CND_200_8,0,2026-09-13 04:01,138,-11.217,3.381,-14.0,-9.231,3.216,-11.128,585.915
CND_200_8,0,2026-09-13 06:01,139,-13.437,3.114,-6.0,-11.437,6.951,-3.107,585.915
CND_200_8,0,2026-09-13 08:01,140,-14.289,-1.043,-7.0,-12.274,2.842,-4.087,585.915
CND_200_8,0,2026-09-13 10:01,141,-13.488,-7.703,-8.0,-11.459,-0.115,-5.066,585.915
CND_210_3,0,2026-09-01 14:01,0,0.815,-1.259,-5.0,0.815,-3.231,-5.0,615.845
CND_210_3,0,2026-09-01 16:01,1,0.617,4.568,-2.0,0.633,3.127,-1.979,615.845
CND_210_3,0,2026-09-01 18:01,2,-0.568,-0.963,2.0,-0.538,-0.963,2.041,615.845
CND_210_3,0,2026-09-01 20:01,3,-0.272,0.42,0.0,-0.226,1.069,0.062,615.845
CND_210_3,0,2026-09-01 22:01,4,-0.025,-1.803,2.0,0.035,-1.509,2.083,615.845
CND_210_3,0,2026-09-02 00:01,5,-0.272,0.42,0.0,-0.196,0.42,0.103,615.845
CND_210_3,0,2026-09-02 02:01,6,-0.519,2.642,1.0,-0.428,2.642,1.124,615.845
CND_210_3,0,2026-09-02 04:01,7,-0.765,4.865,2.0,-0.66,3.862,2.145,615.845
CND_210_3,0,2026-09-02 06:01,8,0.864,2.346,-2.0,0.985,1.566,-1.835,615.845
CND_210_3,0,2026-09-02 08:01,9,-2.297,-5.655,7.0,-2.161,2.291,7.186,615.845
CND_210_3,0,2026-09-02 10:01,10,-1.111,-0.123,-2.0,-0.961,1.106,-1.793,615.845
CND_210_3,0,2026-09-02 12:01,11,-0.074,14.841,-6.0,0.091,3.976,-5.773,615.845
CND_210_3,0,2026-09-02 14:01,12,-1.457,15.137,0.0,-1.276,4.272,0.248,615.845
CND_210_3,0,2026-09-02 16:01,13,-0.42,9.853,-5.0,-0.224,0.755,-4.731,615.845
CND_210_3,0,2026-09-02 18:01,14,-0.519,2.642,-4.0,-0.308,1.543,-3.711,615.845
CND_210_3,0,2026-09-02 20:01,15,-1.062,3.482,-2.0,-0.836,2.425,-1.69,615.845
CND_210_3,0,2026-09-02 22:01,16,-1.605,4.321,1.0,-1.365,2.599,1.331,615.845
CND_210_3,0,2026-09-03 00:01,17,-1.901,2.939,0.0,-1.646,0.531,0.351,615.845
CND_210_3,0,2026-09-03 02:01,18,-1.901,2.939,0.0,-1.631,0.227,0.372,615.845
CND_210_3,0,2026-09-03 04:01,19,-1.901,2.939,1.0,-1.616,0.416,1.393,615.845
CND_210_3,0,2026-09-03 06:01,20,-2.79,-1.21,4.0,-2.49,0.241,4.413,615.845
CND_210_3,0,2026-09-03 08:01,21,-4.025,-10.346,4.0,-3.71,-2.597,4.434,615.845
CND_210_3,0,2026-09-03 10:01,22,-2.889,-8.42,-3.0,-2.559,-6.322,-2.545,615.845
CND_210_3,0,2026-09-03 12:01,23,-1.358,2.099,-10.0,-1.013,-5.823,-9.525,615.845
CND_210_3,0,2026-09-03 14:01,24,-1.259,9.309,-9.0,-0.899,-2.026,-8.504,615.845
CND_210_3,0,2026-09-03 16:01,25,-4.321,8.519,6.0,-3.946,2.544,6.517,615.845
CND_210_3,0,2026-09-03 18:01,26,-3.037,1.012,-1.0,-2.647,0.771,-0.463,615.845
CND_210_3,0,2026-09-03 20:01,27,-2.494,0.173,-2.0,-2.088,0.312,-1.442,615.845
CND_210_3,0,2026-09-03 22:01,28,-2.741,2.395,0.0,-2.32,2.395,0.579,615.845
CND_210_3,0,2026-09-04 00:01,29,-2.988,4.618,0.0,-2.552,4.1,0.599,615.845
CND_210_3,0,2026-09-04 02:01,30,-3.037,1.012,-1.0,-2.587,0.567,-0.38,615.845
CND_210_3,0,2026-09-04 04:01,31,-3.581,1.852,0.0,-3.115,0.519,0.641,615.845
CND_210_3,0,2026-09-04 06:01,32,-3.087,-2.593,-2.0,-2.606,0.444,-1.339,615.845
CND_210_3,0,2026-09-04 08:01,33,-2.889,-8.42,-2.0,-2.393,-3.568,-1.318,615.845
CND_210_3,0,2026-09-04 10:01,34,-3.334,-0.37,-5.0,-2.823,2.188,-4.297,615.845
CND_210_3,0,2026-09-04 12:01,35,-2.0,-4.272,-9.0,-1.474,-12.714,-8.277,615.845
CND_210_3,0,2026-09-04 14:01,36,-3.679,14.89,-6.0,-3.138,5.665,-5.256,615.845
CND_210_3,0,2026-09-04 16:01,37,-2.049,12.371,-9.0,-1.494,0.372,-8.235,615.845
CND_210_3,0,2026-09-04 18:01,38,-3.334,-0.37,-4.0,-2.763,0.098,-3.215,615.845
CND_210_3,0,2026-09-04 20:01,39,-3.877,0.469,-2.0,-3.291,1.414,-1.194,615.845
CND_210_3,0,2026-09-04 22:01,40,-3.334,-0.37,-1.0,-2.733,-0.0,-0.173,615.845
CND_210_3,0,2026-09-05 00:01,41,-3.827,4.074,0.0,-3.212,3.226,0.847,615.845
CND_210_3,0,2026-09-05 02:01,42,-4.42,1.309,0.0,-3.789,1.278,0.868,615.845
CND_210_3,0,2026-09-05 04:01,43,-4.519,-5.902,2.0,-3.873,-6.209,2.889,615.845
CND_210_3,0,2026-09-05 06:01,44,-5.26,0.766,3.0,-4.599,6.197,3.909,615.845
CND_210_3,0,2026-09-05 08:01,45,-6.494,-8.371,4.0,-5.818,2.995,4.93,615.845
CND_210_3,0,2026-09-05 10:01,46,-6.198,-6.988,3.0,-5.507,-2.84,3.951,615.845
CND_210_3,0,2026-09-05 12:01,47,-5.457,6.593,-3.0,-4.751,0.46,-2.029,615.845
CND_210_3,0,2026-09-05 14:01,48,-5.457,6.593,-6.0,-4.736,-1.6,-5.008,615.845
CND_210_3,0,2026-09-05 16:01,49,-5.951,11.038,0.0,-5.215,0.728,1.013,615.845
CND_210_3,0,2026-09-05 18:01,50,-3.186,-9.803,-11.0,-2.434,-7.469,-9.967,615.845
CND_210_3,0,2026-09-05 20:01,51,-4.469,-2.296,-4.0,-3.703,0.172,-2.946,615.845
CND_210_3,0,2026-09-05 22:01,52,-5.26,0.766,-2.0,-4.479,3.153,-0.925,615.845
CND_210_3,0,2026-09-06 00:01,53,-5.26,0.766,-3.0,-4.464,1.348,-1.905,615.845
CND_210_3,0,2026-09-06 02:01,54,-4.766,-3.679,-4.0,-3.955,-3.012,-2.884,615.845
CND_210_3,0,2026-09-06 04:01,55,-6.396,-1.161,-1.0,-5.569,-0.788,0.137,615.845
CND_210_3,0,2026-09-06 06:01,56,-5.556,-0.617,-3.0,-4.715,0.0,-1.843,615.845
CND_210_3,0,2026-09-06 10:01,58,-6.692,-2.543,-4.0,-5.821,2.616,-2.801,615.845
CND_210_3,0,2026-09-06 12:01,59,-6.396,-1.161,-5.0,-5.509,-1.673,-3.781,615.845
CND_210_3,0,2026-09-06 14:01,60,-7.235,-1.704,0.0,-6.334,0.798,1.24,615.845
CND_210_3,0,2026-09-06 16:01,61,-7.778,-0.864,3.0,-6.862,0.795,4.261,615.845
CND_210_3,0,2026-09-06 18:01,62,-7.778,-0.864,1.0,-6.847,0.639,2.281,615.845
CND_210_3,0,2026-09-06 20:01,63,-5.852,-2.0,-5.0,-4.906,0.474,-3.698,615.845
CND_210_3,0,2026-09-06 22:01,64,-6.149,-3.383,-5.0,-5.187,-1.708,-3.678,615.845
CND_210_3,0,2026-09-07 00:01,65,-6.988,-3.926,-2.0,-6.012,-2.841,-0.657,615.845
CND_210_3,0,2026-09-07 02:01,66,-6.396,-1.161,-5.0,-5.404,0.114,-3.636,615.845
CND_210_3,0,2026-09-07 04:01,67,-6.692,-2.543,-4.0,-5.686,-0.042,-2.616,615.845
CND_210_3,0,2026-09-07 06:01,68,-6.149,-3.383,-6.0,-5.127,-0.548,-4.595,615.845
CND_210_3,0,2026-09-07 08:01,69,-7.581,-6.692,0.0,-6.545,0.509,1.426,615.845
CND_210_3,0,2026-09-07 10:01,70,-7.976,4.963,1.0,-6.925,7.207,2.446,615.845
CND_210_3,0,2026-09-07 12:01,71,-8.025,1.358,-1.0,-6.959,-2.484,0.467,615.845
CND_210_3,0,2026-09-07 14:01,72,-7.334,11.334,-6.0,-6.252,3.31,-4.512,615.845
CND_210_3,0,2026-09-07 18:01,73,-8.075,-2.247,-4.0,-6.963,0.43,-2.471,615.845
CND_210_3,0,2026-09-07 20:01,74,-6.396,-1.161,-8.0,-5.269,0.763,-6.45,615.845
CND_210_3,0,2026-09-07 22:01,75,-6.939,-0.321,-8.0,-5.797,0.939,-6.43,615.845
CND_210_3,0,2026-09-08 00:01,76,-6.939,-0.321,-7.0,-5.782,0.622,-5.409,615.845
CND_210_3,0,2026-09-08 02:01,77,-7.778,-0.864,-5.0,-6.607,0.357,-3.388,615.845
CND_210_3,0,2026-09-08 04:01,78,-7.531,-3.087,-6.0,-6.345,-2.93,-4.368,615.845
CND_210_3,0,2026-09-08 06:01,79,-7.778,-0.864,-3.0,-6.577,0.214,-1.347,615.845
CND_210_3,0,2026-09-08 08:01,80,-8.124,-5.852,-6.0,-6.908,5.596,-4.326,615.845
CND_210_3,0,2026-09-08 10:01,81,-10.05,-4.716,4.0,-8.819,0.72,5.694,615.845
CND_210_3,0,2026-09-08 12:01,82,-10.001,-1.111,0.0,-8.754,1.86,1.715,615.845
CND_210_3,0,2026-09-08 14:01,83,-9.359,5.26,-4.0,-8.097,3.279,-2.264,615.845
CND_210_3,0,2026-09-08 16:01,84,-8.618,-1.407,-9.0,-7.341,1.691,-7.244,615.845
CND_210_3,0,2026-09-08 18:01,85,-9.458,-1.951,-4.0,-8.166,0.873,-2.223,615.845
CND_210_3,0,2026-09-08 20:01,86,-7.531,-3.087,-9.0,-6.225,-0.639,-7.202,615.845
CND_210_3,0,2026-09-08 22:01,87,-8.272,3.581,-8.0,-6.951,5.59,-6.182,615.845
CND_210_3,0,2026-09-09 06:01,91,-8.075,-2.247,-9.0,-6.693,-1.318,-7.099,615.845
CND_210_3,0,2026-09-09 08:01,92,-11.384,-0.815,4.0,-9.987,9.817,5.922,615.845
CND_210_3,0,2026-09-09 10:01,93,-10.89,-5.26,1.0,-9.478,-1.131,2.942,615.845
CND_210_3,0,2026-09-09 12:01,94,-8.569,2.198,-18.0,-7.142,-1.926,-16.037,615.845
CND_210_3,0,2026-09-09 14:01,95,-9.655,3.877,-9.0,-8.213,0.436,-7.016,615.845
CND_210_3,0,2026-09-09 16:02,96,-10.001,-1.111,-11.0,-8.544,0.0,-8.996,615.845
CND_210_3,0,2026-09-09 18:01,97,-10.001,-1.111,-9.0,-8.529,2.627,-6.975,615.845
CND_210_3,0,2026-09-09 20:01,98,-9.458,-1.951,-9.0,-7.971,0.444,-6.954,615.845
CND_210_3,0,2026-09-09 22:01,99,-10.248,1.111,-6.0,-8.746,3.874,-3.934,615.845
CND_210_3,0,2026-09-10 00:01,100,-9.458,-1.951,-9.0,-7.941,-0.0,-6.913,615.845
CND_210_3,0,2026-09-10 02:01,101,-9.112,3.037,-11.0,-7.58,3.166,-8.892,615.845
CND_210_3,0,2026-09-10 04:01,102,-11.038,4.173,-4.0,-9.491,4.844,-1.872,615.845
CND_210_3,0,2026-09-10 06:01,103,-9.951,2.494,-7.0,-8.389,3.669,-4.851,615.845
CND_210_3,0,2026-09-10 08:01,104,-13.211,-12.717,3.0,-11.634,-1.102,5.17,615.845
CND_210_3,0,2026-09-10 10:01,105,-10.593,-3.877,-11.0,-9.001,2.113,-8.81,615.845
CND_210_3,0,2026-09-10 12:01,106,-8.42,13.013,-22.0,-6.813,9.762,-19.789,615.845
CND_210_3,0,2026-09-10 14:01,107,-10.445,6.939,-13.0,-8.823,0.812,-10.768,615.845
CND_210_3,0,2026-09-10 16:01,108,-12.223,-1.358,-9.0,-10.586,1.249,-6.748,615.845
CND_210_3,0,2026-09-10 18:01,109,-11.433,-4.42,-6.0,-9.781,-1.723,-3.727,615.845
CND_210_3,0,2026-09-10 20:01,110,-10.297,-2.494,-12.0,-8.63,0.112,-9.706,615.845
CND_210_3,0,2026-09-10 22:01,111,-10.05,-4.716,-14.0,-8.368,-2.725,-11.686,615.845
CND_210_3,0,2026-09-11 00:01,112,-12.174,2.247,-7.0,-10.477,3.003,-4.665,615.845
CND_210_3,0,2026-09-11 02:01,113,-10.297,-2.494,-13.0,-8.585,-0.54,-10.644,615.845
CND_210_3,0,2026-09-11 04:01,114,-11.631,1.408,-7.0,-9.903,1.942,-4.624,615.845
CND_210_3,0,2026-09-11 06:01,115,-11.137,-3.037,-12.0,-9.394,-0.102,-9.603,615.845
CND_210_3,0,2026-09-11 08:01,116,-13.952,-6.05,0.0,-12.195,4.134,2.418,615.845
CND_210_3,0,2026-09-11 10:01,117,-12.865,-7.729,-1.0,-11.093,-3.24,1.438,615.845
CND_210_3,0,2026-09-11 16:01,120,-13.063,-1.901,-8.0,-11.245,1.729,-5.5,615.845
CND_210_3,0,2026-09-11 18:01,121,-11.927,0.025,-11.0,-10.095,2.335,-8.479,615.845
CND_210_3,0,2026-09-11 20:01,122,-12.766,-0.518,-8.0,-10.919,2.549,-5.459,615.845
CND_210_3,0,2026-09-11 22:01,123,-13.655,-4.667,-4.0,-11.793,-1.416,-1.438,615.845
CND_210_3,0,2026-09-12 00:01,124,-12.223,-1.358,-11.0,-10.346,0.767,-8.417,615.845
CND_210_3,0,2026-09-12 02:01,125,-14.149,-0.222,-2.0,-12.257,1.547,0.603,615.845
CND_210_3,0,2026-09-12 04:01,126,-14.1,3.383,-5.0,-12.192,4.461,-2.376,615.845
CND_210_3,0,2026-09-12 06:01,127,-13.952,-6.05,-3.0,-12.029,-3.554,-0.355,615.845
CND_210_3,0,2026-09-12 08:01,128,-14.89,-13.803,-1.0,-12.953,-0.785,1.665,615.845
CND_210_3,0,2026-09-12 10:01,129,-12.322,-8.568,-11.0,-10.37,-0.736,-8.314,615.845
CND_210_3,0,2026-09-12 14:01,131,-12.519,-2.741,-17.0,-10.537,-2.399,-14.273,615.845
CND_210_3,0,2026-09-12 16:01,132,-13.013,1.704,-11.0,-11.016,3.975,-8.252,615.845
CND_210_3,0,2026-09-12 18:01,133,-13.31,0.321,-11.0,-11.297,0.196,-8.231,615.845
CND_210_3,0,2026-09-12 20:01,134,-14.149,-0.222,-12.0,-12.122,1.364,-9.211,615.845
CND_210_3,0,2026-09-12 22:01,135,-14.149,-0.222,-6.0,-12.107,0.347,-3.19,615.845
CND_210_3,0,2026-09-13 00:01,136,-14.1,3.383,-6.0,-12.042,4.149,-3.169,615.845
CND_210_3,0,2026-09-13 02:01,137,-13.013,1.704,-10.0,-10.941,3.379,-7.149,615.845
CND_210_3,0,2026-09-13 04:01,138,-13.853,1.161,-8.0,-11.765,0.988,-5.128,615.845
CND_210_3,0,2026-09-13 06:01,139,-15.878,-4.914,-2.0,-13.775,-0.881,0.893,615.845
CND_210_3,0,2026-09-13 08:01,140,-16.075,0.914,-1.0,-13.958,4.997,1.913,615.845
CND_210_3,0,2026-09-13 10:01,141,-15.088,-7.976,-9.0,-12.955,0.0,-6.066,615.845
CND_210_4,0,2026-09-01 14:02,0,1.036,-0.42,-6.5,1.036,-2.297,-6.5,586.462
CND_210_4,0,2026-09-01 16:01,1,-0.375,-0.33,-0.5,-0.361,-1.703,-0.479,586.462
CND_210_4,0,2026-09-01 18:02,2,-0.375,-0.33,1.5,-0.346,-0.33,1.542,586.462
CND_210_4,0,2026-09-01 20:02,3,0.375,0.33,-1.5,0.418,0.949,-1.438,586.462
CND_210_4,0,2026-09-01 22:02,4,-0.375,-0.33,0.5,-0.318,-0.05,0.583,586.462
CND_210_4,0,2026-09-02 00:01,5,-0.286,1.081,0.5,-0.214,1.081,0.603,586.462
CND_210_4,0,2026-09-02 02:02,6,-0.286,1.081,0.5,-0.199,1.081,0.624,586.462
CND_210_4,0,2026-09-02 04:01,7,-0.286,1.081,-1.5,-0.185,0.126,-1.355,586.462
CND_210_4,0,2026-09-02 06:02,8,-0.286,1.081,0.5,-0.171,0.339,0.666,586.462
CND_210_4,0,2026-09-02 08:02,9,-3.736,-8.619,8.5,-3.608,-1.053,8.686,586.462
CND_210_4,0,2026-09-02 10:02,10,1.697,-1.171,-13.5,1.84,-0.0,-13.293,586.462
CND_210_4,0,2026-09-02 12:01,11,-1.999,7.567,1.5,-1.841,-2.779,1.727,586.462
CND_210_4,0,2026-09-02 14:01,12,-3.32,9.068,5.5,-3.149,-1.278,5.748,586.462
CND_210_4,0,2026-09-02 16:01,13,-1.819,10.389,-0.5,-1.633,1.726,-0.231,586.462
CND_210_4,0,2026-09-02 18:01,14,-0.857,3.243,-1.5,-0.656,2.196,-1.211,586.462
CND_210_4,0,2026-09-02 20:01,15,-1.036,0.42,-1.5,-0.821,-0.586,-1.19,586.462
CND_210_4,0,2026-09-02 22:01,16,-1.036,0.42,-0.5,-0.807,-1.22,-0.169,586.462
CND_210_4,0,2026-09-03 00:01,17,-1.428,5.405,-1.5,-1.184,3.112,-1.149,586.462
CND_210_4,0,2026-09-03 02:01,18,-1.607,2.582,0.5,-1.35,0.0,0.872,586.462
CND_210_4,0,2026-09-03 04:01,19,-1.697,1.171,-0.5,-1.425,-1.232,-0.107,586.462
CND_210_4,0,2026-09-03 06:01,20,-1.876,-1.652,0.5,-1.59,-0.27,0.913,586.462
CND_210_4,0,2026-09-03 08:01,21,-3.826,-10.03,5.5,-3.526,-2.651,5.934,586.462
CND_210_4,0,2026-09-03 10:01,22,-2.088,6.155,-2.5,-1.774,8.154,-2.045,586.462
CND_210_4,0,2026-09-03 12:01,23,-1.248,8.228,-9.5,-0.919,0.684,-9.025,586.462
CND_210_4,0,2026-09-03 14:01,24,-3.981,9.818,1.5,-3.638,-0.976,1.996,586.462
CND_210_4,0,2026-09-03 16:01,25,-2.929,4.083,0.5,-2.571,-1.607,1.017,586.462
CND_210_4,0,2026-09-03 18:01,26,-3.108,1.26,-1.5,-2.736,1.031,-0.963,586.462
CND_210_4,0,2026-09-03 20:01,27,-2.537,-0.901,-1.5,-2.151,-0.769,-0.942,586.462
CND_210_4,0,2026-09-03 22:01,28,-2.358,1.921,-0.5,-1.957,1.921,0.079,586.462
CND_210_4,0,2026-09-04 00:01,29,-2.358,1.921,-2.5,-1.943,1.429,-1.901,586.462
CND_210_4,0,2026-09-04 02:01,30,-2.537,-0.901,-1.5,-2.108,-1.326,-0.88,586.462
CND_210_4,0,2026-09-04 04:01,31,-2.268,3.333,-2.5,-1.824,2.063,-1.859,586.462
CND_210_4,0,2026-09-04 06:01,32,-4.038,-2.223,1.5,-3.581,0.669,2.161,586.462
CND_210_4,0,2026-09-04 08:01,33,-3.377,-2.974,0.5,-2.905,1.647,1.182,586.462
CND_210_4,0,2026-09-04 10:01,34,-3.557,-5.796,-2.5,-3.071,-3.36,-1.797,586.462
CND_210_4,0,2026-09-04 12:01,35,-3.802,12.641,-3.5,-3.301,4.601,-2.777,586.462
CND_210_4,0,2026-09-04 14:02,36,-3.59,4.834,-6.5,-3.074,-3.951,-5.756,586.462
CND_210_4,0,2026-09-04 16:01,37,-3.802,12.641,-7.5,-3.272,1.214,-6.735,586.462
CND_210_4,0,2026-09-04 18:01,38,-2.627,-2.313,-4.5,-2.083,-1.867,-3.715,586.462
CND_210_4,0,2026-09-04 20:02,39,-4.34,4.173,-0.5,-3.782,5.073,0.306,586.462
CND_210_4,0,2026-09-04 22:01,40,-4.34,4.173,0.5,-3.768,4.526,1.327,586.462
CND_210_4,0,2026-09-05 00:01,41,-3.859,0.6,-0.5,-3.272,-0.209,0.347,586.462
CND_210_4,0,2026-09-05 02:01,42,-4.609,-0.061,-0.5,-4.009,-0.09,0.368,586.462
CND_210_4,0,2026-09-05 04:01,43,-4.52,1.35,-0.5,-3.905,1.058,0.389,586.462
CND_210_4,0,2026-09-05 06:01,44,-5.18,2.101,2.5,-4.551,7.273,3.409,586.462
CND_210_4,0,2026-09-05 08:01,45,-5.327,-11.352,0.5,-4.684,-0.529,1.43,586.462
CND_210_4,0,2026-09-05 10:01,46,-4.218,-5.046,-5.5,-3.56,-1.095,-4.549,586.462
CND_210_4,0,2026-09-05 12:01,47,-5.931,1.44,-0.5,-5.259,-4.4,0.471,586.462
CND_210_4,0,2026-09-05 14:01,48,-3.891,11.23,-8.5,-3.205,3.428,-7.508,586.462
CND_210_4,0,2026-09-05 16:01,49,-3.981,9.818,-6.5,-3.28,0.0,-5.487,586.462
CND_210_4,0,2026-09-05 18:02,50,-4.038,-2.223,-5.5,-3.323,0.0,-4.467,586.462
CND_210_4,0,2026-09-05 22:01,52,-4.038,-2.223,-6.5,-3.295,0.051,-5.425,586.462
CND_210_4,0,2026-09-06 00:01,53,-3.859,0.6,-5.5,-3.101,1.154,-4.405,586.462
CND_210_4,0,2026-09-06 02:02,54,-4.52,1.35,-3.5,-3.747,1.985,-2.384,586.462
CND_210_4,0,2026-09-06 04:01,55,-5.36,-0.722,-4.5,-4.573,-0.367,-3.363,586.462
CND_210_4,0,2026-09-06 06:02,56,-5.27,0.689,-4.5,-4.469,1.277,-3.343,586.462
CND_210_4,0,2026-09-06 10:01,58,-5.898,-9.19,-4.5,-5.069,-4.277,-3.301,586.462
CND_210_4,0,2026-09-06 12:01,59,-5.45,-2.133,-7.5,-4.606,-2.621,-6.281,586.462
CND_210_4,0,2026-09-06 14:01,60,-6.682,0.779,0.5,-5.823,3.162,1.74,586.462
CND_210_4,0,2026-09-06 16:01,61,-6.11,-1.383,-3.5,-5.238,0.198,-2.239,586.462
CND_210_4,0,2026-09-06 18:01,62,-6.951,-3.455,-3.5,-6.064,-2.023,-2.219,586.462
CND_210_4,0,2026-09-06 20:01,63,-6.29,-4.206,-3.5,-5.389,-1.85,-2.198,586.462
CND_210_4,0,2026-09-06 22:01,64,-6.11,-1.383,-2.5,-5.195,0.212,-1.178,586.462
CND_210_4,0,2026-09-07 00:01,65,-6.2,-2.794,-2.5,-5.271,-1.761,-1.157,586.462
CND_210_4,0,2026-09-07 02:01,66,-6.11,-1.383,-3.5,-5.166,-0.169,-2.136,586.462
CND_210_4,0,2026-09-07 04:01,67,-6.2,-2.794,-2.5,-5.242,-0.412,-1.116,586.462
CND_210_4,0,2026-09-07 06:01,68,-6.2,-2.794,-3.5,-5.228,-0.094,-2.095,586.462
CND_210_4,0,2026-09-07 08:01,69,-7.13,-6.278,-1.5,-6.143,0.58,-0.074,586.462
CND_210_4,0,2026-09-07 10:01,70,-6.951,-3.455,-3.5,-5.95,-1.318,-2.054,586.462
CND_210_4,0,2026-09-07 12:01,71,-6.771,-0.632,-6.5,-5.756,-4.291,-5.033,586.462
CND_210_4,0,2026-09-07 14:01,72,-7.432,0.118,-6.5,-6.402,-7.523,-5.012,586.462
CND_210_4,0,2026-09-07 18:01,73,-7.612,-2.704,-5.5,-6.553,-0.155,-3.971,586.462
CND_210_4,0,2026-09-07 20:01,74,-6.951,-3.455,-7.5,-5.878,-1.623,-5.95,586.462
CND_210_4,0,2026-09-07 22:01,75,-7.522,-1.293,-6.5,-6.435,-0.093,-4.93,586.462
CND_210_4,0,2026-09-08 00:01,76,-6.771,-0.632,-7.5,-5.67,0.265,-5.909,586.462
CND_210_4,0,2026-09-08 02:01,77,-8.183,-0.542,-4.5,-7.067,0.621,-2.888,586.462
CND_210_4,0,2026-09-08 04:01,78,-7.432,0.118,-4.5,-6.302,0.267,-2.868,586.462
CND_210_4,0,2026-09-08 06:01,79,-7.432,0.118,-5.5,-6.288,1.145,-3.847,586.462
CND_210_4,0,2026-09-08 08:01,80,-8.721,-9.011,-1.5,-7.563,1.891,0.174,586.462
CND_210_4,0,2026-09-08 10:01,81,-8.721,-9.011,-2.5,-7.548,-3.833,-0.806,586.462
CND_210_4,0,2026-09-08 12:01,82,-8.272,-1.954,-6.5,-7.085,0.876,-4.785,586.462
CND_210_4,0,2026-09-08 14:01,83,-9.594,-0.453,-3.5,-8.393,-2.339,-1.764,586.462
CND_210_4,0,2026-09-08 16:01,84,-9.023,-2.615,-7.5,-7.807,0.336,-5.744,586.462
CND_210_4,0,2026-09-08 18:01,85,-8.452,-4.777,-5.5,-7.222,-2.087,-3.723,586.462
CND_210_4,0,2026-09-08 20:01,86,-8.272,-1.954,-7.5,-7.028,0.377,-5.702,586.462
CND_210_4,0,2026-09-08 22:01,87,-8.272,-1.954,-6.5,-7.014,-0.041,-4.682,586.462
CND_210_4,0,2026-09-09 00:51,88,-8.272,-1.954,-6.5,-6.993,-1.071,-4.652,586.462
CND_210_4,0,2026-09-09 02:01,89,-8.933,-1.203,-7.5,-7.646,-0.325,-5.64,586.462
CND_210_4,0,2026-09-09 04:01,90,-5.751,4.263,-17.5,-4.45,4.854,-15.62,586.462
CND_210_4,0,2026-09-09 06:02,91,-6.078,-12.013,-17.5,-4.762,-11.128,-15.599,586.462
CND_210_4,0,2026-09-09 08:02,92,-11.544,-8.831,0.5,-10.214,1.293,2.422,586.462
CND_210_4,0,2026-09-09 10:01,93,-9.863,-4.687,-3.5,-8.519,-0.756,-1.558,586.462
CND_210_4,0,2026-09-09 12:01,94,-10.557,6.694,-7.5,-9.198,2.767,-5.537,586.462
CND_210_4,0,2026-09-09 14:02,95,-9.415,2.37,-11.5,-8.041,-0.907,-9.516,586.462
CND_210_4,0,2026-09-09 16:03,96,-9.415,2.37,-10.5,-8.027,3.428,-8.495,586.462
CND_210_4,0,2026-09-09 18:01,97,-9.863,-4.687,-7.5,-8.462,-1.127,-5.475,586.462
CND_210_4,0,2026-09-09 20:01,98,-9.863,-4.687,-8.5,-8.447,-2.407,-6.454,586.462
CND_210_4,0,2026-09-09 22:01,99,-10.345,-1.114,-6.5,-8.914,1.517,-4.434,586.462
CND_210_4,0,2026-09-10 00:01,100,-9.774,-3.275,-7.5,-8.329,-1.418,-5.413,586.462
CND_210_4,0,2026-09-10 02:01,101,-10.434,-2.525,-7.5,-8.975,-2.403,-5.392,586.462
CND_210_4,0,2026-09-10 04:01,102,-9.774,-3.275,-8.5,-8.3,-2.637,-6.372,586.462
CND_210_4,0,2026-09-10 06:02,103,-10.524,-3.936,-7.5,-9.036,-2.817,-5.351,586.462
CND_210_4,0,2026-09-10 08:02,104,-12.205,-8.081,-1.5,-10.703,2.98,0.67,586.462
CND_210_4,0,2026-09-10 10:02,105,-12.115,-6.669,-3.5,-10.599,-0.966,-1.31,586.462
CND_210_4,0,2026-09-10 12:02,106,-8.574,4.442,-14.5,-7.044,1.346,-12.289,586.462
CND_210_4,0,2026-09-10 14:02,107,-9.806,7.355,-19.5,-8.261,1.52,-17.268,586.462
CND_210_4,0,2026-09-10 16:01,108,-10.345,-1.114,-13.5,-8.786,1.369,-11.248,586.462
CND_210_4,0,2026-09-10 18:02,109,-10.434,-2.525,-12.5,-8.861,0.044,-10.227,586.462
CND_210_4,0,2026-09-10 20:02,110,-10.524,-3.936,-12.5,-8.936,-1.454,-10.206,586.462
CND_210_4,0,2026-09-10 22:02,111,-10.345,-1.114,-9.5,-8.743,0.782,-7.186,586.462
CND_210_4,0,2026-09-11 00:02,112,-10.255,0.298,-11.5,-8.639,1.018,-9.165,586.462
CND_210_4,0,2026-09-11 02:02,113,-11.095,-1.774,-11.5,-9.465,0.086,-9.144,586.462
CND_210_4,0,2026-09-11 04:02,114,-10.255,0.298,-12.5,-8.61,0.807,-10.124,586.462
CND_210_4,0,2026-09-11 06:02,115,-11.666,0.388,-8.5,-10.007,3.183,-6.103,586.462
CND_210_4,0,2026-09-11 08:02,116,-13.135,-11.564,-0.5,-11.461,-1.866,1.918,586.462
CND_210_4,0,2026-09-11 10:02,117,-12.776,-5.919,-7.5,-11.088,-1.644,-5.062,586.462
CND_210_4,0,2026-09-11 12:02,118,-11.968,6.784,-13.5,-10.266,2.362,-11.041,586.462
CND_210_4,0,2026-09-11 14:02,119,-12.808,4.711,-11.5,-11.092,0.989,-9.02,586.462
CND_210_4,0,2026-09-11 16:02,120,-11.935,-3.847,-12.5,-10.205,-0.39,-10.0,586.462
CND_210_4,0,2026-09-11 18:02,121,-11.275,-4.597,-14.5,-9.53,-2.398,-11.979,586.462
CND_210_4,0,2026-09-11 20:02,122,-11.454,-7.42,-14.5,-9.695,-4.499,-11.958,586.462
CND_210_4,0,2026-09-11 22:02,123,-12.596,-3.096,-8.5,-10.823,0.0,-5.938,586.462
CND_210_4,0,2026-09-12 00:02,124,-12.988,1.889,-7.5,-11.2,3.912,-4.917,586.462
CND_210_4,0,2026-09-12 02:02,125,-12.506,-1.685,-9.5,-10.704,0.0,-6.896,586.462
CND_210_4,0,2026-09-12 04:01,126,-12.506,-1.685,-9.5,-10.69,-0.658,-6.876,586.462
CND_210_4,0,2026-09-12 06:01,127,-12.776,-5.919,-8.5,-10.945,-3.542,-5.855,586.462
CND_210_4,0,2026-09-12 08:02,128,-12.564,-13.726,-11.5,-10.719,-1.329,-8.834,586.462
CND_210_4,0,2026-09-12 10:02,129,-10.883,-9.582,-17.5,-9.024,-2.123,-14.814,586.462
CND_210_4,0,2026-09-12 12:02,130,-12.898,3.3,-13.5,-11.024,-1.104,-10.793,586.462
CND_210_4,0,2026-09-12 14:02,131,-12.417,-0.273,-14.5,-10.529,0.052,-11.772,586.462
CND_210_4,0,2026-09-12 16:02,132,-12.025,-5.258,-14.5,-10.123,-3.095,-11.752,586.462
CND_210_4,0,2026-09-12 18:02,133,-11.723,-11.654,-17.5,-9.807,-11.773,-14.731,586.462
CND_210_4,0,2026-09-12 22:02,135,-12.686,-4.507,-9.5,-10.741,-3.965,-6.69,586.462
CND_210_4,0,2026-09-13 00:02,136,-11.185,-3.186,-17.5,-9.225,-2.456,-14.669,586.462
CND_210_4,0,2026-09-13 02:02,137,-11.454,-7.42,-17.5,-9.48,-5.825,-14.648,586.462
CND_210_4,0,2026-09-13 04:02,138,-13.918,-1.595,-9.5,-11.93,-1.76,-6.628,586.462
CND_210_4,0,2026-09-13 06:02,139,-14.668,-2.256,-7.5,-12.666,1.585,-4.607,586.462
CND_210_4,0,2026-09-13 08:02,140,-15.207,-10.724,-6.5,-13.19,-6.835,-3.586,586.462
CND_210_4,0,2026-09-13 10:02,141,-14.187,-5.829,-10.5,-12.156,1.766,-7.566,586.462
CND_210_5,0,2026-09-01 14:03,0,0.415,2.886,-0.5,0.416,1.053,-0.499,572.573
CND_210_5,0,2026-09-01 16:03,1,0.415,2.886,-2.5,0.43,1.546,-2.479,572.573
CND_210_5,0,2026-09-01 18:03,2,0.36,-3.517,0.5,0.388,-3.517,0.542,572.573
CND_210_5,0,2026-09-01 20:03,3,0.703,0.072,-0.5,0.746,0.676,-0.437,572.573
CND_210_5,0,2026-09-01 22:03,4,0.072,-0.703,0.5,0.128,-0.43,0.583,572.573
CND_210_5,0,2026-09-02 00:03,5,-0.703,-0.072,3.5,-0.633,-0.072,3.604,572.573
CND_210_5,0,2026-09-02 02:03,6,0.072,-0.703,2.5,0.156,-0.703,2.624,572.573
CND_210_5,0,2026-09-02 04:03,7,-0.216,2.11,0.5,-0.118,1.178,0.645,572.573
CND_210_5,0,2026-09-02 06:03,8,0.847,-1.335,-1.5,0.959,-2.06,-1.334,572.573
CND_210_5,0,2026-09-02 08:03,9,-1.102,-10.064,2.5,-0.976,-2.677,2.686,572.573
CND_210_5,0,2026-09-02 10:03,10,-1.822,-3.03,2.5,-1.682,-1.887,2.707,572.573
CND_210_5,0,2026-09-02 12:03,11,0.615,7.882,-5.5,0.769,-2.219,-5.272,572.573
CND_210_5,0,2026-09-02 14:03,12,2.166,6.619,-12.5,2.334,-3.482,-12.252,572.573
CND_210_5,0,2026-09-02 16:02,13,0.127,5.699,-7.5,0.309,-2.759,-7.231,572.573
CND_210_5,0,2026-09-02 18:02,14,0.559,1.479,-3.5,0.755,0.457,-3.21,572.573
CND_210_5,0,2026-09-02 20:03,15,0.415,2.886,-4.5,0.625,1.903,-4.19,572.573
CND_210_5,0,2026-09-02 22:03,16,-0.216,2.11,0.5,0.008,0.509,0.831,572.573
CND_210_5,0,2026-09-03 00:03,17,1.047,3.661,-5.5,1.285,1.423,-5.148,572.573
CND_210_5,0,2026-09-03 02:03,18,-0.703,-0.072,0.5,-0.452,-2.593,0.872,572.573
CND_210_5,0,2026-09-03 04:03,19,-0.504,4.924,-0.5,-0.238,2.578,-0.107,572.573
CND_210_5,0,2026-09-03 06:03,20,-1.191,-2.254,0.5,-0.911,-0.905,0.914,572.573
CND_210_5,0,2026-09-03 08:03,21,-2.022,-8.026,-1.5,-1.728,-0.821,-1.066,572.573
CND_210_5,0,2026-09-03 10:03,22,0.161,-8.513,-7.5,0.468,-6.562,-7.045,572.573
CND_210_5,0,2026-09-03 12:03,23,-1.568,8.369,-5.5,-1.246,1.004,-5.024,572.573
CND_210_5,0,2026-09-03 14:03,24,-2.199,7.594,-3.5,-1.864,-2.945,-3.004,572.573
CND_210_5,0,2026-09-03 16:03,25,-1.279,5.555,-3.5,-0.93,0.0,-2.983,572.573
CND_210_5,0,2026-09-03 18:02,26,-1.335,-0.847,-2.5,-0.972,-1.072,-1.962,572.573
CND_210_5,0,2026-09-03 20:03,27,-0.703,-0.072,-7.5,-0.326,0.058,-6.942,572.573
CND_210_5,0,2026-09-03 22:03,28,-1.335,-0.847,-2.5,-0.944,-0.847,-1.921,572.573
CND_210_5,0,2026-09-04 00:03,29,-0.216,2.11,-6.5,0.189,1.629,-5.9,572.573
CND_210_5,0,2026-09-04 02:03,30,-0.216,2.11,-9.5,0.203,1.696,-8.88,572.573
CND_210_5,0,2026-09-04 04:03,31,-0.36,3.517,-8.5,0.073,2.278,-7.859,572.573
CND_210_5,0,2026-09-04 06:03,32,-1.191,-2.254,-4.5,-0.744,0.569,-3.838,572.573
CND_210_5,0,2026-09-04 08:03,33,-1.822,-3.03,-0.5,-1.361,1.482,0.182,572.573
CND_210_5,0,2026-09-04 10:03,34,0.648,-6.331,-15.5,1.123,-3.952,-14.797,572.573
CND_210_5,0,2026-09-04 12:03,35,-0.648,6.331,-8.5,-0.159,-1.518,-7.776,572.573
CND_210_5,0,2026-09-04 14:03,36,-2.144,13.997,-7.5,-1.641,5.42,-6.756,572.573
CND_210_5,0,2026-09-04 16:03,37,-1.424,6.962,-6.5,-0.907,-4.194,-5.735,572.573
CND_210_5,0,2026-09-04 18:02,38,-1.966,-1.623,-5.5,-1.435,-1.188,-4.715,572.573
CND_210_5,0,2026-09-04 20:03,39,-0.559,-1.479,-4.5,-0.015,-0.6,-3.694,572.573
CND_210_5,0,2026-09-04 22:03,40,-2.742,-0.991,-0.5,-2.183,-0.647,0.327,572.573
CND_210_5,0,2026-09-05 00:03,41,-2.254,1.191,-1.5,-1.681,0.402,-0.652,572.573
CND_210_5,0,2026-09-05 02:03,42,-2.742,-0.991,-2.5,-2.155,-1.02,-1.632,572.573
CND_210_5,0,2026-09-05 04:03,43,-1.623,1.966,-3.5,-1.022,1.681,-2.611,572.573
CND_210_5,0,2026-09-05 06:03,44,-2.166,-6.619,-3.5,-1.551,-1.569,-2.59,572.573
CND_210_5,0,2026-09-05 08:03,45,-4.259,-13.941,1.5,-3.631,-3.374,2.43,572.573
CND_210_5,0,2026-09-05 10:03,46,-3.717,-5.356,-2.5,-3.074,-1.499,-1.549,572.573
CND_210_5,0,2026-09-05 12:03,47,-1.568,8.369,-11.5,-0.911,2.667,-10.528,572.573
CND_210_5,0,2026-09-05 14:03,48,-3.262,11.039,-4.5,-2.592,3.421,-3.508,572.573
CND_210_5,0,2026-09-05 16:03,49,-2.0,12.59,-11.5,-1.315,3.004,-10.487,572.573
CND_210_5,0,2026-09-05 18:03,50,-1.135,4.149,-14.5,-0.437,6.319,-13.466,572.573
CND_210_5,0,2026-09-05 20:04,51,-1.966,-1.623,-8.5,-1.254,0.673,-7.446,572.573
CND_210_5,0,2026-09-05 22:03,52,-2.742,-0.991,-6.5,-2.015,1.228,-5.425,572.573
CND_210_5,0,2026-09-06 00:03,53,-3.373,-1.767,-4.5,-2.633,-1.225,-3.404,572.573
CND_210_5,0,2026-09-06 02:03,54,-2.886,0.415,-6.5,-2.131,1.035,-5.384,572.573
CND_210_5,0,2026-09-06 04:03,55,-2.254,1.191,-8.5,-1.486,1.537,-7.363,572.573
CND_210_5,0,2026-09-06 06:03,56,-2.886,0.415,-5.5,-2.103,0.989,-4.342,572.573
CND_210_5,0,2026-09-06 10:03,58,-3.661,1.047,-2.5,-2.851,5.844,-1.301,572.573
CND_210_5,0,2026-09-06 12:03,59,-4.924,-0.504,-4.5,-4.1,-0.98,-3.28,572.573
CND_210_5,0,2026-09-06 14:03,60,-4.005,-2.542,-6.5,-3.166,-0.216,-5.26,572.573
CND_210_5,0,2026-09-06 16:03,61,-4.149,-1.135,-4.5,-3.297,0.408,-3.239,572.573
CND_210_5,0,2026-09-06 18:03,62,-4.149,-1.135,-6.5,-3.283,0.262,-5.218,572.573
CND_210_5,0,2026-09-06 20:03,63,-4.492,-4.725,-3.5,-3.612,-2.424,-2.198,572.573
CND_210_5,0,2026-09-06 22:03,64,-4.78,-1.911,-1.5,-3.886,-0.354,-0.177,572.573
CND_210_5,0,2026-09-07 00:03,65,-4.78,-1.911,-2.5,-3.872,-0.902,-1.157,572.573
CND_210_5,0,2026-09-07 02:03,66,-4.636,-3.318,-4.5,-3.714,-2.133,-3.136,572.573
CND_210_5,0,2026-09-07 04:03,67,-4.005,-2.542,-5.5,-3.069,-0.217,-4.115,572.573
CND_210_5,0,2026-09-07 06:03,68,-3.517,-0.36,-6.5,-2.567,2.276,-5.095,572.573
CND_210_5,0,2026-09-07 08:03,69,-3.085,-4.581,-8.5,-2.121,2.114,-7.074,572.573
CND_210_5,0,2026-09-07 10:03,70,-4.492,-4.725,-2.5,-3.514,-2.639,-1.053,572.573
CND_210_5,0,2026-09-07 12:03,71,-4.038,11.67,-8.5,-3.046,8.098,-7.033,572.573
CND_210_5,0,2026-09-07 14:03,72,-4.869,5.899,-3.5,-3.863,-1.562,-2.012,572.573
CND_210_5,0,2026-09-07 18:03,73,-4.636,-3.318,-7.5,-3.602,-0.829,-5.971,572.573
CND_210_5,0,2026-09-07 20:03,74,-3.373,-1.767,-9.5,-2.326,0.021,-7.95,572.573
CND_210_5,0,2026-09-07 22:03,75,-4.149,-1.135,-7.5,-3.087,0.036,-5.929,572.573
CND_210_5,0,2026-09-08 00:03,76,-4.149,-1.135,-8.5,-3.073,-0.259,-6.909,572.573
CND_210_5,0,2026-09-08 02:03,77,-4.149,-1.135,-8.5,-3.059,0.0,-6.888,572.573
CND_210_5,0,2026-09-08 04:03,78,-4.924,-0.504,-7.5,-3.821,-0.359,-5.867,572.573
CND_210_5,0,2026-09-08 06:03,79,-4.78,-1.911,-4.5,-3.663,-0.909,-2.847,572.573
CND_210_5,0,2026-09-08 08:03,80,-5.954,-11.272,-5.5,-4.823,-0.628,-3.826,572.573
CND_210_5,0,2026-09-08 10:03,81,-4.78,-1.911,-9.5,-3.635,3.144,-7.805,572.573
CND_210_5,0,2026-09-08 12:03,82,-5.123,-5.5,-9.5,-3.964,-2.738,-7.785,572.573
CND_210_5,0,2026-09-08 14:03,83,-5.843,1.534,-9.5,-4.67,-0.307,-7.764,572.573
CND_210_5,0,2026-09-08 16:03,84,-6.187,-2.055,-5.5,-5.0,0.825,-3.743,572.573
CND_210_5,0,2026-09-08 18:03,85,-5.267,-4.093,-9.5,-4.066,-1.468,-7.723,572.573
CND_210_5,0,2026-09-08 20:03,86,-4.492,-4.725,-10.5,-3.277,-2.449,-8.702,572.573
CND_210_5,0,2026-09-08 22:03,87,-5.411,-2.686,-7.5,-4.182,-0.818,-5.681,572.573
CND_210_5,0,2026-09-09 00:53,88,-5.699,0.127,-9.5,-4.451,0.99,-7.652,572.573
CND_210_5,0,2026-09-09 02:03,89,-5.411,-2.686,-10.5,-4.154,-1.829,-8.64,572.573
CND_210_5,0,2026-09-09 04:03,90,-4.293,0.271,-15.5,-3.022,0.849,-13.619,572.573
CND_210_5,0,2026-09-09 06:03,91,-4.924,-0.504,-12.5,-3.639,0.36,-10.599,572.573
CND_210_5,0,2026-09-09 08:04,92,-7.018,-7.826,-4.5,-5.719,2.058,-2.578,572.573
CND_210_5,0,2026-09-09 10:03,93,-5.899,-4.869,-8.5,-4.586,-1.031,-6.557,572.573
CND_210_5,0,2026-09-09 12:03,94,-5.644,6.53,-13.5,-4.317,2.697,-11.537,572.573
CND_210_5,0,2026-09-09 14:04,95,-5.699,0.127,-13.5,-4.359,-3.072,-11.516,572.573
CND_210_5,0,2026-09-09 16:05,96,-6.187,-2.055,-11.5,-4.832,-1.022,-9.495,572.573
CND_210_5,0,2026-09-09 18:03,97,-6.187,-2.055,-11.5,-4.818,1.421,-9.475,572.573
CND_210_5,0,2026-09-09 20:03,98,-6.53,-5.644,-10.5,-5.148,-3.418,-8.454,572.573
CND_210_5,0,2026-09-09 22:03,99,-6.674,-4.237,-9.5,-5.278,-1.669,-7.433,572.573
CND_210_5,0,2026-09-10 00:03,100,-6.818,-2.83,-11.5,-5.408,-1.017,-9.413,572.573
CND_210_5,0,2026-09-10 02:03,101,-6.331,-0.648,-11.5,-4.906,-0.529,-9.392,572.573
CND_210_5,0,2026-09-10 04:03,102,-6.187,-2.055,-10.5,-4.748,-1.431,-8.371,572.573
CND_210_5,0,2026-09-10 06:03,103,-6.962,-1.424,-8.5,-5.51,-0.331,-6.351,572.573
CND_210_5,0,2026-09-10 08:03,104,-8.136,-10.784,-7.5,-6.67,0.015,-5.33,572.573
CND_210_5,0,2026-09-10 10:03,105,-6.962,-1.424,-10.5,-5.482,4.145,-8.309,572.573
CND_210_5,0,2026-09-10 12:03,106,-6.42,7.162,-18.5,-4.925,4.139,-16.289,572.573
CND_210_5,0,2026-09-10 14:04,107,-6.132,4.348,-20.5,-4.623,-1.348,-18.268,572.573
CND_210_5,0,2026-09-10 16:03,108,-8.713,-5.157,-9.5,-7.19,-2.733,-7.247,572.573
CND_210_5,0,2026-09-10 18:03,109,-8.225,-2.974,-12.5,-6.689,-0.467,-10.227,572.573
CND_210_5,0,2026-09-10 20:03,110,-6.818,-2.83,-11.5,-5.268,-0.407,-9.206,572.573
CND_210_5,0,2026-09-10 22:03,111,-7.738,-0.792,-11.5,-6.174,1.059,-9.185,572.573
CND_210_5,0,2026-09-11 00:03,112,-7.738,-0.792,-11.5,-6.16,-0.089,-9.165,572.573
CND_210_5,0,2026-09-11 02:03,113,-7.45,-3.606,-12.5,-5.858,-1.789,-10.144,572.573
CND_210_5,0,2026-09-11 04:03,114,-8.369,-1.568,-11.5,-6.763,-1.07,-9.123,572.573
CND_210_5,0,2026-09-11 06:03,115,-8.425,-7.97,-10.5,-6.805,-5.241,-8.103,572.573
CND_210_5,0,2026-09-11 08:03,116,-8.912,-10.153,-7.5,-7.278,-0.685,-5.082,572.573
CND_210_5,0,2026-09-11 10:04,117,-8.225,-2.974,-11.5,-6.577,1.199,-9.061,572.573
CND_210_5,0,2026-09-11 12:03,118,-9.577,3.284,-7.5,-7.915,-1.032,-5.041,572.573
CND_210_5,0,2026-09-11 14:03,119,-8.026,2.022,-15.5,-6.35,-1.613,-13.02,572.573
CND_210_5,0,2026-09-11 16:03,120,-8.569,-6.564,-16.5,-6.879,-3.189,-13.999,572.573
CND_210_5,0,2026-09-11 18:03,121,-8.225,-2.974,-15.5,-6.521,-0.827,-12.979,572.573
CND_210_5,0,2026-09-11 20:03,122,-8.713,-5.157,-11.5,-6.995,-2.305,-8.958,572.573
CND_210_5,0,2026-09-11 22:03,123,-8.857,-3.75,-11.5,-7.125,-0.727,-8.937,572.573
CND_210_5,0,2026-09-12 00:03,124,-8.081,-4.381,-12.5,-6.335,-2.406,-9.917,572.573
CND_210_6,0,2026-09-01 14:04,0,-0.996,4.124,3.0,-0.996,2.309,3.001,567.011
CND_210_6,0,2026-09-01 16:03,1,0.521,0.853,0.0,0.535,-0.474,0.021,567.011
CND_210_6,0,2026-09-01 18:03,2,0.0,-0.0,0.0,0.028,-0.0,0.042,567.011
CND_210_6,0,2026-09-01 20:03,3,0.332,-1.375,0.0,0.374,-0.777,0.063,567.011
CND_210_6,0,2026-09-01 22:04,4,0.0,-0.0,2.0,0.056,0.271,2.083,567.011
CND_210_6,0,2026-09-02 00:04,5,0.0,-0.0,0.0,0.07,-0.0,0.104,567.011
CND_210_6,0,2026-09-02 02:04,6,0.0,-0.0,1.0,0.083,-0.0,1.125,567.011
CND_210_6,0,2026-09-02 04:03,7,0.521,0.853,0.0,0.618,-0.069,0.145,567.011
CND_210_6,0,2026-09-02 06:04,8,1.043,1.707,-2.0,1.154,0.989,-1.834,567.011
CND_210_6,0,2026-09-02 08:04,9,-0.046,-5.831,0.0,0.079,1.485,0.187,567.011
CND_210_6,0,2026-09-02 10:04,10,0.853,-0.521,-3.0,0.992,0.611,-2.793,567.011
CND_210_6,0,2026-09-02 12:04,11,-0.429,10.808,-2.0,-0.276,0.805,-1.772,567.011
CND_210_6,0,2026-09-02 14:04,12,0.092,11.662,-3.0,0.259,1.659,-2.751,567.011
CND_210_6,0,2026-09-02 16:03,13,0.424,10.287,-5.0,0.605,1.911,-4.731,567.011
CND_210_6,0,2026-09-02 18:03,14,-0.143,3.603,-3.0,0.051,2.591,-2.71,567.011
CND_210_6,0,2026-09-02 20:03,15,0.521,0.853,-3.0,0.729,-0.12,-2.69,567.011
CND_210_6,0,2026-09-02 22:04,16,0.189,2.228,-3.0,0.411,0.642,-2.669,567.011
CND_210_6,0,2026-09-03 00:03,17,-0.332,1.375,-2.0,-0.097,-0.842,-1.648,567.011
CND_210_6,0,2026-09-03 02:03,18,-0.664,2.749,-1.0,-0.415,0.253,-0.628,567.011
CND_210_6,0,2026-09-03 04:03,19,0.189,2.228,-3.0,0.452,-0.095,-2.607,567.011
CND_210_6,0,2026-09-03 06:04,20,-0.521,-0.853,0.0,-0.244,0.482,0.414,567.011
CND_210_6,0,2026-09-03 08:04,21,-1.61,-8.391,3.0,-1.319,-1.256,3.435,567.011
CND_210_6,0,2026-09-03 10:04,22,-1.375,-0.332,0.0,-1.07,1.6,0.455,567.011
CND_210_6,0,2026-09-03 12:04,23,-0.24,13.036,-3.0,0.079,5.743,-2.524,567.011
CND_210_6,0,2026-09-03 14:04,24,0.614,12.515,-11.0,0.946,2.078,-10.503,567.011
CND_210_6,0,2026-09-03 16:04,25,-1.661,6.873,0.0,-1.314,1.372,0.517,567.011
CND_210_6,0,2026-09-03 18:03,26,-0.664,2.749,-5.0,-0.304,2.527,-4.462,567.011
CND_210_6,0,2026-09-03 20:04,27,0.521,0.853,-7.0,0.895,0.982,-6.441,567.011
CND_210_6,0,2026-09-03 22:04,28,-0.521,-0.853,-3.0,-0.134,-0.853,-2.421,567.011
CND_210_6,0,2026-09-04 00:04,29,0.0,-0.0,-4.0,0.401,-0.476,-3.4,567.011
CND_210_6,0,2026-09-04 02:04,30,0.0,-0.0,-5.0,0.415,-0.41,-4.379,567.011
CND_210_6,0,2026-09-04 04:04,31,0.0,-0.0,-5.0,0.429,-1.227,-4.359,567.011
CND_210_6,0,2026-09-04 06:03,32,-0.189,-2.228,-3.0,0.254,0.568,-2.338,567.011
CND_210_6,0,2026-09-04 08:04,33,-1.564,-2.56,-1.0,-1.107,1.907,-0.317,567.011
CND_210_6,0,2026-09-04 10:04,34,-0.332,1.375,-5.0,0.138,3.731,-4.297,567.011
CND_210_6,0,2026-09-04 12:04,35,0.092,11.662,-10.0,0.577,3.888,-9.276,567.011
CND_210_6,0,2026-09-04 14:04,36,-0.429,10.808,-8.0,0.069,2.315,-7.256,567.011
CND_210_6,0,2026-09-04 16:03,37,-1.804,10.476,-2.0,-1.292,-0.572,-1.235,567.011
CND_210_6,0,2026-09-04 18:03,38,-0.521,-0.853,-6.0,0.005,-0.422,-5.214,567.011
CND_210_6,0,2026-09-04 20:04,39,-0.853,0.521,-2.0,-0.314,1.391,-1.194,567.011
CND_210_6,0,2026-09-04 22:04,40,-1.375,-0.332,-3.0,-0.821,0.009,-2.173,567.011
CND_210_6,0,2026-09-05 00:03,41,-0.996,4.124,-2.0,-0.429,3.343,-1.152,567.011
CND_210_6,0,2026-09-05 02:03,42,-0.521,-0.853,-4.0,0.06,-0.881,-3.132,567.011
CND_210_6,0,2026-09-05 04:04,43,-0.853,0.521,-5.0,-0.258,0.238,-4.111,567.011
CND_210_6,0,2026-09-05 06:04,44,-2.938,-2.892,4.0,-2.33,2.108,4.91,567.011
CND_210_6,0,2026-09-05 08:04,45,-3.838,-8.202,6.0,-3.215,2.262,6.93,567.011
CND_210_6,0,2026-09-05 10:04,46,-0.521,-0.853,-7.0,0.115,2.966,-6.049,567.011
CND_210_6,0,2026-09-05 12:04,47,-1.375,-0.332,-8.0,-0.724,-5.979,-7.028,567.011
CND_210_6,0,2026-09-05 14:04,48,0.235,8.059,-16.0,0.899,0.515,-15.008,567.011
CND_210_6,0,2026-09-05 16:05,49,0.567,6.684,-15.0,1.246,-2.809,-13.987,567.011
CND_210_6,0,2026-09-05 18:04,50,-1.375,-0.332,-6.0,-0.683,1.817,-4.966,567.011
CND_210_6,0,2026-09-05 20:05,51,-1.707,1.043,-4.0,-1.001,3.316,-2.945,567.011
CND_210_6,0,2026-09-05 22:04,52,0.853,-0.521,-16.0,1.573,1.677,-14.925,567.011
CND_210_6,0,2026-09-06 00:04,53,-1.896,-1.186,-2.0,-1.163,-0.649,-0.904,567.011
CND_210_6,0,2026-09-06 02:04,54,0.0,-0.0,-10.0,0.747,0.614,-8.884,567.011
CND_210_6,0,2026-09-06 04:04,55,-3.081,0.71,0.0,-2.321,1.053,1.137,567.011
CND_210_6,0,2026-09-06 06:04,56,-2.56,1.564,-2.0,-1.785,2.132,-0.842,567.011
CND_210_6,0,2026-09-06 10:04,58,-3.46,-3.746,-2.0,-2.657,1.005,-0.801,567.011
CND_210_6,0,2026-09-06 12:04,59,-3.746,3.46,-3.0,-2.929,2.988,-1.78,567.011
CND_210_6,0,2026-09-06 14:04,60,-2.938,-2.892,-3.0,-2.108,-0.589,-1.76,567.011
CND_210_6,0,2026-09-06 16:04,61,-3.603,-0.143,-3.0,-2.759,1.385,-1.739,567.011
CND_210_6,0,2026-09-06 18:04,62,-2.749,-0.664,-6.0,-1.892,0.72,-4.718,567.011
CND_210_6,0,2026-09-06 20:04,63,-2.417,-2.039,-4.0,-1.546,0.239,-2.698,567.011
CND_210_6,0,2026-09-06 22:03,64,-3.271,-1.518,-2.0,-2.385,0.024,-0.677,567.011
CND_210_6,0,2026-09-07 00:04,65,-2.228,0.189,-3.0,-1.329,1.188,-1.656,567.011
CND_210_6,0,2026-09-07 02:04,66,-2.749,-0.664,-4.0,-1.836,0.509,-2.636,567.011
CND_210_6,0,2026-09-07 04:03,67,-0.143,3.603,-14.0,0.784,5.906,-12.615,567.011
CND_210_6,0,2026-09-07 06:04,68,-2.749,-0.664,-4.0,-1.809,1.946,-2.594,567.011
CND_210_6,0,2026-09-07 08:04,69,-3.46,-3.746,-5.0,-2.505,2.884,-3.574,567.011
CND_210_6,0,2026-09-07 10:04,70,-2.228,0.189,-6.0,-1.26,2.255,-4.553,567.011
CND_210_6,0,2026-09-07 12:04,71,-3.367,7.916,-4.0,-2.385,4.378,-2.532,567.011
CND_210_6,0,2026-09-07 14:04,72,-4.032,10.665,-4.0,-3.036,3.277,-2.512,567.011
CND_210_6,0,2026-09-07 18:05,73,-3.792,-2.371,-4.0,-2.768,0.093,-2.47,567.011
CND_210_6,0,2026-09-07 20:04,74,-2.228,0.189,-8.0,-1.191,1.96,-6.45,567.011
CND_210_6,0,2026-09-07 22:04,75,-3.081,0.71,-4.0,-2.03,1.87,-2.429,567.011
CND_210_6,0,2026-09-08 00:04,76,-1.896,-1.186,-10.0,-0.831,-0.318,-8.408,567.011
CND_210_6,0,2026-09-08 02:04,77,-3.414,2.085,-7.0,-2.335,3.21,-5.388,567.011
CND_210_6,0,2026-09-08 04:04,78,-3.414,2.085,-4.0,-2.321,2.229,-2.367,567.011
CND_210_6,0,2026-09-08 06:04,79,-3.081,0.71,-4.0,-1.975,1.703,-2.346,567.011
CND_210_6,0,2026-09-08 08:04,80,-4.548,-11.283,3.0,-3.428,-0.743,4.674,567.011
CND_210_6,0,2026-09-08 10:04,81,-5.642,2.274,-2.0,-4.507,7.28,-0.305,567.011
CND_210_6,0,2026-09-08 12:04,82,-3.981,-4.599,-6.0,-2.833,-1.864,-4.284,567.011
CND_210_6,0,2026-09-08 14:04,83,-3.746,3.46,-9.0,-2.584,1.636,-7.264,567.011
CND_210_6,0,2026-09-08 16:04,84,-4.124,-0.996,-8.0,-2.948,1.856,-6.243,567.011
CND_210_6,0,2026-09-08 18:04,85,-3.603,-0.143,-7.0,-2.413,2.457,-5.222,567.011
CND_210_6,0,2026-09-08 20:04,86,-3.081,0.71,-7.0,-1.878,2.964,-5.202,567.011
CND_210_6,0,2026-09-08 22:04,87,-4.645,-1.85,-3.0,-3.428,0.0,-1.181,567.011
CND_210_6,0,2026-09-09 00:54,88,-2.417,-2.039,-11.0,-1.18,-1.185,-9.152,567.011
CND_210_6,0,2026-09-09 02:04,89,0.189,2.228,-25.0,1.434,3.077,-23.14,567.011
CND_210_6,0,2026-09-09 04:03,90,-2.417,-2.039,-13.0,-1.159,-1.467,-11.119,567.011
CND_210_6,0,2026-09-09 06:04,91,-1.896,-1.186,-13.0,-0.623,-0.33,-11.098,567.011
CND_210_6,0,2026-09-09 08:05,92,-5.545,-7.159,-1.0,-4.258,2.629,0.922,567.011
CND_210_6,0,2026-09-09 10:04,93,-5.309,0.9,-2.0,-4.009,4.7,-0.057,567.011
CND_210_6,0,2026-09-09 12:04,94,-4.742,7.584,-8.0,-3.428,3.787,-6.037,567.011
CND_210_6,0,2026-09-09 14:05,95,-5.785,5.877,-7.0,-4.457,2.709,-5.016,567.011
CND_210_6,0,2026-09-09 16:06,96,-4.788,1.753,-9.0,-3.446,2.776,-6.995,567.011
CND_210_6,0,2026-09-09 18:04,97,-4.456,0.378,-8.0,-3.101,3.82,-5.975,567.011
CND_210_6,0,2026-09-09 20:03,98,-4.124,-0.996,-10.0,-2.755,1.208,-7.954,567.011
CND_210_6,0,2026-09-09 22:04,99,-5.499,-1.328,-5.0,-4.115,1.215,-2.933,567.011
CND_210_6,0,2026-09-10 00:04,100,-3.792,-2.371,-10.0,-2.395,-0.575,-7.913,567.011
CND_210_6,0,2026-09-10 02:04,101,-4.456,0.378,-10.0,-3.045,0.496,-7.892,567.011
CND_210_6,0,2026-09-10 04:04,102,-4.645,-1.85,-10.0,-3.221,-1.232,-7.871,567.011
CND_210_6,0,2026-09-10 06:04,103,-4.124,-0.996,-11.0,-2.686,0.086,-8.851,567.011
CND_210_6,0,2026-09-10 08:04,104,-5.877,-5.785,-5.0,-4.425,4.909,-2.83,567.011
CND_210_6,0,2026-09-10 10:04,105,-5.831,0.046,-8.0,-4.365,5.561,-5.809,567.011
CND_210_6,0,2026-09-10 12:04,106,-4.124,-0.996,-15.0,-2.644,-3.99,-12.789,567.011
CND_210_6,0,2026-09-10 14:05,107,-6.449,8.626,-6.0,-4.955,2.986,-3.768,567.011
CND_210_6,0,2026-09-10 16:04,108,-5.688,-3.557,-11.0,-4.18,-1.156,-8.747,567.011
CND_210_6,0,2026-09-10 18:04,109,-5.309,0.9,-9.0,-3.788,3.383,-6.727,567.011
CND_210_6,0,2026-09-10 20:04,110,-5.309,0.9,-9.0,-3.774,3.299,-6.706,567.011
CND_210_6,0,2026-09-10 22:04,111,-5.309,0.9,-11.0,-3.76,2.733,-8.685,567.011
CND_210_6,0,2026-09-11 00:04,112,-5.642,2.274,-9.0,-4.079,2.97,-6.665,567.011
CND_210_6,0,2026-09-11 02:04,113,-5.309,0.9,-10.0,-3.733,2.699,-7.644,567.011
CND_210_6,0,2026-09-11 04:03,114,-5.974,3.649,-7.0,-4.383,4.141,-4.623,567.011
CND_210_6,0,2026-09-11 06:04,115,-6.684,0.567,-4.0,-5.08,3.27,-1.603,567.011
CND_210_6,0,2026-09-11 08:04,116,-6.777,-11.094,-5.0,-5.158,-1.718,-2.582,567.011
CND_210_6,0,2026-09-11 10:05,117,-5.499,-1.328,-7.0,-3.866,2.805,-4.561,567.011
CND_210_6,0,2026-09-11 12:04,118,-4.788,1.753,-16.0,-3.142,-2.522,-13.541,567.011
CND_210_6,0,2026-09-11 14:04,119,-5.642,2.274,-12.0,-3.982,-1.325,-9.52,567.011
CND_210_6,0,2026-09-11 16:04,120,-7.584,-4.742,-4.0,-5.91,-1.4,-1.499,567.011
CND_210_6,0,2026-09-11 18:04,121,-5.831,0.046,-11.0,-4.143,2.173,-8.479,567.011
CND_210_6,0,2026-09-11 20:04,122,-6.352,-0.807,-10.0,-4.651,2.017,-7.458,567.011
CND_210_6,0,2026-09-11 22:04,123,-6.163,1.421,-10.0,-4.448,4.414,-7.437,567.011
CND_210_6,0,2026-09-12 00:03,124,-4.267,2.606,-16.0,-2.538,4.562,-13.417,567.011
CND_210_7,0,2026-09-01 14:05,0,-0.377,-0.926,-3.5,-0.376,-2.752,-3.499,570.351
CND_210_7,0,2026-09-01 16:04,1,-0.926,0.377,0.5,-0.912,-0.958,0.521,570.351
CND_210_7,0,2026-09-01 18:05,2,0.926,-0.377,-0.5,0.955,-0.377,-0.458,570.351
CND_210_7,0,2026-09-01 20:04,3,0.377,0.926,-4.5,0.419,1.528,-4.437,570.351
CND_210_7,0,2026-09-01 22:05,4,-0.754,-1.853,2.5,-0.698,-1.58,2.584,570.351
CND_210_7,0,2026-09-02 00:05,5,1.131,2.779,0.5,1.201,2.779,0.604,570.351
CND_210_7,0,2026-09-02 02:05,6,0.377,0.926,4.5,0.461,0.926,4.625,570.351
CND_210_7,0,2026-09-02 04:05,7,-0.173,2.229,0.5,-0.075,1.301,0.645,570.351
CND_210_7,0,2026-09-02 06:05,8,0.926,-0.377,-0.5,1.038,-1.099,-0.334,570.351
CND_210_7,0,2026-09-02 08:05,9,-3.188,-5.181,5.5,-3.062,2.178,5.687,570.351
CND_210_7,0,2026-09-02 10:06,10,-2.574,4.286,0.5,-2.435,5.425,0.708,570.351
CND_210_7,0,2026-09-02 12:06,11,-1.821,6.139,-2.5,-1.667,-3.923,-2.272,570.351
CND_210_7,0,2026-09-02 14:05,12,-0.454,17.458,-7.5,-0.286,7.396,-7.251,570.351
CND_210_7,0,2026-09-02 16:05,13,-1.067,7.991,-0.5,-0.886,-0.434,-0.231,570.351
CND_210_7,0,2026-09-02 18:04,14,1.303,0.549,-4.5,1.498,-0.469,-4.21,570.351
CND_210_7,0,2026-09-02 20:05,15,2.811,4.254,-0.5,3.02,3.276,-0.189,570.351
CND_210_7,0,2026-09-02 22:05,16,0.0,-0.0,-0.5,0.223,-1.595,-0.169,570.351
CND_210_7,0,2026-09-03 00:05,17,-0.173,2.229,3.5,0.065,-0.0,3.852,570.351
CND_210_7,0,2026-09-03 02:05,18,0.032,5.385,1.5,0.283,2.874,1.873,570.351
CND_210_7,0,2026-09-03 04:05,19,0.958,5.008,-0.5,1.223,2.672,-0.107,570.351
CND_210_7,0,2026-09-03 06:05,20,0.377,0.926,-3.5,0.656,2.27,-3.086,570.351
CND_210_7,0,2026-09-03 08:05,21,-1.507,-3.705,0.5,-1.215,3.472,0.935,570.351
CND_210_7,0,2026-09-03 10:06,22,-1.884,-4.631,2.5,-1.578,-2.688,2.956,570.351
CND_210_7,0,2026-09-03 12:05,23,-2.198,5.213,-1.5,-1.877,-2.124,-1.024,570.351
CND_210_7,0,2026-09-03 14:05,24,-2.198,5.213,5.5,-1.863,-5.285,5.997,570.351
CND_210_7,0,2026-09-03 16:05,25,-1.271,4.836,2.5,-0.923,-0.698,3.017,570.351
CND_210_7,0,2026-09-03 18:04,26,0.032,5.385,-4.5,0.394,5.162,-3.962,570.351
CND_210_7,0,2026-09-03 20:05,27,1.099,-2.606,-6.5,1.475,-2.477,-5.941,570.351
CND_210_7,0,2026-09-03 22:05,28,0.173,-2.229,3.5,0.563,-2.229,4.079,570.351
CND_210_7,0,2026-09-04 00:05,29,0.0,-0.0,-1.5,0.404,-0.479,-0.9,570.351
CND_210_7,0,2026-09-04 02:05,30,3.156,-0.204,-6.5,3.574,-0.617,-5.879,570.351
CND_210_7,0,2026-09-04 04:05,31,0.754,1.853,1.5,1.185,0.618,2.141,570.351
CND_210_7,0,2026-09-04 06:05,32,-0.754,-1.853,2.5,-0.308,0.96,3.162,570.351
CND_210_7,0,2026-09-04 10:06,34,-2.057,-2.402,0.5,-1.583,-0.032,1.204,570.351
CND_210_7,0,2026-09-04 12:06,35,-3.296,7.819,4.5,-2.809,0.0,5.224,570.351
CND_210_7,0,2026-09-04 14:06,36,-2.511,15.056,3.5,-2.009,6.513,4.245,570.351
CND_210_7,0,2026-09-04 22:05,40,0.926,-0.377,1.5,1.483,-0.034,2.327,570.351
CND_210_7,0,2026-09-05 00:05,41,1.131,2.779,0.5,1.701,1.993,1.348,570.351
CND_210_7,0,2026-09-05 02:05,42,-0.173,2.229,-1.5,0.412,2.201,-0.631,570.351
CND_210_7,0,2026-09-05 06:05,44,-1.162,-8.164,3.5,-0.55,-3.134,4.41,570.351
CND_210_7,0,2026-09-05 08:06,45,-2.67,-11.869,3.5,-2.043,-1.343,4.431,570.351
CND_210_7,0,2026-09-05 10:05,46,-0.581,-4.082,3.5,0.059,-0.24,4.451,570.351
CND_210_7,0,2026-09-05 12:06,47,-0.926,0.377,0.5,-0.272,-5.303,1.472,570.351
CND_22,0,2026-09-01 14:05,0,0.429,0.904,-1.5,0.429,0.082,-1.499,256.566
CND_22,0,2026-09-01 16:04,1,0.429,0.904,-0.5,0.435,0.303,-0.479,256.566
CND_22,0,2026-09-01 18:04,2,0.475,-1.332,0.5,0.488,-1.332,0.542,256.566
CND_22,0,2026-09-01 20:04,3,-0.429,-0.904,2.5,-0.41,-0.633,2.563,256.566
CND_22,0,2026-09-01 22:04,4,0.475,-1.332,0.5,0.5,-1.21,0.583,256.566
CND_22,0,2026-09-02 00:04,5,0.429,0.904,-0.5,0.46,0.904,-0.396,256.566
CND_22,0,2026-09-02 02:05,6,0.429,0.904,1.5,0.466,0.904,1.625,256.566
CND_22,0,2026-09-02 04:04,7,0.904,-0.429,0.5,0.948,-0.846,0.645,256.566
CND_22,0,2026-09-02 06:04,8,0.904,-0.429,0.5,0.954,-0.753,0.666,256.566
CND_22,0,2026-09-02 08:05,9,0.093,-4.471,0.5,0.149,-1.161,0.687,256.566
CND_22,0,2026-09-02 10:05,10,0.429,0.904,2.5,0.491,1.416,2.707,256.566
CND_22,0,2026-09-02 12:05,11,0.857,1.807,-1.5,0.926,-2.719,-1.272,256.566
CND_22,0,2026-09-02 14:04,12,0.336,5.375,-0.5,0.411,0.848,-0.251,256.566
CND_22,0,2026-09-02 16:04,13,0.811,4.043,-3.5,0.892,0.252,-3.231,256.566
CND_22,0,2026-09-02 18:04,14,0.95,-2.664,-2.5,1.038,-3.122,-2.21,256.566
CND_22,0,2026-09-02 20:04,15,0.429,0.904,-1.5,0.523,0.463,-1.189,256.566
CND_22,0,2026-09-02 22:05,16,-0.0,-0.0,1.5,0.1,-0.718,1.831,256.566
CND_22,0,2026-09-03 00:04,17,0.429,0.904,0.5,0.535,-0.099,0.852,256.566
CND_22,0,2026-09-03 02:04,18,-0.0,-0.0,1.5,0.113,-1.13,1.873,256.566
CND_22,0,2026-09-03 04:04,19,-0.0,-0.0,1.5,0.119,-1.051,1.893,256.566
CND_22,0,2026-09-03 06:05,20,0.046,-2.236,1.5,0.172,-1.631,1.914,256.566
CND_22,0,2026-09-03 08:05,21,0.521,-3.568,-0.5,0.653,-0.339,-0.065,256.566
CND_22,0,2026-09-03 10:05,22,0.475,-1.332,0.5,0.613,-0.458,0.955,256.566
CND_22,0,2026-09-03 12:05,23,-0.475,1.332,-1.5,-0.331,-1.968,-1.024,256.566
CND_22,0,2026-09-03 14:05,24,0.289,7.61,-0.5,0.44,2.888,-0.003,256.566
CND_22,0,2026-09-03 16:04,25,-0.046,2.236,1.5,0.11,-0.254,2.017,256.566
CND_22,0,2026-09-03 18:04,26,0.429,0.904,0.5,0.591,0.803,1.038,256.566
CND_22,0,2026-09-03 20:04,27,0.429,0.904,0.5,0.598,0.962,1.059,256.566
CND_22,0,2026-09-03 22:04,28,0.429,0.904,0.5,0.604,0.904,1.079,256.566
CND_22,0,2026-09-04 00:04,29,0.857,1.807,0.5,1.039,1.592,1.1,256.566
CND_22,0,2026-09-04 02:04,30,0.429,0.904,0.5,0.616,0.718,1.121,256.566
CND_22,0,2026-09-04 06:04,32,0.475,-1.332,2.5,0.675,-0.067,3.162,256.566
CND_22,0,2026-09-04 08:05,33,-0.429,-0.904,1.5,-0.222,1.118,2.183,256.566
CND_22,0,2026-09-04 10:05,34,-0.429,-0.904,0.5,-0.216,0.162,1.203,256.566
CND_22,0,2026-09-04 12:05,35,-0.046,2.236,-0.5,0.173,-1.282,0.224,256.566
CND_22,0,2026-09-04 14:05,36,-0.139,6.707,-0.5,0.086,2.864,0.245,256.566
CND_22,0,2026-09-04 16:04,37,0.382,3.139,-0.5,0.614,-1.86,0.265,256.566
CND_22,0,2026-09-04 18:04,38,-0.0,-0.0,-0.5,0.238,0.195,0.286,256.566
CND_22,0,2026-09-04 20:05,39,0.475,-1.332,-0.5,0.719,-0.938,0.307,256.566
CND_22,0,2026-09-04 22:04,40,0.475,-1.332,1.5,0.725,-1.178,2.327,256.566
CND_22,0,2026-09-05 00:04,41,0.429,0.904,0.5,0.685,0.55,1.348,256.566
CND_22,0,2026-09-05 02:04,42,-0.429,-0.904,1.5,-0.166,-0.916,2.368,256.566
CND_22,0,2026-09-05 04:04,43,-0.0,-0.0,0.5,0.269,-0.128,1.389,256.566
CND_22,0,2026-09-05 06:05,44,-0.382,-3.139,2.5,-0.107,-0.876,3.41,256.566
CND_22,0,2026-09-05 08:06,45,-0.811,-4.043,2.5,-0.529,0.692,3.431,256.566
CND_22,0,2026-09-05 10:05,46,0.093,-4.471,2.5,0.381,-2.743,3.451,256.566
CND_22,0,2026-09-05 12:05,47,0.764,6.278,-5.5,1.059,3.723,-4.528,256.566
CND_22,0,2026-09-05 14:05,48,-0.093,4.471,-3.5,0.208,1.058,-2.507,256.566
CND_22,0,2026-09-05 16:06,49,-0.568,5.803,1.5,-0.261,1.508,2.513,256.566
CND_22,0,2026-09-05 20:06,51,1.425,-3.996,-5.5,1.744,-2.968,-4.445,256.566
CND_22,0,2026-09-05 22:05,52,0.95,-2.664,-6.5,1.276,-1.669,-5.425,256.566
CND_22,0,2026-09-06 00:05,53,0.521,-3.568,-4.5,0.853,-3.325,-3.404,256.566
CND_22,0,2026-09-06 02:05,54,0.475,-1.332,-4.5,0.813,-1.054,-3.383,256.566
CND_22,0,2026-09-06 04:05,55,0.429,0.904,-1.5,0.773,1.059,-0.363,256.566
CND_22,0,2026-09-06 06:05,56,0.429,0.904,-3.5,0.779,1.161,-2.342,256.566
CND_22,0,2026-09-06 10:06,58,-0.0,-0.0,0.5,0.363,2.15,1.699,256.566
CND_22,0,2026-09-06 12:05,59,-0.046,2.236,1.5,0.323,2.022,2.72,256.566
CND_22,0,2026-09-06 14:05,60,-0.904,0.429,2.5,-0.528,1.471,3.741,256.566
CND_22,0,2026-09-06 16:05,61,-0.0,-0.0,0.5,0.382,0.691,1.761,256.566
CND_22,0,2026-09-06 18:05,62,-0.475,1.332,-0.5,-0.087,1.958,0.782,256.566
CND_22,0,2026-09-06 20:05,63,0.429,0.904,-1.5,0.823,1.934,-0.197,256.566
CND_22,0,2026-09-06 22:04,64,-0.0,-0.0,2.5,0.401,0.698,3.823,256.566
CND_22,0,2026-09-07 00:05,65,0.429,0.904,0.5,0.835,1.356,1.844,256.566
CND_22,0,2026-09-07 02:05,66,-0.475,1.332,2.5,-0.062,1.863,3.864,256.566
CND_22,0,2026-09-07 04:04,67,0.429,0.904,1.5,0.848,1.946,2.885,256.566
CND_22,0,2026-09-07 06:05,68,-0.475,1.332,1.5,-0.049,2.513,2.906,256.566
CND_22,0,2026-09-07 08:05,69,-0.382,-3.139,2.5,0.05,-0.139,3.926,256.566
CND_22,0,2026-09-07 10:05,70,-0.904,0.429,2.5,-0.465,1.363,3.947,256.566
CND_22,0,2026-09-07 12:05,71,-0.521,3.568,-0.5,-0.077,1.967,0.968,256.566
CND_22,0,2026-09-07 14:05,72,-1.043,7.135,4.5,-0.592,3.792,5.988,256.566
CND_22,0,2026-09-07 18:06,73,-0.0,-0.0,0.5,0.463,1.115,2.03,256.566
CND_22,0,2026-09-07 20:05,74,-0.475,1.332,0.5,-0.005,2.133,2.05,256.566
CND_22,0,2026-09-07 22:05,75,-0.475,1.332,1.5,0.001,1.857,3.071,256.566
CND_22,0,2026-09-08 00:05,76,-0.046,2.236,0.5,0.436,2.628,2.092,256.566
CND_22,0,2026-09-08 02:05,77,-0.568,5.803,1.5,-0.08,6.312,3.112,256.566
CND_22,0,2026-09-08 04:05,78,-0.0,-0.0,0.5,0.495,0.065,2.133,256.566
CND_22,0,2026-09-08 06:05,79,-0.475,1.332,1.5,0.026,1.781,3.154,256.566
CND_22,0,2026-09-08 08:06,80,0.046,-2.236,1.5,0.554,2.534,3.175,256.566
CND_22,0,2026-09-08 10:05,81,-0.475,1.332,-1.5,0.038,3.597,0.195,256.566
CND_22,0,2026-09-08 12:05,82,-0.0,-0.0,0.5,0.52,1.238,2.216,256.566
CND_22,0,2026-09-08 14:05,83,-0.904,0.429,0.5,-0.378,-0.397,2.236,256.566
CND_22,0,2026-09-08 16:05,84,-0.0,-0.0,-0.5,0.532,1.291,1.257,256.566
CND_22,0,2026-09-08 18:05,85,-0.0,-0.0,-0.5,0.538,1.176,1.278,256.566
CND_23,0,2026-09-01 14:08,0,-1.862,0.885,4.0,-1.861,-0.344,4.001,383.977
CND_23,0,2026-09-01 16:06,1,-0.493,-2.451,0.0,-0.484,-3.349,0.022,383.977
CND_23,0,2026-09-01 18:06,2,0.099,0.49,-2.0,0.118,0.49,-1.958,383.977
CND_23,0,2026-09-01 20:06,3,-0.691,-3.431,0.0,-0.662,-3.026,0.063,383.977
CND_23,0,2026-09-01 22:06,4,-0.099,-0.49,0.0,-0.061,-0.307,0.084,383.977
CND_23,0,2026-09-02 00:06,5,0.099,0.49,0.0,0.146,0.49,0.104,383.977
CND_23,0,2026-09-02 02:06,6,-0.099,-0.49,1.0,-0.042,-0.49,1.125,383.977
CND_23,0,2026-09-02 04:06,7,0.882,-0.688,-4.0,0.948,-1.312,-3.854,383.977
CND_23,0,2026-09-02 06:06,8,0.882,-0.688,-4.0,0.957,-1.174,-3.834,383.977
CND_23,0,2026-09-02 08:07,9,-0.303,-6.57,1.0,-0.218,-1.616,1.187,383.977
CND_23,0,2026-09-02 10:08,10,-0.691,-3.431,2.0,-0.597,-2.665,2.208,383.977
CND_23,0,2026-09-02 12:07,11,-0.684,1.668,-1.0,-0.581,-5.106,-0.772,383.977
CND_23,0,2026-09-02 14:07,12,-1.073,4.806,0.0,-0.96,-1.968,0.249,383.977
CND_23,0,2026-09-02 16:06,13,-0.487,2.648,2.0,-0.365,-3.024,2.27,383.977
CND_23,0,2026-09-02 18:06,14,-0.099,-0.49,-1.0,0.033,-1.176,-0.71,383.977
CND_23,0,2026-09-02 20:06,15,0.099,0.49,-2.0,0.24,-0.169,-1.689,383.977
CND_23,0,2026-09-02 22:06,16,-0.882,0.688,2.0,-0.731,-0.386,2.332,383.977
CND_23,0,2026-09-03 00:06,17,0.099,0.49,0.0,0.258,-1.011,0.352,383.977
CND_23,0,2026-09-03 02:06,18,-0.882,0.688,3.0,-0.713,-1.003,3.373,383.977
CND_23,0,2026-09-03 04:06,19,-0.099,-0.49,-1.0,0.08,-2.063,-0.606,383.977
CND_23,0,2026-09-03 06:06,20,0.684,-1.668,-1.0,0.872,-0.763,-0.586,383.977
CND_23,0,2026-09-03 08:07,21,-0.493,-2.451,2.0,-0.296,2.381,2.435,383.977
CND_23,0,2026-09-03 10:08,22,-0.296,-1.47,-2.0,-0.089,-0.162,-1.544,383.977
CND_23,0,2026-09-03 12:07,23,0.5,7.55,-4.0,0.716,2.611,-3.524,383.977
CND_23,0,2026-09-03 14:07,24,-0.684,1.668,-2.0,-0.459,-5.4,-1.503,383.977
CND_23,0,2026-09-03 16:06,25,-1.073,4.806,1.0,-0.838,1.081,1.518,383.977
CND_23,0,2026-09-03 18:06,26,-0.296,-1.47,-2.0,-0.052,-1.621,-1.462,383.977
CND_23,0,2026-09-03 20:06,27,0.099,0.49,0.0,0.352,0.577,0.559,383.977
CND_23,0,2026-09-04 00:06,29,-0.099,-0.49,1.0,0.173,-0.813,1.6,383.977
CND_23,0,2026-09-04 02:06,30,1.079,0.293,-4.0,1.36,0.015,-3.379,383.977
CND_23,0,2026-09-04 04:06,31,1.079,0.293,-5.0,1.37,-0.538,-4.358,383.977
CND_23,0,2026-09-04 06:06,32,0.092,-4.609,1.0,0.392,-2.715,1.662,383.977
CND_23,0,2026-09-04 08:07,33,-0.691,-3.431,3.0,-0.381,-0.406,3.683,383.977
CND_23,0,2026-09-04 10:08,34,-0.888,-4.411,4.0,-0.569,-2.816,4.704,383.977
CND_23,0,2026-09-04 12:08,35,-0.086,9.708,0.0,0.243,4.444,0.725,383.977
CND_23,0,2026-09-04 14:08,36,0.099,0.49,-3.0,0.436,-5.261,-2.255,383.977
CND_23,0,2026-09-04 16:06,37,-1.27,3.826,4.0,-0.923,-3.656,4.765,383.977
CND_23,0,2026-09-04 18:06,38,-0.296,-1.47,0.0,0.06,-1.179,0.786,383.977
CND_23,0,2026-09-04 20:07,39,0.487,-2.648,-2.0,0.853,-2.059,-1.193,383.977
CND_23,0,2026-09-04 22:06,40,0.882,-0.688,-2.0,1.257,-0.457,-1.173,383.977
CND_23,0,2026-09-05 00:06,41,-0.099,-0.49,0.0,0.286,-1.019,0.848,383.977
CND_23,0,2026-09-05 02:06,42,-0.099,-0.49,-1.0,0.295,-0.509,-0.131,383.977
CND_23,0,2026-09-05 04:06,43,0.684,-1.668,-1.0,1.087,-1.859,-0.111,383.977
CND_23,0,2026-09-05 06:07,44,0.092,-4.609,-1.0,0.505,-1.222,-0.09,383.977
CND_23,0,2026-09-05 08:08,45,-0.105,-5.589,0.0,0.317,1.497,0.931,383.977
CND_23,0,2026-09-05 10:07,46,0.487,-2.648,-2.0,0.918,-0.062,-1.048,383.977
CND_23,0,2026-09-05 12:08,47,0.105,5.589,-3.0,0.546,1.765,-2.028,383.977
CND_23,0,2026-09-05 14:07,48,-0.882,0.688,-1.0,-0.432,-4.421,-0.007,383.977
CND_23,0,2026-09-05 16:08,49,-1.073,4.806,2.0,-0.613,-1.622,3.014,383.977
CND_23,0,2026-09-05 18:06,50,0.092,-4.609,-1.0,0.561,-3.153,0.034,383.977
CND_23,0,2026-09-05 20:08,51,0.684,-1.668,-2.0,1.162,-0.129,-0.945,383.977
CND_23,0,2026-09-05 22:07,52,0.487,-2.648,-2.0,0.974,-1.16,-0.924,383.977
CND_23,0,2026-09-06 00:06,53,-0.105,-5.589,1.0,0.392,-5.226,2.096,383.977
CND_23,0,2026-09-06 02:06,54,0.684,-1.668,-3.0,1.19,-1.252,-1.883,383.977
CND_23,0,2026-09-06 04:06,55,-0.099,-0.49,-2.0,0.417,-0.258,-0.863,383.977
CND_23,0,2026-09-06 06:06,56,0.29,-3.629,-1.0,0.814,-3.244,0.158,383.977
CND_23,0,2026-09-06 10:08,58,-0.888,-4.411,2.0,-0.344,-1.194,3.2,383.977
CND_23,0,2026-09-06 12:06,59,-0.493,-2.451,2.0,0.06,-2.77,3.22,383.977
CND_23,0,2026-09-06 14:07,60,-0.888,-4.411,-1.0,-0.326,-2.851,0.241,383.977
CND_23,0,2026-09-06 16:06,61,-0.493,-2.451,0.0,0.078,-1.416,1.261,383.977
CND_23,0,2026-09-06 18:07,62,1.073,-4.806,-3.0,1.654,-3.869,-1.718,383.977
CND_23,0,2026-09-06 20:07,63,0.487,-2.648,-3.0,1.077,-1.106,-1.697,383.977
CND_23,0,2026-09-06 22:06,64,1.073,-4.806,-2.0,1.672,-3.762,-0.677,383.977
CND_23,0,2026-09-07 00:06,65,1.073,-4.806,-4.0,1.682,-4.13,-2.656,383.977
CND_23,0,2026-09-07 02:06,66,1.073,-4.806,-4.0,1.691,-4.011,-2.635,383.977
CND_23,0,2026-09-07 04:06,67,0.875,-5.787,-2.0,1.503,-4.227,-0.615,383.977
CND_23,0,2026-09-07 06:06,68,0.875,-5.787,-3.0,1.512,-4.019,-1.594,383.977
CND_23,0,2026-09-07 08:07,69,-0.296,-1.47,1.0,0.351,3.019,2.427,383.977
CND_23,0,2026-09-07 10:07,70,-0.691,-3.431,2.0,-0.035,-2.032,3.447,383.977
CND_23,0,2026-09-07 12:07,71,-0.487,2.648,-1.0,0.178,0.252,0.468,383.977
CND_23,0,2026-09-07 14:07,72,-1.27,3.826,2.0,-0.595,-1.177,3.489,383.977
CND_23,0,2026-09-07 18:07,73,0.092,-4.609,-2.0,0.786,-2.94,-0.47,383.977
CND_23,0,2026-09-07 20:07,74,1.27,-3.826,-6.0,1.973,-2.627,-4.449,383.977
CND_23,0,2026-09-07 22:07,75,1.079,0.293,-5.0,1.791,1.078,-3.429,383.977
CND_23,0,2026-09-08 00:07,76,1.073,-4.806,-3.0,1.794,-4.219,-1.408,383.977
CND_23,0,2026-09-08 02:07,77,1.665,-1.865,-9.0,2.396,-1.104,-7.387,383.977
CND_23,0,2026-09-08 04:06,78,0.875,-5.787,-3.0,1.615,-5.689,-1.367,383.977
CND_23,0,2026-09-08 06:07,79,1.073,-4.806,-3.0,1.822,-4.134,-1.346,383.977
CND_23,0,2026-09-08 08:08,80,0.48,-7.747,-3.0,1.239,-0.61,-1.325,383.977
CND_23,0,2026-09-08 10:07,81,-0.493,-2.451,0.0,0.275,0.939,1.695,383.977
CND_23,0,2026-09-08 12:07,82,-0.493,-2.451,0.0,0.284,-0.598,1.716,383.977
CND_23,0,2026-09-08 14:06,83,-0.493,-2.451,0.0,0.294,-3.686,1.737,383.977
CND_23,0,2026-09-08 16:07,84,-0.691,-3.431,-1.0,0.106,-1.5,0.757,383.977
CND_23,0,2026-09-08 18:06,85,1.073,-4.806,-5.0,1.878,-3.046,-3.222,383.977
CND_23,0,2026-09-08 20:06,86,1.073,-4.806,-4.0,1.888,-3.28,-2.201,383.977
CND_23,0,2026-09-08 22:06,87,0.487,-2.648,-3.0,1.311,-1.396,-1.181,383.977
CND_23,0,2026-09-09 00:57,88,2.059,0.095,-7.0,2.897,0.674,-5.151,383.977
CND_23,0,2026-09-09 02:06,89,1.27,-3.826,-4.0,2.113,-3.251,-2.139,383.977
CND_23,0,2026-09-09 06:07,91,0.684,-1.668,-1.0,1.546,-1.088,0.902,383.977
CND_23,0,2026-09-09 10:07,93,0.099,0.49,1.0,0.979,3.064,2.943,383.977
CND_23,0,2026-09-09 12:08,94,-0.487,2.648,0.0,0.403,0.077,1.964,383.977
CND_23,0,2026-09-09 14:08,95,-0.684,1.668,-1.0,0.215,-0.478,0.985,383.977
CND_23,0,2026-09-09 16:09,96,-0.691,-3.431,1.0,0.218,-2.738,3.006,383.977
CND_23,0,2026-09-09 18:06,97,0.092,-4.609,-4.0,1.01,-2.278,-1.974,383.977
CND_23,0,2026-09-09 20:06,98,0.875,-5.787,-5.0,1.803,-4.294,-2.954,383.977
CND_23,0,2026-09-09 22:06,99,0.875,-5.787,-5.0,1.812,-4.064,-2.933,383.977
CND_23,0,2026-09-10 00:06,100,1.073,-4.806,-3.0,2.019,-3.59,-0.912,383.977
CND_23,0,2026-09-10 02:06,101,0.684,-1.668,-2.0,1.64,-1.588,0.108,383.977
CND_23,0,2026-09-10 04:06,102,0.29,-3.629,-3.0,1.254,-3.21,-0.871,383.977
CND_23,0,2026-09-10 06:06,103,0.29,-3.629,-1.0,1.264,-2.896,1.15,383.977
CND_23,0,2026-09-10 08:07,104,-0.5,-7.55,4.0,0.484,-0.308,6.171,383.977
CND_23,0,2026-09-10 10:07,105,0.099,0.49,-3.0,1.092,4.225,-0.809,383.977
CND_23,0,2026-09-10 12:07,106,0.099,0.49,-6.0,1.101,-1.537,-3.788,383.977
CND_23,0,2026-09-10 14:08,107,0.099,0.49,-5.0,1.111,-3.33,-2.767,383.977
CND_23,0,2026-09-10 16:06,108,-0.296,-1.47,-2.0,0.725,0.155,0.253,383.977
CND_23,0,2026-09-10 18:06,109,0.29,-3.629,-4.0,1.32,-1.947,-1.726,383.977
CND_23,0,2026-09-10 20:06,110,0.882,-0.688,-9.0,1.921,0.938,-6.706,383.977
CND_23,0,2026-09-10 22:06,111,0.29,-3.629,-4.0,1.339,-2.387,-1.685,383.977
CND_23,0,2026-09-11 00:06,112,0.092,-4.609,-4.0,1.151,-4.138,-1.664,383.977
CND_23,0,2026-09-11 02:07,113,0.092,-4.609,-4.0,1.16,-3.391,-1.643,383.977
CND_23,0,2026-09-11 04:06,114,1.467,-2.846,-6.0,2.545,-2.512,-3.623,383.977
CND_23,0,2026-09-11 06:06,115,0.092,-4.609,-3.0,1.179,-2.779,-0.602,383.977
CND_23,0,2026-09-11 08:07,116,0.48,-7.747,-2.0,1.577,-1.398,0.419,383.977
CND_23,0,2026-09-11 10:07,117,-0.105,-5.589,-2.0,1.0,-2.79,0.439,383.977
CND_23,0,2026-09-11 12:07,118,0.493,2.451,-10.0,1.608,-0.444,-7.54,383.977
CND_23,0,2026-09-11 14:07,119,-0.099,-0.49,-3.0,1.025,-2.927,-0.519,383.977
CND_23,0,2026-09-11 16:06,120,0.487,-2.648,-6.0,1.62,-0.385,-3.499,383.977
CND_25,0,2026-09-01 14:02,0,0.02,0.707,-3.5,0.02,-0.045,-3.5,234.981
CND_25,0,2026-09-01 16:02,1,0.02,0.707,-1.5,0.026,0.157,-1.479,234.981
CND_25,0,2026-09-01 18:02,2,-0.02,-0.707,0.5,-0.008,-0.707,0.542,234.981
CND_25,0,2026-09-01 20:02,3,0.02,0.707,-0.5,0.037,0.955,-0.438,234.981
CND_25,0,2026-09-01 22:02,4,-0.02,-0.707,0.5,0.003,-0.595,0.583,234.981
CND_25,0,2026-09-02 00:02,5,-0.746,-1.394,1.5,-0.718,-1.394,1.604,234.981
CND_25,0,2026-09-02 02:02,6,-0.02,-0.707,1.5,0.015,-0.707,1.624,234.981
CND_25,0,2026-09-02 04:02,7,-0.02,-0.707,1.5,0.02,-1.089,1.645,234.981
CND_25,0,2026-09-02 06:02,8,-0.02,-0.707,0.5,0.026,-1.004,0.666,234.981
CND_25,0,2026-09-02 08:02,9,-0.139,-4.948,2.5,-0.087,-1.916,2.686,234.981
CND_25,0,2026-09-02 10:02,10,-0.059,-2.12,-0.5,-0.002,-1.651,-0.293,234.981
CND_25,0,2026-09-02 12:02,11,0.099,3.534,-4.5,0.162,-0.611,-4.272,234.981
CND_25,0,2026-09-02 14:02,12,-0.628,2.847,1.5,-0.559,-1.298,1.748,234.981
CND_25,0,2026-09-02 16:02,13,0.746,1.394,-2.5,0.821,-2.077,-2.231,234.981
CND_25,0,2026-09-02 18:01,14,0.02,0.707,0.5,0.1,0.287,0.789,234.981
CND_25,0,2026-09-02 20:02,15,-0.02,-0.707,-1.5,0.066,-1.11,-1.19,234.981
CND_25,0,2026-09-02 22:02,16,0.707,-0.02,-0.5,0.799,-0.677,-0.169,234.981
CND_25,0,2026-09-03 00:02,17,-0.707,0.02,1.5,-0.609,-0.899,1.852,234.981
CND_25,0,2026-09-03 02:02,18,0.02,0.707,0.5,0.123,-0.328,0.872,234.981
CND_25,0,2026-09-03 04:02,19,-0.02,-0.707,1.5,0.089,-1.669,1.893,234.981
CND_25,0,2026-09-03 06:02,20,-0.02,-0.707,1.5,0.095,-0.153,1.914,234.981
CND_25,0,2026-09-03 08:02,21,-0.786,-2.807,2.5,-0.666,0.149,2.934,234.981
CND_25,0,2026-09-03 10:02,22,-0.02,-0.707,-4.5,0.106,0.094,-4.045,234.981
CND_25,0,2026-09-03 12:02,23,0.02,0.707,-3.5,0.152,-2.316,-3.024,234.981
CND_25,0,2026-09-03 14:02,24,0.059,2.12,0.5,0.197,-2.205,0.996,234.981
CND_25,0,2026-09-03 16:01,25,0.02,0.707,-2.5,0.163,-1.573,-1.983,234.981
CND_25,0,2026-09-03 18:02,26,-0.02,-0.707,-0.5,0.129,-0.799,0.038,234.981
CND_25,0,2026-09-03 20:02,27,-0.02,-0.707,-0.5,0.135,-0.654,0.058,234.981
CND_25,0,2026-09-03 22:02,28,-0.707,0.02,1.5,-0.546,0.02,2.079,234.981
CND_25,0,2026-09-04 00:02,29,-0.02,-0.707,0.5,0.146,-0.904,1.1,234.981
CND_25,0,2026-09-04 02:02,30,-0.02,-0.707,-0.5,0.152,-0.877,0.12,234.981
CND_25,0,2026-09-04 04:02,31,-0.02,-0.707,0.5,0.158,-1.215,1.141,234.981
CND_25,0,2026-09-04 06:02,32,-0.059,-2.12,2.5,0.124,-0.962,3.162,234.981
CND_25,0,2026-09-04 08:02,33,-0.059,-2.12,-1.5,0.13,-0.269,-0.818,234.981
CND_25,0,2026-09-04 10:02,34,0.667,-1.433,-4.5,0.862,-0.457,-3.797,234.981
CND_25,0,2026-09-04 12:02,35,-0.667,1.433,1.5,-0.467,-1.788,2.223,234.981
CND_25,0,2026-09-04 14:02,36,0.02,0.707,-3.5,0.226,-2.813,-2.756,234.981
CND_25,0,2026-09-04 16:02,37,0.059,2.12,-1.5,0.272,-2.458,-0.735,234.981
CND_25,0,2026-09-04 18:02,38,-0.02,-0.707,0.5,0.198,-0.528,1.285,234.981
CND_25,0,2026-09-04 20:02,39,-0.02,-0.707,1.5,0.204,-0.346,2.306,234.981
CND_25,0,2026-09-04 22:02,40,-0.02,-0.707,0.5,0.209,-0.566,1.327,234.981
CND_25,0,2026-09-05 00:02,41,-0.02,-0.707,1.5,0.215,-1.031,2.347,234.981
CND_25,0,2026-09-05 04:02,43,-0.059,-2.12,0.5,0.187,-2.238,1.389,234.981
CND_25,0,2026-09-05 06:02,44,-0.059,-2.12,2.5,0.193,-0.048,3.409,234.981
CND_25,0,2026-09-05 08:02,45,-0.865,-5.635,2.5,-0.608,-1.298,3.43,234.981
CND_25,0,2026-09-05 10:02,46,0.628,-2.847,-5.5,0.891,-1.264,-4.549,234.981
CND_25,0,2026-09-05 12:02,47,0.707,-0.02,-14.5,0.976,-2.36,-13.529,234.981
CND_25,0,2026-09-05 14:02,48,0.746,1.394,-9.5,1.022,-1.732,-8.508,234.981
CND_25,0,2026-09-05 16:02,49,0.059,2.12,-2.5,0.34,-1.813,-1.487,234.981
CND_25,0,2026-09-05 18:02,50,0.139,4.948,-2.5,0.425,5.839,-1.467,234.981
CND_25,0,2026-09-05 20:02,51,-0.02,-0.707,0.5,0.273,0.235,1.554,234.981
CND_25,0,2026-09-05 22:02,52,-0.02,-0.707,0.5,0.278,0.204,1.575,234.981
CND_25,0,2026-09-06 00:02,53,-0.746,-1.394,0.5,-0.443,-1.172,1.595,234.981
CND_25,0,2026-09-06 02:02,54,-0.02,-0.707,0.5,0.29,-0.452,1.616,234.981
CND_25,0,2026-09-06 04:02,55,-0.02,-0.707,0.5,0.295,-0.565,1.637,234.981
CND_25,0,2026-09-06 06:02,56,0.667,-1.433,-3.5,0.988,-1.198,-2.343,234.981
CND_25,0,2026-09-06 10:02,58,-0.099,-3.534,-2.5,0.233,-1.565,-1.301,234.981
CND_25,0,2026-09-06 12:02,59,-0.746,-1.394,-0.5,-0.408,-1.589,0.719,234.981
CND_25,0,2026-09-06 14:02,60,-0.059,-2.12,-1.5,0.284,-1.166,-0.26,234.981
CND_25,0,2026-09-06 16:02,61,-0.746,-1.394,0.5,-0.397,-0.761,1.761,234.981
CND_25,0,2026-09-06 18:02,62,-0.059,-2.12,0.5,0.296,-1.547,1.781,234.981
CND_25,0,2026-09-06 20:02,63,-0.059,-2.12,-1.5,0.302,-1.176,-0.198,234.981
CND_25,0,2026-09-07 04:02,67,-0.786,-2.807,0.5,-0.402,-1.853,1.885,234.981
CND_25,0,2026-09-07 06:02,68,-0.059,-2.12,1.5,0.33,-1.039,2.905,234.981
CND_25,0,2026-09-07 08:02,69,-0.099,-3.534,0.5,0.296,-0.787,1.926,234.981
CND_25,0,2026-09-07 10:02,70,-0.786,-2.807,0.5,-0.385,-1.951,1.947,234.981
CND_25,0,2026-09-07 12:02,71,-0.746,-1.394,-1.5,-0.34,-2.86,-0.033,234.981
CND_25,0,2026-09-07 14:02,72,0.139,4.948,-2.5,0.551,1.886,-1.012,234.981
CND_25,0,2026-09-07 18:02,73,-0.059,-2.12,-2.5,0.365,-1.099,-0.971,234.981
CND_25,0,2026-09-07 20:02,74,-0.02,-0.707,-0.5,0.41,0.027,1.05,234.981
CND_25,0,2026-09-07 22:02,75,-0.02,-0.707,-0.5,0.416,-0.226,1.071,234.981
CND_25,0,2026-09-08 00:02,76,-0.746,-1.394,-0.5,-0.305,-1.034,1.091,234.981
CND_25,0,2026-09-08 02:02,77,-0.059,-2.12,0.5,0.388,-1.654,2.112,234.981
CND_25,0,2026-09-08 04:02,78,-0.746,-1.394,1.5,-0.294,-1.334,3.133,234.981
CND_25,0,2026-09-08 18:02,85,-0.059,-2.12,-1.5,0.433,-1.043,0.277,234.981
CND_25,0,2026-09-08 20:02,86,-0.786,-2.807,0.5,-0.288,-1.874,2.298,234.981
CND_26,0,2026-09-01 14:03,0,0.084,-0.702,-1.5,0.084,-1.436,-1.499,229.164
CND_26,0,2026-09-01 16:03,1,-0.252,2.106,-0.5,-0.246,1.57,-0.479,229.164
CND_26,0,2026-09-01 18:03,2,0.084,-0.702,0.5,0.095,-0.702,0.542,229.164
CND_26,0,2026-09-01 20:03,3,0.084,-0.702,0.5,0.101,-0.46,0.563,229.164
CND_26,0,2026-09-01 22:03,4,-0.084,0.702,-0.5,-0.061,0.812,-0.417,229.164
CND_26,0,2026-09-02 00:03,5,-0.084,0.702,0.5,-0.056,0.702,0.604,229.164
CND_26,0,2026-09-02 02:03,6,0.534,1.488,0.5,0.568,1.488,0.624,229.164
CND_26,0,2026-09-02 04:03,7,0.534,1.488,-0.5,0.574,1.115,-0.355,229.164
CND_26,0,2026-09-02 06:03,8,0.366,2.892,-2.5,0.411,2.602,-2.334,229.164
CND_26,0,2026-09-02 08:03,9,0.252,-2.106,1.5,0.302,0.85,1.686,229.164
CND_26,0,2026-09-02 10:03,10,0.702,0.084,-2.5,0.758,0.541,-2.293,229.164
CND_26,0,2026-09-02 12:03,11,0.366,2.892,-3.5,0.428,-1.15,-3.272,229.164
CND_26,0,2026-09-02 14:03,12,-0.252,2.106,-4.5,-0.185,-1.936,-4.252,229.164
CND_26,0,2026-09-02 16:03,13,0.199,4.297,-0.5,0.271,0.911,-0.231,229.164
CND_26,0,2026-09-02 18:03,14,-0.252,2.106,0.5,-0.173,1.697,0.79,229.164
CND_26,0,2026-09-02 20:03,15,0.534,1.488,0.5,0.618,1.095,0.81,229.164
CND_26,0,2026-09-02 22:03,16,0.366,2.892,-0.5,0.456,2.251,-0.169,229.164
CND_26,0,2026-09-03 00:03,17,0.534,1.488,0.5,0.629,0.592,0.852,229.164
CND_26,0,2026-09-03 02:03,18,0.366,2.892,0.5,0.467,1.883,0.872,229.164
CND_26,0,2026-09-03 04:03,19,0.366,2.892,1.5,0.473,1.954,1.893,229.164
CND_26,0,2026-09-03 06:03,20,-0.084,0.702,1.5,0.028,1.242,1.914,229.164
CND_26,0,2026-09-03 08:03,21,-0.366,-2.892,0.5,-0.249,-0.009,0.934,229.164
CND_26,0,2026-09-03 10:03,22,0.199,4.297,-1.5,0.322,5.078,-1.045,229.164
CND_26,0,2026-09-03 12:03,23,0.366,2.892,-5.5,0.495,-0.055,-5.024,229.164
CND_26,0,2026-09-03 14:03,24,0.031,5.701,-4.5,0.165,1.483,-4.004,229.164
CND_26,0,2026-09-03 16:03,25,-0.42,3.511,1.5,-0.28,1.287,2.017,229.164
CND_26,0,2026-09-03 18:03,26,-0.87,1.32,1.5,-0.724,1.231,2.038,229.164
CND_26,0,2026-09-03 20:03,27,0.534,1.488,-0.5,0.685,1.54,0.058,229.164
CND_26,0,2026-09-03 22:03,28,-0.252,2.106,1.5,-0.095,2.106,2.079,229.164
CND_26,0,2026-09-04 00:03,29,0.534,1.488,-1.5,0.697,1.296,-0.9,229.164
CND_26,0,2026-09-04 02:03,30,0.534,1.488,-0.5,0.702,1.322,0.12,229.164
CND_26,0,2026-09-04 04:03,31,-0.084,0.702,-0.5,0.089,0.206,0.141,229.164
CND_26,0,2026-09-04 06:03,32,-0.702,-0.084,1.5,-0.523,1.046,2.162,229.164
CND_26,0,2026-09-04 08:03,33,0.252,-2.106,-0.5,0.436,-0.301,0.182,229.164
CND_26,0,2026-09-04 10:03,34,0.87,-1.32,-2.5,1.06,-0.368,-1.797,229.164
CND_26,0,2026-09-04 12:04,35,0.031,5.701,-6.5,0.227,2.559,-5.776,229.164
CND_26,0,2026-09-04 14:03,36,0.199,4.297,-4.5,0.4,0.864,-3.756,229.164
CND_26,0,2026-09-04 16:03,37,0.031,5.701,-3.5,0.238,1.236,-2.735,229.164
CND_26,0,2026-09-04 18:03,38,-0.084,0.702,-1.5,0.129,0.876,-0.714,229.164
CND_26,0,2026-09-04 20:03,39,-0.084,0.702,0.5,0.134,1.054,1.306,229.164
CND_26,0,2026-09-04 22:03,40,-0.252,2.106,1.5,-0.028,2.244,2.327,229.164
CND_26,0,2026-09-05 00:03,41,-0.084,0.702,1.5,0.145,0.386,2.348,229.164
CND_26,0,2026-09-05 02:03,42,-0.084,0.702,1.5,0.151,0.691,2.368,229.164
CND_26,0,2026-09-05 04:03,43,-0.084,0.702,0.5,0.157,0.588,1.389,229.164
CND_26,0,2026-09-05 06:03,44,0.252,-2.106,0.5,0.498,-0.085,1.41,229.164
CND_26,0,2026-09-05 08:03,45,-0.534,-1.488,1.5,-0.283,2.741,2.43,229.164
CND_26,0,2026-09-05 10:03,46,-0.084,0.702,-6.5,0.173,2.246,-5.549,229.164
CND_26,0,2026-09-05 12:03,47,-0.42,3.511,-4.5,-0.157,1.228,-3.528,229.164
CND_26,0,2026-09-05 14:03,48,0.534,1.488,-5.5,0.803,-1.561,-4.508,229.164
CND_26,0,2026-09-05 16:03,49,0.031,5.701,-4.5,0.305,1.864,-3.487,229.164
CND_26,0,2026-09-05 18:03,50,-0.87,1.32,1.5,-0.59,2.189,2.534,229.164
CND_26,0,2026-09-05 20:04,51,0.084,-0.702,-1.5,0.369,0.217,-0.446,229.164
CND_26,0,2026-09-05 22:03,52,0.534,1.488,-1.5,0.825,2.377,-0.425,229.164
CND_26,0,2026-09-06 00:03,53,-0.084,0.702,-1.5,0.212,0.919,-0.404,229.164
CND_26,0,2026-09-06 02:03,54,-0.084,0.702,-1.5,0.218,0.95,-0.384,229.164
CND_26,0,2026-09-06 04:03,55,-0.702,-0.084,-0.5,-0.395,0.055,0.637,229.164
CND_26,0,2026-09-06 06:03,56,-0.084,0.702,-1.5,0.229,0.932,-0.342,229.164
CND_27,0,2026-09-01 14:05,0,0.517,5.36,-5.5,0.517,4.627,-5.499,229.007
CND_27,0,2026-09-01 16:04,1,0.0,-0.0,-0.5,0.006,-0.536,-0.479,229.007
CND_27,0,2026-09-01 18:04,2,0.0,-0.0,-0.5,0.011,-0.0,-0.458,229.007
CND_27,0,2026-09-01 20:04,3,0.0,-0.0,0.5,0.017,0.242,0.563,229.007
CND_27,0,2026-09-01 22:04,4,0.0,-0.0,0.5,0.023,0.109,0.583,229.007
CND_27,0,2026-09-02 00:04,5,-0.43,1.347,0.5,-0.402,1.347,0.604,229.007
CND_27,0,2026-09-02 02:04,6,0.0,-0.0,0.5,0.034,-0.0,0.625,229.007
CND_27,0,2026-09-02 04:04,7,-0.43,1.347,1.5,-0.39,0.975,1.645,229.007
CND_27,0,2026-09-02 06:04,8,0.459,0.889,0.5,0.504,0.599,0.666,229.007
CND_27,0,2026-09-02 08:04,9,-0.459,-0.889,0.5,-0.408,2.066,0.687,229.007
CND_27,0,2026-09-02 10:05,10,0.459,0.889,-3.5,0.515,1.346,-3.293,229.007
CND_27,0,2026-09-02 12:05,11,0.0,-0.0,-2.5,0.062,-4.04,-2.272,229.007
CND_27,0,2026-09-02 14:04,12,0.517,5.36,-2.5,0.584,1.32,-2.251,229.007
CND_27,0,2026-09-02 16:04,13,0.058,4.472,-1.5,0.131,1.089,-1.231,229.007
CND_27,0,2026-09-02 18:04,14,-0.43,1.347,-1.5,-0.351,0.939,-1.21,229.007
CND_27,0,2026-09-02 20:04,15,-0.43,1.347,-0.5,-0.346,0.954,-0.189,229.007
CND_27,0,2026-09-02 22:04,16,0.029,2.236,-1.5,0.119,1.595,-1.169,229.007
CND_27,0,2026-09-03 00:04,17,0.029,2.236,0.5,0.124,1.341,0.852,229.007
CND_27,0,2026-09-03 02:04,18,0.029,2.236,0.5,0.13,1.228,0.873,229.007
CND_27,0,2026-09-03 04:04,19,0.029,2.236,1.5,0.135,1.298,1.893,229.007
CND_27,0,2026-09-03 06:04,20,-0.889,0.459,1.5,-0.777,0.998,1.914,229.007
CND_27,0,2026-09-03 08:05,21,-0.029,-2.236,-1.5,0.088,0.646,-1.065,229.007
CND_27,0,2026-09-03 10:05,22,0.459,0.889,-4.5,0.582,1.669,-4.045,229.007
CND_27,0,2026-09-03 12:05,23,0.058,4.472,-2.5,0.187,1.526,-2.024,229.007
CND_27,0,2026-09-03 14:04,24,-0.342,8.055,-0.5,-0.208,3.84,-0.003,229.007
CND_27,0,2026-09-03 16:04,25,-0.859,2.695,1.5,-0.72,0.473,2.017,229.007
CND_27,0,2026-09-03 18:04,26,-0.889,0.459,-0.5,-0.743,0.369,0.038,229.007
CND_27,0,2026-09-03 20:04,27,-0.43,1.347,-0.5,-0.279,1.399,0.059,229.007
CND_27,0,2026-09-03 22:04,28,-0.43,1.347,2.5,-0.273,1.347,3.079,229.007
CND_27,0,2026-09-04 00:04,29,-0.43,1.347,-0.5,-0.268,1.155,0.1,229.007
CND_27,0,2026-09-04 02:04,30,-0.43,1.347,-0.5,-0.262,1.182,0.121,229.007
CND_27,0,2026-09-04 04:04,31,-0.43,1.347,0.5,-0.256,0.852,1.141,229.007
CND_27,0,2026-09-04 06:04,32,0.43,-1.347,0.5,0.609,-0.218,1.162,229.007
CND_27,0,2026-09-04 08:05,33,0.43,-1.347,-0.5,0.614,0.457,0.183,229.007
CND_27,0,2026-09-04 10:05,34,0.0,-0.0,-4.5,0.19,0.951,-3.797,229.007
CND_27,0,2026-09-04 12:05,35,-1.26,6.278,-1.5,-1.064,3.139,-0.776,229.007
CND_27,0,2026-09-04 14:05,36,-0.4,3.583,-1.5,-0.199,0.153,-0.755,229.007
CND_27,0,2026-09-04 16:04,37,-0.4,3.583,-1.5,-0.194,-0.879,-0.735,229.007
CND_27,0,2026-09-04 18:04,38,-0.889,0.459,-0.5,-0.676,0.633,0.286,229.007
CND_27,0,2026-09-04 20:04,39,-0.43,1.347,0.5,-0.212,1.699,1.306,229.007
CND_27,0,2026-09-04 22:04,40,-0.43,1.347,0.5,-0.206,1.485,1.327,229.007
CND_27,0,2026-09-05 00:04,41,-0.43,1.347,0.5,-0.201,1.032,1.348,229.007
CND_27,0,2026-09-05 02:04,42,-0.43,1.347,0.5,-0.195,1.336,1.368,229.007
CND_27,0,2026-09-05 04:04,43,-0.43,1.347,0.5,-0.189,1.233,1.389,229.007
CND_27,0,2026-09-05 06:05,44,-1.347,-0.43,3.5,-1.101,1.59,4.41,229.007
CND_27,0,2026-09-05 08:06,45,-0.029,-2.236,-2.5,0.222,1.99,-1.569,229.007
CND_27,0,2026-09-05 10:05,46,-0.43,1.347,1.5,-0.173,2.89,2.451,229.007
CND_27,0,2026-09-05 12:05,47,-0.889,0.459,0.5,-0.626,-1.822,1.472,229.007
CND_27,0,2026-09-05 14:05,48,-0.4,3.583,-1.5,-0.132,0.537,-0.507,229.007
CND_27,0,2026-09-05 16:05,49,0.058,4.472,-1.5,0.332,0.638,-0.487,229.007
CND_27,0,2026-09-05 20:06,51,0.0,-0.0,-1.5,0.285,0.918,-0.445,229.007
CND_27,0,2026-09-05 22:05,52,-0.459,-0.889,-0.5,-0.168,-0.001,0.575,229.007
CND_27,0,2026-09-06 00:04,53,0.0,-0.0,0.5,0.296,0.217,1.596,229.007
CND_27,0,2026-09-06 02:05,54,-0.43,1.347,-0.5,-0.128,1.595,0.617,229.007
CND_27,0,2026-09-06 04:04,55,0.0,-0.0,-0.5,0.307,0.139,0.637,229.007
CND_27,0,2026-09-06 06:05,56,0.0,-0.0,-0.5,0.313,0.23,0.658,229.007
CND_27,0,2026-09-06 08:04,57,0.0,-0.0,-0.5,0.319,-0.0,0.678,229.007
CND_27,0,2026-09-06 10:05,58,-0.43,1.347,-2.5,-0.106,3.266,-1.301,229.007
CND_27,0,2026-09-06 12:05,59,-0.459,-0.889,-1.5,-0.129,-1.079,-0.28,229.007
CND_27,0,2026-09-06 14:05,60,-0.889,0.459,-0.5,-0.553,1.389,0.741,229.007
CND_27,0,2026-09-06 16:05,61,-0.43,1.347,-1.5,-0.089,1.965,-0.239,229.007
CND_27,0,2026-09-06 20:05,63,-0.459,-0.889,-0.5,-0.107,0.031,0.803,229.007
CND_29,0,2026-09-01 14:02,0,1.161,3.86,-4.0,1.161,3.025,-4.0,260.947
CND_29,0,2026-09-01 16:02,1,-0.363,-0.344,1.0,-0.356,-0.955,1.021,260.947
CND_29,0,2026-09-01 18:02,2,0.363,0.344,1.0,0.375,0.344,1.042,260.947
CND_29,0,2026-09-01 20:02,3,0.363,0.344,0.0,0.382,0.62,0.062,260.947
CND_29,0,2026-09-01 22:02,4,0.326,-1.069,0.0,0.351,-0.945,0.083,260.947
CND_29,0,2026-09-02 00:02,5,0.289,-2.483,0.0,0.321,-2.483,0.104,260.947
CND_29,0,2026-09-02 02:02,6,0.326,-1.069,0.0,0.364,-1.069,0.124,260.947
CND_29,0,2026-09-02 04:02,7,0.363,0.344,2.0,0.407,-0.08,2.145,260.947
CND_29,0,2026-09-02 06:02,8,0.363,0.344,0.0,0.414,0.014,0.166,260.947
CND_29,0,2026-09-02 08:02,9,-0.473,-4.585,3.0,-0.415,-1.219,3.186,260.947
CND_29,0,2026-09-02 10:02,10,-0.399,-1.758,0.0,-0.336,-1.237,0.207,260.947
CND_29,0,2026-09-02 12:02,11,-0.179,6.724,1.0,-0.109,2.121,1.228,260.947
CND_29,0,2026-09-02 14:02,12,0.473,4.585,-4.0,0.549,-0.018,-3.752,260.947
CND_29,0,2026-09-02 16:02,13,0.436,3.172,-2.0,0.519,-0.683,-1.731,260.947
CND_29,0,2026-09-02 18:02,14,0.363,0.344,-3.0,0.452,-0.122,-2.71,260.947
CND_29,0,2026-09-02 20:02,15,0.363,0.344,0.0,0.458,-0.104,0.31,260.947
CND_29,0,2026-09-02 22:02,16,0.326,-1.069,-3.0,0.428,-1.799,-2.669,260.947
CND_29,0,2026-09-03 00:02,17,0.363,0.344,1.0,0.471,-0.676,1.352,260.947
CND_29,0,2026-09-03 02:02,18,0.326,-1.069,0.0,0.441,-2.218,0.372,260.947
CND_29,0,2026-09-03 04:02,19,0.399,1.758,1.0,0.52,0.689,1.393,260.947
CND_29,0,2026-09-03 06:02,20,-0.363,-0.344,2.0,-0.235,0.27,2.414,260.947
CND_29,0,2026-09-03 08:02,21,-0.473,-4.585,2.0,-0.339,-1.302,2.434,260.947
CND_29,0,2026-09-03 10:02,22,-0.252,3.897,-3.0,-0.112,4.786,-2.545,260.947
CND_29,0,2026-09-03 12:02,23,0.289,-2.483,-5.0,0.436,-5.84,-4.524,260.947
CND_29,0,2026-09-03 14:02,24,-0.252,3.897,-4.0,-0.1,-0.906,-3.504,260.947
CND_29,0,2026-09-03 16:02,25,-0.252,3.897,-1.0,-0.093,1.365,-0.483,260.947
CND_29,0,2026-09-03 18:02,26,-0.326,1.069,0.0,-0.16,0.967,0.538,260.947
CND_29,0,2026-09-03 20:02,27,0.326,-1.069,0.0,0.498,-1.01,0.558,260.947
CND_29,0,2026-09-03 22:02,28,-0.326,1.069,2.0,-0.148,1.069,2.579,260.947
CND_29,0,2026-09-04 00:02,29,0.326,-1.069,-2.0,0.511,-1.289,-1.4,260.947
CND_29,0,2026-09-04 02:02,30,0.363,0.344,0.0,0.554,0.155,0.62,260.947
CND_29,0,2026-09-04 04:02,31,0.363,0.344,-2.0,0.56,-0.22,-1.359,260.947
CND_29,0,2026-09-04 06:02,32,-0.363,-0.344,2.0,-0.159,0.943,2.662,260.947
CND_29,0,2026-09-04 08:02,33,-0.436,-3.172,0.0,-0.226,-1.116,0.682,260.947
CND_29,0,2026-09-04 10:02,34,0.326,-1.069,-2.0,0.542,0.015,-1.297,260.947
CND_29,0,2026-09-04 12:02,35,-0.289,2.483,-1.0,-0.066,-1.094,-0.277,260.947
CND_29,0,2026-09-04 14:02,36,1.776,0.308,-15.0,2.006,-3.601,-14.256,260.947
CND_29,0,2026-09-04 16:02,37,0.399,1.758,-3.0,0.635,-3.327,-2.235,260.947
CND_29,0,2026-09-04 18:02,38,0.363,0.344,0.0,0.605,0.543,0.785,260.947
CND_29,0,2026-09-04 20:02,39,-0.363,-0.344,0.0,-0.114,0.056,0.806,260.947
CND_29,0,2026-09-04 22:02,40,0.363,0.344,2.0,0.617,0.501,2.827,260.947
CND_29,0,2026-09-05 00:02,41,0.363,0.344,0.0,0.624,-0.015,0.847,260.947
CND_29,0,2026-09-05 02:02,42,0.289,-2.483,1.0,0.557,-2.496,1.868,260.947
CND_29,0,2026-09-05 04:02,43,0.363,0.344,0.0,0.636,0.214,0.889,260.947
CND_29,0,2026-09-05 06:02,44,-1.125,-2.446,3.0,-0.844,-0.145,3.909,260.947
CND_29,0,2026-09-05 08:02,45,-0.546,-7.413,2.0,-0.26,-2.597,2.93,260.947
CND_29,0,2026-09-05 10:02,46,0.289,-2.483,-3.0,0.582,-0.726,-2.049,260.947
CND_29,0,2026-09-05 12:02,47,-0.216,5.311,-2.0,0.083,2.712,-1.029,260.947
CND_29,0,2026-09-05 14:02,48,0.363,0.344,-2.0,0.668,-3.127,-1.008,260.947
CND_29,0,2026-09-05 18:02,50,1.014,-1.795,-7.0,1.333,-0.806,-5.967,260.947
CND_29,0,2026-09-05 20:03,51,0.289,-2.483,-2.0,0.614,-1.437,-0.946,260.947
CND_29,0,2026-09-05 22:02,52,0.684,-14.518,-4.0,1.015,-13.507,-2.925,260.947
CND_29,0,2026-09-06 00:02,53,0.721,-13.105,-3.0,1.058,-12.858,-1.905,260.947
CND_29,0,2026-09-06 02:02,54,1.593,-6.761,-8.0,1.936,-6.479,-6.884,260.947
CND_29,0,2026-09-06 04:02,55,0.868,-7.45,-4.0,1.218,-7.292,-2.863,260.947
CND_29,0,2026-09-07 14:02,72,0.546,7.413,-4.0,1.004,4.013,-2.512,260.947
CND_30,0,2026-09-01 14:03,0,0.0,-0.0,-1.0,0.0,-0.813,-0.999,253.992
CND_30,0,2026-09-01 16:03,1,0.0,-0.0,-2.0,0.006,-0.594,-1.979,253.992
CND_30,0,2026-09-01 18:03,2,0.0,-0.0,0.0,0.013,-0.0,0.042,253.992
CND_30,0,2026-09-01 20:03,3,0.591,0.807,0.0,0.609,1.075,0.063,253.992
CND_30,0,2026-09-01 22:03,4,0.0,-0.0,0.0,0.025,0.121,0.083,253.992
CND_30,0,2026-09-02 00:03,5,0.0,-0.0,0.0,0.031,-0.0,0.104,253.992
CND_30,0,2026-09-02 02:03,6,0.0,-0.0,1.0,0.037,-0.0,1.124,253.992
CND_30,0,2026-09-02 04:03,7,0.591,0.807,1.0,0.634,0.393,1.145,253.992
CND_30,0,2026-09-02 06:03,8,0.591,0.807,0.0,0.64,0.485,0.166,253.992
CND_30,0,2026-09-02 08:03,9,-0.158,-3.602,2.0,-0.103,-0.325,2.186,253.992
CND_30,0,2026-09-02 10:04,10,-0.375,-2.204,0.0,-0.312,-1.697,0.207,253.992
CND_30,0,2026-09-02 12:03,11,-0.216,1.398,-2.0,-0.148,-3.083,-1.772,253.992
CND_30,0,2026-09-02 14:03,12,-0.274,6.397,-4.0,-0.199,1.916,-3.752,253.992
CND_30,0,2026-09-02 16:03,13,0.375,2.204,-3.0,0.455,-1.548,-2.731,253.992
CND_30,0,2026-09-02 18:03,14,0.0,-0.0,-1.0,0.087,-0.453,-0.71,253.992
CND_30,0,2026-09-02 20:03,15,0.591,0.807,-1.0,0.684,0.371,-0.69,253.992
CND_30,0,2026-09-02 22:03,16,-0.216,1.398,0.0,-0.117,0.687,0.331,253.992
CND_30,0,2026-09-03 00:03,17,-0.216,1.398,0.0,-0.111,0.405,0.352,253.992
CND_30,0,2026-09-03 02:03,18,-0.216,1.398,0.0,-0.105,0.279,0.372,253.992
CND_30,0,2026-09-03 04:03,19,-0.216,1.398,1.0,-0.098,0.357,1.393,253.992
CND_30,0,2026-09-03 06:03,20,-0.591,-0.807,0.0,-0.467,-0.209,0.414,253.992
CND_30,0,2026-09-03 08:03,21,-0.158,-3.602,-1.0,-0.028,-0.406,-0.566,253.992
CND_30,0,2026-09-03 10:03,22,-0.375,-2.204,0.0,-0.238,-1.339,0.455,253.992
CND_30,0,2026-09-03 12:03,23,-0.648,4.193,-2.0,-0.506,0.926,-1.524,253.992
CND_30,0,2026-09-03 14:03,24,-0.058,5.0,-3.0,0.091,0.325,-2.504,253.992
CND_30,0,2026-09-03 16:03,25,-0.807,0.591,1.0,-0.652,-1.874,1.517,253.992
CND_30,0,2026-09-03 18:03,26,0.0,-0.0,0.0,0.161,-0.099,0.538,253.992
CND_30,0,2026-09-03 20:03,27,-0.216,1.398,-1.0,-0.049,1.455,-0.442,253.992
CND_30,0,2026-09-03 22:03,28,0.0,-0.0,0.0,0.174,-0.0,0.579,253.992
CND_30,0,2026-09-04 00:03,29,-0.216,1.398,-1.0,-0.036,1.184,-0.4,253.992
CND_30,0,2026-09-04 02:03,30,0.591,0.807,-2.0,0.777,0.623,-1.38,253.992
CND_30,0,2026-09-04 04:03,31,0.591,0.807,-4.0,0.783,0.257,-3.359,253.992
CND_30,0,2026-09-04 06:03,32,0.432,-2.795,-1.0,0.631,-1.543,-0.338,253.992
CND_30,0,2026-09-04 08:03,33,0.216,-1.398,0.0,0.421,0.604,0.682,253.992
CND_30,0,2026-09-04 10:03,34,-0.375,-2.204,-1.0,-0.164,-1.149,-0.297,253.992
CND_30,0,2026-09-04 12:04,35,0.0,-0.0,-2.0,0.217,-3.482,-1.276,253.992
CND_30,0,2026-09-04 14:04,36,0.375,2.204,-3.0,0.598,-1.6,-2.256,253.992
CND_30,0,2026-09-04 16:03,37,-0.274,6.397,-2.0,-0.045,1.448,-1.235,253.992
CND_30,0,2026-09-04 18:03,38,0.0,-0.0,-2.0,0.236,0.193,-1.214,253.992
CND_30,0,2026-09-04 20:03,39,0.216,-1.398,-2.0,0.458,-1.008,-1.194,253.992
CND_30,0,2026-09-04 22:03,40,0.0,-0.0,-1.0,0.248,0.153,-0.173,253.992
CND_30,0,2026-09-05 00:03,41,-0.216,1.398,0.0,0.038,1.048,0.848,253.992
CND_30,0,2026-09-05 02:03,42,0.591,0.807,-1.0,0.851,0.794,-0.132,253.992
CND_30,0,2026-09-05 04:03,43,0.0,-0.0,0.0,0.266,-0.127,0.889,253.992
CND_30,0,2026-09-05 06:03,44,-0.375,-2.204,1.0,-0.102,0.036,1.91,253.992
CND_30,0,2026-09-05 08:03,45,-0.749,-4.409,2.0,-0.47,0.279,2.93,253.992
CND_30,0,2026-09-05 10:03,46,-0.375,-2.204,0.0,-0.09,-0.494,0.951,253.992
CND_30,0,2026-09-05 12:03,47,-0.274,6.397,-4.0,0.017,3.868,-3.028,253.992
CND_30,0,2026-09-05 14:03,48,0.0,-0.0,-5.0,0.297,-3.379,-4.008,253.992
CND_30,0,2026-09-05 16:04,49,0.158,3.602,-3.0,0.462,-0.65,-1.987,253.992
CND_30,0,2026-09-05 18:03,50,0.648,-4.193,-3.0,0.958,-3.23,-1.966,253.992
CND_30,0,2026-09-05 20:05,51,0.274,-6.397,-4.0,0.59,-5.379,-2.945,253.992
CND_30,0,2026-09-05 22:03,52,0.216,-1.398,-2.0,0.538,-0.413,-0.925,253.992
CND_30,0,2026-09-06 00:03,53,0.0,-0.0,0.0,0.328,0.24,1.096,253.992
CND_30,0,2026-09-06 02:03,54,0.0,-0.0,-2.0,0.335,0.275,-0.884,253.992
CND_30,0,2026-09-06 04:03,55,0.375,2.204,-3.0,0.715,2.358,-1.863,253.992
CND_30,0,2026-09-06 06:03,56,0.0,-0.0,-2.0,0.347,0.255,-0.842,253.992
CND_30,0,2026-09-07 08:03,69,0.432,-2.795,-3.0,0.86,0.175,-1.574,253.992
CND_30,0,2026-09-07 10:03,70,0.216,-1.398,-2.0,0.65,-0.472,-0.553,253.992
CND_30,0,2026-09-07 14:03,72,0.749,4.409,-8.0,1.195,1.1,-6.512,253.992
CND_30,0,2026-09-08 12:04,82,0.0,-0.0,-3.0,0.514,1.225,-1.284,253.992
CND_30,0,2026-09-08 14:03,83,0.0,-0.0,-7.0,0.52,-0.817,-5.264,253.992
CND_30,0,2026-09-09 12:04,94,0.216,-1.398,-8.0,0.805,-3.098,-6.037,253.992
CND_30,0,2026-09-10 10:04,105,-0.965,-3.011,-2.0,-0.309,-0.541,0.191,253.992
CND_30002,0,2026-09-01 14:00,0,1.933,-2.503,-17.5,1.933,-4.778,-17.5,710.906
CND_30002,0,2026-09-01 16:00,1,-0.659,1.888,0.5,-0.642,0.224,0.521,710.906
CND_30002,0,2026-09-01 18:00,2,0.0,-0.0,-0.5,0.035,-0.0,-0.459,710.906
CND_30002,0,2026-09-01 20:00,3,-0.33,0.944,-0.5,-0.278,1.694,-0.438,710.906
CND_30002,0,2026-09-01 22:00,4,-0.944,-0.33,3.5,-0.875,0.01,3.583,710.906
CND_30002,0,2026-09-02 00:00,5,-0.944,-0.33,4.5,-0.857,-0.33,4.603,710.906
CND_30002,0,2026-09-02 02:00,6,-1.603,1.558,10.5,-1.499,1.558,10.624,710.906
CND_30002,0,2026-09-02 04:00,7,0.0,-0.0,1.5,0.121,-1.157,1.645,710.906
CND_30002,0,2026-09-02 06:00,8,0.33,-0.944,-0.5,0.468,-1.844,-0.335,710.906
CND_30002,0,2026-09-02 08:00,9,1.739,-11.044,-8.5,1.895,-1.872,-8.314,710.906
CND_30002,0,2026-09-02 10:00,10,2.038,12.363,-20.5,2.211,13.782,-20.293,710.906
CND_30002,0,2026-09-02 12:00,11,1.333,17.413,-17.5,1.524,4.872,-17.273,710.906
CND_30002,0,2026-09-02 14:00,12,-0.36,25.296,-3.5,-0.152,12.754,-3.252,710.906
CND_30002,0,2026-09-02 16:00,13,-0.18,12.648,-3.5,0.045,2.146,-3.231,710.906
CND_30002,0,2026-09-02 18:00,14,-0.285,-2.218,-1.5,-0.042,-3.487,-1.211,710.906
CND_30002,0,2026-09-02 20:00,15,-0.33,0.944,-3.5,-0.07,-0.276,-3.19,710.906
CND_30002,0,2026-09-02 22:00,16,-0.614,-1.274,1.5,-0.337,-3.262,1.831,710.906
CND_30002,0,2026-09-03 00:00,17,-1.274,0.614,2.5,-0.979,-2.164,2.851,710.906
CND_30002,0,2026-09-03 02:00,18,-0.989,2.832,4.5,-0.677,-0.298,4.872,710.906
CND_30002,0,2026-09-03 04:00,19,-1.274,0.614,3.5,-0.944,-2.298,3.893,710.906
CND_30002,0,2026-09-03 06:00,20,-0.614,-1.274,2.5,-0.268,0.401,2.913,710.906
CND_30002,0,2026-09-03 08:00,21,0.33,-0.944,-10.5,0.694,8.002,-10.066,710.906
CND_30002,0,2026-09-03 10:00,22,2.982,12.693,-25.5,3.363,15.116,-25.045,710.906
CND_30002,0,2026-09-03 12:00,23,0.854,6.654,-13.5,1.253,-2.491,-13.025,710.906
CND_30002,0,2026-09-03 14:00,24,0.764,12.978,-10.5,1.18,-0.107,-10.004,710.906
CND_30002,0,2026-09-03 16:00,25,-1.603,1.558,3.5,-1.17,-5.339,4.017,710.906
CND_30002,0,2026-09-03 18:00,26,-1.558,-1.603,4.5,-1.108,-1.882,5.037,710.906
CND_30002,0,2026-09-03 20:00,27,-1.274,0.614,1.5,-0.806,0.775,2.058,710.906
CND_30002,0,2026-09-03 22:00,28,-1.558,-1.603,6.5,-1.073,-1.603,7.079,710.906
CND_30002,0,2026-09-04 00:00,29,-1.274,0.614,2.5,-0.771,0.017,3.099,710.906
CND_30002,0,2026-09-04 02:00,30,-0.944,-0.33,3.5,-0.424,-0.844,4.12,710.906
CND_30002,0,2026-09-04 04:00,31,0.045,-3.162,-1.5,0.582,-4.7,-0.86,710.906
CND_30002,0,2026-09-04 06:00,32,-0.569,-4.436,1.5,-0.015,-0.93,2.161,710.906
CND_30002,0,2026-09-04 08:00,33,0.0,-0.0,-5.5,0.572,5.601,-4.818,710.906
CND_30002,0,2026-09-04 10:00,34,5.755,-4.346,-33.5,6.344,-1.392,-32.798,710.906
CND_30002,0,2026-09-04 12:00,35,2.173,2.877,-24.5,2.78,-6.868,-23.777,710.906
CND_30002,0,2026-09-04 14:00,36,0.629,22.463,-13.5,1.253,11.815,-12.756,710.906
CND_30002,0,2026-09-04 16:00,37,0.06,18.028,-6.5,0.701,4.176,-5.736,710.906
CND_30002,0,2026-09-04 18:00,38,-1.229,-2.548,0.5,-0.57,-2.007,1.285,710.906
CND_30002,0,2026-09-04 20:00,39,-0.24,-5.38,1.5,0.436,-4.289,2.306,710.906
CND_30002,0,2026-09-04 22:00,40,-2.128,-6.039,8.5,-1.434,-5.612,9.326,710.906
CND_30002,0,2026-09-05 00:00,41,-1.888,-0.659,6.5,-1.177,-1.639,7.347,710.906
CND_30002,0,2026-09-05 02:00,42,-2.173,-2.877,6.5,-1.445,-2.912,7.368,710.906
CND_30002,0,2026-09-05 04:00,43,-1.843,-3.821,7.5,-1.098,-4.176,8.388,710.906
CND_30002,0,2026-09-05 06:00,44,-1.798,-6.983,2.5,-1.035,-0.714,3.409,710.906
CND_30002,0,2026-09-05 08:00,45,1.454,-13.262,-14.5,2.234,-0.142,-13.57,710.906
CND_30002,0,2026-09-05 10:00,46,-0.33,0.944,-9.5,0.468,5.733,-8.55,710.906
CND_30002,0,2026-09-05 12:00,47,4.256,12.078,-31.5,5.07,4.999,-30.529,710.906
CND_30002,0,2026-09-05 14:00,48,-0.6,19.916,-5.5,0.232,10.458,-4.508,710.906
CND_30002,0,2026-09-05 16:00,49,-0.18,12.648,-8.5,0.669,0.746,-7.488,710.906
CND_30002,0,2026-09-05 18:00,50,-1.843,-3.821,4.5,-0.976,-1.127,5.533,710.906
CND_30002,0,2026-09-05 20:00,51,-2.173,-2.877,4.5,-1.289,-0.027,5.554,710.906
CND_30002,0,2026-09-05 22:00,52,-1.843,-3.821,6.5,-0.942,-1.065,7.574,710.906
CND_30002,0,2026-09-06 00:00,53,-2.173,-2.877,4.5,-1.254,-2.205,5.595,710.906
CND_30002,0,2026-09-06 02:00,54,-1.558,-1.603,1.5,-0.622,-0.834,2.616,710.906
CND_30002,0,2026-09-06 04:00,55,-2.787,-4.151,9.5,-1.834,-3.721,10.636,710.906
CND_30002,0,2026-09-06 06:00,56,-2.173,-2.877,3.5,-1.202,-2.165,4.657,710.906
CND_30002,0,2026-09-06 10:00,58,1.184,5.71,-14.5,2.189,11.666,-13.302,710.906
CND_30002,0,2026-09-06 12:00,59,-0.42,7.268,-11.5,0.603,6.677,-10.281,710.906
CND_30002,0,2026-09-06 14:00,60,-2.173,-2.877,0.5,-1.133,0.011,1.74,710.906
CND_30002,0,2026-09-06 16:00,61,-2.173,-2.877,1.5,-1.115,-0.961,2.76,710.906
CND_30002,0,2026-09-06 18:00,62,-0.614,-1.274,-0.5,0.46,0.461,0.781,710.906
CND_30002,0,2026-09-06 20:00,63,-2.173,-2.877,5.5,-1.081,-0.021,6.802,710.906
CND_30002,0,2026-09-06 22:00,64,-2.503,-1.933,9.5,-1.393,0.0,10.822,710.906
CND_30002,0,2026-09-07 00:00,65,-2.173,-2.877,5.5,-1.046,-1.625,6.843,710.906
CND_30002,0,2026-09-07 02:00,66,-1.558,-1.603,4.5,-0.414,-0.132,5.864,710.906
CND_30002,0,2026-09-07 04:00,67,-1.843,-3.821,5.5,-0.682,-0.934,6.884,710.906
CND_30002,0,2026-09-07 06:00,68,-1.843,-3.821,4.5,-0.664,-0.548,5.905,710.906
CND_30002,0,2026-09-07 08:00,69,-2.083,-9.201,3.5,-0.887,-0.889,4.926,710.906
CND_30002,0,2026-09-07 10:00,70,0.285,2.218,-7.5,1.498,4.808,-6.054,710.906
CND_30002,0,2026-09-07 12:00,71,0.569,4.436,-13.5,1.8,0.0,-12.033,710.906
CND_30002,0,2026-09-07 14:00,72,1.513,4.765,-23.5,2.762,-4.497,-22.012,710.906
CND_30002,0,2026-09-07 18:00,73,-3.117,-3.207,4.5,-1.834,-0.117,6.029,710.906
CND_30002,0,2026-09-07 20:00,74,-1.513,-4.765,-2.5,-0.213,-2.545,-0.95,710.906
CND_30002,0,2026-09-07 22:00,75,-2.173,-2.877,2.5,-0.855,-1.423,4.07,710.906
CND_30002,0,2026-09-08 00:00,76,-2.173,-2.877,1.5,-0.838,-1.789,3.091,710.906
CND_30002,0,2026-09-08 02:00,77,-1.558,-1.603,-2.5,-0.206,-0.194,-0.888,710.906
CND_30002,0,2026-09-08 04:00,78,-2.832,-0.989,3.5,-1.463,-0.809,5.132,710.906
CND_30002,0,2026-09-08 06:00,79,-1.229,-2.548,0.5,0.158,-1.303,2.153,710.906
CND_30002,0,2026-09-08 08:00,80,-3.926,-13.023,9.5,-2.522,0.192,11.174,710.906
CND_30002,0,2026-09-08 10:00,81,-0.944,-0.33,-8.5,0.477,5.946,-6.806,710.906
CND_30002,0,2026-09-08 12:00,82,-1.843,-3.821,-6.5,-0.404,-0.392,-4.785,710.906
CND_30002,0,2026-09-08 14:00,83,1.468,7.927,-26.5,2.925,5.641,-24.764,710.906
CND_30002,0,2026-09-08 16:00,84,-0.989,2.832,-10.5,0.484,6.409,-8.744,710.906
CND_30002,0,2026-09-08 18:00,85,-1.513,-4.765,-1.5,-0.023,-1.506,0.277,710.906
CND_30002,0,2026-09-08 20:00,86,-1.558,-1.603,-1.5,-0.05,1.222,0.298,710.906
CND_30002,0,2026-09-08 22:00,87,-1.798,-6.983,-2.5,-0.273,-4.664,-0.682,710.906
CND_30002,0,2026-09-09 02:00,89,-1.888,-0.659,-0.5,-0.328,0.405,1.36,710.906
CND_30002,0,2026-09-09 04:00,90,-1.888,-0.659,1.5,-0.311,0.057,3.38,710.906
CND_30002,0,2026-09-09 06:00,91,-1.888,-0.659,0.5,-0.293,0.413,2.401,710.906
CND_30002,0,2026-09-09 08:00,92,-0.719,-16.139,-9.5,0.893,-3.867,-7.579,710.906
CND_30002,0,2026-09-09 10:00,93,-1.513,-4.765,-7.5,0.116,0.0,-5.558,710.906
CND_30002,0,2026-09-09 12:00,94,2.128,6.039,-28.5,3.775,1.279,-26.537,710.906
CND_30002,0,2026-09-09 14:00,95,0.24,5.38,-23.5,1.904,1.407,-21.517,710.906
CND_30002,0,2026-09-09 16:00,96,-1.798,-6.983,-8.5,-0.117,-5.701,-6.496,710.906
CND_30002,0,2026-09-09 18:00,97,-1.843,-3.821,-6.5,-0.144,0.494,-4.475,710.906
CND_30002,0,2026-09-09 20:00,98,-2.458,-5.095,-1.5,-0.741,-2.331,0.545,710.906
CND_30002,0,2026-09-09 22:00,99,-3.117,-3.207,2.5,-1.383,-0.018,4.566,710.906
CND_30002,0,2026-09-10 00:00,100,-2.458,-5.095,-3.5,-0.707,-2.843,-1.413,710.906
CND_30002,0,2026-09-10 02:00,101,-2.503,-1.933,1.5,-0.734,-1.785,3.607,710.906
CND_30002,0,2026-09-10 04:00,102,-3.162,-0.045,3.5,-1.376,0.729,5.628,710.906
CND_30002,0,2026-09-10 06:00,103,-2.832,-0.989,2.5,-1.029,0.368,4.649,710.906
CND_30002,0,2026-09-10 08:00,104,-2.607,-16.799,0.5,-0.787,-3.391,2.669,710.906
CND_30002,0,2026-09-10 10:00,105,-0.704,5.05,-15.5,1.133,11.964,-13.31,710.906
CND_30002,0,2026-09-10 12:00,106,-1.079,9.156,-16.5,0.776,5.403,-14.289,710.906
CND_30002,0,2026-09-10 14:00,107,-1.214,18.642,-15.5,0.658,11.57,-13.269,710.906
CND_30002,0,2026-09-10 16:00,108,-1.933,2.503,-9.5,-0.044,5.512,-7.248,710.906
CND_30002,0,2026-09-10 18:00,109,-2.458,-5.095,-5.5,-0.551,-1.982,-3.227,710.906
CND_30002,0,2026-09-10 20:00,110,-2.458,-5.095,-1.5,-0.533,-2.086,0.793,710.906
CND_30002,0,2026-09-10 22:00,111,-2.173,-2.877,-2.5,-0.231,-0.579,-0.186,710.906
CND_30002,0,2026-09-11 00:00,112,-3.117,-3.207,-1.5,-1.158,-2.334,0.835,710.906
CND_30002,0,2026-09-11 02:00,113,-2.832,-0.989,-1.5,-0.856,1.267,0.855,710.906
CND_30002,0,2026-09-11 04:00,114,-3.162,-0.045,0.5,-1.168,0.572,2.876,710.906
CND_30002,0,2026-09-11 06:00,115,-2.787,-4.151,0.5,-0.776,-0.763,2.897,710.906
CND_30002,0,2026-09-11 08:00,116,-2.742,-7.313,-7.5,-0.714,4.442,-5.083,710.906
CND_30002,0,2026-09-11 10:00,117,1.409,-10.1,-28.5,3.454,-4.918,-26.062,710.906
CND_30002,0,2026-09-11 12:00,118,2.323,14.581,-37.5,4.386,9.221,-35.041,710.906
CND_30002,0,2026-09-11 14:00,119,-0.18,12.648,-23.5,1.9,8.135,-21.021,710.906
CND_30002,0,2026-09-11 16:00,120,-3.776,-1.319,0.5,-1.679,2.871,3.0,710.906
CND_30002,0,2026-09-11 18:00,121,-4.346,-5.755,2.5,-2.231,-3.088,5.021,710.906
CND_30002,0,2026-09-11 20:00,122,-3.117,-3.207,-1.5,-0.985,0.334,1.041,710.906
CND_30002,0,2026-09-11 22:00,123,-3.731,-4.481,2.5,-1.582,-0.728,5.062,710.906
CND_30002,0,2026-09-12 00:00,124,-5.05,-0.704,7.5,-2.883,1.748,10.083,710.906
CND_30002,0,2026-09-12 02:00,125,-4.391,-2.593,4.5,-2.206,-0.551,7.103,710.906
CND_30002,0,2026-09-12 04:00,126,-4.061,-3.537,1.5,-1.859,-2.293,4.124,710.906
CND_30002,0,2026-09-12 06:00,127,-2.787,-4.151,-1.5,-0.568,-1.27,1.145,710.906
CND_30002,0,2026-09-12 08:00,128,-1.798,-6.983,-17.5,0.438,8.045,-14.835,710.906
CND_30002,0,2026-09-12 10:00,129,-1.798,-6.983,-12.5,0.456,2.058,-9.814,710.906
CND_30002,0,2026-09-12 12:00,130,0.479,10.76,-24.5,2.75,5.421,-21.793,710.906
CND_30002,0,2026-09-12 14:00,131,-4.106,-0.375,-1.5,-1.818,0.02,1.227,710.906
CND_30002,0,2026-09-12 16:00,132,-2.787,-4.151,-8.5,-0.482,-1.529,-5.752,710.906
CND_30002,0,2026-09-12 18:00,133,-3.447,-2.263,-1.5,-1.124,-2.407,1.269,710.906
CND_30002,0,2026-09-12 20:00,134,-4.63,-7.972,2.5,-2.29,-6.142,5.289,710.906
CND_30002,0,2026-09-12 22:00,135,-3.117,-3.207,2.5,-0.759,-2.55,5.31,710.906
CND_30002,0,2026-09-13 00:00,136,-3.776,-1.319,0.5,-1.401,-0.435,3.331,710.906
CND_30002,0,2026-09-13 02:00,137,-2.503,-1.933,-2.5,-0.11,0.0,0.351,710.906
CND_30002,0,2026-09-13 04:00,138,-2.832,-0.989,-2.5,-0.423,-1.189,0.372,710.906
CND_30002,0,2026-09-13 06:00,139,-3.402,-5.425,0.5,-0.975,-0.769,3.393,710.906
CND_30002,0,2026-09-13 08:00,140,-2.413,-8.257,-9.5,0.032,-3.543,-6.587,710.906
CND_30002,0,2026-09-13 10:00,141,-0.989,2.832,-20.5,1.473,12.039,-17.566,710.906
CND_30003,0,2026-09-01 14:00,0,-0.894,2.335,2.0,-0.894,0.213,2.0,662.889
CND_30003,0,2026-09-01 16:00,1,0.179,-0.467,0.0,0.195,-2.018,0.021,662.889
CND_30003,0,2026-09-01 18:00,2,-0.179,0.467,1.0,-0.146,0.467,1.041,662.889
CND_30003,0,2026-09-01 20:00,3,1.113,-0.11,-1.0,1.161,0.59,-0.938,662.889
CND_30003,0,2026-09-01 22:00,4,0.536,-1.401,0.0,0.601,-1.084,0.083,662.889
CND_30003,0,2026-09-02 00:00,5,0.04,2.692,0.0,0.121,2.692,0.103,662.889
CND_30003,0,2026-09-02 02:00,6,0.04,2.692,1.0,0.137,2.692,1.124,662.889
CND_30003,0,2026-09-02 04:00,7,0.755,0.824,-1.0,0.868,-0.255,-0.855,662.889
CND_30003,0,2026-09-02 06:00,8,1.113,-0.11,-3.0,1.242,-0.949,-2.835,662.889
CND_30003,0,2026-09-02 08:00,9,1.47,-1.043,-8.0,1.616,7.509,-7.814,662.889
CND_30003,0,2026-09-02 10:00,10,2.819,-10.164,-17.0,2.981,-8.841,-16.793,662.889
CND_30003,0,2026-09-02 12:00,11,2.785,12.308,-20.0,2.962,0.614,-19.773,662.889
CND_30003,0,2026-09-02 14:00,12,0.917,11.594,-11.0,1.111,-0.101,-10.752,662.889
CND_30003,0,2026-09-02 16:00,13,-0.236,9.011,-1.0,-0.026,-0.782,-0.731,662.889
CND_30003,0,2026-09-02 18:00,14,0.974,3.05,-2.0,1.201,1.866,-1.711,662.889
CND_30003,0,2026-09-02 20:00,15,0.974,3.05,-4.0,1.217,1.912,-3.69,662.889
CND_30003,0,2026-09-02 22:00,16,0.04,2.692,0.0,0.299,0.838,0.331,662.889
CND_30003,0,2026-09-03 00:00,17,-0.317,3.626,1.0,-0.042,1.035,1.351,662.889
CND_30003,0,2026-09-03 02:00,18,0.04,2.692,3.0,0.331,-0.226,3.372,662.889
CND_30003,0,2026-09-03 04:00,19,0.04,2.692,2.0,0.348,-0.023,2.393,662.889
CND_30003,0,2026-09-03 06:00,20,0.179,-0.467,3.0,0.502,1.095,3.413,662.889
CND_30003,0,2026-09-03 08:00,21,0.894,-2.335,-9.0,1.233,6.007,-8.566,662.889
CND_30003,0,2026-09-03 10:00,22,1.17,-8.653,-8.0,1.526,-6.394,-7.545,662.889
CND_30003,0,2026-09-03 12:00,23,-1.747,7.362,3.0,-1.375,-1.165,3.475,662.889
CND_30003,0,2026-09-03 14:00,24,2.566,10.083,-18.0,2.954,-2.118,-17.504,662.889
CND_30003,0,2026-09-03 16:00,25,-1.528,9.587,4.0,-1.124,3.156,4.517,662.889
CND_30003,0,2026-09-03 18:00,26,-0.179,0.467,-1.0,0.242,0.207,-0.463,662.889
CND_30003,0,2026-09-03 20:00,27,0.179,-0.467,-1.0,0.615,-0.317,-0.442,662.889
CND_30003,0,2026-09-03 22:00,28,0.179,-0.467,3.0,0.631,-0.467,3.579,662.889
CND_30003,0,2026-09-04 00:00,29,0.755,0.824,-2.0,1.224,0.268,-1.401,662.889
CND_30003,0,2026-09-04 02:00,30,0.179,-0.467,-1.0,0.664,-0.947,-0.38,662.889
CND_30003,0,2026-09-04 04:00,31,0.755,0.824,-1.0,1.256,-0.61,-0.36,662.889
CND_30003,0,2026-09-04 06:00,32,1.251,-3.269,-1.0,1.768,-0.0,-0.339,662.889
CND_30003,0,2026-09-04 08:00,33,-0.259,-4.918,-2.0,0.274,0.305,-1.318,662.889
CND_30003,0,2026-09-04 10:00,34,-1.032,5.494,1.0,-0.482,8.248,1.702,662.889
CND_30003,0,2026-09-04 12:00,35,1.136,13.819,-11.0,1.702,4.731,-10.277,662.889
CND_30003,0,2026-09-04 14:00,36,3.085,19.918,-19.0,3.666,9.989,-18.256,662.889
CND_30003,0,2026-09-04 16:00,37,-1.089,14.038,2.0,-0.491,1.122,2.764,662.889
CND_30003,0,2026-09-04 18:00,38,0.179,-0.467,-2.0,0.793,0.037,-1.215,662.889
CND_30003,0,2026-09-04 20:00,39,-0.259,-4.918,5.0,0.371,-3.9,5.806,662.889
CND_30003,0,2026-09-04 22:00,40,-0.755,-0.824,5.0,-0.109,-0.426,5.826,662.889
CND_30003,0,2026-09-05 00:00,41,0.398,1.758,-1.0,1.061,0.845,-0.153,662.889
CND_30003,0,2026-09-05 02:00,42,-0.179,0.467,4.0,0.5,0.434,4.868,662.889
CND_30003,0,2026-09-05 04:00,43,0.755,0.824,-2.0,1.45,0.494,-1.112,662.889
CND_30003,0,2026-09-05 06:00,44,-0.259,-4.918,1.0,0.452,0.929,1.909,662.889
CND_30003,0,2026-09-05 08:00,45,-0.202,-13.461,-3.0,0.525,-1.228,-2.07,662.889
CND_30003,0,2026-09-05 10:00,46,1.089,-14.038,-7.0,1.833,-9.573,-6.05,662.889
CND_30003,0,2026-09-05 12:00,47,0.698,9.368,-10.0,1.457,2.767,-9.029,662.889
CND_30003,0,2026-09-05 14:00,48,1.274,10.66,-11.0,2.05,1.841,-10.008,662.889
CND_30003,0,2026-09-05 16:00,49,0.34,10.302,-3.0,1.132,-0.796,-1.988,662.889
CND_30003,0,2026-09-05 18:00,50,-0.536,1.401,1.0,0.272,3.914,2.033,662.889
CND_30003,0,2026-09-05 20:00,51,0.398,1.758,-1.0,1.222,4.416,0.054,662.889
CND_30003,0,2026-09-05 22:00,52,0.894,-2.335,-4.0,1.734,0.235,-2.926,662.889
CND_30003,0,2026-09-06 00:00,53,-0.04,-2.692,-1.0,0.816,-2.065,0.095,662.889
CND_30003,0,2026-09-06 02:00,54,-0.398,-1.758,0.0,0.475,-1.041,1.116,662.889
CND_30003,0,2026-09-06 04:00,55,-1.113,0.11,0.0,-0.224,0.51,1.136,662.889
CND_30003,0,2026-09-06 06:00,56,-0.179,0.467,0.0,0.727,1.131,1.157,662.889
CND_30003,0,2026-09-06 08:00,57,0.179,-0.467,-4.0,1.1,-0.467,-2.822,662.889
CND_30003,0,2026-09-06 10:00,58,0.755,0.824,-11.0,1.693,6.378,-9.802,662.889
CND_30003,0,2026-09-06 12:00,59,1.77,6.566,-13.0,2.724,6.015,-11.781,662.889
CND_30003,0,2026-09-06 14:00,60,-1.551,-4.341,-1.0,-0.581,-1.648,0.24,662.889
CND_30003,0,2026-09-06 16:00,61,-1.113,0.11,-1.0,-0.127,1.896,0.26,662.889
CND_30003,0,2026-09-06 18:00,62,-0.755,-0.824,0.0,0.247,0.794,1.281,662.889
CND_30003,0,2026-09-06 20:00,63,-0.398,-1.758,1.0,0.621,0.905,2.302,662.889
CND_30003,0,2026-09-06 22:00,64,-0.755,-0.824,2.0,0.279,0.978,3.322,662.889
CND_30003,0,2026-09-07 00:00,65,0.179,-0.467,0.0,1.229,0.701,1.343,662.889
CND_30003,0,2026-09-07 02:00,66,-0.755,-0.824,2.0,0.312,0.548,3.364,662.889
CND_30003,0,2026-09-07 04:00,67,-0.04,-2.692,0.0,1.043,-0.0,1.384,662.889
CND_30003,0,2026-09-07 06:00,68,0.317,-3.626,-1.0,1.416,-0.574,0.405,662.889
CND_30003,0,2026-09-07 08:00,69,-1.413,-7.5,2.0,-0.297,0.251,3.426,662.889
CND_30003,0,2026-09-07 10:00,70,-1.113,0.11,2.0,0.019,2.524,3.446,662.889
CND_30003,0,2026-09-07 12:00,71,-0.732,13.104,-3.0,0.416,8.968,-1.533,662.889
CND_30003,0,2026-09-07 14:00,72,0.836,6.209,-12.0,2.0,-2.428,-10.512,662.889
CND_30003,0,2026-09-07 18:00,73,-1.113,0.11,3.0,0.084,2.991,4.529,662.889
CND_30003,0,2026-09-07 20:00,74,-0.755,-0.824,0.0,0.457,1.246,1.55,662.889
CND_30003,0,2026-09-07 22:00,75,0.179,-0.467,-3.0,1.407,0.889,-1.43,662.889
CND_30003,0,2026-09-08 00:00,76,-0.179,0.467,-1.0,1.066,1.482,0.591,662.889
CND_30003,0,2026-09-08 02:00,77,-0.398,-1.758,-3.0,0.863,-0.444,-1.388,662.889
CND_30003,0,2026-09-08 04:00,78,-0.179,0.467,-2.0,1.098,0.635,-0.368,662.889
CND_30003,0,2026-09-08 06:00,79,-0.04,-2.692,0.0,1.253,-1.532,1.653,662.889
CND_30003,0,2026-09-08 08:00,80,-2.289,-16.402,6.0,-0.98,-4.079,7.674,662.889
CND_30003,0,2026-09-08 10:00,81,0.951,-10.879,-13.0,2.277,-5.027,-11.306,662.889
CND_30003,0,2026-09-08 12:00,82,2.023,-13.68,-16.0,3.365,-10.482,-14.285,662.889
CND_30003,0,2026-09-08 14:00,83,0.479,7.143,-9.0,1.836,5.011,-7.264,662.889
CND_30003,0,2026-09-08 16:00,84,0.179,-0.467,-8.0,1.553,2.868,-6.244,662.889
CND_30003,0,2026-09-08 18:00,85,-0.398,-1.758,-4.0,0.992,1.281,-2.223,662.889
CND_30003,0,2026-09-08 20:00,86,-0.04,-2.692,-6.0,1.366,-0.058,-4.202,662.889
CND_30003,0,2026-09-08 22:00,87,-0.755,-0.824,-1.0,0.667,1.338,0.818,662.889
CND_30003,0,2026-09-09 02:00,89,-0.755,-0.824,-2.0,0.7,0.168,-0.14,662.889
CND_30003,0,2026-09-09 04:00,90,0.04,2.692,-4.0,1.511,3.361,-2.12,662.889
CND_30003,0,2026-09-09 06:00,91,-1.113,0.11,0.0,0.375,1.11,1.901,662.889
CND_30003,0,2026-09-09 08:00,92,-1.274,-10.66,-1.0,0.229,0.784,0.921,662.889
CND_30003,0,2026-09-09 10:00,93,-0.34,-10.302,-4.0,1.179,-5.859,-2.058,662.889
CND_30003,0,2026-09-09 12:00,94,-0.87,16.263,-5.0,0.665,11.825,-3.037,662.889
CND_30003,0,2026-09-09 14:00,95,1.332,2.116,-17.0,2.884,-1.588,-15.017,662.889
CND_30003,0,2026-09-09 16:00,96,-0.04,-2.692,-10.0,1.528,-1.496,-7.996,662.889
CND_30003,0,2026-09-09 18:00,97,-0.974,-3.05,-4.0,0.61,0.974,-1.975,662.889
CND_30003,0,2026-09-09 20:00,98,-0.755,-0.824,-3.0,0.845,1.753,-0.955,662.889
CND_30003,0,2026-09-09 22:00,99,-1.113,0.11,-1.0,0.504,3.083,1.066,662.889
CND_30003,0,2026-09-10 00:00,100,-0.398,-1.758,-3.0,1.235,0.341,-0.913,662.889
CND_30003,0,2026-09-10 02:00,101,-1.113,0.11,-1.0,0.536,0.248,1.107,662.889
CND_30003,0,2026-09-10 04:00,102,-0.179,0.467,-3.0,1.486,1.189,-0.872,662.889
CND_30003,0,2026-09-10 06:00,103,-0.536,1.401,-2.0,1.145,2.666,0.149,662.889
CND_30003,0,2026-09-10 08:00,104,-2.208,-11.017,4.0,-0.511,1.485,6.169,662.889
CND_30003,0,2026-09-10 10:00,105,1.885,-10.521,-19.0,3.599,-4.074,-16.81,662.889
CND_30003,0,2026-09-10 12:00,106,1.551,4.341,-18.0,3.281,0.842,-15.789,662.889
CND_30003,0,2026-09-10 14:00,107,-0.075,19.78,-10.0,1.671,13.185,-7.769,662.889
CND_30003,0,2026-09-10 16:00,108,-1.113,0.11,-10.0,0.649,2.915,-7.748,662.889
CND_30003,0,2026-09-10 18:00,109,-1.332,-2.116,-4.0,0.446,0.787,-1.727,662.889
CND_30003,0,2026-09-10 20:00,110,-1.332,-2.116,-2.0,0.463,0.69,0.293,662.889
CND_30003,0,2026-09-10 22:00,111,-0.179,0.467,-4.0,1.632,2.61,-1.686,662.889
CND_30003,0,2026-09-11 00:00,112,-1.689,-1.182,0.0,0.137,-0.368,2.335,662.889
CND_30003,0,2026-09-11 02:00,113,-1.47,1.043,-1.0,0.373,3.147,1.355,662.889
CND_30003,0,2026-09-11 04:00,114,-1.47,1.043,-1.0,0.389,1.619,1.376,662.889
CND_30003,0,2026-09-11 06:00,115,-0.974,-3.05,-3.0,0.901,0.11,-0.603,662.889
CND_30003,0,2026-09-11 08:00,116,0.455,-6.785,-10.0,2.347,4.176,-7.583,662.889
CND_30003,0,2026-09-11 10:00,117,0.098,-5.852,-14.0,2.005,-1.019,-11.562,662.889
CND_30003,0,2026-09-11 12:00,118,3.476,-3.488,-30.0,5.4,-8.485,-27.541,662.889
CND_30003,0,2026-09-11 14:00,119,-0.179,0.467,-12.0,1.761,-3.741,-9.521,662.889
CND_30003,0,2026-09-11 16:00,120,-0.755,-0.824,-5.0,1.201,3.083,-2.5,662.889
CND_30003,0,2026-09-11 18:00,121,-1.47,1.043,-4.0,0.502,3.53,-1.479,662.889
CND_30003,0,2026-09-11 20:00,122,-0.617,-3.984,-7.0,1.371,-0.682,-4.459,662.889
CND_30003,0,2026-09-11 22:00,123,-1.908,-3.407,-2.0,0.096,0.092,0.562,662.889
CND_30003,0,2026-09-12 00:00,124,-1.908,-3.407,2.0,0.112,-1.12,4.583,662.889
CND_30003,0,2026-09-12 02:00,125,-2.404,0.686,0.0,-0.367,2.59,2.603,662.889
CND_30003,0,2026-09-12 04:00,126,-1.827,1.977,0.0,0.225,3.137,2.624,662.889
CND_30003,0,2026-09-12 06:00,127,-1.689,-1.182,-4.0,0.38,1.505,-1.355,662.889
CND_30003,0,2026-09-12 08:00,128,-2.208,-11.017,0.0,-0.123,2.996,2.665,662.889
CND_30003,0,2026-09-12 10:00,129,-1.551,-4.341,-3.0,0.551,4.089,-0.314,662.889
CND_30003,0,2026-09-12 12:00,130,1.193,5.275,-16.0,3.311,0.297,-13.293,662.889
CND_30003,0,2026-09-12 14:00,131,-0.455,6.785,-7.0,1.678,7.153,-4.273,662.889
CND_30003,0,2026-09-12 16:00,132,-0.755,-0.824,-6.0,1.395,1.621,-3.252,662.889
CND_30003,0,2026-09-12 18:00,133,-1.47,1.043,-3.0,0.696,0.909,-0.231,662.889
CND_30003,0,2026-09-12 20:00,134,-2.266,-2.473,-1.0,-0.083,-0.766,1.789,662.889
CND_30003,0,2026-09-12 22:00,135,-1.689,-1.182,2.0,0.509,-0.569,4.81,662.889
CND_30003,0,2026-09-13 00:00,136,-0.755,-0.824,-5.0,1.459,0.0,-2.169,662.889
CND_30003,0,2026-09-13 02:00,137,-0.398,-1.758,-6.0,1.833,0.044,-3.149,662.889
CND_30003,0,2026-09-13 04:00,138,-1.113,0.11,-3.0,1.134,-0.077,-0.128,662.889
CND_30003,0,2026-09-13 06:00,139,-1.551,-4.341,-1.0,0.712,0.0,1.893,662.889
CND_30003,0,2026-09-13 08:00,140,-2.127,-5.632,-2.0,0.152,-1.237,0.913,662.889
CND_30003,0,2026-09-13 10:00,141,-1.274,-10.66,-3.0,1.021,-2.075,-0.066,662.889
CND_30004,0,2026-09-01 14:00,0,1.496,1.662,-12.0,1.496,-0.348,-12.0,627.742
CND_30004,0,2026-09-01 16:00,1,0.565,1.296,-7.0,0.581,-0.173,-6.979,627.742
CND_30004,0,2026-09-01 18:00,2,0.0,-0.0,1.0,0.031,-0.0,1.041,627.742
CND_30004,0,2026-09-01 20:00,3,0.0,-0.0,-1.0,0.046,0.662,-0.938,627.742
CND_30004,0,2026-09-01 22:00,4,0.0,-0.0,1.0,0.061,0.3,1.083,627.742
CND_30004,0,2026-09-02 00:00,5,0.0,-0.0,2.0,0.077,-0.0,2.103,627.742
CND_30004,0,2026-09-02 02:00,6,0.0,-0.0,4.0,0.092,-0.0,4.124,627.742
CND_30004,0,2026-09-02 04:00,7,0.565,1.296,1.0,0.673,0.275,1.145,627.742
CND_30004,0,2026-09-02 06:00,8,1.131,2.593,-1.0,1.253,1.798,-0.835,627.742
CND_30004,0,2026-09-02 08:00,9,1.993,-7.812,-12.0,2.13,0.287,-11.814,627.742
CND_30004,0,2026-09-02 10:00,10,1.427,-9.108,-11.0,1.58,-7.855,-10.793,627.742
CND_30004,0,2026-09-02 12:00,11,3.689,-3.923,-28.0,3.857,-14.998,-27.773,627.742
CND_30004,0,2026-09-02 14:00,12,-0.062,19.313,-6.0,0.122,8.239,-5.752,627.742
CND_30004,0,2026-09-02 16:00,13,0.634,12.066,-5.0,0.834,2.793,-4.731,627.742
CND_30004,0,2026-09-02 18:00,14,0.0,-0.0,0.0,0.214,-1.12,0.289,627.742
CND_30004,0,2026-09-02 20:00,15,0.931,0.365,-3.0,1.16,-0.712,-2.69,627.742
CND_30004,0,2026-09-02 22:00,16,0.931,0.365,-7.0,1.176,-1.39,-6.669,627.742
CND_30004,0,2026-09-03 00:00,17,0.765,3.523,0.0,1.026,1.07,0.351,627.742
CND_30004,0,2026-09-03 02:00,18,-0.165,3.158,4.0,0.11,0.394,4.372,627.742
CND_30004,0,2026-09-03 04:00,19,-0.531,4.089,3.0,-0.24,1.517,3.393,627.742
CND_30004,0,2026-09-03 06:00,20,-0.365,0.931,3.0,-0.059,2.41,3.413,627.742
CND_30004,0,2026-09-03 08:00,21,0.331,-6.316,-9.0,0.652,1.583,-8.566,627.742
CND_30004,0,2026-09-03 10:00,22,0.8,8.908,-11.0,1.137,11.048,-10.545,627.742
CND_30004,0,2026-09-03 12:00,23,1.862,0.731,-14.0,2.214,-7.344,-13.525,627.742
CND_30004,0,2026-09-03 14:00,24,3.062,14.093,-21.0,3.429,2.539,-20.504,627.742
CND_30004,0,2026-09-03 16:00,25,-1.427,9.108,4.0,-1.044,3.018,4.517,627.742
CND_30004,0,2026-09-03 18:00,26,0.0,-0.0,0.0,0.398,-0.246,0.537,627.742
CND_30004,0,2026-09-03 20:00,27,-0.731,1.862,4.0,-0.318,2.004,4.558,627.742
CND_30004,0,2026-09-03 22:00,28,-0.365,0.931,5.0,0.063,0.931,5.579,627.742
CND_30004,0,2026-09-04 00:00,29,0.565,1.296,0.0,1.009,0.769,0.599,627.742
CND_30004,0,2026-09-04 02:00,30,0.2,2.227,3.0,0.659,1.773,3.62,627.742
CND_30004,0,2026-09-04 04:00,31,0.365,-0.931,1.0,0.84,-2.289,1.64,627.742
CND_30004,0,2026-09-04 06:00,32,-0.2,-2.227,2.0,0.29,0.868,2.661,627.742
CND_30004,0,2026-09-04 08:00,33,-0.035,-5.385,-1.0,0.471,-0.439,-0.318,627.742
CND_30004,0,2026-09-04 10:00,34,2.993,3.323,-18.0,3.513,5.932,-17.298,627.742
CND_30004,0,2026-09-04 12:00,35,2.896,17.251,-17.0,3.432,8.646,-16.277,627.742
CND_30004,0,2026-09-04 14:00,36,2.662,9.639,-23.0,3.213,0.237,-22.256,627.742
CND_30004,0,2026-09-04 16:00,37,0.269,12.997,-4.0,0.835,0.766,-3.236,627.742
CND_30004,0,2026-09-04 18:00,38,-0.365,0.931,2.0,0.216,1.408,2.785,627.742
CND_30004,0,2026-09-04 20:00,39,-0.365,0.931,1.0,0.232,1.894,1.806,627.742
CND_30004,0,2026-09-04 22:00,40,-1.296,0.565,9.0,-0.684,0.943,9.826,627.742
CND_30004,0,2026-09-05 00:00,41,-0.365,0.931,4.0,0.262,0.066,4.847,627.742
CND_30004,0,2026-09-05 02:00,42,-0.731,1.862,7.0,-0.088,1.831,7.868,627.742
CND_30004,0,2026-09-05 04:00,43,-0.931,-0.365,5.0,-0.273,-0.679,5.888,627.742
CND_30004,0,2026-09-05 06:00,44,-1.331,-4.82,5.0,-0.657,0.717,5.909,627.742
CND_30004,0,2026-09-05 08:00,45,1.558,-17.651,-12.0,2.247,-6.066,-11.07,627.742
CND_30004,0,2026-09-05 10:00,46,3.523,-0.765,-23.0,4.228,3.463,-22.05,627.742
CND_30004,0,2026-09-05 12:00,47,2.296,10.57,-21.0,3.016,4.319,-20.029,627.742
CND_30004,0,2026-09-05 14:00,48,0.834,14.293,-12.0,1.569,5.942,-11.008,627.742
CND_30004,0,2026-09-05 16:00,49,1.0,11.136,-13.0,1.75,0.626,-11.988,627.742
CND_30004,0,2026-09-05 18:00,50,-0.765,-3.523,3.0,-0.0,-1.144,4.033,627.742
CND_30004,0,2026-09-05 20:00,51,-0.565,-1.296,1.0,0.215,1.22,2.054,627.742
CND_30004,0,2026-09-05 22:00,52,0.565,1.296,-1.0,1.361,3.73,0.074,627.742
CND_30004,0,2026-09-06 00:00,53,-0.731,1.862,5.0,0.08,2.456,6.095,627.742
CND_30004,0,2026-09-06 02:00,54,-0.731,1.862,4.0,0.096,2.541,5.116,627.742
CND_30004,0,2026-09-06 04:00,55,-0.931,-0.365,3.0,-0.089,0.014,4.136,627.742
CND_30004,0,2026-09-06 06:00,56,-0.731,1.862,2.0,0.126,2.491,3.157,627.742
CND_30004,0,2026-09-06 08:00,57,0.2,2.227,-1.0,1.073,2.227,0.178,627.742
CND_30004,0,2026-09-06 10:00,58,1.496,1.662,-13.0,2.384,6.921,-11.802,627.742
CND_30004,0,2026-09-06 12:00,59,0.235,7.612,-10.0,1.138,7.09,-8.781,627.742
CND_30004,0,2026-09-06 14:00,60,-1.131,-2.593,0.0,-0.212,-0.042,1.24,627.742
CND_30004,0,2026-09-06 16:00,61,-1.862,-0.731,4.0,-0.928,0.961,5.26,627.742
CND_30004,0,2026-09-06 18:00,62,-1.296,0.565,5.0,-0.347,2.098,6.281,627.742
CND_30004,0,2026-09-06 20:00,63,-0.565,-1.296,5.0,0.399,1.226,6.302,627.742
CND_30004,0,2026-09-06 22:00,64,-0.565,-1.296,6.0,0.414,0.411,7.322,627.742
CND_30004,0,2026-09-07 00:00,65,-0.731,1.862,5.0,0.264,2.968,6.343,627.742
CND_30004,0,2026-09-07 02:00,66,-1.296,0.565,4.0,-0.286,1.865,5.364,627.742
CND_30004,0,2026-09-07 04:00,67,-0.565,-1.296,4.0,0.46,1.253,5.384,627.742
CND_30004,0,2026-09-07 06:00,68,-0.931,-0.365,5.0,0.11,2.525,6.405,627.742
CND_30004,0,2026-09-07 08:00,69,-1.331,-4.82,4.0,-0.275,2.52,5.426,627.742
CND_30004,0,2026-09-07 10:00,70,0.731,-1.862,-6.0,1.802,0.425,-4.554,627.742
CND_30004,0,2026-09-07 12:00,71,1.662,-1.496,-16.0,2.749,-5.413,-14.533,627.742
CND_30004,0,2026-09-07 14:00,72,1.296,-0.565,-18.0,2.398,-8.745,-16.512,627.742
CND_30004,0,2026-09-07 18:00,73,-1.496,-1.662,1.0,-0.363,1.067,2.529,627.742
CND_30004,0,2026-09-07 20:00,74,-0.731,1.862,2.0,0.417,3.822,3.55,627.742
CND_30004,0,2026-09-07 22:00,75,-0.731,1.862,2.0,0.433,3.146,3.57,627.742
CND_30004,0,2026-09-08 00:00,76,-0.365,0.931,0.0,0.813,1.892,1.591,627.742
CND_30004,0,2026-09-08 02:00,77,-0.165,3.158,-1.0,1.029,4.403,0.612,627.742
CND_30004,0,2026-09-08 04:00,78,0.931,0.365,-6.0,2.14,0.525,-4.368,627.742
CND_30004,0,2026-09-08 06:00,79,-0.931,-0.365,3.0,0.294,0.733,4.653,627.742
CND_30004,0,2026-09-08 08:00,80,-0.8,-8.908,0.0,0.44,2.76,1.674,627.742
CND_30004,0,2026-09-08 10:00,81,-0.765,-3.523,-9.0,0.49,2.018,-7.306,627.742
CND_30004,0,2026-09-08 12:00,82,0.565,1.296,-9.0,1.836,4.325,-7.285,627.742
CND_30004,0,2026-09-08 14:00,83,2.262,5.185,-20.0,3.548,3.166,-18.264,627.742
CND_30004,0,2026-09-08 16:00,84,0.165,-3.158,-10.0,1.467,0.0,-8.244,627.742
CND_30004,0,2026-09-08 18:00,85,-1.131,-2.593,0.0,0.186,0.286,1.777,627.742
CND_30004,0,2026-09-08 20:00,86,0.365,-0.931,-4.0,1.697,1.564,-2.202,627.742
CND_30004,0,2026-09-08 22:00,87,-1.131,-2.593,1.0,0.216,-0.545,2.818,627.742
CND_30004,0,2026-09-09 04:00,90,-1.462,3.723,1.0,-0.069,4.356,2.88,627.742
CND_30004,0,2026-09-09 06:00,91,-0.731,1.862,2.0,0.677,2.809,3.901,627.742
CND_30004,0,2026-09-09 08:00,92,-1.565,-12.432,0.0,-0.142,-1.595,1.921,627.742
CND_30004,0,2026-09-09 10:00,93,3.689,-3.923,-31.0,5.128,0.285,-29.058,627.742
CND_30004,0,2026-09-09 12:00,94,-0.931,-0.365,-10.0,0.523,-4.569,-8.037,627.742
CND_30004,0,2026-09-09 14:00,95,0.765,3.523,-17.0,2.235,0.016,-15.017,627.742
CND_30004,0,2026-09-09 16:01,96,-0.365,0.931,-7.0,1.12,2.063,-4.996,627.742
CND_30004,0,2026-09-09 18:00,97,-1.296,0.565,-3.0,0.204,4.376,-0.975,627.742
CND_30004,0,2026-09-09 20:00,98,-0.931,-0.365,-2.0,0.585,2.075,0.045,627.742
CND_30004,0,2026-09-09 22:00,99,-1.296,0.565,0.0,0.235,3.381,2.066,627.742
CND_30004,0,2026-09-10 00:00,100,-1.662,1.496,2.0,-0.116,3.485,4.087,627.742
CND_30004,0,2026-09-10 02:00,101,-0.931,-0.365,0.0,0.631,-0.235,2.107,627.742
CND_30004,0,2026-09-10 04:00,102,-0.731,1.862,1.0,0.846,2.545,3.128,627.742
CND_30004,0,2026-09-10 06:00,103,-0.565,-1.296,-3.0,1.027,-0.098,-0.851,627.742
CND_30004,0,2026-09-10 08:00,104,-2.262,-5.185,4.0,-0.654,6.654,6.169,627.742
CND_30004,0,2026-09-10 10:00,105,1.993,-7.812,-29.0,3.615,-1.707,-26.81,627.742
CND_30004,0,2026-09-10 12:00,106,0.8,8.908,-15.0,2.438,5.595,-12.789,627.742
CND_30004,0,2026-09-10 14:00,107,1.0,11.136,-21.0,2.653,4.891,-18.769,627.742
CND_30004,0,2026-09-10 16:00,108,-1.662,1.496,-2.0,0.007,4.153,0.252,627.742
CND_30004,0,2026-09-10 18:00,109,-1.496,-1.662,0.0,0.188,1.088,2.273,627.742
CND_30004,0,2026-09-10 20:00,110,-1.296,0.565,-2.0,0.403,3.222,0.293,627.742
CND_30004,0,2026-09-10 22:00,111,-1.862,-0.731,0.0,-0.147,1.299,2.314,627.742
CND_30004,0,2026-09-11 00:00,112,-1.862,-0.731,4.0,-0.132,0.04,6.335,627.742
CND_30004,0,2026-09-11 02:00,113,-1.862,-0.731,0.0,-0.117,1.261,2.355,627.742
CND_30004,0,2026-09-11 04:00,114,-2.227,0.2,3.0,-0.467,0.745,5.376,627.742
CND_30004,0,2026-09-11 06:00,115,-1.496,-1.662,-3.0,0.279,1.33,-0.603,627.742
CND_30004,0,2026-09-11 08:00,116,1.262,-5.95,-16.0,3.053,4.43,-13.583,627.742
CND_30004,0,2026-09-11 10:00,117,-0.765,-3.523,-8.0,1.041,1.053,-5.562,627.742
CND_30004,0,2026-09-11 12:00,118,1.131,2.593,-21.0,2.952,-2.14,-18.541,627.742
CND_30004,0,2026-09-11 14:00,119,-0.296,11.701,-12.0,1.541,7.716,-9.521,627.742
CND_30004,0,2026-09-11 16:00,120,-1.496,-1.662,-4.0,0.356,2.038,-1.5,627.742
CND_30004,0,2026-09-11 18:00,121,-1.496,-1.662,-3.0,0.371,0.693,-0.479,627.742
CND_30004,0,2026-09-11 20:00,122,-2.593,1.131,3.0,-0.71,4.257,5.541,627.742
CND_30004,0,2026-09-11 22:00,123,-1.862,-0.731,4.0,0.037,2.583,6.562,627.742
CND_30004,0,2026-09-12 00:00,124,-2.593,1.131,5.0,-0.679,3.296,7.583,627.742
CND_30004,0,2026-09-12 02:00,125,-2.062,-2.958,3.0,-0.133,-1.155,5.603,627.742
CND_30004,0,2026-09-12 04:00,126,-2.793,-1.096,2.0,-0.848,0.002,4.624,627.742
CND_30004,0,2026-09-12 06:00,127,-1.696,-3.889,0.0,0.263,-1.344,2.645,627.742
CND_30004,0,2026-09-12 08:00,128,1.427,-9.108,-20.0,3.402,4.162,-17.335,627.742
CND_30004,0,2026-09-12 10:00,129,-1.2,-13.363,-4.0,0.79,-5.379,-1.314,627.742
CND_30004,0,2026-09-12 12:00,130,3.123,-5.22,-29.0,5.129,-9.934,-26.293,627.742
CND_30004,0,2026-09-12 14:00,131,-0.931,-0.365,-7.0,1.09,-0.017,-4.273,627.742
CND_30004,0,2026-09-12 16:00,132,-1.496,-1.662,-4.0,0.54,0.654,-1.252,627.742
CND_30004,0,2026-09-12 18:00,133,-1.296,0.565,-1.0,0.755,0.438,1.769,627.742
CND_30004,0,2026-09-12 20:00,134,-2.062,-2.958,1.0,0.005,-1.342,3.789,627.742
CND_30004,0,2026-09-12 22:00,135,-2.427,-2.027,4.0,-0.345,-1.447,6.81,627.742
CND_30004,0,2026-09-13 00:00,136,-0.931,-0.365,-2.0,1.166,0.415,0.831,627.742
CND_30004,0,2026-09-13 02:00,137,-1.131,-2.593,-1.0,0.982,-0.886,1.851,627.742
CND_30004,0,2026-09-13 04:00,138,-1.296,0.565,0.0,0.832,0.389,2.872,627.742
CND_30004,0,2026-09-13 06:00,139,-2.262,-5.185,2.0,-0.119,-1.074,4.893,627.742
CND_30004,0,2026-09-13 08:00,140,-1.662,1.496,-4.0,0.497,5.659,-1.087,627.742
CND_30004,0,2026-09-13 10:00,141,0.035,5.385,-13.0,2.208,13.515,-10.066,627.742
CND_32,0,2026-09-06 10:02,58,-0.716,-0.699,3.0,-0.311,1.699,4.199,286.204
CND_32,0,2026-09-06 12:02,59,-0.665,3.544,0.0,-0.253,3.306,1.219,286.204
CND_32,0,2026-09-06 14:02,60,-0.699,0.716,1.0,-0.28,1.878,2.24,286.204
CND_32,0,2026-09-06 16:02,61,0.0,-0.0,0.0,0.426,0.771,1.261,286.204
CND_32,0,2026-09-06 18:02,62,-0.716,-0.699,0.0,-0.283,0.0,1.281,286.204
CND_32,0,2026-09-06 20:02,63,0.0,-0.0,0.0,0.44,1.15,1.302,286.204
CND_32,0,2026-09-06 22:02,64,0.017,1.414,2.0,0.464,2.192,3.323,286.204
CND_32,0,2026-09-07 00:02,65,-0.699,0.716,1.0,-0.245,1.22,2.343,286.204
CND_32,0,2026-09-07 02:02,66,0.0,-0.0,1.0,0.461,0.592,2.364,286.204
CND_32,0,2026-09-07 04:02,67,-0.716,-0.699,1.0,-0.248,0.464,2.385,286.204
CND_32,0,2026-09-07 06:02,68,0.0,-0.0,1.0,0.475,1.318,2.405,286.204
CND_32,0,2026-09-07 08:02,69,-0.732,-2.113,3.0,-0.251,1.234,4.426,286.204
CND_32,0,2026-09-07 10:02,70,-0.716,-0.699,1.0,-0.227,0.344,2.447,286.204
CND_32,0,2026-09-07 12:02,71,-0.699,0.716,1.0,-0.203,-1.07,2.467,286.204
CND_32,0,2026-09-07 14:02,72,-0.682,2.13,0.0,-0.179,-1.6,1.488,286.204
CND_32,0,2026-09-07 18:02,73,-0.716,-0.699,0.0,-0.199,0.545,1.529,286.204
CND_32,0,2026-09-07 20:02,74,0.0,-0.0,-1.0,0.524,0.894,0.55,286.204
CND_32,0,2026-09-07 22:02,75,-0.699,0.716,0.0,-0.168,1.301,1.571,286.204
CND_32,0,2026-09-08 00:02,76,0.017,1.414,1.0,0.554,1.852,2.591,286.204
CND_32,0,2026-09-08 02:02,77,-0.699,0.716,-1.0,-0.154,1.283,0.612,286.204
CND_32,0,2026-09-08 04:02,78,-0.699,0.716,0.0,-0.147,0.788,1.633,286.204
CND_32,0,2026-09-08 06:02,79,0.0,-0.0,-1.0,0.558,0.501,0.653,286.204
CND_32,0,2026-09-08 08:02,80,-1.482,-5.64,4.0,-0.916,-0.319,5.674,286.204
CND_32,0,2026-09-08 10:02,81,-0.732,-2.113,-3.0,-0.16,0.414,-1.305,286.204
CND_32,0,2026-09-08 12:02,82,-0.732,-2.113,0.0,-0.153,-0.732,1.715,286.204
CND_32,0,2026-09-08 14:02,83,-1.397,1.431,2.0,-0.811,0.51,3.736,286.204
CND_32,0,2026-09-08 16:02,84,-0.716,-0.699,2.0,-0.122,0.741,3.757,286.204
CND_32,0,2026-09-08 18:02,85,-0.716,-0.699,-1.0,-0.115,0.614,0.777,286.204
CND_32,0,2026-09-08 20:02,86,-0.716,-0.699,0.0,-0.108,0.439,1.798,286.204
CND_32,0,2026-09-08 22:02,87,-0.766,-4.941,2.0,-0.152,-4.007,3.819,286.204
CND_32,0,2026-09-09 00:52,88,-0.699,0.716,1.0,-0.074,1.147,2.848,286.204
CND_32,0,2026-09-09 02:02,89,0.017,1.414,0.0,0.645,1.843,1.86,286.204
CND_32,0,2026-09-09 04:02,90,-0.699,0.716,1.0,-0.063,1.004,2.881,286.204
CND_32,0,2026-09-09 06:02,91,0.017,1.414,1.0,0.659,1.846,2.901,286.204
CND_32,0,2026-09-09 08:02,92,-0.766,-4.941,1.0,-0.117,0.0,2.922,286.204
CND_32,0,2026-09-09 10:02,93,-0.716,-0.699,-1.0,-0.059,1.22,0.942,286.204
CND_32,0,2026-09-09 12:02,94,-0.665,3.544,-1.0,-0.002,1.627,0.963,286.204
CND_32,0,2026-09-09 14:02,95,-0.682,2.13,-2.0,-0.012,0.53,-0.016,286.204
CND_32,0,2026-09-09 16:03,96,-0.699,0.716,0.0,-0.021,1.232,2.005,286.204
CND_32,0,2026-09-09 18:02,97,-1.414,0.017,1.0,-0.73,1.754,3.025,286.204
CND_32,0,2026-09-09 20:02,98,-1.414,0.017,1.0,-0.723,1.13,3.046,286.204
CND_32,0,2026-09-09 22:02,99,-0.716,-0.699,1.0,-0.017,0.585,3.066,286.204
CND_32,0,2026-09-10 00:02,100,-0.699,0.716,2.0,0.006,1.622,4.087,286.204
CND_32,0,2026-09-10 02:02,101,-0.716,-0.699,1.0,-0.004,-0.639,3.108,286.204
CND_32,0,2026-09-10 04:02,102,-1.414,0.017,3.0,-0.695,0.329,5.128,286.204
CND_32,0,2026-09-10 06:02,103,-0.699,0.716,2.0,0.027,1.262,4.149,286.204
CND_32,0,2026-09-10 08:02,104,-1.499,-7.054,4.0,-0.766,-1.656,6.17,286.204
CND_32,0,2026-09-10 10:02,105,-1.431,-1.397,1.0,-0.691,1.386,3.19,286.204
CND_32,0,2026-09-10 12:02,106,0.017,1.414,-2.0,0.764,-0.097,0.211,286.204
CND_32,0,2026-09-10 14:03,107,0.034,2.828,-7.0,0.788,-0.019,-4.768,286.204
CND_32,0,2026-09-10 16:02,108,-1.431,-1.397,0.0,-0.67,-0.186,2.252,286.204
CND_32,0,2026-09-10 18:02,109,-0.716,-0.699,0.0,0.052,0.555,2.273,286.204
CND_32,0,2026-09-10 20:02,110,-0.699,0.716,-1.0,0.076,1.927,1.294,286.204
CND_32,0,2026-09-10 22:02,111,0.0,-0.0,-1.0,0.782,0.925,1.314,286.204
CND_32,0,2026-09-11 00:02,112,-0.699,0.716,0.0,0.09,1.067,2.335,286.204
CND_32,0,2026-09-11 02:02,113,-1.38,2.845,5.0,-0.584,3.753,7.356,286.204
CND_32,0,2026-09-11 04:02,114,-0.699,0.716,0.0,0.104,0.964,2.376,286.204
CND_32,0,2026-09-11 06:02,115,-0.716,-0.699,0.0,0.094,0.666,2.397,286.204
CND_32,0,2026-09-11 08:02,116,-1.465,-4.225,3.0,-0.648,0.507,5.418,286.204
CND_32,0,2026-09-11 10:03,117,0.0,-0.0,-5.0,0.824,2.086,-2.561,286.204
CND_32,0,2026-09-11 12:02,118,0.034,2.828,-6.0,0.865,0.671,-3.541,286.204
CND_32,0,2026-09-11 14:02,119,-0.682,2.13,-4.0,0.156,0.313,-1.52,286.204
CND_32,0,2026-09-11 16:02,120,-1.448,-2.811,0.0,-0.603,-1.124,2.5,286.204
CND_32,0,2026-09-11 18:02,121,-1.431,-1.397,0.0,-0.579,-0.324,2.521,286.204
CND_32,0,2026-09-11 20:02,122,-0.732,-2.113,1.0,0.126,-0.687,3.542,286.204
CND_32,0,2026-09-11 22:02,123,-0.716,-0.699,1.0,0.15,0.812,3.562,286.204
CND_34,0,2026-09-01 14:04,0,0.983,1.742,-4.5,0.983,0.745,-4.499,311.439
CND_34,0,2026-09-01 16:03,1,0.0,-0.0,-0.5,0.008,-0.729,-0.479,311.439
CND_34,0,2026-09-01 18:04,2,0.871,-0.491,0.5,0.886,-0.491,0.542,311.439
CND_34,0,2026-09-01 20:04,3,0.871,-0.491,-0.5,0.894,-0.163,-0.437,311.439
CND_34,0,2026-09-01 22:04,4,0.0,-0.0,1.5,0.031,0.149,1.583,311.439
CND_34,0,2026-09-02 00:04,5,0.0,-0.0,2.5,0.038,-0.0,2.604,311.439
CND_34,0,2026-09-02 02:04,6,0.871,-0.491,2.5,0.917,-0.491,2.625,311.439
CND_34,0,2026-09-02 04:04,7,0.491,0.871,0.5,0.545,0.364,0.645,311.439
CND_34,0,2026-09-02 06:04,8,1.362,0.38,-0.5,1.423,-0.015,-0.334,311.439
CND_34,0,2026-09-02 08:04,9,-0.223,-4.467,2.5,-0.155,-0.448,2.687,311.439
CND_34,0,2026-09-02 10:04,10,0.0,-0.0,-0.5,0.076,0.622,-0.293,311.439
CND_34,0,2026-09-02 12:04,11,0.335,6.7,-1.5,0.419,1.206,-1.272,311.439
CND_34,0,2026-09-02 14:04,12,0.827,7.571,-3.5,0.918,2.076,-3.251,311.439
CND_34,0,2026-09-02 16:03,13,0.603,3.104,-0.5,0.702,-1.497,-0.231,311.439
CND_34,0,2026-09-02 18:04,14,0.491,0.871,1.5,0.598,0.315,1.79,311.439
CND_34,0,2026-09-02 20:04,15,0.491,0.871,0.5,0.606,0.336,0.811,311.439
CND_34,0,2026-09-02 22:04,16,0.491,0.871,0.5,0.613,0.0,0.831,311.439
CND_34,0,2026-09-03 00:04,17,0.491,0.871,-0.5,0.621,-0.346,-0.148,311.439
CND_34,0,2026-09-03 02:04,18,0.491,0.871,2.5,0.628,-0.5,2.873,311.439
CND_34,0,2026-09-03 04:04,19,0.983,1.742,1.5,1.127,0.466,1.893,311.439
CND_34,0,2026-09-03 06:04,20,0.38,-1.362,1.5,0.532,-0.629,1.914,311.439
CND_34,0,2026-09-03 08:04,21,-0.335,-6.7,0.5,-0.176,-2.781,0.935,311.439
CND_34,0,2026-09-03 10:04,22,1.251,-1.854,-5.5,1.418,-0.792,-5.045,311.439
CND_34,0,2026-09-03 12:04,23,0.223,4.467,-2.5,0.398,0.46,-2.024,311.439
CND_34,0,2026-09-03 14:04,24,-0.647,4.958,1.5,-0.465,-0.774,1.997,311.439
CND_34,0,2026-09-03 16:04,25,-0.268,3.596,-1.5,-0.078,0.574,-0.983,311.439
CND_34,0,2026-09-03 18:04,26,0.491,0.871,-0.5,0.689,0.749,0.038,311.439
CND_34,0,2026-09-03 20:04,27,0.491,0.871,-0.5,0.697,0.941,0.059,311.439
CND_34,0,2026-09-03 22:04,28,0.871,-0.491,1.5,1.084,-0.491,2.079,311.439
CND_34,0,2026-09-04 00:04,29,0.491,0.871,1.5,0.712,0.609,2.1,311.439
CND_34,0,2026-09-04 02:04,30,0.491,0.871,-0.5,0.719,0.646,0.121,311.439
CND_34,0,2026-09-04 04:04,31,0.491,0.871,-0.5,0.727,0.197,0.141,311.439
CND_34,0,2026-09-04 06:04,32,0.38,-1.362,1.5,0.623,0.173,2.162,311.439
CND_34,0,2026-09-04 08:04,33,0.38,-1.362,0.5,0.63,1.092,1.183,311.439
CND_34,0,2026-09-04 10:04,34,0.871,-0.491,-3.5,1.129,0.803,-2.797,311.439
CND_34,0,2026-09-04 12:05,35,0.223,4.467,-4.5,0.49,0.197,-3.776,311.439
CND_34,0,2026-09-04 14:05,36,-0.268,3.596,-0.5,0.006,-1.069,0.245,311.439
CND_34,0,2026-09-04 16:04,37,0.223,4.467,-1.5,0.505,-1.602,-0.735,311.439
CND_34,0,2026-09-04 18:03,38,0.491,0.871,-1.5,0.78,1.108,-0.714,311.439
CND_34,0,2026-09-04 20:04,39,0.38,-1.362,-0.5,0.676,-0.884,0.306,311.439
CND_34,0,2026-09-04 22:04,40,0.38,-1.362,2.5,0.684,-1.175,3.327,311.439
CND_34,0,2026-09-05 00:04,41,0.491,0.871,1.5,0.803,0.442,2.348,311.439
CND_34,0,2026-09-05 02:04,42,0.491,0.871,1.5,0.811,0.856,2.368,311.439
CND_34,0,2026-09-05 04:04,43,0.491,0.871,2.5,0.818,0.716,3.389,311.439
CND_34,0,2026-09-05 06:04,44,-0.112,-2.233,4.5,0.223,0.513,5.41,311.439
CND_34,0,2026-09-05 08:04,45,0.156,-5.829,-2.5,0.498,-0.081,-1.57,311.439
CND_34,0,2026-09-05 10:04,46,-0.112,-2.233,-2.5,0.238,-0.135,-1.549,311.439
CND_34,0,2026-09-05 12:04,47,0.0,-0.0,-0.5,0.357,-3.101,0.472,311.439
CND_34,0,2026-09-05 14:05,48,-1.898,6.812,6.5,-1.533,2.668,7.493,311.439
CND_34,0,2026-09-05 16:05,49,0.223,4.467,-2.5,0.596,-0.747,-1.487,311.439
CND_34,0,2026-09-05 18:04,50,1.675,-11.278,-5.5,2.055,-10.098,-4.466,311.439
CND_34,0,2026-09-05 20:06,51,0.38,-1.362,0.5,0.767,-0.114,1.555,311.439
CND_34,0,2026-09-05 22:05,52,0.38,-1.362,0.5,0.775,-0.155,1.575,311.439
CND_34,0,2026-09-06 00:04,53,0.38,-1.362,0.5,0.782,-1.068,1.596,311.439
CND_34,0,2026-09-06 02:04,54,0.871,-0.491,0.5,1.281,-0.154,1.616,311.439
CND_34,0,2026-09-06 04:04,55,-0.491,-0.871,2.5,-0.073,-0.683,3.637,311.439
CND_34,0,2026-09-06 06:04,56,0.38,-1.362,1.5,0.805,-1.05,2.658,311.439
CND_34,0,2026-09-06 08:03,57,0.0,-0.0,0.5,0.433,-0.0,1.678,311.439
CND_34,0,2026-09-06 10:05,58,-0.112,-2.233,1.5,0.329,0.376,2.699,311.439
CND_34,0,2026-09-06 12:04,59,0.491,0.871,-3.5,0.94,0.612,-2.28,311.439
CND_34,0,2026-09-06 14:04,60,-0.491,-0.871,-0.5,-0.035,0.394,0.74,311.439
CND_34,0,2026-09-06 16:04,61,-0.491,-0.871,-0.5,-0.028,-0.032,0.761,311.439
CND_34,0,2026-09-06 18:04,62,-0.112,-2.233,-0.5,0.359,-1.473,0.782,311.439
CND_34,0,2026-09-06 20:05,63,0.0,-0.0,1.5,0.479,1.251,2.803,311.439
CND_34,0,2026-09-06 22:04,64,-0.491,-0.871,2.5,-0.005,-0.024,3.823,311.439
CND_34,0,2026-09-07 00:04,65,0.0,-0.0,2.5,0.494,0.549,3.844,311.439
CND_34,0,2026-09-07 02:04,66,-0.491,-0.871,1.5,0.01,-0.226,2.864,311.439
CND_34,0,2026-09-07 04:04,67,-0.491,-0.871,1.5,0.018,0.394,2.885,311.439
CND_34,0,2026-09-07 06:04,68,0.0,-0.0,0.5,0.517,1.434,1.906,311.439
CND_34,0,2026-09-07 08:04,69,0.759,-2.725,-2.5,1.283,0.917,-1.074,311.439
CND_34,0,2026-09-07 10:04,70,-0.112,-2.233,-2.5,0.42,-1.099,-1.053,311.439
CND_34,0,2026-09-07 12:05,71,0.491,0.871,-4.5,1.031,-1.072,-3.032,311.439
CND_34,0,2026-09-07 14:04,72,-0.759,2.725,1.5,-0.212,-1.333,2.988,311.439
CND_34,0,2026-09-07 18:05,73,-0.491,-0.871,-0.5,0.071,0.483,1.03,311.439
CND_34,0,2026-09-07 20:04,74,-0.491,-0.871,1.5,0.078,0.102,3.05,311.439
CND_34,0,2026-09-07 22:04,75,0.0,-0.0,2.5,0.577,0.637,4.071,311.439
CND_34,0,2026-09-08 00:04,76,0.38,-1.362,1.5,0.965,-0.886,3.092,311.439
CND_34,0,2026-09-08 04:04,78,0.0,-0.0,1.5,0.6,0.079,3.133,311.439
CND_34,0,2026-09-08 06:04,79,0.0,-0.0,0.5,0.608,0.545,2.154,311.439
CND_34,0,2026-09-08 08:05,80,-0.827,-7.571,2.5,-0.211,-1.782,4.174,311.439
CND_34,0,2026-09-08 10:04,81,-0.603,-3.104,-1.5,0.02,-0.355,0.195,311.439
CND_34,0,2026-09-08 12:05,82,-0.603,-3.104,-0.5,0.028,-1.602,1.216,311.439
CND_34,0,2026-09-08 14:04,83,-0.491,-0.871,0.5,0.147,-1.873,2.236,311.439
CND_34,0,2026-09-08 16:04,84,-1.362,-0.38,-0.5,-0.717,1.187,1.257,311.439
CND_34,0,2026-09-08 18:04,85,-0.491,-0.871,0.5,0.162,0.557,2.278,311.439
CND_34,0,2026-09-08 20:04,86,-0.491,-0.871,2.5,0.17,0.367,4.298,311.439
CND_34,0,2026-09-08 22:04,87,-0.491,-0.871,2.5,0.177,0.145,4.319,311.439
CND_34,0,2026-09-09 00:54,88,-0.491,-0.871,2.5,0.188,-0.402,4.348,311.439
CND_34,0,2026-09-09 02:04,89,0.0,-0.0,1.5,0.684,0.466,3.36,311.439
CND_36,0,2026-09-01 14:07,0,-0.178,3.636,0.0,-0.177,2.583,0.001,328.871
CND_36,0,2026-09-01 16:06,1,0.114,0.487,-1.0,0.122,-0.283,-0.978,328.871
CND_36,0,2026-09-01 18:06,2,-0.114,-0.487,1.0,-0.097,-0.487,1.042,328.871
CND_36,0,2026-09-01 20:06,3,-0.114,-0.487,0.0,-0.089,-0.14,0.063,328.871
CND_36,0,2026-09-01 22:06,4,-0.341,-1.461,1.0,-0.309,-1.304,1.084,328.871
CND_36,0,2026-09-02 00:06,5,0.569,2.435,-1.0,0.609,2.435,-0.896,328.871
CND_36,0,2026-09-02 02:06,6,0.114,0.487,1.0,0.162,0.487,1.125,328.871
CND_36,0,2026-09-02 04:06,7,1.542,2.207,-3.0,1.599,1.672,-2.854,328.871
CND_36,0,2026-09-02 06:06,8,0.569,2.435,0.0,0.633,2.018,0.166,328.871
CND_36,0,2026-09-02 08:07,9,0.178,-3.636,2.0,0.251,0.607,2.187,328.871
CND_36,0,2026-09-02 10:07,10,0.341,1.461,-3.0,0.422,2.117,-2.792,328.871
CND_36,0,2026-09-02 12:07,11,0.732,7.531,-3.0,0.82,1.729,-2.772,328.871
CND_36,0,2026-09-02 14:07,12,0.732,7.531,-2.0,0.828,1.729,-1.751,328.871
CND_36,0,2026-09-02 16:06,13,0.277,5.583,-1.0,0.382,0.725,-0.73,328.871
CND_36,0,2026-09-02 18:06,14,1.251,5.356,-5.0,1.363,4.769,-4.71,328.871
CND_36,0,2026-09-03 08:07,21,0.114,0.487,-3.0,0.283,4.625,-2.565,328.871
CND_36,0,2026-09-03 10:07,22,-0.114,-0.487,-1.0,0.063,0.634,-0.544,328.871
CND_36,0,2026-09-03 14:07,24,0.213,9.706,-3.0,0.406,3.653,-2.503,328.871
CND_36,0,2026-09-03 18:06,26,1.023,4.382,-3.0,1.232,4.253,-2.462,328.871
CND_36,0,2026-09-04 10:08,34,0.633,-1.688,-2.0,0.906,-0.322,-1.296,328.871
