Point ID;Time;Hz [dms];V [dms];D [m];PPM Type;PPM;Pressure [mBar];Av Temp [°C];Target Easting [m];Target Northing [m];Target Elevation [m];Station Easting [m];Station Northing [m];Station Height [m];Null Measurement [m];Horz Distance [m]
CND_30002;01/09/2026 14:00;" 289° 14' 45.05991""";"  79° 29' 05.38653""";723.074;Atmos PPM;0;1013.25;11.1012;175417.87;9045868.292;210.932;176089.028;9045633.904;78.939;710.915;710.909
CND_30003;01/09/2026 14:00;" 290° 56' 12.89141""";"  79° 32' 48.72511""";674.096;Atmos PPM;0;1013.25;11.1012;175469.928;9045870.833;201.271;176089.028;9045633.904;78.939;662.894;662.888
CND_30004;01/09/2026 14:00;" 291° 25' 44.00559""";"  79° 53' 00.66676""";637.676;Atmos PPM;0;1013.25;11.1012;175504.699;9045863.297;190.974;176089.028;9045633.904;78.939;627.75;627.743
CND_170_1;01/09/2026 14:00;" 298° 32' 43.07758""";"  79° 40' 28.47661""";508.768;Atmos PPM;0;1013.25;11.1012;175649.375;9045873.114;170.147;176089.028;9045633.904;78.939;500.548;500.516
CND_190_3;01/09/2026 14:00;" 298° 34' 31.08967""";"  78° 59' 19.16912""";594.723;Atmos PPM;0;1013.25;11.1012;175576.403;9045913.166;192.556;176089.028;9045633.904;78.939;583.897;583.757
CND_180_2;01/09/2026 14:01;" 299° 00' 00.41561""";"  79° 34' 29.12112""";553.867;Atmos PPM;0;1013.25;11.1012;175612.638;9045898.025;179.183;176089.028;9045633.904;78.939;544.768;544.709
CND_210_3;01/09/2026 14:01;" 302° 54' 00.10202""";"  78° 03' 50.42103""";629.475;Atmos PPM;0;1013.25;11.1012;175571.98;9045968.46;209.152;176089.028;9045633.904;78.939;616.02;615.846
CND_200_8;01/09/2026 14:01;" 303° 25' 03.05311""";"  78° 15' 54.13098""";598.442;Atmos PPM;0;1013.25;11.1012;175600.003;9045956.63;200.677;176089.028;9045633.904;78.939;586.05;585.916
CND_200_3;01/09/2026 14:01;" 303° 25' 02.25462""";"  78° 15' 56.79391""";598.442;Atmos PPM;0;1013.25;11.1012;175600;9045956.63;200.669;176089.028;9045633.904;78.939;586.052;585.918
CND_190_4;01/09/2026 14:01;" 304° 23' 45.59461""";"  78° 35' 23.37944""";568.32;Atmos PPM;0;1013.25;11.1012;175629.385;9045948.638;191.392;176089.028;9045633.904;78.939;557.187;557.072
CND_200_4;01/09/2026 14:01;" 309° 33' 59.67924""";"  77° 58' 12.99230""";577.866;Atmos PPM;0;1013.25;11.1012;175653.386;9045993.933;199.399;176089.028;9045633.904;78.939;565.267;565.159
CND_1602;01/09/2026 14:01;" 310° 59' 40.80785""";"  79° 10' 46.73469""";381.651;Atmos PPM;0;1013.25;11.1012;175806.118;9045879.83;150.596;176089.028;9045633.904;78.939;394.845;374.857
CND_1505;01/09/2026 14:01;" 310° 59' 43.29165""";"  79° 10' 45.37001""";381.651;Atmos PPM;0;1013.25;11.1012;175806.121;9045879.833;150.599;176089.028;9045633.904;78.939;374.89;374.856
CND_210_4;01/09/2026 14:02;" 311° 21' 24.19443""";"  77° 25' 48.54114""";600.883;Atmos PPM;0;1013.25;11.1012;175648.856;9046021.444;209.733;176089.028;9045633.904;78.939;586.567;586.463
CND_190_5;01/09/2026 14:02;" 312° 12' 19.41605""";"  78° 10' 58.33940""";542.241;Atmos PPM;0;1013.25;11.1012;175695.922;9045990.479;190.003;176089.028;9045633.904;78.939;530.796;530.734
CND_25;01/09/2026 14:02;" 313° 23' 16.48764""";"  82° 24' 42.79639""";237.061;Atmos PPM;0;1013.25;11.1012;175918.277;9045795.335;110.247;176089.028;9045633.904;78.939;235.096;234.981
CND_29;01/09/2026 14:02;" 313° 30' 22.67672""";"  80° 52' 45.58912""";264.294;Atmos PPM;0;1013.25;11.1012;175899.778;9045813.566;120.838;176089.028;9045633.904;78.939;261.111;260.948
CND_200_5;01/09/2026 14:02;" 316° 06' 23.33520""";"  77° 35' 24.48234""";562.271;Atmos PPM;0;1013.25;11.1012;175708.347;9046029.647;199.794;176089.028;9045633.904;78.939;549.185;549.117
CND_1401;01/09/2026 14:02;" 317° 46' 11.93941""";"  79° 41' 09.74415""";345.465;Atmos PPM;0;1013.25;11.1012;175860.616;9045885.585;140.8;176089.028;9045633.904;78.939;340.026;339.875
CND_1603;01/09/2026 14:03;" 320° 45' 22.27309""";"  78° 43' 35.09244""";370.088;Atmos PPM;0;1013.25;11.1012;175859.449;9045915.006;151.298;176089.028;9045633.904;78.939;389.496;362.939
CND_1504;01/09/2026 14:03;" 320° 45' 20.27816""";"  78° 43' 34.49928""";370.088;Atmos PPM;0;1013.25;11.1012;175859.446;9045915.003;151.299;176089.028;9045633.904;78.939;362.974;362.939
CND_210_5;01/09/2026 14:03;" 320° 50' 22.85273""";"  77° 01' 21.73265""";587.6;Atmos PPM;0;1013.25;11.1012;175727.49;9046077.898;210.916;176089.028;9045633.904;78.939;572.641;572.574
CND_190_6;01/09/2026 14:03;" 321° 21' 23.02224""";"  77° 52' 43.18981""";529.234;Atmos PPM;0;1013.25;11.1012;175765.947;9046038.06;190.087;176089.028;9045633.904;78.939;517.464;517.42
CND_26;01/09/2026 14:03;" 321° 48' 35.99417""";"  82° 11' 24.68770""";231.313;Atmos PPM;0;1013.25;11.1012;175947.358;9045814.031;110.375;176089.028;9045633.904;78.939;229.307;229.164
CND_30;01/09/2026 14:03;" 323° 47' 11.72905""";"  80° 41' 07.03020""";257.39;Atmos PPM;0;1013.25;11.1012;175938.989;9045838.843;120.604;176089.028;9045633.904;78.939;254.209;253.992
CND_1402;01/09/2026 14:04;" 325° 03' 27.96499""";"  79° 32' 24.79039""";340.051;Atmos PPM;0;1013.25;11.1012;175897.528;9045908.032;140.681;176089.028;9045633.904;78.939;334.538;334.393
CND_200_6;01/09/2026 14:04;" 325° 15' 03.34350""";"  77° 24' 57.49019""";553.593;Atmos PPM;0;1013.25;11.1012;175781.116;9046077.853;199.571;176089.028;9045633.904;78.939;540.325;540.278
CND_210_6;01/09/2026 14:04;" 328° 34' 38.11737""";"  76° 54' 32.65635""";582.158;Atmos PPM;0;1013.25;11.1012;175793.459;9046117.784;210.818;176089.028;9045633.904;78.939;567.059;567.011
CND_1503;01/09/2026 14:04;" 328° 44' 16.09211""";"  78° 43' 00.56399""";367.859;Atmos PPM;0;1013.25;11.1012;175901.846;9045942.282;150.923;176089.028;9045633.904;78.939;360.776;360.741
CND_34;01/09/2026 14:04;" 330° 33' 54.49591""";"  80° 30' 51.49602""";315.764;Atmos PPM;0;1013.25;11.1012;175935.999;9045905.155;130.984;176089.028;9045633.904;78.939;311.606;311.44
CND_200_7;01/09/2026 14:04;" 332° 03' 29.51642""";"  77° 26' 36.20472""";554.823;Atmos PPM;0;1013.25;11.1012;175835.318;9046112.332;199.58;176089.028;9045633.904;78.939;541.571;541.537
CND_1604;01/09/2026 14:04;" 332° 27' 34.16186""";"  78° 10' 03.85814""";397.115;Atmos PPM;0;1013.25;11.1012;175909.347;9045978.545;160.377;176089.028;9045633.904;78.939;388.706;388.668
CND_27;01/09/2026 14:05;" 332° 40' 52.14918""";"  82° 13' 59.66286""";231.131;Atmos PPM;0;1013.25;11.1012;175983.944;9045837.378;110.178;176089.028;9045633.904;78.939;229.13;229.007
CND_22;01/09/2026 14:05;" 334° 37' 10.64519""";"  80° 44' 19.80519""";259.96;Atmos PPM;0;1013.25;11.1012;175979.077;9045865.717;120.78;176089.028;9045633.904;78.939;256.724;256.566
CND_1403;01/09/2026 14:05;" 335° 13' 49.87724""";"  79° 30' 34.85355""";347.085;Atmos PPM;0;1013.25;11.1012;175946.07;9045943.795;142.141;176089.028;9045633.904;78.939;341.371;341.276
CND_210_7;01/09/2026 14:05;" 337° 51' 18.10253""";"  77° 09' 31.13899""";585;Atmos PPM;0;1013.25;11.1012;175874.078;9046162.2;208.979;176089.028;9045633.904;78.939;570.387;570.351
CND_14;01/09/2026 14:07;" 345° 49' 39.04804""";"  85° 42' 40.52134""";155.674;Atmos PPM;0;1013.25;11.1012;176051.033;9045784.418;90.582;176089.028;9045633.904;78.939;155.246;155.236
CND_36;01/09/2026 14:07;" 346° 51' 01.07295""";"  80° 56' 12.80538""";333.035;Atmos PPM;0;1013.25;11.1012;176014.238;9045954.158;131.407;176089.028;9045633.904;78.939;328.884;328.871
CND_1803;01/09/2026 14:07;" 348° 01' 16.14551""";"  78° 12' 07.83457""";498.574;Atmos PPM;0;1013.25;11.1012;175987.778;9046111.314;180.893;176089.028;9045633.904;78.939;488.054;488.028
CND_23;01/09/2026 14:08;" 348° 36' 43.89579""";"  78° 49' 26.07431""";391.406;Atmos PPM;0;1013.25;11.1012;176013.244;9046010.326;154.814;176089.028;9045633.904;78.939;383.951;383.975
CND_1901;01/09/2026 14:08;" 350° 13' 35.86094""";"  77° 55' 47.09487""";536.182;Atmos PPM;0;1013.25;11.1012;176000.069;9046150.615;191.079;176089.028;9045633.904;78.939;524.343;524.313
CND_20;01/09/2026 14:08;" 359° 04' 41.92632""";"  83° 57' 00.95263""";203.552;Atmos PPM;0;1013.25;11.1012;176085.789;9045836.294;100.395;176089.028;9045633.904;78.939;202.449;202.415
CND_18;01/09/2026 14:08;"   0° 50' 53.73510""";"  86° 10' 53.97575""";178.314;Atmos PPM;0;1013.25;11.1012;176091.677;9045811.8;90.816;176089.028;9045633.904;78.939;177.925;177.915
CND_17;01/09/2026 14:08;"  11° 43' 25.88406""";"  86° 38' 50.91778""";208.078;Atmos PPM;0;1013.25;11.1012;176131.253;9045837.286;91.11;176089.028;9045633.904;78.939;207.753;207.719
CND_30002;01/09/2026 16:00;" 289° 14' 43.75122""";"  79° 28' 59.98394""";723.075;Atmos PPM;0;1013.25;11.1012;175417.871;9045868.287;210.95;176089.028;9045633.904;78.939;710.915;710.906
CND_30003;01/09/2026 16:00;" 290° 56' 14.09345""";"  79° 32' 49.43807""";674.096;Atmos PPM;0;1013.25;11.1012;175469.928;9045870.836;201.269;176089.028;9045633.904;78.939;662.894;662.889
CND_30004;01/09/2026 16:00;" 291° 25' 44.12201""";"  79° 52' 58.90552""";637.676;Atmos PPM;0;1013.25;11.1012;175504.7;9045863.297;190.979;176089.028;9045633.904;78.939;627.75;627.743
CND_170_1;01/09/2026 16:00;" 298° 32' 40.22198""";"  79° 40' 27.34563""";508.768;Atmos PPM;0;1013.25;11.1012;175649.372;9045873.108;170.15;176089.028;9045633.904;78.939;500.548;500.516
CND_190_3;01/09/2026 16:00;" 298° 34' 29.72696""";"  78° 59' 19.36805""";594.723;Atmos PPM;0;1013.25;11.1012;175576.4;9045913.163;192.556;176089.028;9045633.904;78.939;583.897;583.757
CND_180_2;01/09/2026 16:01;" 298° 59' 58.65880""";"  79° 34' 23.00620""";553.867;Atmos PPM;0;1013.25;11.1012;175612.638;9045898.02;179.199;176089.028;9045633.904;78.939;544.768;544.706
CND_210_3;01/09/2026 16:01;" 302° 53' 58.31717""";"  78° 03' 49.39559""";629.475;Atmos PPM;0;1013.25;11.1012;175571.977;9045968.455;209.155;176089.028;9045633.904;78.939;616.02;615.846
CND_200_3;01/09/2026 16:01;" 303° 25' 02.59584""";"  78° 15' 51.86671""";598.442;Atmos PPM;0;1013.25;11.1012;175600.003;9045956.629;200.683;176089.028;9045633.904;78.939;586.052;585.915
CND_200_8;01/09/2026 16:01;" 303° 25' 01.19631""";"  78° 15' 51.74522""";598.443;Atmos PPM;0;1013.25;11.1012;175600.001;9045956.626;200.683;176089.028;9045633.904;78.939;586.05;585.915
CND_190_4;01/09/2026 16:01;" 304° 23' 46.12584""";"  78° 35' 21.25511""";568.321;Atmos PPM;0;1013.25;11.1012;175629.387;9045948.639;191.398;176089.028;9045633.904;78.939;557.187;557.071
CND_200_4;01/09/2026 16:01;" 309° 34' 02.25782""";"  77° 58' 10.03516""";577.866;Atmos PPM;0;1013.25;11.1012;175653.392;9045993.937;199.407;176089.028;9045633.904;78.939;565.267;565.157
CND_1602;01/09/2026 16:01;" 310° 59' 41.92882""";"  79° 10' 44.28294""";381.651;Atmos PPM;0;1013.25;11.1012;175806.12;9045879.831;150.601;176089.028;9045633.904;78.939;394.845;374.856
CND_1505;01/09/2026 16:01;" 310° 59' 42.72144""";"  79° 10' 45.08568""";381.651;Atmos PPM;0;1013.25;11.1012;175806.121;9045879.832;150.599;176089.028;9045633.904;78.939;374.89;374.856
CND_210_4;01/09/2026 16:01;" 311° 21' 24.12336""";"  77° 25' 46.43727""";600.884;Atmos PPM;0;1013.25;11.1012;175648.857;9046021.443;209.739;176089.028;9045633.904;78.939;586.567;586.462
CND_190_5;01/09/2026 16:02;" 312° 12' 18.28389""";"  78° 10' 51.32845""";542.241;Atmos PPM;0;1013.25;11.1012;175695.922;9045990.475;190.021;176089.028;9045633.904;78.939;530.796;530.73
CND_25;01/09/2026 16:02;" 313° 23' 17.15058""";"  82° 24' 40.76809""";237.061;Atmos PPM;0;1013.25;11.1012;175918.277;9045795.335;110.249;176089.028;9045633.904;78.939;235.096;234.98
CND_29;01/09/2026 16:02;" 313° 30' 25.89407""";"  80° 52' 42.00364""";264.294;Atmos PPM;0;1013.25;11.1012;175899.782;9045813.568;120.843;176089.028;9045633.904;78.939;261.111;260.947
CND_200_5;01/09/2026 16:02;" 316° 06' 23.18014""";"  77° 35' 25.02576""";562.271;Atmos PPM;0;1013.25;11.1012;175708.347;9046029.646;199.792;176089.028;9045633.904;78.939;549.185;549.117
CND_1401;01/09/2026 16:02;" 317° 46' 09.95793""";"  79° 41' 10.21945""";345.465;Atmos PPM;0;1013.25;11.1012;175860.614;9045885.583;140.799;176089.028;9045633.904;78.939;340.026;339.875
CND_1504;01/09/2026 16:02;" 320° 45' 21.97375""";"  78° 43' 30.51903""";370.088;Atmos PPM;0;1013.25;11.1012;175859.449;9045915.004;151.306;176089.028;9045633.904;78.939;362.974;362.938
CND_1603;01/09/2026 16:02;" 320° 45' 22.44790""";"  78° 43' 29.36362""";370.088;Atmos PPM;0;1013.25;11.1012;175859.45;9045915.004;151.308;176089.028;9045633.904;78.939;389.496;362.937
CND_210_5;01/09/2026 16:03;" 320° 50' 23.12871""";"  77° 01' 22.29321""";587.599;Atmos PPM;0;1013.25;11.1012;175727.49;9046077.898;210.914;176089.028;9045633.904;78.939;572.641;572.574
CND_190_6;01/09/2026 16:03;" 321° 21' 23.56136""";"  77° 52' 42.42797""";529.234;Atmos PPM;0;1013.25;11.1012;175765.948;9046038.061;190.089;176089.028;9045633.904;78.939;517.464;517.42
CND_26;01/09/2026 16:03;" 321° 48' 33.71486""";"  82° 11' 23.33911""";231.314;Atmos PPM;0;1013.25;11.1012;175947.356;9045814.029;110.376;176089.028;9045633.904;78.939;229.307;229.164
CND_30;01/09/2026 16:03;" 323° 47' 11.83102""";"  80° 41' 07.40422""";257.39;Atmos PPM;0;1013.25;11.1012;175938.989;9045838.843;120.603;176089.028;9045633.904;78.939;254.209;253.992
CND_1402;01/09/2026 16:03;" 325° 03' 30.05912""";"  79° 32' 26.91564""";340.051;Atmos PPM;0;1013.25;11.1012;175897.53;9045908.035;140.678;176089.028;9045633.904;78.939;334.538;334.393
CND_200_6;01/09/2026 16:03;" 325° 15' 02.45989""";"  77° 24' 57.15597""";553.594;Atmos PPM;0;1013.25;11.1012;175781.114;9046077.852;199.572;176089.028;9045633.904;78.939;540.325;540.279
CND_210_6;01/09/2026 16:03;" 328° 34' 39.41606""";"  76° 54' 33.89060""";582.158;Atmos PPM;0;1013.25;11.1012;175793.461;9046117.787;210.815;176089.028;9045633.904;78.939;567.059;567.011
CND_1503;01/09/2026 16:03;" 328° 44' 15.99158""";"  78° 43' 01.81275""";367.859;Atmos PPM;0;1013.25;11.1012;175901.845;9045942.282;150.92;176089.028;9045633.904;78.939;360.776;360.742
CND_34;01/09/2026 16:03;" 330° 33' 55.70379""";"  80° 30' 48.85146""";315.764;Atmos PPM;0;1013.25;11.1012;175936.001;9045905.155;130.988;176089.028;9045633.904;78.939;311.606;311.439
CND_200_7;01/09/2026 16:04;" 332° 03' 32.02784""";"  77° 26' 32.52739""";554.824;Atmos PPM;0;1013.25;11.1012;175835.325;9046112.334;199.59;176089.028;9045633.904;78.939;541.571;541.535
CND_1604;01/09/2026 16:04;" 332° 27' 35.40944""";"  78° 10' 05.03718""";397.115;Atmos PPM;0;1013.25;11.1012;175909.348;9045978.547;160.375;176089.028;9045633.904;78.939;388.706;388.669
CND_27;01/09/2026 16:04;" 332° 40' 56.14576""";"  82° 13' 54.99673""";231.131;Atmos PPM;0;1013.25;11.1012;175983.949;9045837.38;110.183;176089.028;9045633.904;78.939;229.13;229.006
CND_22;01/09/2026 16:04;" 334° 37' 11.09604""";"  80° 44' 18.78424""";259.96;Atmos PPM;0;1013.25;11.1012;175979.077;9045865.717;120.781;176089.028;9045633.904;78.939;256.724;256.566
CND_210_7;01/09/2026 16:04;" 337° 51' 17.58096""";"  77° 09' 29.63485""";585;Atmos PPM;0;1013.25;11.1012;175874.077;9046162.199;208.983;176089.028;9045633.904;78.939;570.387;570.35
CND_14;01/09/2026 16:06;" 345° 49' 43.28161""";"  85° 42' 30.40458""";155.673;Atmos PPM;0;1013.25;11.1012;176051.036;9045784.418;90.59;176089.028;9045633.904;78.939;155.246;155.235
CND_36;01/09/2026 16:06;" 346° 51' 02.67407""";"  80° 56' 13.69076""";333.035;Atmos PPM;0;1013.25;11.1012;176014.241;9045954.159;131.406;176089.028;9045633.904;78.939;328.884;328.871
CND_1803;01/09/2026 16:06;" 348° 01' 16.74303""";"  78° 12' 07.88956""";498.573;Atmos PPM;0;1013.25;11.1012;175987.779;9046111.314;180.893;176089.028;9045633.904;78.939;488.054;488.028
CND_23;01/09/2026 16:06;" 348° 36' 45.27123""";"  78° 49' 28.06060""";391.407;Atmos PPM;0;1013.25;11.1012;176013.247;9046010.328;154.81;176089.028;9045633.904;78.939;383.951;383.976
CND_20;01/09/2026 16:06;" 359° 04' 43.71283""";"  83° 57' 02.10976""";203.552;Atmos PPM;0;1013.25;11.1012;176085.791;9045836.294;100.393;176089.028;9045633.904;78.939;202.449;202.415
CND_18;01/09/2026 16:06;"   0° 50' 58.31685""";"  86° 10' 42.78890""";178.314;Atmos PPM;0;1013.25;11.1012;176091.681;9045811.799;90.825;176089.028;9045633.904;78.939;177.925;177.915
CND_17;01/09/2026 16:07;"  11° 43' 27.87824""";"  86° 38' 50.94755""";208.078;Atmos PPM;0;1013.25;11.1012;176131.255;9045837.286;91.11;176089.028;9045633.904;78.939;207.753;207.719
CND_30002;01/09/2026 18:00;" 289° 14' 44.32073""";"  79° 29' 00.51453""";723.075;Atmos PPM;0;1013.25;11.1012;175417.871;9045868.289;210.949;176089.028;9045633.904;78.939;710.915;710.906
CND_30003;01/09/2026 18:00;" 290° 56' 13.59851""";"  79° 32' 49.09706""";674.096;Atmos PPM;0;1013.25;11.1012;175469.928;9045870.835;201.27;176089.028;9045633.904;78.939;662.894;662.889
CND_30004;01/09/2026 18:00;" 291° 25' 44.42935""";"  79° 52' 56.24991""";637.676;Atmos PPM;0;1013.25;11.1012;175504.701;9045863.298;190.987;176089.028;9045633.904;78.939;627.75;627.742
CND_170_1;01/09/2026 18:00;" 298° 32' 40.91459""";"  79° 40' 26.19620""";508.768;Atmos PPM;0;1013.25;11.1012;175649.373;9045873.11;170.153;176089.028;9045633.904;78.939;500.548;500.515
CND_190_3;01/09/2026 18:00;" 298° 34' 30.25468""";"  78° 59' 19.89652""";594.723;Atmos PPM;0;1013.25;11.1012;175576.401;9045913.164;192.554;176089.028;9045633.904;78.939;583.897;583.758
CND_180_2;01/09/2026 18:01;" 298° 59' 59.18070""";"  79° 34' 23.38294""";553.867;Atmos PPM;0;1013.25;11.1012;175612.639;9045898.021;179.198;176089.028;9045633.904;78.939;544.768;544.706
CND_210_3;01/09/2026 18:01;" 302° 54' 00.18175""";"  78° 03' 48.30122""";629.476;Atmos PPM;0;1013.25;11.1012;175571.981;9045968.459;209.159;176089.028;9045633.904;78.939;616.02;615.845
CND_200_8;01/09/2026 18:01;" 303° 25' 04.08653""";"  78° 15' 52.22223""";598.442;Atmos PPM;0;1013.25;11.1012;175600.005;9045956.632;200.682;176089.028;9045633.904;78.939;586.05;585.915
CND_200_3;01/09/2026 18:01;" 303° 25' 03.47239""";"  78° 15' 52.02264""";598.443;Atmos PPM;0;1013.25;11.1012;175600.004;9045956.631;200.683;176089.028;9045633.904;78.939;586.052;585.915
CND_190_4;01/09/2026 18:01;" 304° 23' 46.96299""";"  78° 35' 20.35962""";568.321;Atmos PPM;0;1013.25;11.1012;175629.388;9045948.641;191.4;176089.028;9045633.904;78.939;557.187;557.071
CND_200_4;01/09/2026 18:01;" 309° 34' 03.87057""";"  77° 58' 10.25717""";577.866;Atmos PPM;0;1013.25;11.1012;175653.394;9045993.941;199.407;176089.028;9045633.904;78.939;565.267;565.158
CND_1602;01/09/2026 18:01;" 310° 59' 42.35655""";"  79° 10' 44.06277""";381.651;Atmos PPM;0;1013.25;11.1012;175806.12;9045879.832;150.601;176089.028;9045633.904;78.939;394.845;374.856
CND_1505;01/09/2026 18:01;" 310° 59' 42.32993""";"  79° 10' 43.92686""";381.651;Atmos PPM;0;1013.25;11.1012;175806.121;9045879.831;150.601;176089.028;9045633.904;78.939;374.89;374.856
CND_210_4;01/09/2026 18:02;" 311° 21' 24.17055""";"  77° 25' 45.70755""";600.884;Atmos PPM;0;1013.25;11.1012;175648.857;9046021.443;209.741;176089.028;9045633.904;78.939;586.567;586.461
CND_190_5;01/09/2026 18:02;" 312° 12' 18.88166""";"  78° 10' 51.67295""";542.241;Atmos PPM;0;1013.25;11.1012;175695.923;9045990.476;190.02;176089.028;9045633.904;78.939;530.796;530.73
CND_25;01/09/2026 18:02;" 313° 23' 17.81829""";"  82° 24' 39.27281""";237.061;Atmos PPM;0;1013.25;11.1012;175918.278;9045795.336;110.251;176089.028;9045633.904;78.939;235.096;234.98
CND_29;01/09/2026 18:02;" 313° 30' 25.47613""";"  80° 52' 41.92040""";264.294;Atmos PPM;0;1013.25;11.1012;175899.781;9045813.568;120.843;176089.028;9045633.904;78.939;261.111;260.947
CND_200_5;01/09/2026 18:02;" 316° 06' 24.25781""";"  77° 35' 23.76851""";562.271;Atmos PPM;0;1013.25;11.1012;175708.349;9046029.648;199.796;176089.028;9045633.904;78.939;549.185;549.117
CND_1401;01/09/2026 18:02;" 317° 46' 10.90795""";"  79° 41' 09.05868""";345.465;Atmos PPM;0;1013.25;11.1012;175860.615;9045885.584;140.801;176089.028;9045633.904;78.939;340.026;339.875
CND_1603;01/09/2026 18:02;" 320° 45' 22.64356""";"  78° 43' 30.17719""";370.089;Atmos PPM;0;1013.25;11.1012;175859.45;9045915.005;151.307;176089.028;9045633.904;78.939;389.496;362.938
CND_1504;01/09/2026 18:03;" 320° 45' 22.10345""";"  78° 43' 30.08723""";370.089;Atmos PPM;0;1013.25;11.1012;175859.449;9045915.004;151.307;176089.028;9045633.904;78.939;362.974;362.937
CND_210_5;01/09/2026 18:03;" 320° 50' 25.08892""";"  77° 01' 21.43210""";587.599;Atmos PPM;0;1013.25;11.1012;175727.495;9046077.902;210.917;176089.028;9045633.904;78.939;572.641;572.573
CND_190_6;01/09/2026 18:03;" 321° 21' 23.18864""";"  77° 52' 41.55152""";529.235;Atmos PPM;0;1013.25;11.1012;175765.947;9046038.06;190.092;176089.028;9045633.904;78.939;517.464;517.42
CND_26;01/09/2026 18:03;" 321° 48' 35.48580""";"  82° 11' 22.93876""";231.314;Atmos PPM;0;1013.25;11.1012;175947.358;9045814.031;110.377;176089.028;9045633.904;78.939;229.307;229.164
CND_30;01/09/2026 18:03;" 323° 47' 12.42868""";"  80° 41' 06.33035""";257.39;Atmos PPM;0;1013.25;11.1012;175938.989;9045838.843;120.605;176089.028;9045633.904;78.939;254.209;253.991
CND_1402;01/09/2026 18:03;" 325° 03' 30.44161""";"  79° 32' 25.89293""";340.051;Atmos PPM;0;1013.25;11.1012;175897.531;9045908.035;140.68;176089.028;9045633.904;78.939;334.538;334.393
CND_200_6;01/09/2026 18:03;" 325° 15' 03.76634""";"  77° 24' 56.89108""";553.594;Atmos PPM;0;1013.25;11.1012;175781.117;9046077.854;199.573;176089.028;9045633.904;78.939;540.325;540.279
CND_210_6;01/09/2026 18:03;" 328° 34' 39.55963""";"  76° 54' 33.67980""";582.158;Atmos PPM;0;1013.25;11.1012;175793.462;9046117.787;210.815;176089.028;9045633.904;78.939;567.059;567.011
CND_1503;01/09/2026 18:04;" 328° 44' 17.08284""";"  78° 43' 01.83580""";367.86;Atmos PPM;0;1013.25;11.1012;175901.847;9045942.284;150.921;176089.028;9045633.904;78.939;360.776;360.742
CND_34;01/09/2026 18:04;" 330° 33' 55.81128""";"  80° 30' 48.21130""";315.764;Atmos PPM;0;1013.25;11.1012;175936.001;9045905.156;130.989;176089.028;9045633.904;78.939;311.606;311.44
CND_200_7;01/09/2026 18:04;" 332° 03' 31.97803""";"  77° 26' 33.86841""";554.824;Atmos PPM;0;1013.25;11.1012;175835.324;9046112.334;199.586;176089.028;9045633.904;78.939;541.571;541.536
CND_1604;01/09/2026 18:04;" 332° 27' 38.24538""";"  78° 10' 05.75570""";397.115;Atmos PPM;0;1013.25;11.1012;175909.353;9045978.549;160.373;176089.028;9045633.904;78.939;388.706;388.669
CND_27;01/09/2026 18:04;" 332° 40' 56.30671""";"  82° 13' 54.78703""";231.131;Atmos PPM;0;1013.25;11.1012;175983.949;9045837.38;110.183;176089.028;9045633.904;78.939;229.13;229.006
CND_22;01/09/2026 18:04;" 334° 37' 12.94059""";"  80° 44' 18.19516""";259.96;Atmos PPM;0;1013.25;11.1012;175979.079;9045865.718;120.782;176089.028;9045633.904;78.939;256.724;256.566
CND_210_7;01/09/2026 18:05;" 337° 51' 17.98517""";"  77° 09' 30.26984""";585.001;Atmos PPM;0;1013.25;11.1012;175874.077;9046162.201;208.982;176089.028;9045633.904;78.939;570.387;570.352
CND_14;01/09/2026 18:06;" 345° 49' 43.80978""";"  85° 42' 28.84281""";155.673;Atmos PPM;0;1013.25;11.1012;176051.036;9045784.418;90.591;176089.028;9045633.904;78.939;155.246;155.235
CND_36;01/09/2026 18:06;" 346° 51' 03.29808""";"  80° 56' 12.01750""";333.035;Atmos PPM;0;1013.25;11.1012;176014.242;9045954.159;131.408;176089.028;9045633.904;78.939;328.884;328.871
CND_1803;01/09/2026 18:06;" 348° 01' 15.40856""";"  78° 12' 07.01328""";498.574;Atmos PPM;0;1013.25;11.1012;175987.776;9046111.313;180.895;176089.028;9045633.904;78.939;488.054;488.028
CND_23;01/09/2026 18:06;" 348° 36' 43.84735""";"  78° 49' 28.94983""";391.407;Atmos PPM;0;1013.25;11.1012;176013.244;9046010.328;154.808;176089.028;9045633.904;78.939;383.951;383.976
CND_1901;01/09/2026 18:06;" 350° 13' 38.78865""";"  77° 55' 46.28227""";536.182;Atmos PPM;0;1013.25;11.1012;176000.076;9046150.616;191.081;176089.028;9045633.904;78.939;524.343;524.313
CND_20;01/09/2026 18:07;" 359° 04' 45.11103""";"  83° 57' 01.72780""";203.552;Atmos PPM;0;1013.25;11.1012;176085.792;9045836.294;100.394;176089.028;9045633.904;78.939;202.449;202.415
CND_18;01/09/2026 18:07;"   0° 50' 58.98194""";"  86° 10' 42.23704""";178.314;Atmos PPM;0;1013.25;11.1012;176091.682;9045811.799;90.826;176089.028;9045633.904;78.939;177.925;177.915
CND_17;01/09/2026 18:07;"  11° 43' 28.25722""";"  86° 38' 49.70750""";208.078;Atmos PPM;0;1013.25;11.1012;176131.255;9045837.286;91.111;176089.028;9045633.904;78.939;207.753;207.719
CND_30002;01/09/2026 20:00;" 289° 14' 44.15974""";"  79° 29' 00.29550""";723.075;Atmos PPM;0;1013.25;11.1012;175417.871;9045868.288;210.949;176089.028;9045633.904;78.939;710.915;710.906
CND_30003;01/09/2026 20:00;" 290° 56' 13.82214""";"  79° 32' 49.82317""";674.096;Atmos PPM;0;1013.25;11.1012;175469.927;9045870.836;201.268;176089.028;9045633.904;78.939;662.894;662.889
CND_30004;01/09/2026 20:00;" 291° 25' 44.61485""";"  79° 52' 56.91783""";637.677;Atmos PPM;0;1013.25;11.1012;175504.701;9045863.298;190.985;176089.028;9045633.904;78.939;627.75;627.742
CND_170_1;01/09/2026 20:00;" 298° 32' 41.63375""";"  79° 40' 26.91611""";508.768;Atmos PPM;0;1013.25;11.1012;175649.374;9045873.111;170.151;176089.028;9045633.904;78.939;500.548;500.515
CND_190_3;01/09/2026 20:01;" 298° 34' 30.68867""";"  78° 59' 19.95462""";594.723;Atmos PPM;0;1013.25;11.1012;175576.402;9045913.165;192.554;176089.028;9045633.904;78.939;583.897;583.758
CND_180_2;01/09/2026 20:01;" 299° 00' 00.21539""";"  79° 34' 22.61667""";553.867;Atmos PPM;0;1013.25;11.1012;175612.64;9045898.023;179.2;176089.028;9045633.904;78.939;544.768;544.706
CND_210_3;01/09/2026 20:01;" 302° 53' 59.57694""";"  78° 03' 48.74230""";629.475;Atmos PPM;0;1013.25;11.1012;175571.98;9045968.458;209.157;176089.028;9045633.904;78.939;616.02;615.845
CND_200_3;01/09/2026 20:01;" 303° 25' 02.94701""";"  78° 15' 51.70804""";598.442;Atmos PPM;0;1013.25;11.1012;175600.004;9045956.63;200.683;176089.028;9045633.904;78.939;586.052;585.915
CND_200_8;01/09/2026 20:01;" 303° 25' 03.48331""";"  78° 15' 51.93064""";598.443;Atmos PPM;0;1013.25;11.1012;175600.004;9045956.631;200.683;176089.028;9045633.904;78.939;586.05;585.915
CND_190_4;01/09/2026 20:01;" 304° 23' 46.70515""";"  78° 35' 20.59163""";568.321;Atmos PPM;0;1013.25;11.1012;175629.388;9045948.64;191.399;176089.028;9045633.904;78.939;557.187;557.071
CND_200_4;01/09/2026 20:01;" 309° 34' 03.31567""";"  77° 58' 10.62787""";577.866;Atmos PPM;0;1013.25;11.1012;175653.393;9045993.94;199.406;176089.028;9045633.904;78.939;565.267;565.158
CND_1505;01/09/2026 20:01;" 310° 59' 42.70513""";"  79° 10' 43.89208""";381.651;Atmos PPM;0;1013.25;11.1012;175806.121;9045879.832;150.601;176089.028;9045633.904;78.939;374.89;374.856
CND_1602;01/09/2026 20:02;" 310° 59' 43.17375""";"  79° 10' 45.26766""";381.651;Atmos PPM;0;1013.25;11.1012;175806.121;9045879.833;150.599;176089.028;9045633.904;78.939;394.845;374.857
CND_210_4;01/09/2026 20:02;" 311° 21' 24.18223""";"  77° 25' 46.58662""";600.884;Atmos PPM;0;1013.25;11.1012;175648.856;9046021.443;209.738;176089.028;9045633.904;78.939;586.567;586.462
CND_190_5;01/09/2026 20:02;" 312° 12' 19.06219""";"  78° 10' 51.44010""";542.241;Atmos PPM;0;1013.25;11.1012;175695.924;9045990.476;190.021;176089.028;9045633.904;78.939;530.796;530.73
CND_25;01/09/2026 20:02;" 313° 23' 17.06925""";"  82° 24' 39.73592""";237.061;Atmos PPM;0;1013.25;11.1012;175918.277;9045795.335;110.25;176089.028;9045633.904;78.939;235.096;234.98
CND_29;01/09/2026 20:02;" 313° 30' 25.61140""";"  80° 52' 42.65218""";264.294;Atmos PPM;0;1013.25;11.1012;175899.781;9045813.568;120.842;176089.028;9045633.904;78.939;261.111;260.947
CND_200_5;01/09/2026 20:02;" 316° 06' 24.16652""";"  77° 35' 26.09551""";562.271;Atmos PPM;0;1013.25;11.1012;175708.348;9046029.649;199.789;176089.028;9045633.904;78.939;549.185;549.118
CND_1401;01/09/2026 20:02;" 317° 46' 11.13017""";"  79° 41' 09.99846""";345.465;Atmos PPM;0;1013.25;11.1012;175860.615;9045885.584;140.799;176089.028;9045633.904;78.939;340.026;339.875
CND_1504;01/09/2026 20:02;" 320° 45' 23.58113""";"  78° 43' 30.78463""";370.089;Atmos PPM;0;1013.25;11.1012;175859.451;9045915.006;151.306;176089.028;9045633.904;78.939;362.974;362.938
CND_1603;01/09/2026 20:03;" 320° 45' 23.43101""";"  78° 43' 30.73625""";370.088;Atmos PPM;0;1013.25;11.1012;175859.451;9045915.006;151.306;176089.028;9045633.904;78.939;389.496;362.938
CND_210_5;01/09/2026 20:03;" 320° 50' 23.85870""";"  77° 01' 21.63739""";587.6;Atmos PPM;0;1013.25;11.1012;175727.492;9046077.9;210.916;176089.028;9045633.904;78.939;572.641;572.573
CND_190_6;01/09/2026 20:03;" 321° 21' 23.73781""";"  77° 52' 41.33764""";529.235;Atmos PPM;0;1013.25;11.1012;175765.948;9046038.061;190.092;176089.028;9045633.904;78.939;517.464;517.42
CND_26;01/09/2026 20:03;" 321° 48' 35.77895""";"  82° 11' 22.72256""";231.314;Atmos PPM;0;1013.25;11.1012;175947.358;9045814.031;110.377;176089.028;9045633.904;78.939;229.307;229.164
CND_30;01/09/2026 20:03;" 323° 47' 11.40688""";"  80° 41' 06.58242""";257.39;Atmos PPM;0;1013.25;11.1012;175938.988;9045838.843;120.605;176089.028;9045633.904;78.939;254.209;253.992
CND_1402;01/09/2026 20:03;" 325° 03' 29.66164""";"  79° 32' 26.06311""";340.051;Atmos PPM;0;1013.25;11.1012;175897.53;9045908.034;140.679;176089.028;9045633.904;78.939;334.538;334.393
CND_200_6;01/09/2026 20:03;" 325° 15' 03.62339""";"  77° 24' 56.60292""";553.594;Atmos PPM;0;1013.25;11.1012;175781.116;9046077.854;199.574;176089.028;9045633.904;78.939;540.325;540.278
CND_210_6;01/09/2026 20:03;" 328° 34' 40.05803""";"  76° 54' 33.75470""";582.158;Atmos PPM;0;1013.25;11.1012;175793.463;9046117.788;210.815;176089.028;9045633.904;78.939;567.059;567.012
CND_1503;01/09/2026 20:03;" 328° 44' 17.00712""";"  78° 43' 00.42173""";367.86;Atmos PPM;0;1013.25;11.1012;175901.847;9045942.283;150.923;176089.028;9045633.904;78.939;360.776;360.741
CND_34;01/09/2026 20:04;" 330° 33' 55.89934""";"  80° 30' 48.69919""";315.764;Atmos PPM;0;1013.25;11.1012;175936.001;9045905.156;130.988;176089.028;9045633.904;78.939;311.606;311.44
CND_200_7;01/09/2026 20:04;" 332° 03' 32.85392""";"  77° 26' 33.05280""";554.824;Atmos PPM;0;1013.25;11.1012;175835.326;9046112.335;199.588;176089.028;9045633.904;78.939;541.571;541.535
CND_1604;01/09/2026 20:04;" 332° 27' 36.54671""";"  78° 10' 04.81152""";397.115;Atmos PPM;0;1013.25;11.1012;175909.35;9045978.548;160.375;176089.028;9045633.904;78.939;388.706;388.668
CND_27;01/09/2026 20:04;" 332° 40' 56.06406""";"  82° 13' 54.07521""";231.131;Atmos PPM;0;1013.25;11.1012;175983.949;9045837.38;110.184;176089.028;9045633.904;78.939;229.13;229.006
CND_22;01/09/2026 20:04;" 334° 37' 12.27267""";"  80° 44' 16.75635""";259.96;Atmos PPM;0;1013.25;11.1012;175979.079;9045865.717;120.784;176089.028;9045633.904;78.939;256.724;256.566
CND_210_7;01/09/2026 20:04;" 337° 51' 17.46531""";"  77° 09' 31.35901""";585;Atmos PPM;0;1013.25;11.1012;175874.076;9046162.2;208.978;176089.028;9045633.904;78.939;570.387;570.351
CND_14;01/09/2026 20:06;" 345° 49' 43.61044""";"  85° 42' 29.25601""";155.673;Atmos PPM;0;1013.25;11.1012;176051.036;9045784.418;90.591;176089.028;9045633.904;78.939;155.246;155.235
CND_36;01/09/2026 20:06;" 346° 51' 03.45512""";"  80° 56' 12.60725""";333.036;Atmos PPM;0;1013.25;11.1012;176014.242;9045954.159;131.407;176089.028;9045633.904;78.939;328.884;328.871
CND_1803;01/09/2026 20:06;" 348° 01' 17.30777""";"  78° 12' 07.00032""";498.574;Atmos PPM;0;1013.25;11.1012;175987.781;9046111.314;180.895;176089.028;9045633.904;78.939;488.054;488.028
CND_23;01/09/2026 20:06;" 348° 36' 45.75928""";"  78° 49' 27.85358""";391.407;Atmos PPM;0;1013.25;11.1012;176013.248;9046010.328;154.81;176089.028;9045633.904;78.939;383.951;383.976
CND_1901;01/09/2026 20:06;" 350° 13' 38.49681""";"  77° 55' 48.09057""";536.182;Atmos PPM;0;1013.25;11.1012;176000.075;9046150.617;191.077;176089.028;9045633.904;78.939;524.343;524.314
CND_20;01/09/2026 20:06;" 359° 04' 45.93621""";"  83° 56' 59.48218""";203.552;Atmos PPM;0;1013.25;11.1012;176085.793;9045836.294;100.396;176089.028;9045633.904;78.939;202.449;202.415
CND_18;01/09/2026 20:06;"   0° 50' 58.78522""";"  86° 10' 41.03363""";178.314;Atmos PPM;0;1013.25;11.1012;176091.681;9045811.799;90.827;176089.028;9045633.904;78.939;177.925;177.915
CND_17;01/09/2026 20:07;"  11° 43' 29.36973""";"  86° 38' 50.06873""";208.078;Atmos PPM;0;1013.25;11.1012;176131.256;9045837.286;91.111;176089.028;9045633.904;78.939;207.753;207.719
CND_30002;01/09/2026 22:00;" 289° 14' 44.51475""";"  79° 28' 59.24797""";723.075;Atmos PPM;0;1013.25;11.1012;175417.872;9045868.289;210.953;176089.028;9045633.904;78.939;710.915;710.906
CND_30003;01/09/2026 22:00;" 290° 56' 14.22072""";"  79° 32' 49.27825""";674.096;Atmos PPM;0;1013.25;11.1012;175469.928;9045870.837;201.269;176089.028;9045633.904;78.939;662.894;662.889
CND_30004;01/09/2026 22:00;" 291° 25' 44.61547""";"  79° 52' 56.17869""";637.677;Atmos PPM;0;1013.25;11.1012;175504.701;9045863.298;190.987;176089.028;9045633.904;78.939;627.75;627.742
CND_170_1;01/09/2026 22:00;" 298° 32' 41.11215""";"  79° 40' 26.36905""";508.768;Atmos PPM;0;1013.25;11.1012;175649.374;9045873.11;170.152;176089.028;9045633.904;78.939;500.548;500.515
CND_190_3;01/09/2026 22:00;" 298° 34' 30.00192""";"  78° 59' 19.85266""";594.723;Atmos PPM;0;1013.25;11.1012;175576.401;9045913.164;192.555;176089.028;9045633.904;78.939;583.897;583.758
CND_180_2;01/09/2026 22:01;" 298° 59' 59.82053""";"  79° 34' 22.30573""";553.867;Atmos PPM;0;1013.25;11.1012;175612.64;9045898.023;179.201;176089.028;9045633.904;78.939;544.768;544.706
CND_210_3;01/09/2026 22:01;" 302° 54' 00.31033""";"  78° 03' 48.18632""";629.475;Atmos PPM;0;1013.25;11.1012;175571.981;9045968.46;209.159;176089.028;9045633.904;78.939;616.02;615.845
CND_200_8;01/09/2026 22:01;" 303° 25' 03.57764""";"  78° 15' 51.50366""";598.443;Atmos PPM;0;1013.25;11.1012;175600.005;9045956.631;200.684;176089.028;9045633.904;78.939;586.05;585.915
CND_200_3;01/09/2026 22:01;" 303° 25' 03.23839""";"  78° 15' 51.89357""";598.442;Atmos PPM;0;1013.25;11.1012;175600.004;9045956.63;200.683;176089.028;9045633.904;78.939;586.052;585.915
CND_190_4;01/09/2026 22:01;" 304° 23' 46.42331""";"  78° 35' 20.15799""";568.321;Atmos PPM;0;1013.25;11.1012;175629.387;9045948.639;191.401;176089.028;9045633.904;78.939;557.187;557.071
CND_200_4;01/09/2026 22:01;" 309° 34' 03.68067""";"  77° 58' 09.67630""";577.866;Atmos PPM;0;1013.25;11.1012;175653.394;9045993.94;199.408;176089.028;9045633.904;78.939;565.267;565.157
CND_1602;01/09/2026 22:01;" 310° 59' 42.33287""";"  79° 10' 43.72961""";381.651;Atmos PPM;0;1013.25;11.1012;175806.12;9045879.832;150.602;176089.028;9045633.904;78.939;394.845;374.856
CND_1505;01/09/2026 22:01;" 310° 59' 43.09962""";"  79° 10' 43.55231""";381.651;Atmos PPM;0;1013.25;11.1012;175806.121;9045879.833;150.602;176089.028;9045633.904;78.939;374.89;374.856
CND_210_4;01/09/2026 22:02;" 311° 21' 24.29842""";"  77° 25' 45.89639""";600.884;Atmos PPM;0;1013.25;11.1012;175648.857;9046021.443;209.74;176089.028;9045633.904;78.939;586.567;586.461
CND_190_5;01/09/2026 22:02;" 312° 12' 18.64105""";"  78° 10' 51.52034""";542.241;Atmos PPM;0;1013.25;11.1012;175695.923;9045990.475;190.021;176089.028;9045633.904;78.939;530.796;530.73
CND_25;01/09/2026 22:02;" 313° 23' 17.97259""";"  82° 24' 39.08003""";237.061;Atmos PPM;0;1013.25;11.1012;175918.278;9045795.336;110.251;176089.028;9045633.904;78.939;235.096;234.981
CND_29;01/09/2026 22:02;" 313° 30' 26.91252""";"  80° 52' 42.36813""";264.294;Atmos PPM;0;1013.25;11.1012;175899.782;9045813.569;120.842;176089.028;9045633.904;78.939;261.111;260.947
CND_200_5;01/09/2026 22:02;" 316° 06' 23.89798""";"  77° 35' 24.54451""";562.271;Atmos PPM;0;1013.25;11.1012;175708.348;9046029.648;199.794;176089.028;9045633.904;78.939;549.185;549.118
CND_1401;01/09/2026 22:02;" 317° 46' 11.08010""";"  79° 41' 08.97583""";345.465;Atmos PPM;0;1013.25;11.1012;175860.615;9045885.584;140.801;176089.028;9045633.904;78.939;340.026;339.875
CND_1603;01/09/2026 22:02;" 320° 45' 23.03466""";"  78° 43' 30.56097""";370.089;Atmos PPM;0;1013.25;11.1012;175859.451;9045915.006;151.306;176089.028;9045633.904;78.939;389.496;362.938
CND_1504;01/09/2026 22:03;" 320° 45' 21.91259""";"  78° 43' 30.18345""";370.089;Atmos PPM;0;1013.25;11.1012;175859.449;9045915.004;151.307;176089.028;9045633.904;78.939;362.974;362.938
CND_210_5;01/09/2026 22:03;" 320° 50' 24.26113""";"  77° 01' 21.23243""";587.6;Atmos PPM;0;1013.25;11.1012;175727.493;9046077.9;210.917;176089.028;9045633.904;78.939;572.641;572.573
CND_190_6;01/09/2026 22:03;" 321° 21' 23.43795""";"  77° 52' 41.05100""";529.235;Atmos PPM;0;1013.25;11.1012;175765.948;9046038.06;190.093;176089.028;9045633.904;78.939;517.464;517.42
CND_26;01/09/2026 22:03;" 321° 48' 34.56758""";"  82° 11' 23.31286""";231.314;Atmos PPM;0;1013.25;11.1012;175947.357;9045814.03;110.376;176089.028;9045633.904;78.939;229.307;229.164
CND_30;01/09/2026 22:03;" 323° 47' 11.87143""";"  80° 41' 06.56732""";257.39;Atmos PPM;0;1013.25;11.1012;175938.989;9045838.843;120.605;176089.028;9045633.904;78.939;254.209;253.992
CND_1402;01/09/2026 22:03;" 325° 03' 29.99406""";"  79° 32' 25.22681""";340.05;Atmos PPM;0;1013.25;11.1012;175897.531;9045908.034;140.681;176089.028;9045633.904;78.939;334.538;334.393
CND_200_6;01/09/2026 22:03;" 325° 15' 03.32478""";"  77° 24' 56.28399""";553.594;Atmos PPM;0;1013.25;11.1012;175781.116;9046077.853;199.574;176089.028;9045633.904;78.939;540.325;540.278
CND_210_6;01/09/2026 22:04;" 328° 34' 39.80367""";"  76° 54' 32.89778""";582.158;Atmos PPM;0;1013.25;11.1012;175793.462;9046117.787;210.817;176089.028;9045633.904;78.939;567.059;567.011
CND_1503;01/09/2026 22:04;" 328° 44' 17.32047""";"  78° 43' 01.07144""";367.86;Atmos PPM;0;1013.25;11.1012;175901.847;9045942.284;150.922;176089.028;9045633.904;78.939;360.776;360.742
CND_34;01/09/2026 22:04;" 330° 33' 55.58358""";"  80° 30' 47.86021""";315.764;Atmos PPM;0;1013.25;11.1012;175936.001;9045905.155;130.99;176089.028;9045633.904;78.939;311.606;311.439
CND_200_7;01/09/2026 22:04;" 332° 03' 31.98810""";"  77° 26' 33.40137""";554.824;Atmos PPM;0;1013.25;11.1012;175835.324;9046112.334;199.587;176089.028;9045633.904;78.939;541.571;541.536
CND_1604;01/09/2026 22:04;" 332° 27' 37.55361""";"  78° 10' 05.28549""";397.115;Atmos PPM;0;1013.25;11.1012;175909.352;9045978.549;160.374;176089.028;9045633.904;78.939;388.706;388.669
CND_27;01/09/2026 22:04;" 332° 40' 56.16859""";"  82° 13' 53.97027""";231.131;Atmos PPM;0;1013.25;11.1012;175983.949;9045837.38;110.184;176089.028;9045633.904;78.939;229.13;229.006
CND_22;01/09/2026 22:04;" 334° 37' 12.56542""";"  80° 44' 18.44294""";259.96;Atmos PPM;0;1013.25;11.1012;175979.079;9045865.718;120.782;176089.028;9045633.904;78.939;256.724;256.567
CND_210_7;01/09/2026 22:05;" 337° 51' 18.38551""";"  77° 09' 28.81981""";585.001;Atmos PPM;0;1013.25;11.1012;175874.079;9046162.2;208.985;176089.028;9045633.904;78.939;570.387;570.35
CND_14;01/09/2026 22:06;" 345° 49' 44.32802""";"  85° 42' 28.75203""";155.673;Atmos PPM;0;1013.25;11.1012;176051.037;9045784.418;90.591;176089.028;9045633.904;78.939;155.246;155.235
CND_36;01/09/2026 22:06;" 346° 51' 03.85410""";"  80° 56' 12.14107""";333.036;Atmos PPM;0;1013.25;11.1012;176014.243;9045954.159;131.408;176089.028;9045633.904;78.939;328.884;328.871
CND_1803;01/09/2026 22:06;" 348° 01' 16.66985""";"  78° 12' 07.46246""";498.574;Atmos PPM;0;1013.25;11.1012;175987.779;9046111.314;180.894;176089.028;9045633.904;78.939;488.054;488.028
CND_23;01/09/2026 22:06;" 348° 36' 44.20632""";"  78° 49' 27.99651""";391.407;Atmos PPM;0;1013.25;11.1012;176013.245;9046010.328;154.81;176089.028;9045633.904;78.939;383.951;383.976
CND_1901;01/09/2026 22:06;" 350° 13' 38.90550""";"  77° 55' 46.44318""";536.182;Atmos PPM;0;1013.25;11.1012;176000.076;9046150.616;191.081;176089.028;9045633.904;78.939;524.343;524.313
CND_20;01/09/2026 22:07;" 359° 04' 44.76234""";"  83° 57' 00.14197""";203.552;Atmos PPM;0;1013.25;11.1012;176085.792;9045836.294;100.395;176089.028;9045633.904;78.939;202.449;202.415
CND_18;01/09/2026 22:07;"   0° 50' 58.96285""";"  86° 10' 40.51310""";178.314;Atmos PPM;0;1013.25;11.1012;176091.682;9045811.799;90.827;176089.028;9045633.904;78.939;177.925;177.915
CND_17;01/09/2026 22:07;"  11° 43' 28.84670""";"  86° 38' 49.96920""";208.078;Atmos PPM;0;1013.25;11.1012;176131.256;9045837.286;91.111;176089.028;9045633.904;78.939;207.753;207.719
CND_30002;02/09/2026 00:00;" 289° 14' 44.34450""";"  79° 28' 58.86784""";723.075;Atmos PPM;0;1013.25;11.1012;175417.872;9045868.289;210.954;176089.028;9045633.904;78.939;710.915;710.906
CND_30003;02/09/2026 00:00;" 290° 56' 12.85838""";"  79° 32' 49.35772""";674.096;Atmos PPM;0;1013.25;11.1012;175469.927;9045870.833;201.269;176089.028;9045633.904;78.939;662.894;662.889
CND_30004;02/09/2026 00:00;" 291° 25' 44.66837""";"  79° 52' 56.07154""";637.677;Atmos PPM;0;1013.25;11.1012;175504.701;9045863.298;190.988;176089.028;9045633.904;78.939;627.75;627.742
CND_170_1;02/09/2026 00:00;" 298° 32' 40.60237""";"  79° 40' 26.35962""";508.768;Atmos PPM;0;1013.25;11.1012;175649.373;9045873.109;170.152;176089.028;9045633.904;78.939;500.548;500.515
CND_190_3;02/09/2026 00:00;" 298° 34' 29.82697""";"  78° 59' 19.81592""";594.723;Atmos PPM;0;1013.25;11.1012;175576.4;9045913.163;192.555;176089.028;9045633.904;78.939;583.897;583.758
CND_180_2;02/09/2026 00:01;" 299° 00' 00.16572""";"  79° 34' 22.61072""";553.867;Atmos PPM;0;1013.25;11.1012;175612.64;9045898.023;179.2;176089.028;9045633.904;78.939;544.768;544.706
CND_210_3;02/09/2026 00:01;" 302° 53' 59.40339""";"  78° 03' 48.99242""";629.475;Atmos PPM;0;1013.25;11.1012;175571.98;9045968.458;209.157;176089.028;9045633.904;78.939;616.02;615.845
CND_200_8;02/09/2026 00:01;" 303° 25' 03.47368""";"  78° 15' 51.68732""";598.442;Atmos PPM;0;1013.25;11.1012;175600.005;9045956.631;200.683;176089.028;9045633.904;78.939;586.05;585.915
CND_200_3;02/09/2026 00:01;" 303° 25' 03.01581""";"  78° 15' 51.47722""";598.442;Atmos PPM;0;1013.25;11.1012;175600.004;9045956.63;200.684;176089.028;9045633.904;78.939;586.052;585.915
CND_190_4;02/09/2026 00:01;" 304° 23' 46.16337""";"  78° 35' 20.86606""";568.321;Atmos PPM;0;1013.25;11.1012;175629.387;9045948.639;191.399;176089.028;9045633.904;78.939;557.187;557.071
CND_200_4;02/09/2026 00:01;" 309° 34' 02.51830""";"  77° 58' 10.57591""";577.866;Atmos PPM;0;1013.25;11.1012;175653.392;9045993.938;199.406;176089.028;9045633.904;78.939;565.267;565.157
CND_1602;02/09/2026 00:01;" 310° 59' 42.51102""";"  79° 10' 43.82047""";381.651;Atmos PPM;0;1013.25;11.1012;175806.121;9045879.832;150.601;176089.028;9045633.904;78.939;394.845;374.856
CND_1505;02/09/2026 00:01;" 310° 59' 41.88220""";"  79° 10' 43.79885""";381.651;Atmos PPM;0;1013.25;11.1012;175806.12;9045879.831;150.601;176089.028;9045633.904;78.939;374.89;374.856
CND_210_4;02/09/2026 00:01;" 311° 21' 23.76751""";"  77° 25' 45.81233""";600.884;Atmos PPM;0;1013.25;11.1012;175648.856;9046021.442;209.74;176089.028;9045633.904;78.939;586.567;586.461
CND_190_5;02/09/2026 00:02;" 312° 12' 18.92791""";"  78° 10' 51.55354""";542.241;Atmos PPM;0;1013.25;11.1012;175695.924;9045990.476;190.021;176089.028;9045633.904;78.939;530.796;530.73
CND_25;02/09/2026 00:02;" 313° 23' 18.48759""";"  82° 24' 38.53427""";237.061;Atmos PPM;0;1013.25;11.1012;175918.279;9045795.336;110.252;176089.028;9045633.904;78.939;235.096;234.98
CND_29;02/09/2026 00:02;" 313° 30' 27.53055""";"  80° 52' 42.21696""";264.295;Atmos PPM;0;1013.25;11.1012;175899.783;9045813.57;120.842;176089.028;9045633.904;78.939;261.111;260.947
CND_200_5;02/09/2026 00:02;" 316° 06' 24.12578""";"  77° 35' 24.72720""";562.271;Atmos PPM;0;1013.25;11.1012;175708.349;9046029.648;199.793;176089.028;9045633.904;78.939;549.185;549.118
CND_1401;02/09/2026 00:02;" 317° 46' 11.59837""";"  79° 41' 08.92236""";345.465;Atmos PPM;0;1013.25;11.1012;175860.616;9045885.585;140.801;176089.028;9045633.904;78.939;340.026;339.875
CND_1603;02/09/2026 00:02;" 320° 45' 23.25253""";"  78° 43' 30.84921""";370.089;Atmos PPM;0;1013.25;11.1012;175859.451;9045915.006;151.306;176089.028;9045633.904;78.939;389.496;362.938
CND_1504;02/09/2026 00:03;" 320° 45' 22.56452""";"  78° 43' 30.88413""";370.088;Atmos PPM;0;1013.25;11.1012;175859.45;9045915.005;151.306;176089.028;9045633.904;78.939;362.974;362.938
CND_210_5;02/09/2026 00:03;" 320° 50' 24.07655""";"  77° 01' 20.14592""";587.6;Atmos PPM;0;1013.25;11.1012;175727.493;9046077.899;210.92;176089.028;9045633.904;78.939;572.641;572.573
CND_190_6;02/09/2026 00:03;" 321° 21' 23.16195""";"  77° 52' 41.58961""";529.235;Atmos PPM;0;1013.25;11.1012;175765.947;9046038.06;190.091;176089.028;9045633.904;78.939;517.464;517.42
CND_26;02/09/2026 00:03;" 321° 48' 34.78250""";"  82° 11' 22.74933""";231.314;Atmos PPM;0;1013.25;11.1012;175947.357;9045814.03;110.377;176089.028;9045633.904;78.939;229.307;229.164
CND_30;02/09/2026 00:03;" 323° 47' 11.65867""";"  80° 41' 05.97516""";257.39;Atmos PPM;0;1013.25;11.1012;175938.989;9045838.843;120.605;176089.028;9045633.904;78.939;254.209;253.991
CND_1402;02/09/2026 00:03;" 325° 03' 29.38474""";"  79° 32' 25.33272""";340.051;Atmos PPM;0;1013.25;11.1012;175897.53;9045908.034;140.68;176089.028;9045633.904;78.939;334.538;334.393
CND_200_6;02/09/2026 00:03;" 325° 15' 03.25923""";"  77° 24' 56.71961""";553.594;Atmos PPM;0;1013.25;11.1012;175781.116;9046077.853;199.573;176089.028;9045633.904;78.939;540.325;540.278
CND_210_6;02/09/2026 00:04;" 328° 34' 39.67457""";"  76° 54' 33.64077""";582.158;Atmos PPM;0;1013.25;11.1012;175793.462;9046117.787;210.815;176089.028;9045633.904;78.939;567.059;567.011
CND_1503;02/09/2026 00:04;" 328° 44' 16.25009""";"  78° 43' 01.08212""";367.86;Atmos PPM;0;1013.25;11.1012;175901.846;9045942.283;150.922;176089.028;9045633.904;78.939;360.776;360.742
CND_34;02/09/2026 00:04;" 330° 33' 55.59239""";"  80° 30' 46.65244""";315.764;Atmos PPM;0;1013.25;11.1012;175936.001;9045905.155;130.991;176089.028;9045633.904;78.939;311.606;311.439
CND_200_7;02/09/2026 00:04;" 332° 03' 32.34395""";"  77° 26' 33.45771""";554.824;Atmos PPM;0;1013.25;11.1012;175835.325;9046112.335;199.587;176089.028;9045633.904;78.939;541.571;541.536
CND_1604;02/09/2026 00:04;" 332° 27' 36.95889""";"  78° 10' 05.60728""";397.115;Atmos PPM;0;1013.25;11.1012;175909.351;9045978.548;160.373;176089.028;9045633.904;78.939;388.706;388.669
CND_27;02/09/2026 00:04;" 332° 40' 55.53200""";"  82° 13' 53.81413""";231.131;Atmos PPM;0;1013.25;11.1012;175983.948;9045837.379;110.184;176089.028;9045633.904;78.939;229.13;229.006
CND_22;02/09/2026 00:04;" 334° 37' 10.55318""";"  80° 44' 18.96263""";259.96;Atmos PPM;0;1013.25;11.1012;175979.077;9045865.717;120.781;176089.028;9045633.904;78.939;256.724;256.567
CND_210_7;02/09/2026 00:05;" 337° 51' 16.80702""";"  77° 09' 29.76185""";585.002;Atmos PPM;0;1013.25;11.1012;175874.074;9046162.2;208.983;176089.028;9045633.904;78.939;570.387;570.352
CND_14;02/09/2026 00:06;" 345° 49' 44.38941""";"  85° 42' 30.62889""";155.673;Atmos PPM;0;1013.25;11.1012;176051.037;9045784.419;90.59;176089.028;9045633.904;78.939;155.246;155.235
CND_36;02/09/2026 00:06;" 346° 51' 01.52086""";"  80° 56' 13.48921""";333.036;Atmos PPM;0;1013.25;11.1012;176014.239;9045954.159;131.406;176089.028;9045633.904;78.939;328.884;328.871
CND_1803;02/09/2026 00:06;" 348° 01' 16.82000""";"  78° 12' 07.66412""";498.574;Atmos PPM;0;1013.25;11.1012;175987.779;9046111.314;180.894;176089.028;9045633.904;78.939;488.054;488.028
CND_23;02/09/2026 00:06;" 348° 36' 43.58235""";"  78° 49' 27.93431""";391.407;Atmos PPM;0;1013.25;11.1012;176013.244;9046010.328;154.81;176089.028;9045633.904;78.939;383.951;383.976
CND_1901;02/09/2026 00:06;" 350° 13' 37.76467""";"  77° 55' 47.04402""";536.182;Atmos PPM;0;1013.25;11.1012;176000.073;9046150.616;191.079;176089.028;9045633.904;78.939;524.343;524.313
CND_20;02/09/2026 00:07;" 359° 04' 44.81824""";"  83° 56' 59.90665""";203.552;Atmos PPM;0;1013.25;11.1012;176085.792;9045836.294;100.396;176089.028;9045633.904;78.939;202.449;202.415
CND_18;02/09/2026 00:07;"   0° 50' 58.88784""";"  86° 10' 40.20977""";178.314;Atmos PPM;0;1013.25;11.1012;176091.682;9045811.799;90.828;176089.028;9045633.904;78.939;177.925;177.914
CND_17;02/09/2026 00:07;"  11° 43' 28.66943""";"  86° 38' 49.99263""";208.078;Atmos PPM;0;1013.25;11.1012;176131.256;9045837.286;91.111;176089.028;9045633.904;78.939;207.753;207.719
CND_30002;02/09/2026 02:00;" 289° 14' 43.95175""";"  79° 28' 57.12217""";723.076;Atmos PPM;0;1013.25;11.1012;175417.872;9045868.287;210.96;176089.028;9045633.904;78.939;710.915;710.905
CND_30003;02/09/2026 02:00;" 290° 56' 13.10778""";"  79° 32' 48.99022""";674.096;Atmos PPM;0;1013.25;11.1012;175469.927;9045870.833;201.27;176089.028;9045633.904;78.939;662.894;662.889
CND_30004;02/09/2026 02:00;" 291° 25' 44.68863""";"  79° 52' 55.30004""";637.677;Atmos PPM;0;1013.25;11.1012;175504.701;9045863.298;190.99;176089.028;9045633.904;78.939;627.75;627.742
CND_170_1;02/09/2026 02:00;" 298° 32' 41.15631""";"  79° 40' 26.17373""";508.769;Atmos PPM;0;1013.25;11.1012;175649.374;9045873.11;170.153;176089.028;9045633.904;78.939;500.548;500.515
CND_190_3;02/09/2026 02:00;" 298° 34' 30.36690""";"  78° 59' 19.60504""";594.723;Atmos PPM;0;1013.25;11.1012;175576.401;9045913.165;192.555;176089.028;9045633.904;78.939;583.897;583.757
CND_180_2;02/09/2026 02:01;" 298° 59' 59.06313""";"  79° 34' 21.48118""";553.867;Atmos PPM;0;1013.25;11.1012;175612.639;9045898.021;179.203;176089.028;9045633.904;78.939;544.768;544.706
CND_210_3;02/09/2026 02:01;" 302° 53' 58.90540""";"  78° 03' 48.59758""";629.475;Atmos PPM;0;1013.25;11.1012;175571.979;9045968.456;209.158;176089.028;9045633.904;78.939;616.02;615.845
CND_200_8;02/09/2026 02:01;" 303° 25' 03.89793""";"  78° 15' 52.23807""";598.442;Atmos PPM;0;1013.25;11.1012;175600.005;9045956.632;200.682;176089.028;9045633.904;78.939;586.05;585.915
CND_200_3;02/09/2026 02:01;" 303° 25' 02.59976""";"  78° 15' 51.61694""";598.443;Atmos PPM;0;1013.25;11.1012;175600.003;9045956.629;200.684;176089.028;9045633.904;78.939;586.052;585.915
CND_190_4;02/09/2026 02:01;" 304° 23' 46.38559""";"  78° 35' 20.20366""";568.321;Atmos PPM;0;1013.25;11.1012;175629.387;9045948.639;191.401;176089.028;9045633.904;78.939;557.187;557.071
CND_200_4;02/09/2026 02:01;" 309° 34' 02.97601""";"  77° 58' 10.02807""";577.866;Atmos PPM;0;1013.25;11.1012;175653.393;9045993.939;199.407;176089.028;9045633.904;78.939;565.267;565.157
CND_1602;02/09/2026 02:01;" 310° 59' 42.50893""";"  79° 10' 43.38152""";381.651;Atmos PPM;0;1013.25;11.1012;175806.121;9045879.832;150.602;176089.028;9045633.904;78.939;394.845;374.856
CND_1505;02/09/2026 02:01;" 310° 59' 42.54128""";"  79° 10' 43.95698""";381.651;Atmos PPM;0;1013.25;11.1012;175806.121;9045879.832;150.601;176089.028;9045633.904;78.939;374.89;374.856
CND_210_4;02/09/2026 02:02;" 311° 21' 23.93998""";"  77° 25' 45.93776""";600.884;Atmos PPM;0;1013.25;11.1012;175648.856;9046021.442;209.74;176089.028;9045633.904;78.939;586.567;586.461
CND_190_5;02/09/2026 02:02;" 312° 12' 18.40516""";"  78° 10' 51.57365""";542.241;Atmos PPM;0;1013.25;11.1012;175695.923;9045990.475;190.021;176089.028;9045633.904;78.939;530.796;530.73
CND_25;02/09/2026 02:02;" 313° 23' 18.25089""";"  82° 24' 37.97840""";237.061;Atmos PPM;0;1013.25;11.1012;175918.278;9045795.336;110.252;176089.028;9045633.904;78.939;235.096;234.98
CND_29;02/09/2026 02:02;" 313° 30' 26.26193""";"  80° 52' 42.85179""";264.294;Atmos PPM;0;1013.25;11.1012;175899.782;9045813.569;120.842;176089.028;9045633.904;78.939;261.111;260.947
CND_200_5;02/09/2026 02:02;" 316° 06' 23.75297""";"  77° 35' 24.65562""";562.271;Atmos PPM;0;1013.25;11.1012;175708.348;9046029.647;199.793;176089.028;9045633.904;78.939;549.185;549.118
CND_1401;02/09/2026 02:02;" 317° 46' 10.73640""";"  79° 41' 08.33548""";345.465;Atmos PPM;0;1013.25;11.1012;175860.615;9045885.584;140.802;176089.028;9045633.904;78.939;340.026;339.875
CND_1603;02/09/2026 02:03;" 320° 45' 23.04697""";"  78° 43' 30.54649""";370.089;Atmos PPM;0;1013.25;11.1012;175859.45;9045915.006;151.306;176089.028;9045633.904;78.939;389.496;362.938
CND_1504;02/09/2026 02:03;" 320° 45' 21.19302""";"  78° 43' 30.49723""";370.089;Atmos PPM;0;1013.25;11.1012;175859.448;9045915.004;151.306;176089.028;9045633.904;78.939;362.974;362.938
CND_210_5;02/09/2026 02:03;" 320° 50' 24.40288""";"  77° 01' 20.44947""";587.6;Atmos PPM;0;1013.25;11.1012;175727.493;9046077.9;210.919;176089.028;9045633.904;78.939;572.641;572.573
CND_190_6;02/09/2026 02:03;" 321° 21' 22.99930""";"  77° 52' 40.61587""";529.235;Atmos PPM;0;1013.25;11.1012;175765.947;9046038.06;190.094;176089.028;9045633.904;78.939;517.464;517.42
CND_26;02/09/2026 02:03;" 321° 48' 33.42052""";"  82° 11' 22.86712""";231.314;Atmos PPM;0;1013.25;11.1012;175947.356;9045814.03;110.377;176089.028;9045633.904;78.939;229.307;229.164
CND_30;02/09/2026 02:03;" 323° 47' 11.55617""";"  80° 41' 05.71770""";257.39;Atmos PPM;0;1013.25;11.1012;175938.989;9045838.843;120.606;176089.028;9045633.904;78.939;254.209;253.991
CND_1402;02/09/2026 02:03;" 325° 03' 29.68295""";"  79° 32' 24.99344""";340.051;Atmos PPM;0;1013.25;11.1012;175897.53;9045908.034;140.681;176089.028;9045633.904;78.939;334.538;334.393
CND_200_6;02/09/2026 02:04;" 325° 15' 03.09302""";"  77° 24' 55.82082""";553.594;Atmos PPM;0;1013.25;11.1012;175781.115;9046077.852;199.576;176089.028;9045633.904;78.939;540.325;540.278
CND_210_6;02/09/2026 02:04;" 328° 34' 39.54555""";"  76° 54' 33.27778""";582.158;Atmos PPM;0;1013.25;11.1012;175793.462;9046117.787;210.816;176089.028;9045633.904;78.939;567.059;567.011
CND_1503;02/09/2026 02:04;" 328° 44' 15.72978""";"  78° 43' 00.08807""";367.86;Atmos PPM;0;1013.25;11.1012;175901.845;9045942.282;150.924;176089.028;9045633.904;78.939;360.776;360.741
CND_34;02/09/2026 02:04;" 330° 33' 55.77146""";"  80° 30' 47.16748""";315.764;Atmos PPM;0;1013.25;11.1012;175936.001;9045905.156;130.991;176089.028;9045633.904;78.939;311.606;311.44
CND_200_7;02/09/2026 02:04;" 332° 03' 32.16395""";"  77° 26' 32.61972""";554.824;Atmos PPM;0;1013.25;11.1012;175835.325;9046112.334;199.59;176089.028;9045633.904;78.939;541.571;541.535
CND_1604;02/09/2026 02:04;" 332° 27' 37.59242""";"  78° 10' 04.06462""";397.115;Atmos PPM;0;1013.25;11.1012;175909.352;9045978.548;160.376;176089.028;9045633.904;78.939;388.706;388.668
CND_27;02/09/2026 02:04;" 332° 40' 56.10441""";"  82° 13' 54.05634""";231.131;Atmos PPM;0;1013.25;11.1012;175983.949;9045837.38;110.184;176089.028;9045633.904;78.939;229.13;229.006
CND_22;02/09/2026 02:05;" 334° 37' 10.54425""";"  80° 44' 17.32485""";259.96;Atmos PPM;0;1013.25;11.1012;175979.077;9045865.717;120.783;176089.028;9045633.904;78.939;256.724;256.566
CND_210_7;02/09/2026 02:05;" 337° 51' 17.35809""";"  77° 09' 28.44541""";585.002;Atmos PPM;0;1013.25;11.1012;175874.076;9046162.2;208.987;176089.028;9045633.904;78.939;570.387;570.351
CND_14;02/09/2026 02:06;" 345° 49' 42.81629""";"  85° 42' 27.85389""";155.673;Atmos PPM;0;1013.25;11.1012;176051.036;9045784.418;90.592;176089.028;9045633.904;78.939;155.246;155.235
CND_36;02/09/2026 02:06;" 346° 51' 02.74190""";"  80° 56' 12.42060""";333.036;Atmos PPM;0;1013.25;11.1012;176014.241;9045954.159;131.408;176089.028;9045633.904;78.939;328.884;328.871
CND_1803;02/09/2026 02:06;" 348° 01' 15.10622""";"  78° 12' 06.81361""";498.574;Atmos PPM;0;1013.25;11.1012;175987.775;9046111.313;180.896;176089.028;9045633.904;78.939;488.054;488.028
CND_23;02/09/2026 02:06;" 348° 36' 44.03229""";"  78° 49' 27.28131""";391.407;Atmos PPM;0;1013.25;11.1012;176013.245;9046010.328;154.811;176089.028;9045633.904;78.939;383.951;383.976
CND_1901;02/09/2026 02:07;" 350° 13' 39.61725""";"  77° 55' 46.23078""";536.182;Atmos PPM;0;1013.25;11.1012;176000.078;9046150.617;191.082;176089.028;9045633.904;78.939;524.343;524.313
CND_20;02/09/2026 02:07;" 359° 04' 44.77156""";"  83° 56' 59.91495""";203.552;Atmos PPM;0;1013.25;11.1012;176085.792;9045836.294;100.396;176089.028;9045633.904;78.939;202.449;202.415
CND_18;02/09/2026 02:07;"   0° 50' 58.52275""";"  86° 10' 39.13182""";178.314;Atmos PPM;0;1013.25;11.1012;176091.681;9045811.799;90.829;176089.028;9045633.904;78.939;177.925;177.915
CND_17;02/09/2026 02:07;"  11° 43' 27.93400""";"  86° 38' 49.81026""";208.078;Atmos PPM;0;1013.25;11.1012;176131.255;9045837.286;91.111;176089.028;9045633.904;78.939;207.753;207.719
CND_30002;02/09/2026 04:00;" 289° 14' 44.33401""";"  79° 28' 59.67915""";723.075;Atmos PPM;0;1013.25;11.1012;175417.871;9045868.289;210.951;176089.028;9045633.904;78.939;710.915;710.906
CND_30003;02/09/2026 04:00;" 290° 56' 13.53396""";"  79° 32' 49.83702""";674.097;Atmos PPM;0;1013.25;11.1012;175469.927;9045870.835;201.268;176089.028;9045633.904;78.939;662.894;662.89
CND_30004;02/09/2026 04:00;" 291° 25' 44.12971""";"  79° 52' 56.45390""";637.677;Atmos PPM;0;1013.25;11.1012;175504.7;9045863.297;190.987;176089.028;9045633.904;78.939;627.75;627.743
CND_170_1;02/09/2026 04:00;" 298° 32' 41.37336""";"  79° 40' 26.62798""";508.769;Atmos PPM;0;1013.25;11.1012;175649.374;9045873.111;170.152;176089.028;9045633.904;78.939;500.548;500.516
CND_190_3;02/09/2026 04:00;" 298° 34' 30.46286""";"  78° 59' 20.38335""";594.723;Atmos PPM;0;1013.25;11.1012;175576.401;9045913.165;192.553;176089.028;9045633.904;78.939;583.897;583.758
CND_180_2;02/09/2026 04:01;" 298° 59' 58.79339""";"  79° 34' 23.69737""";553.867;Atmos PPM;0;1013.25;11.1012;175612.638;9045898.021;179.197;176089.028;9045633.904;78.939;544.768;544.707
CND_210_3;02/09/2026 04:01;" 302° 53' 58.11618""";"  78° 03' 48.24621""";629.475;Atmos PPM;0;1013.25;11.1012;175571.978;9045968.454;209.159;176089.028;9045633.904;78.939;616.02;615.845
CND_200_8;02/09/2026 04:01;" 303° 25' 04.09081""";"  78° 15' 51.61674""";598.442;Atmos PPM;0;1013.25;11.1012;175600.006;9045956.632;200.684;176089.028;9045633.904;78.939;586.05;585.915
CND_200_3;02/09/2026 04:01;" 303° 25' 02.59044""";"  78° 15' 52.56711""";598.442;Atmos PPM;0;1013.25;11.1012;175600.003;9045956.629;200.681;176089.028;9045633.904;78.939;586.052;585.916
CND_190_4;02/09/2026 04:01;" 304° 23' 46.97826""";"  78° 35' 20.55642""";568.321;Atmos PPM;0;1013.25;11.1012;175629.388;9045948.641;191.4;176089.028;9045633.904;78.939;557.187;557.071
CND_200_4;02/09/2026 04:01;" 309° 34' 01.68660""";"  77° 58' 10.47467""";577.866;Atmos PPM;0;1013.25;11.1012;175653.391;9045993.936;199.406;176089.028;9045633.904;78.939;565.267;565.158
CND_1602;02/09/2026 04:01;" 310° 59' 41.88364""";"  79° 10' 43.43365""";381.651;Atmos PPM;0;1013.25;11.1012;175806.12;9045879.831;150.602;176089.028;9045633.904;78.939;394.845;374.856
CND_1505;02/09/2026 04:01;" 310° 59' 42.24589""";"  79° 10' 44.01634""";381.651;Atmos PPM;0;1013.25;11.1012;175806.12;9045879.832;150.601;176089.028;9045633.904;78.939;374.89;374.856
CND_210_4;02/09/2026 04:01;" 311° 21' 23.71797""";"  77° 25' 46.55402""";600.884;Atmos PPM;0;1013.25;11.1012;175648.856;9046021.442;209.738;176089.028;9045633.904;78.939;586.567;586.462
CND_190_5;02/09/2026 04:02;" 312° 12' 17.95646""";"  78° 10' 52.36754""";542.241;Atmos PPM;0;1013.25;11.1012;175695.921;9045990.474;190.019;176089.028;9045633.904;78.939;530.796;530.731
CND_25;02/09/2026 04:02;" 313° 23' 17.95640""";"  82° 24' 38.75204""";237.061;Atmos PPM;0;1013.25;11.1012;175918.278;9045795.336;110.252;176089.028;9045633.904;78.939;235.096;234.98
CND_29;02/09/2026 04:02;" 313° 30' 25.86113""";"  80° 52' 41.28801""";264.295;Atmos PPM;0;1013.25;11.1012;175899.781;9045813.568;120.844;176089.028;9045633.904;78.939;261.111;260.947
CND_200_5;02/09/2026 04:02;" 316° 06' 24.72018""";"  77° 35' 25.00988""";562.271;Atmos PPM;0;1013.25;11.1012;175708.35;9046029.649;199.792;176089.028;9045633.904;78.939;549.185;549.118
CND_1401;02/09/2026 04:02;" 317° 46' 10.93513""";"  79° 41' 08.65336""";345.465;Atmos PPM;0;1013.25;11.1012;175860.615;9045885.584;140.802;176089.028;9045633.904;78.939;340.026;339.875
CND_1603;02/09/2026 04:02;" 320° 45' 21.84342""";"  78° 43' 31.17022""";370.089;Atmos PPM;0;1013.25;11.1012;175859.449;9045915.005;151.305;176089.028;9045633.904;78.939;389.496;362.938
CND_1504;02/09/2026 04:03;" 320° 45' 21.42340""";"  78° 43' 30.33976""";370.089;Atmos PPM;0;1013.25;11.1012;175859.448;9045915.004;151.307;176089.028;9045633.904;78.939;362.974;362.938
CND_210_5;02/09/2026 04:03;" 320° 50' 23.25961""";"  77° 01' 21.41198""";587.6;Atmos PPM;0;1013.25;11.1012;175727.491;9046077.898;210.917;176089.028;9045633.904;78.939;572.641;572.573
CND_190_6;02/09/2026 04:03;" 321° 21' 23.44505""";"  77° 52' 41.12054""";529.235;Atmos PPM;0;1013.25;11.1012;175765.948;9046038.061;190.093;176089.028;9045633.904;78.939;517.464;517.42
CND_26;02/09/2026 04:03;" 321° 48' 33.83020""";"  82° 11' 24.03940""";231.314;Atmos PPM;0;1013.25;11.1012;175947.356;9045814.03;110.376;176089.028;9045633.904;78.939;229.307;229.164
CND_30;02/09/2026 04:03;" 323° 47' 11.25602""";"  80° 41' 05.72286""";257.39;Atmos PPM;0;1013.25;11.1012;175938.988;9045838.843;120.606;176089.028;9045633.904;78.939;254.209;253.992
CND_1402;02/09/2026 04:03;" 325° 03' 29.45464""";"  79° 32' 24.99829""";340.051;Atmos PPM;0;1013.25;11.1012;175897.53;9045908.034;140.681;176089.028;9045633.904;78.939;334.538;334.393
CND_200_6;02/09/2026 04:03;" 325° 15' 03.59776""";"  77° 24' 56.67009""";553.594;Atmos PPM;0;1013.25;11.1012;175781.116;9046077.854;199.573;176089.028;9045633.904;78.939;540.325;540.278
CND_210_6;02/09/2026 04:03;" 328° 34' 39.32629""";"  76° 54' 33.69530""";582.158;Atmos PPM;0;1013.25;11.1012;175793.461;9046117.787;210.815;176089.028;9045633.904;78.939;567.059;567.012
CND_1503;02/09/2026 04:04;" 328° 44' 15.92578""";"  78° 43' 00.12796""";367.86;Atmos PPM;0;1013.25;11.1012;175901.845;9045942.282;150.924;176089.028;9045633.904;78.939;360.776;360.742
CND_34;02/09/2026 04:04;" 330° 33' 55.25935""";"  80° 30' 48.01647""";315.765;Atmos PPM;0;1013.25;11.1012;175936;9045905.155;130.989;176089.028;9045633.904;78.939;311.606;311.44
CND_200_7;02/09/2026 04:04;" 332° 03' 31.84615""";"  77° 26' 32.88674""";554.824;Atmos PPM;0;1013.25;11.1012;175835.324;9046112.334;199.589;176089.028;9045633.904;78.939;541.571;541.536
CND_1604;02/09/2026 04:04;" 332° 27' 38.01619""";"  78° 10' 05.52305""";397.116;Atmos PPM;0;1013.25;11.1012;175909.353;9045978.549;160.374;176089.028;9045633.904;78.939;388.706;388.669
CND_27;02/09/2026 04:04;" 332° 40' 55.25011""";"  82° 13' 53.56959""";231.131;Atmos PPM;0;1013.25;11.1012;175983.948;9045837.379;110.185;176089.028;9045633.904;78.939;229.13;229.006
CND_22;02/09/2026 04:04;" 334° 37' 12.13097""";"  80° 44' 18.04580""";259.96;Atmos PPM;0;1013.25;11.1012;175979.078;9045865.718;120.782;176089.028;9045633.904;78.939;256.724;256.567
CND_210_7;02/09/2026 04:05;" 337° 51' 16.99143""";"  77° 09' 29.59905""";585.001;Atmos PPM;0;1013.25;11.1012;175874.075;9046162.199;208.983;176089.028;9045633.904;78.939;570.387;570.351
CND_14;02/09/2026 04:06;" 345° 49' 42.75327""";"  85° 42' 29.69649""";155.674;Atmos PPM;0;1013.25;11.1012;176051.036;9045784.418;90.591;176089.028;9045633.904;78.939;155.246;155.235
CND_36;02/09/2026 04:06;" 346° 51' 01.89987""";"  80° 56' 14.55928""";333.036;Atmos PPM;0;1013.25;11.1012;176014.239;9045954.16;131.404;176089.028;9045633.904;78.939;328.884;328.872
CND_1803;02/09/2026 04:06;" 348° 01' 14.32003""";"  78° 12' 07.31412""";498.574;Atmos PPM;0;1013.25;11.1012;175987.774;9046111.313;180.894;176089.028;9045633.904;78.939;488.054;488.028
CND_23;02/09/2026 04:06;" 348° 36' 44.38658""";"  78° 49' 30.03730""";391.407;Atmos PPM;0;1013.25;11.1012;176013.245;9046010.329;154.806;176089.028;9045633.904;78.939;383.951;383.977
CND_20;02/09/2026 04:06;" 359° 04' 44.55320""";"  83° 57' 01.28140""";203.552;Atmos PPM;0;1013.25;11.1012;176085.792;9045836.294;100.394;176089.028;9045633.904;78.939;202.449;202.415
CND_18;02/09/2026 04:07;"   0° 50' 58.16244""";"  86° 10' 39.84784""";178.314;Atmos PPM;0;1013.25;11.1012;176091.681;9045811.8;90.828;176089.028;9045633.904;78.939;177.925;177.915
CND_17;02/09/2026 04:07;"  11° 43' 28.69147""";"  86° 38' 50.44625""";208.078;Atmos PPM;0;1013.25;11.1012;176131.256;9045837.286;91.111;176089.028;9045633.904;78.939;207.753;207.719
CND_30002;02/09/2026 06:00;" 289° 14' 44.66472""";"  79° 29' 00.33241""";723.076;Atmos PPM;0;1013.25;11.1012;175417.871;9045868.29;210.949;176089.028;9045633.904;78.939;710.915;710.907
CND_30003;02/09/2026 06:00;" 290° 56' 13.86291""";"  79° 32' 50.44384""";674.097;Atmos PPM;0;1013.25;11.1012;175469.927;9045870.836;201.266;176089.028;9045633.904;78.939;662.894;662.89
CND_30004;02/09/2026 06:00;" 291° 25' 43.64307""";"  79° 52' 57.06061""";637.677;Atmos PPM;0;1013.25;11.1012;175504.699;9045863.296;190.985;176089.028;9045633.904;78.939;627.75;627.743
CND_170_1;02/09/2026 06:00;" 298° 32' 40.34363""";"  79° 40' 27.08115""";508.769;Atmos PPM;0;1013.25;11.1012;175649.372;9045873.109;170.151;176089.028;9045633.904;78.939;500.548;500.516
CND_190_3;02/09/2026 06:00;" 298° 34' 30.55827""";"  78° 59' 20.16380""";594.724;Atmos PPM;0;1013.25;11.1012;175576.401;9045913.165;192.554;176089.028;9045633.904;78.939;583.897;583.758
CND_180_2;02/09/2026 06:01;" 298° 59' 59.04275""";"  79° 34' 23.60104""";553.867;Atmos PPM;0;1013.25;11.1012;175612.638;9045898.021;179.198;176089.028;9045633.904;78.939;544.768;544.707
CND_210_3;02/09/2026 06:01;" 302° 53' 58.87056""";"  78° 03' 49.48035""";629.475;Atmos PPM;0;1013.25;11.1012;175571.978;9045968.457;209.155;176089.028;9045633.904;78.939;616.02;615.846
CND_200_8;02/09/2026 06:01;" 303° 25' 03.94381""";"  78° 15' 52.22250""";598.442;Atmos PPM;0;1013.25;11.1012;175600.005;9045956.632;200.682;176089.028;9045633.904;78.939;586.05;585.915
CND_200_3;02/09/2026 06:01;" 303° 25' 01.99840""";"  78° 15' 52.53695""";598.442;Atmos PPM;0;1013.25;11.1012;175600.002;9045956.628;200.681;176089.028;9045633.904;78.939;586.052;585.915
CND_190_4;02/09/2026 06:01;" 304° 23' 46.25312""";"  78° 35' 21.09489""";568.321;Atmos PPM;0;1013.25;11.1012;175629.387;9045948.639;191.398;176089.028;9045633.904;78.939;557.187;557.071
CND_200_4;02/09/2026 06:01;" 309° 34' 02.69529""";"  77° 58' 11.06970""";577.866;Atmos PPM;0;1013.25;11.1012;175653.392;9045993.939;199.405;176089.028;9045633.904;78.939;565.267;565.158
CND_1602;02/09/2026 06:01;" 310° 59' 41.98543""";"  79° 10' 44.16623""";381.651;Atmos PPM;0;1013.25;11.1012;175806.12;9045879.831;150.601;176089.028;9045633.904;78.939;394.845;374.856
CND_1505;02/09/2026 06:01;" 310° 59' 42.08441""";"  79° 10' 44.28491""";381.651;Atmos PPM;0;1013.25;11.1012;175806.12;9045879.831;150.601;176089.028;9045633.904;78.939;374.89;374.856
CND_210_4;02/09/2026 06:02;" 311° 21' 23.87109""";"  77° 25' 46.01508""";600.884;Atmos PPM;0;1013.25;11.1012;175648.856;9046021.442;209.74;176089.028;9045633.904;78.939;586.567;586.461
CND_190_5;02/09/2026 06:02;" 312° 12' 18.65114""";"  78° 10' 52.57005""";542.241;Atmos PPM;0;1013.25;11.1012;175695.922;9045990.476;190.018;176089.028;9045633.904;78.939;530.796;530.731
CND_25;02/09/2026 06:02;" 313° 23' 17.51083""";"  82° 24' 38.84578""";237.061;Atmos PPM;0;1013.25;11.1012;175918.278;9045795.336;110.251;176089.028;9045633.904;78.939;235.096;234.98
CND_29;02/09/2026 06:02;" 313° 30' 25.18857""";"  80° 52' 42.89275""";264.295;Atmos PPM;0;1013.25;11.1012;175899.781;9045813.568;120.842;176089.028;9045633.904;78.939;261.111;260.948
CND_200_5;02/09/2026 06:02;" 316° 06' 23.11376""";"  77° 35' 25.09464""";562.271;Atmos PPM;0;1013.25;11.1012;175708.346;9046029.646;199.792;176089.028;9045633.904;78.939;549.185;549.118
CND_1401;02/09/2026 06:02;" 317° 46' 10.12188""";"  79° 41' 08.25194""";345.465;Atmos PPM;0;1013.25;11.1012;175860.614;9045885.583;140.802;176089.028;9045633.904;78.939;340.026;339.875
CND_1603;02/09/2026 06:02;" 320° 45' 22.02740""";"  78° 43' 31.35146""";370.089;Atmos PPM;0;1013.25;11.1012;175859.449;9045915.005;151.305;176089.028;9045633.904;78.939;389.496;362.938
CND_1504;02/09/2026 06:03;" 320° 45' 21.56025""";"  78° 43' 30.98934""";370.089;Atmos PPM;0;1013.25;11.1012;175859.448;9045915.004;151.305;176089.028;9045633.904;78.939;362.974;362.938
CND_210_5;02/09/2026 06:03;" 320° 50' 24.42667""";"  77° 01' 22.02266""";587.6;Atmos PPM;0;1013.25;11.1012;175727.493;9046077.901;210.915;176089.028;9045633.904;78.939;572.641;572.574
CND_190_6;02/09/2026 06:03;" 321° 21' 23.11727""";"  77° 52' 42.05665""";529.235;Atmos PPM;0;1013.25;11.1012;175765.947;9046038.06;190.09;176089.028;9045633.904;78.939;517.464;517.42
CND_26;02/09/2026 06:03;" 321° 48' 33.02058""";"  82° 11' 25.11754""";231.314;Atmos PPM;0;1013.25;11.1012;175947.355;9045814.029;110.374;176089.028;9045633.904;78.939;229.307;229.164
CND_30;02/09/2026 06:03;" 323° 47' 11.24247""";"  80° 41' 06.12566""";257.391;Atmos PPM;0;1013.25;11.1012;175938.988;9045838.843;120.605;176089.028;9045633.904;78.939;254.209;253.992
CND_1402;02/09/2026 06:03;" 325° 03' 30.50877""";"  79° 32' 26.22600""";340.051;Atmos PPM;0;1013.25;11.1012;175897.531;9045908.035;140.679;176089.028;9045633.904;78.939;334.538;334.393
CND_200_6;02/09/2026 06:03;" 325° 15' 03.68850""";"  77° 24' 57.34728""";553.594;Atmos PPM;0;1013.25;11.1012;175781.116;9046077.854;199.572;176089.028;9045633.904;78.939;540.325;540.279
CND_210_6;02/09/2026 06:04;" 328° 34' 39.07541""";"  76° 54' 34.43038""";582.158;Atmos PPM;0;1013.25;11.1012;175793.46;9046117.787;210.813;176089.028;9045633.904;78.939;567.059;567.012
CND_1503;02/09/2026 06:04;" 328° 44' 17.23787""";"  78° 43' 01.39844""";367.86;Atmos PPM;0;1013.25;11.1012;175901.847;9045942.284;150.921;176089.028;9045633.904;78.939;360.776;360.742
CND_34;02/09/2026 06:04;" 330° 33' 55.48920""";"  80° 30' 48.85096""";315.764;Atmos PPM;0;1013.25;11.1012;175936;9045905.156;130.988;176089.028;9045633.904;78.939;311.606;311.44
CND_200_7;02/09/2026 06:04;" 332° 03' 31.62239""";"  77° 26' 33.76350""";554.824;Atmos PPM;0;1013.25;11.1012;175835.323;9046112.334;199.587;176089.028;9045633.904;78.939;541.571;541.536
CND_1604;02/09/2026 06:04;" 332° 27' 37.46824""";"  78° 10' 05.52563""";397.115;Atmos PPM;0;1013.25;11.1012;175909.352;9045978.549;160.374;176089.028;9045633.904;78.939;388.706;388.669
CND_27;02/09/2026 06:04;" 332° 40' 55.70833""";"  82° 13' 54.58316""";231.131;Atmos PPM;0;1013.25;11.1012;175983.948;9045837.38;110.184;176089.028;9045633.904;78.939;229.13;229.006
CND_22;02/09/2026 06:04;" 334° 37' 11.57904""";"  80° 44' 18.77640""";259.96;Atmos PPM;0;1013.25;11.1012;175979.078;9045865.718;120.782;176089.028;9045633.904;78.939;256.724;256.567
CND_210_7;02/09/2026 06:05;" 337° 51' 17.74898""";"  77° 09' 30.19919""";585.002;Atmos PPM;0;1013.25;11.1012;175874.077;9046162.201;208.982;176089.028;9045633.904;78.939;570.387;570.352
CND_14;02/09/2026 06:06;" 345° 49' 43.95536""";"  85° 42' 29.73694""";155.674;Atmos PPM;0;1013.25;11.1012;176051.037;9045784.419;90.591;176089.028;9045633.904;78.939;155.246;155.235
CND_36;02/09/2026 06:06;" 346° 51' 01.80099""";"  80° 56' 13.03481""";333.036;Atmos PPM;0;1013.25;11.1012;176014.239;9045954.159;131.407;176089.028;9045633.904;78.939;328.884;328.871
CND_1803;02/09/2026 06:06;" 348° 01' 15.89352""";"  78° 12' 08.23865""";498.574;Atmos PPM;0;1013.25;11.1012;175987.777;9046111.314;180.892;176089.028;9045633.904;78.939;488.054;488.029
CND_23;02/09/2026 06:06;" 348° 36' 44.51957""";"  78° 49' 30.18248""";391.407;Atmos PPM;0;1013.25;11.1012;176013.245;9046010.329;154.806;176089.028;9045633.904;78.939;383.951;383.977
CND_1901;02/09/2026 06:06;" 350° 13' 38.98088""";"  77° 55' 47.20196""";536.183;Atmos PPM;0;1013.25;11.1012;176000.076;9046150.617;191.079;176089.028;9045633.904;78.939;524.343;524.314
CND_20;02/09/2026 06:07;" 359° 04' 43.83367""";"  83° 57' 00.89027""";203.552;Atmos PPM;0;1013.25;11.1012;176085.791;9045836.294;100.395;176089.028;9045633.904;78.939;202.449;202.415
CND_18;02/09/2026 06:07;"   0° 50' 58.91500""";"  86° 10' 40.75876""";178.314;Atmos PPM;0;1013.25;11.1012;176091.682;9045811.799;90.827;176089.028;9045633.904;78.939;177.925;177.915
CND_17;02/09/2026 06:07;"  11° 43' 28.55573""";"  86° 38' 50.77181""";208.078;Atmos PPM;0;1013.25;11.1012;176131.256;9045837.286;91.11;176089.028;9045633.904;78.939;207.753;207.719
CND_30002;02/09/2026 08:00;" 289° 14' 47.48102""";"  79° 29' 02.76003""";723.075;Atmos PPM;0;1013.25;11.1012;175417.873;9045868.3;210.941;176089.028;9045633.904;78.939;710.915;710.908
CND_30003;02/09/2026 08:00;" 290° 56' 14.23081""";"  79° 32' 51.77146""";674.096;Atmos PPM;0;1013.25;11.1012;175469.927;9045870.837;201.261;176089.028;9045633.904;78.939;662.894;662.89
CND_30004;02/09/2026 08:00;" 291° 25' 47.12127""";"  79° 53' 00.71702""";637.676;Atmos PPM;0;1013.25;11.1012;175504.702;9045863.306;190.974;176089.028;9045633.904;78.939;627.75;627.744
CND_170_1;02/09/2026 08:00;" 298° 32' 42.14268""";"  79° 40' 26.36932""";508.768;Atmos PPM;0;1013.25;11.1012;175649.375;9045873.112;170.152;176089.028;9045633.904;78.939;500.548;500.515
CND_190_3;02/09/2026 08:00;" 298° 34' 32.11824""";"  78° 59' 19.46115""";594.723;Atmos PPM;0;1013.25;11.1012;175576.404;9045913.169;192.556;176089.028;9045633.904;78.939;583.897;583.757
CND_180_2;02/09/2026 08:01;" 299° 00' 00.98137""";"  79° 34' 23.94798""";553.867;Atmos PPM;0;1013.25;11.1012;175612.64;9045898.026;179.197;176089.028;9045633.904;78.939;544.768;544.707
CND_210_3;02/09/2026 08:01;" 302° 54' 01.69598""";"  78° 03' 46.45219""";629.475;Atmos PPM;0;1013.25;11.1012;175571.985;9045968.462;209.164;176089.028;9045633.904;78.939;616.02;615.843
CND_200_8;02/09/2026 08:01;" 303° 25' 04.51852""";"  78° 15' 50.15120""";598.441;Atmos PPM;0;1013.25;11.1012;175600.008;9045956.632;200.688;176089.028;9045633.904;78.939;586.05;585.913
CND_200_3;02/09/2026 08:01;" 303° 25' 05.86539""";"  78° 15' 48.67689""";598.442;Atmos PPM;0;1013.25;11.1012;175600.01;9045956.635;200.692;176089.028;9045633.904;78.939;586.052;585.913
CND_190_4;02/09/2026 08:01;" 304° 23' 48.92851""";"  78° 35' 19.93582""";568.32;Atmos PPM;0;1013.25;11.1012;175629.392;9045948.644;191.401;176089.028;9045633.904;78.939;557.187;557.07
CND_200_4;02/09/2026 08:01;" 309° 34' 04.51124""";"  77° 58' 07.01473""";577.865;Atmos PPM;0;1013.25;11.1012;175653.398;9045993.94;199.415;176089.028;9045633.904;78.939;565.267;565.155
CND_1602;02/09/2026 08:01;" 310° 59' 45.10930""";"  79° 10' 41.99841""";381.651;Atmos PPM;0;1013.25;11.1012;175806.124;9045879.835;150.605;176089.028;9045633.904;78.939;394.845;374.855
CND_1505;02/09/2026 08:01;" 310° 59' 44.81510""";"  79° 10' 41.95300""";381.651;Atmos PPM;0;1013.25;11.1012;175806.124;9045879.834;150.605;176089.028;9045633.904;78.939;374.89;374.855
CND_210_4;02/09/2026 08:02;" 311° 21' 27.16831""";"  77° 25' 43.00145""";600.883;Atmos PPM;0;1013.25;11.1012;175648.865;9046021.447;209.748;176089.028;9045633.904;78.939;586.567;586.458
CND_190_5;02/09/2026 08:02;" 312° 12' 20.63059""";"  78° 10' 50.68075""";542.241;Atmos PPM;0;1013.25;11.1012;175695.927;9045990.478;190.023;176089.028;9045633.904;78.939;530.796;530.729
CND_25;02/09/2026 08:02;" 313° 23' 21.51225""";"  82° 24' 37.11877""";237.061;Atmos PPM;0;1013.25;11.1012;175918.281;9045795.339;110.253;176089.028;9045633.904;78.939;235.096;234.98
CND_29;02/09/2026 08:02;" 313° 30' 29.81694""";"  80° 52' 40.31762""";264.294;Atmos PPM;0;1013.25;11.1012;175899.785;9045813.571;120.845;176089.028;9045633.904;78.939;261.111;260.947
CND_200_5;02/09/2026 08:02;" 316° 06' 27.25438""";"  77° 35' 22.55760""";562.271;Atmos PPM;0;1013.25;11.1012;175708.356;9046029.653;199.799;176089.028;9045633.904;78.939;549.185;549.116
CND_1401;02/09/2026 08:02;" 317° 46' 14.14388""";"  79° 41' 06.95701""";345.465;Atmos PPM;0;1013.25;11.1012;175860.619;9045885.587;140.804;176089.028;9045633.904;78.939;340.026;339.875
CND_1603;02/09/2026 08:03;" 320° 45' 26.71035""";"  78° 43' 29.25438""";370.089;Atmos PPM;0;1013.25;11.1012;175859.456;9045915.009;151.308;176089.028;9045633.904;78.939;389.496;362.937
CND_1504;02/09/2026 08:03;" 320° 45' 27.39067""";"  78° 43' 28.21026""";370.089;Atmos PPM;0;1013.25;11.1012;175859.457;9045915.01;151.31;176089.028;9045633.904;78.939;362.974;362.937
CND_210_5;02/09/2026 08:03;" 320° 50' 27.50518""";"  77° 01' 20.42897""";587.599;Atmos PPM;0;1013.25;11.1012;175727.501;9046077.905;210.919;176089.028;9045633.904;78.939;572.641;572.572
CND_190_6;02/09/2026 08:03;" 321° 21' 25.30128""";"  77° 52' 40.25858""";529.235;Atmos PPM;0;1013.25;11.1012;175765.952;9046038.063;190.095;176089.028;9045633.904;78.939;517.464;517.419
CND_26;02/09/2026 08:03;" 321° 48' 37.08513""";"  82° 11' 21.56580""";231.314;Atmos PPM;0;1013.25;11.1012;175947.359;9045814.032;110.378;176089.028;9045633.904;78.939;229.307;229.164
CND_30;02/09/2026 08:03;" 323° 47' 14.89700""";"  80° 41' 04.67235""";257.39;Atmos PPM;0;1013.25;11.1012;175938.992;9045838.845;120.607;176089.028;9045633.904;78.939;254.209;253.991
CND_1402;02/09/2026 08:03;" 325° 03' 32.38593""";"  79° 32' 23.76057""";340.051;Atmos PPM;0;1013.25;11.1012;175897.534;9045908.036;140.683;176089.028;9045633.904;78.939;334.538;334.392
CND_200_6;02/09/2026 08:03;" 325° 15' 06.97238""";"  77° 24' 56.18700""";553.593;Atmos PPM;0;1013.25;11.1012;175781.124;9046077.858;199.574;176089.028;9045633.904;78.939;540.325;540.278
CND_210_6;02/09/2026 08:04;" 328° 34' 41.78841""";"  76° 54' 33.74574""";582.158;Atmos PPM;0;1013.25;11.1012;175793.467;9046117.79;210.815;176089.028;9045633.904;78.939;567.059;567.011
CND_1503;02/09/2026 08:04;" 328° 44' 20.10473""";"  78° 42' 59.38116""";367.86;Atmos PPM;0;1013.25;11.1012;175901.852;9045942.286;150.925;176089.028;9045633.904;78.939;360.776;360.741
CND_34;02/09/2026 08:04;" 330° 33' 58.35748""";"  80° 30' 46.97517""";315.764;Atmos PPM;0;1013.25;11.1012;175936.005;9045905.157;130.991;176089.028;9045633.904;78.939;311.606;311.439
CND_200_7;02/09/2026 08:04;" 332° 03' 35.50989""";"  77° 26' 31.65688""";554.823;Atmos PPM;0;1013.25;11.1012;175835.333;9046112.337;199.592;176089.028;9045633.904;78.939;541.571;541.534
CND_1604;02/09/2026 08:04;" 332° 27' 39.20644""";"  78° 10' 01.55503""";397.115;Atmos PPM;0;1013.25;11.1012;175909.356;9045978.549;160.381;176089.028;9045633.904;78.939;388.706;388.667
CND_27;02/09/2026 08:04;" 332° 40' 57.45252""";"  82° 13' 54.21439""";231.131;Atmos PPM;0;1013.25;11.1012;175983.95;9045837.38;110.184;176089.028;9045633.904;78.939;229.13;229.006
CND_22;02/09/2026 08:05;" 334° 37' 15.09791""";"  80° 44' 18.23577""";259.96;Atmos PPM;0;1013.25;11.1012;175979.082;9045865.719;120.782;176089.028;9045633.904;78.939;256.724;256.566
CND_1403;02/09/2026 08:05;" 335° 13' 52.89255""";"  79° 30' 39.53053""";347.085;Atmos PPM;0;1013.25;11.1012;175946.074;9045943.799;142.133;176089.028;9045633.904;78.939;341.371;341.278
CND_210_7;02/09/2026 08:05;" 337° 51' 19.70729""";"  77° 09' 27.73421""";584.999;Atmos PPM;0;1013.25;11.1012;175874.083;9046162.199;208.988;176089.028;9045633.904;78.939;570.387;570.348
CND_14;02/09/2026 08:06;" 345° 49' 46.01605""";"  85° 42' 30.36957""";155.673;Atmos PPM;0;1013.25;11.1012;176051.038;9045784.419;90.59;176089.028;9045633.904;78.939;155.246;155.235
CND_36;02/09/2026 08:07;" 346° 51' 05.23811""";"  80° 56' 11.75426""";333.036;Atmos PPM;0;1013.25;11.1012;176014.245;9045954.16;131.409;176089.028;9045633.904;78.939;328.884;328.871
CND_1803;02/09/2026 08:07;" 348° 01' 18.46980""";"  78° 12' 07.76585""";498.574;Atmos PPM;0;1013.25;11.1012;175987.783;9046111.315;180.893;176089.028;9045633.904;78.939;488.054;488.028
CND_23;02/09/2026 08:07;" 348° 36' 47.84558""";"  78° 49' 27.50433""";391.407;Atmos PPM;0;1013.25;11.1012;176013.251;9046010.329;154.811;176089.028;9045633.904;78.939;383.951;383.976
CND_20;02/09/2026 08:07;" 359° 04' 47.47335""";"  83° 57' 00.05950""";203.552;Atmos PPM;0;1013.25;11.1012;176085.795;9045836.294;100.395;176089.028;9045633.904;78.939;202.449;202.415
CND_18;02/09/2026 08:07;"   0° 50' 59.25957""";"  86° 10' 48.71095""";178.314;Atmos PPM;0;1013.25;11.1012;176091.682;9045811.8;90.82;176089.028;9045633.904;78.939;177.925;177.915
CND_17;02/09/2026 08:08;"  11° 43' 30.28005""";"  86° 38' 49.43668""";208.078;Atmos PPM;0;1013.25;11.1012;176131.257;9045837.285;91.112;176089.028;9045633.904;78.939;207.753;207.719
CND_30002;02/09/2026 10:00;" 289° 14' 40.87787""";"  79° 29' 06.20094""";723.074;Atmos PPM;0;1013.25;11.1012;175417.865;9045868.278;210.929;176089.028;9045633.904;78.939;710.915;710.909
CND_30003;02/09/2026 10:00;" 290° 56' 16.96528""";"  79° 32' 54.69304""";674.095;Atmos PPM;0;1013.25;11.1012;175469.929;9045870.846;201.252;176089.028;9045633.904;78.939;662.894;662.891
CND_30004;02/09/2026 10:00;" 291° 25' 47.62736""";"  79° 53' 00.06675""";637.676;Atmos PPM;0;1013.25;11.1012;175504.703;9045863.307;190.975;176089.028;9045633.904;78.939;627.75;627.743
CND_170_1;02/09/2026 10:00;" 298° 32' 44.27360""";"  79° 40' 29.33126""";508.768;Atmos PPM;0;1013.25;11.1012;175649.376;9045873.117;170.145;176089.028;9045633.904;78.939;500.548;500.517
CND_190_3;02/09/2026 10:00;" 298° 34' 33.78357""";"  78° 59' 18.43343""";594.723;Atmos PPM;0;1013.25;11.1012;175576.407;9045913.172;192.558;176089.028;9045633.904;78.939;583.897;583.756
CND_180_2;02/09/2026 10:01;" 299° 00' 00.12486""";"  79° 34' 26.55867""";553.867;Atmos PPM;0;1013.25;11.1012;175612.639;9045898.024;179.19;176089.028;9045633.904;78.939;544.768;544.707
CND_210_3;02/09/2026 10:01;" 302° 53' 59.81743""";"  78° 03' 49.37688""";629.474;Atmos PPM;0;1013.25;11.1012;175571.981;9045968.458;209.155;176089.028;9045633.904;78.939;616.02;615.844
CND_200_8;02/09/2026 10:01;" 303° 25' 05.47973""";"  78° 15' 52.91138""";598.441;Atmos PPM;0;1013.25;11.1012;175600.008;9045956.635;200.68;176089.028;9045633.904;78.939;586.05;585.915
CND_200_3;02/09/2026 10:01;" 303° 25' 04.23728""";"  78° 15' 55.32697""";598.441;Atmos PPM;0;1013.25;11.1012;175600.005;9045956.633;200.673;176089.028;9045633.904;78.939;586.052;585.916
CND_190_4;02/09/2026 10:01;" 304° 23' 48.78886""";"  78° 35' 22.70452""";568.319;Atmos PPM;0;1013.25;11.1012;175629.391;9045948.644;191.393;176089.028;9045633.904;78.939;557.187;557.071
CND_200_4;02/09/2026 10:01;" 309° 34' 04.47252""";"  77° 58' 14.03014""";577.865;Atmos PPM;0;1013.25;11.1012;175653.395;9045993.943;199.396;176089.028;9045633.904;78.939;565.267;565.158
CND_1505;02/09/2026 10:01;" 310° 59' 45.10962""";"  79° 10' 44.81754""";381.65;Atmos PPM;0;1013.25;11.1012;175806.124;9045879.835;150.599;176089.028;9045633.904;78.939;374.89;374.856
CND_210_4;02/09/2026 10:02;" 311° 21' 24.69617""";"  77° 25' 50.93212""";600.883;Atmos PPM;0;1013.25;11.1012;175648.856;9046021.445;209.726;176089.028;9045633.904;78.939;586.567;586.464
CND_190_5;02/09/2026 10:02;" 312° 12' 17.74167""";"  78° 10' 50.76280""";542.24;Atmos PPM;0;1013.25;11.1012;175695.923;9045990.473;190.022;176089.028;9045633.904;78.939;530.796;530.729
CND_25;02/09/2026 10:02;" 313° 23' 18.73851""";"  82° 24' 40.33195""";237.061;Atmos PPM;0;1013.25;11.1012;175918.279;9045795.337;110.25;176089.028;9045633.904;78.939;235.096;234.98
CND_29;02/09/2026 10:02;" 313° 30' 27.10609""";"  80° 52' 42.84390""";264.294;Atmos PPM;0;1013.25;11.1012;175899.783;9045813.569;120.842;176089.028;9045633.904;78.939;261.111;260.947
CND_200_5;02/09/2026 10:02;" 316° 06' 21.48071""";"  77° 35' 26.42918""";562.27;Atmos PPM;0;1013.25;11.1012;175708.343;9046029.643;199.788;176089.028;9045633.904;78.939;549.185;549.118
CND_1401;02/09/2026 10:03;" 317° 46' 12.08967""";"  79° 41' 11.00578""";345.464;Atmos PPM;0;1013.25;11.1012;175860.616;9045885.585;140.798;176089.028;9045633.904;78.939;340.026;339.875
CND_1602;02/09/2026 10:03;" 317° 50' 28.46539""";"  78° 12' 06.54894""";403.378;Atmos PPM;0;1013.25;11.1012;175824.037;9045926.622;161.426;176089.028;9045633.904;78.939;394.845;394.847
CND_1504;02/09/2026 10:03;" 320° 45' 24.29180""";"  78° 43' 29.87278""";370.088;Atmos PPM;0;1013.25;11.1012;175859.453;9045915.007;151.307;176089.028;9045633.904;78.939;362.974;362.937
CND_210_5;02/09/2026 10:03;" 320° 50' 25.28165""";"  77° 01' 20.48622""";587.598;Atmos PPM;0;1013.25;11.1012;175727.496;9046077.9;210.919;176089.028;9045633.904;78.939;572.641;572.571
CND_190_6;02/09/2026 10:03;" 321° 21' 23.08916""";"  77° 52' 41.68181""";529.235;Atmos PPM;0;1013.25;11.1012;175765.947;9046038.06;190.091;176089.028;9045633.904;78.939;517.464;517.42
CND_26;02/09/2026 10:03;" 321° 48' 35.35574""";"  82° 11' 25.32047""";231.313;Atmos PPM;0;1013.25;11.1012;175947.357;9045814.031;110.374;176089.028;9045633.904;78.939;229.307;229.164
CND_30;02/09/2026 10:04;" 323° 47' 13.71599""";"  80° 41' 06.39480""";257.39;Atmos PPM;0;1013.25;11.1012;175938.991;9045838.844;120.605;176089.028;9045633.904;78.939;254.209;253.991
CND_1402;02/09/2026 10:04;" 325° 03' 29.15411""";"  79° 32' 26.76067""";340.05;Atmos PPM;0;1013.25;11.1012;175897.529;9045908.034;140.678;176089.028;9045633.904;78.939;334.538;334.393
CND_200_6;02/09/2026 10:04;" 325° 15' 02.29275""";"  77° 24' 55.14222""";553.593;Atmos PPM;0;1013.25;11.1012;175781.115;9046077.85;199.577;176089.028;9045633.904;78.939;540.325;540.277
CND_1603;02/09/2026 10:04;" 325° 30' 39.75929""";"  78° 11' 57.54711""";397.916;Atmos PPM;0;1013.25;11.1012;175868.504;9045954.96;160.326;176089.028;9045633.904;78.939;389.496;389.497
CND_210_6;02/09/2026 10:04;" 328° 34' 39.67786""";"  76° 54' 34.75954""";582.158;Atmos PPM;0;1013.25;11.1012;175793.462;9046117.788;210.812;176089.028;9045633.904;78.939;567.059;567.012
CND_1503;02/09/2026 10:04;" 328° 44' 17.20241""";"  78° 43' 01.90680""";367.86;Atmos PPM;0;1013.25;11.1012;175901.847;9045942.284;150.92;176089.028;9045633.904;78.939;360.776;360.742
CND_34;02/09/2026 10:04;" 330° 33' 55.76535""";"  80° 30' 49.06936""";315.764;Atmos PPM;0;1013.25;11.1012;175936.001;9045905.155;130.988;176089.028;9045633.904;78.939;311.606;311.439
CND_200_7;02/09/2026 10:05;" 332° 03' 31.79868""";"  77° 26' 34.73124""";554.823;Atmos PPM;0;1013.25;11.1012;175835.324;9046112.334;199.584;176089.028;9045633.904;78.939;541.571;541.536
CND_1604;02/09/2026 10:05;" 332° 27' 37.11787""";"  78° 10' 02.62368""";397.115;Atmos PPM;0;1013.25;11.1012;175909.352;9045978.547;160.379;176089.028;9045633.904;78.939;388.706;388.667
CND_27;02/09/2026 10:05;" 332° 40' 55.26581""";"  82° 13' 58.13855""";231.131;Atmos PPM;0;1013.25;11.1012;175983.948;9045837.38;110.18;176089.028;9045633.904;78.939;229.13;229.007
CND_22;02/09/2026 10:05;" 334° 37' 11.07577""";"  80° 44' 16.98627""";259.96;Atmos PPM;0;1013.25;11.1012;175979.077;9045865.717;120.784;176089.028;9045633.904;78.939;256.724;256.566
CND_1403;02/09/2026 10:06;" 335° 13' 49.52359""";"  79° 30' 37.55919""";347.084;Atmos PPM;0;1013.25;11.1012;175946.07;9045943.795;142.136;176089.028;9045633.904;78.939;341.371;341.276
CND_210_7;02/09/2026 10:06;" 337° 51' 16.31872""";"  77° 09' 29.55911""";584.999;Atmos PPM;0;1013.25;11.1012;175874.074;9046162.196;208.983;176089.028;9045633.904;78.939;570.387;570.348
CND_14;02/09/2026 10:07;" 345° 49' 42.90769""";"  85° 42' 33.93559""";155.673;Atmos PPM;0;1013.25;11.1012;176051.036;9045784.418;90.587;176089.028;9045633.904;78.939;155.246;155.235
CND_36;02/09/2026 10:07;" 346° 51' 02.24408""";"  80° 56' 14.94429""";333.035;Atmos PPM;0;1013.25;11.1012;176014.24;9045954.159;131.404;176089.028;9045633.904;78.939;328.884;328.871
CND_1803;02/09/2026 10:07;" 348° 01' 15.69137""";"  78° 12' 09.34393""";498.574;Atmos PPM;0;1013.25;11.1012;175987.777;9046111.314;180.89;176089.028;9045633.904;78.939;488.054;488.029
CND_23;02/09/2026 10:08;" 348° 36' 45.97914""";"  78° 49' 27.18377""";391.407;Atmos PPM;0;1013.25;11.1012;176013.248;9046010.328;154.812;176089.028;9045633.904;78.939;383.951;383.976
CND_1901;02/09/2026 10:08;" 350° 13' 39.25955""";"  77° 55' 46.69672""";536.182;Atmos PPM;0;1013.25;11.1012;176000.077;9046150.616;191.08;176089.028;9045633.904;78.939;524.343;524.313
CND_20;02/09/2026 10:08;" 359° 04' 44.49151""";"  83° 57' 01.98719""";203.552;Atmos PPM;0;1013.25;11.1012;176085.792;9045836.294;100.394;176089.028;9045633.904;78.939;202.449;202.415
CND_18;02/09/2026 10:08;"   0° 50' 57.23925""";"  86° 10' 54.33032""";178.314;Atmos PPM;0;1013.25;11.1012;176091.68;9045811.8;90.815;176089.028;9045633.904;78.939;177.925;177.915
CND_17;02/09/2026 10:09;"  11° 43' 27.80325""";"  86° 38' 56.35162""";208.078;Atmos PPM;0;1013.25;11.1012;176131.255;9045837.286;91.105;176089.028;9045633.904;78.939;207.753;207.719
CND_30002;02/09/2026 12:00;" 289° 14' 39.41312""";"  79° 29' 05.13385""";723.074;Atmos PPM;0;1013.25;11.1012;175417.864;9045868.273;210.932;176089.028;9045633.904;78.939;710.915;710.908
CND_30003;02/09/2026 12:00;" 290° 56' 10.05575""";"  79° 32' 55.55409""";674.095;Atmos PPM;0;1013.25;11.1012;175469.921;9045870.825;201.249;176089.028;9045633.904;78.939;662.894;662.892
CND_30004;02/09/2026 12:00;" 291° 25' 45.74050""";"  79° 53' 05.66476""";637.675;Atmos PPM;0;1013.25;11.1012;175504.699;9045863.303;190.958;176089.028;9045633.904;78.939;627.75;627.746
CND_170_1;02/09/2026 12:00;" 298° 32' 43.62817""";"  79° 40' 32.14446""";508.767;Atmos PPM;0;1013.25;11.1012;175649.375;9045873.116;170.138;176089.028;9045633.904;78.939;500.548;500.517
CND_190_3;02/09/2026 12:01;" 298° 34' 29.10458""";"  78° 59' 20.36940""";594.723;Atmos PPM;0;1013.25;11.1012;175576.4;9045913.161;192.553;176089.028;9045633.904;78.939;583.897;583.757
CND_180_2;02/09/2026 12:01;" 298° 59' 55.41640""";"  79° 34' 30.20470""";553.866;Atmos PPM;0;1013.25;11.1012;175612.631;9045898.014;179.18;176089.028;9045633.904;78.939;544.768;544.709
CND_210_3;02/09/2026 12:01;" 302° 53' 54.80377""";"  78° 03' 50.75531""";629.474;Atmos PPM;0;1013.25;11.1012;175571.972;9045968.446;209.151;176089.028;9045633.904;78.939;616.02;615.845
CND_200_8;02/09/2026 12:01;" 303° 24' 58.97073""";"  78° 15' 53.34238""";598.441;Atmos PPM;0;1013.25;11.1012;175599.998;9045956.62;200.679;176089.028;9045633.904;78.939;586.05;585.915
CND_200_3;02/09/2026 12:01;" 303° 24' 58.78724""";"  78° 15' 57.34243""";598.441;Atmos PPM;0;1013.25;11.1012;175599.996;9045956.621;200.667;176089.028;9045633.904;78.939;586.052;585.917
CND_190_4;02/09/2026 12:01;" 304° 23' 41.84633""";"  78° 35' 21.48206""";568.319;Atmos PPM;0;1013.25;11.1012;175629.381;9045948.628;191.397;176089.028;9045633.904;78.939;557.187;557.07
CND_200_4;02/09/2026 12:01;" 309° 33' 59.26260""";"  77° 58' 11.17212""";577.865;Atmos PPM;0;1013.25;11.1012;175653.387;9045993.93;199.404;176089.028;9045633.904;78.939;565.267;565.157
CND_1505;02/09/2026 12:01;" 310° 59' 40.26905""";"  79° 10' 45.26064""";381.651;Atmos PPM;0;1013.25;11.1012;175806.118;9045879.829;150.599;176089.028;9045633.904;78.939;374.89;374.856
CND_210_4;02/09/2026 12:01;" 311° 21' 21.71441""";"  77° 25' 45.65424""";600.882;Atmos PPM;0;1013.25;11.1012;175648.853;9046021.436;209.741;176089.028;9045633.904;78.939;586.567;586.46
CND_190_5;02/09/2026 12:02;" 312° 12' 15.83399""";"  78° 10' 52.28027""";542.24;Atmos PPM;0;1013.25;11.1012;175695.919;9045990.469;190.018;176089.028;9045633.904;78.939;530.796;530.729
CND_25;02/09/2026 12:02;" 313° 23' 14.19329""";"  82° 24' 43.60448""";237.06;Atmos PPM;0;1013.25;11.1012;175918.275;9045795.333;110.246;176089.028;9045633.904;78.939;235.096;234.981
CND_29;02/09/2026 12:02;" 313° 30' 20.58038""";"  80° 52' 41.83891""";264.294;Atmos PPM;0;1013.25;11.1012;175899.777;9045813.563;120.843;176089.028;9045633.904;78.939;261.111;260.947
CND_200_5;02/09/2026 12:02;" 316° 06' 18.24667""";"  77° 35' 22.66017""";562.27;Atmos PPM;0;1013.25;11.1012;175708.339;9046029.636;199.798;176089.028;9045633.904;78.939;549.185;549.115
CND_1401;02/09/2026 12:02;" 317° 46' 08.43063""";"  79° 41' 08.91230""";345.465;Atmos PPM;0;1013.25;11.1012;175860.612;9045885.581;140.801;176089.028;9045633.904;78.939;340.026;339.875
CND_1602;02/09/2026 12:03;" 317° 50' 26.70964""";"  78° 11' 59.68360""";403.378;Atmos PPM;0;1013.25;11.1012;175824.036;9045926.617;161.44;176089.028;9045633.904;78.939;394.845;394.844
CND_1504;02/09/2026 12:03;" 320° 45' 18.07833""";"  78° 43' 33.39952""";370.088;Atmos PPM;0;1013.25;11.1012;175859.444;9045915;151.301;176089.028;9045633.904;78.939;362.974;362.938
CND_210_5;02/09/2026 12:03;" 320° 50' 20.98019""";"  77° 01' 23.32078""";587.598;Atmos PPM;0;1013.25;11.1012;175727.486;9046077.895;210.911;176089.028;9045633.904;78.939;572.641;572.573
CND_190_6;02/09/2026 12:03;" 321° 21' 21.08980""";"  77° 52' 45.39853""";529.234;Atmos PPM;0;1013.25;11.1012;175765.942;9046038.058;190.082;176089.028;9045633.904;78.939;517.464;517.421
CND_26;02/09/2026 12:03;" 321° 48' 32.89183""";"  82° 11' 26.60255""";231.313;Atmos PPM;0;1013.25;11.1012;175947.355;9045814.029;110.373;176089.028;9045633.904;78.939;229.307;229.164
CND_30;02/09/2026 12:03;" 323° 47' 10.58186""";"  80° 41' 07.82803""";257.39;Atmos PPM;0;1013.25;11.1012;175938.988;9045838.842;120.603;176089.028;9045633.904;78.939;254.209;253.992
CND_1402;02/09/2026 12:04;" 325° 03' 27.22015""";"  79° 32' 23.52646""";340.051;Atmos PPM;0;1013.25;11.1012;175897.527;9045908.031;140.683;176089.028;9045633.904;78.939;334.538;334.392
CND_200_6;02/09/2026 12:04;" 325° 14' 59.54910""";"  77° 24' 57.44232""";553.592;Atmos PPM;0;1013.25;11.1012;175781.108;9046077.847;199.571;176089.028;9045633.904;78.939;540.325;540.278
CND_1603;02/09/2026 12:04;" 325° 30' 38.30833""";"  78° 11' 54.71520""";397.916;Atmos PPM;0;1013.25;11.1012;175868.502;9045954.957;160.332;176089.028;9045633.904;78.939;389.496;389.495
CND_210_6;02/09/2026 12:04;" 328° 34' 35.82660""";"  76° 54' 34.52005""";582.157;Atmos PPM;0;1013.25;11.1012;175793.453;9046117.781;210.813;176089.028;9045633.904;78.939;567.059;567.011
CND_1503;02/09/2026 12:04;" 328° 44' 13.62822""";"  78° 43' 01.07919""";367.859;Atmos PPM;0;1013.25;11.1012;175901.842;9045942.28;150.922;176089.028;9045633.904;78.939;360.776;360.741
CND_34;02/09/2026 12:04;" 330° 33' 51.41190""";"  80° 30' 49.35781""";315.764;Atmos PPM;0;1013.25;11.1012;175935.995;9045905.152;130.987;176089.028;9045633.904;78.939;311.606;311.439
CND_200_7;02/09/2026 12:04;" 332° 03' 28.92926""";"  77° 26' 35.13486""";554.823;Atmos PPM;0;1013.25;11.1012;175835.317;9046112.331;199.583;176089.028;9045633.904;78.939;541.571;541.536
CND_1604;02/09/2026 12:05;" 332° 27' 31.38055""";"  78° 10' 02.63218""";397.115;Atmos PPM;0;1013.25;11.1012;175909.342;9045978.542;160.379;176089.028;9045633.904;78.939;388.706;388.667
CND_27;02/09/2026 12:05;" 332° 40' 56.11811""";"  82° 13' 56.81890""";231.131;Atmos PPM;0;1013.25;11.1012;175983.949;9045837.38;110.181;176089.028;9045633.904;78.939;229.13;229.006
CND_22;02/09/2026 12:05;" 334° 37' 09.78594""";"  80° 44' 19.93930""";259.96;Atmos PPM;0;1013.25;11.1012;175979.076;9045865.717;120.78;176089.028;9045633.904;78.939;256.724;256.567
CND_210_7;02/09/2026 12:06;" 337° 51' 15.52514""";"  77° 09' 30.62761""";584.998;Atmos PPM;0;1013.25;11.1012;175874.072;9046162.196;208.98;176089.028;9045633.904;78.939;570.387;570.349
CND_14;02/09/2026 12:07;" 345° 49' 37.23590""";"  85° 42' 41.88494""";155.673;Atmos PPM;0;1013.25;11.1012;176051.032;9045784.418;90.581;176089.028;9045633.904;78.939;155.246;155.235
CND_36;02/09/2026 12:07;" 346° 50' 58.65314""";"  80° 56' 14.58693""";333.035;Atmos PPM;0;1013.25;11.1012;176014.234;9045954.158;131.404;176089.028;9045633.904;78.939;328.884;328.871
CND_1803;02/09/2026 12:07;" 348° 01' 12.60078""";"  78° 12' 11.21639""";498.573;Atmos PPM;0;1013.25;11.1012;175987.769;9046111.313;180.885;176089.028;9045633.904;78.939;488.054;488.029
CND_23;02/09/2026 12:07;" 348° 36' 42.97037""";"  78° 49' 28.57799""";391.407;Atmos PPM;0;1013.25;11.1012;176013.243;9046010.327;154.809;176089.028;9045633.904;78.939;383.951;383.976
CND_1901;02/09/2026 12:08;" 350° 13' 33.11073""";"  77° 55' 48.44784""";536.182;Atmos PPM;0;1013.25;11.1012;176000.062;9046150.615;191.076;176089.028;9045633.904;78.939;524.343;524.314
CND_20;02/09/2026 12:08;" 359° 04' 40.54230""";"  83° 57' 01.53243""";203.552;Atmos PPM;0;1013.25;11.1012;176085.788;9045836.294;100.394;176089.028;9045633.904;78.939;202.449;202.415
CND_18;02/09/2026 12:08;"   0° 50' 52.56623""";"  86° 10' 52.40660""";178.314;Atmos PPM;0;1013.25;11.1012;176091.676;9045811.8;90.817;176089.028;9045633.904;78.939;177.925;177.915
CND_17;02/09/2026 12:08;"  11° 43' 23.50045""";"  86° 38' 53.68649""";208.078;Atmos PPM;0;1013.25;11.1012;176131.25;9045837.287;91.107;176089.028;9045633.904;78.939;207.753;207.719
CND_30002;02/09/2026 14:00;" 289° 14' 37.10925""";"  79° 29' 01.11811""";723.074;Atmos PPM;0;1013.25;11.1012;175417.863;9045868.265;210.946;176089.028;9045633.904;78.939;710.915;710.906
CND_30003;02/09/2026 14:00;" 290° 56' 10.12301""";"  79° 32' 52.65722""";674.095;Atmos PPM;0;1013.25;11.1012;175469.923;9045870.825;201.258;176089.028;9045633.904;78.939;662.894;662.89
CND_30004;02/09/2026 14:00;" 291° 25' 38.36034""";"  79° 52' 58.61160""";637.675;Atmos PPM;0;1013.25;11.1012;175504.694;9045863.28;190.98;176089.028;9045633.904;78.939;627.75;627.742
CND_170_1;02/09/2026 14:00;" 298° 32' 36.90355""";"  79° 40' 29.63079""";508.767;Atmos PPM;0;1013.25;11.1012;175649.368;9045873.101;170.144;176089.028;9045633.904;78.939;500.548;500.516
CND_190_3;02/09/2026 14:00;" 298° 34' 27.09880""";"  78° 59' 21.29370""";594.722;Atmos PPM;0;1013.25;11.1012;175576.397;9045913.156;192.55;176089.028;9045633.904;78.939;583.897;583.757
CND_180_2;02/09/2026 14:01;" 298° 59' 58.74282""";"  79° 34' 27.15564""";553.866;Atmos PPM;0;1013.25;11.1012;175612.637;9045898.021;179.188;176089.028;9045633.904;78.939;544.768;544.707
CND_210_3;02/09/2026 14:01;" 302° 53' 54.67087""";"  78° 03' 48.56865""";629.473;Atmos PPM;0;1013.25;11.1012;175571.973;9045968.445;209.157;176089.028;9045633.904;78.939;616.02;615.843
CND_200_3;02/09/2026 14:01;" 303° 25' 01.49776""";"  78° 15' 53.49243""";598.441;Atmos PPM;0;1013.25;11.1012;175600.002;9045956.626;200.678;176089.028;9045633.904;78.939;586.052;585.915
CND_200_8;02/09/2026 14:01;" 303° 25' 00.27215""";"  78° 15' 51.72858""";598.441;Atmos PPM;0;1013.25;11.1012;175600.001;9045956.622;200.683;176089.028;9045633.904;78.939;586.05;585.914
CND_190_4;02/09/2026 14:01;" 304° 23' 43.31558""";"  78° 35' 21.30722""";568.319;Atmos PPM;0;1013.25;11.1012;175629.384;9045948.632;191.397;176089.028;9045633.904;78.939;557.187;557.07
CND_200_4;02/09/2026 14:01;" 309° 33' 56.83622""";"  77° 58' 14.26347""";577.865;Atmos PPM;0;1013.25;11.1012;175653.381;9045993.926;199.395;176089.028;9045633.904;78.939;565.267;565.159
CND_1505;02/09/2026 14:01;" 310° 59' 38.89078""";"  79° 10' 46.68832""";381.65;Atmos PPM;0;1013.25;11.1012;175806.116;9045879.827;150.596;176089.028;9045633.904;78.939;374.89;374.856
CND_210_4;02/09/2026 14:01;" 311° 21' 20.97177""";"  77° 25' 43.96254""";600.882;Atmos PPM;0;1013.25;11.1012;175648.853;9046021.434;209.745;176089.028;9045633.904;78.939;586.567;586.458
CND_190_5;02/09/2026 14:01;" 312° 12' 15.69884""";"  78° 10' 52.03305""";542.24;Atmos PPM;0;1013.25;11.1012;175695.919;9045990.469;190.019;176089.028;9045633.904;78.939;530.796;530.729
CND_25;02/09/2026 14:02;" 313° 23' 14.74738""";"  82° 24' 38.73478""";237.061;Atmos PPM;0;1013.25;11.1012;175918.276;9045795.333;110.252;176089.028;9045633.904;78.939;235.096;234.98
CND_29;02/09/2026 14:02;" 313° 30' 22.44061""";"  80° 52' 45.58311""";264.294;Atmos PPM;0;1013.25;11.1012;175899.778;9045813.565;120.838;176089.028;9045633.904;78.939;261.111;260.947
CND_200_5;02/09/2026 14:02;" 316° 06' 17.75178""";"  77° 35' 25.42995""";562.269;Atmos PPM;0;1013.25;11.1012;175708.337;9046029.635;199.791;176089.028;9045633.904;78.939;549.185;549.116
CND_1401;02/09/2026 14:02;" 317° 46' 06.15380""";"  79° 41' 11.96368""";345.464;Atmos PPM;0;1013.25;11.1012;175860.609;9045885.579;140.796;176089.028;9045633.904;78.939;340.026;339.875
CND_1602;02/09/2026 14:02;" 317° 50' 24.87786""";"  78° 12' 03.23819""";403.378;Atmos PPM;0;1013.25;11.1012;175824.033;9045926.616;161.433;176089.028;9045633.904;78.939;394.845;394.845
CND_1504;02/09/2026 14:03;" 320° 45' 17.84310""";"  78° 43' 32.31035""";370.088;Atmos PPM;0;1013.25;11.1012;175859.444;9045915;151.303;176089.028;9045633.904;78.939;362.974;362.937
CND_210_5;02/09/2026 14:03;" 320° 50' 21.49059""";"  77° 01' 25.99083""";587.598;Atmos PPM;0;1013.25;11.1012;175727.486;9046077.897;210.904;176089.028;9045633.904;78.939;572.641;572.575
CND_190_6;02/09/2026 14:03;" 321° 21' 17.95062""";"  77° 52' 44.06144""";529.234;Atmos PPM;0;1013.25;11.1012;175765.937;9046038.052;190.085;176089.028;9045633.904;78.939;517.464;517.42
CND_26;02/09/2026 14:03;" 321° 48' 33.21220""";"  82° 11' 26.81763""";231.313;Atmos PPM;0;1013.25;11.1012;175947.356;9045814.029;110.372;176089.028;9045633.904;78.939;229.307;229.164
CND_30;02/09/2026 14:03;" 323° 47' 06.89836""";"  80° 41' 09.61411""";257.39;Atmos PPM;0;1013.25;11.1012;175938.984;9045838.839;120.601;176089.028;9045633.904;78.939;254.209;253.992
CND_1402;02/09/2026 14:03;" 325° 03' 29.59415""";"  79° 32' 25.87542""";340.05;Atmos PPM;0;1013.25;11.1012;175897.53;9045908.034;140.68;176089.028;9045633.904;78.939;334.538;334.393
CND_200_6;02/09/2026 14:03;" 325° 15' 02.59747""";"  77° 24' 56.54948""";553.592;Atmos PPM;0;1013.25;11.1012;175781.115;9046077.851;199.573;176089.028;9045633.904;78.939;540.325;540.277
CND_1603;02/09/2026 14:04;" 325° 30' 39.13638""";"  78° 11' 57.48240""";397.916;Atmos PPM;0;1013.25;11.1012;175868.503;9045954.959;160.326;176089.028;9045633.904;78.939;389.496;389.496
CND_210_6;02/09/2026 14:04;" 328° 34' 35.38958""";"  76° 54' 34.69122""";582.157;Atmos PPM;0;1013.25;11.1012;175793.452;9046117.781;210.812;176089.028;9045633.904;78.939;567.059;567.011
CND_1503;02/09/2026 14:04;" 328° 44' 14.28150""";"  78° 43' 01.83233""";367.859;Atmos PPM;0;1013.25;11.1012;175901.843;9045942.281;150.92;176089.028;9045633.904;78.939;360.776;360.742
CND_34;02/09/2026 14:04;" 330° 33' 50.94196""";"  80° 30' 50.93876""";315.764;Atmos PPM;0;1013.25;11.1012;175935.994;9045905.152;130.985;176089.028;9045633.904;78.939;311.606;311.44
CND_200_7;02/09/2026 14:04;" 332° 03' 28.80893""";"  77° 26' 34.05589""";554.823;Atmos PPM;0;1013.25;11.1012;175835.317;9046112.33;199.586;176089.028;9045633.904;78.939;541.571;541.535
CND_1604;02/09/2026 14:04;" 332° 27' 33.25172""";"  78° 10' 05.59121""";397.115;Atmos PPM;0;1013.25;11.1012;175909.345;9045978.545;160.373;176089.028;9045633.904;78.939;388.706;388.668
CND_27;02/09/2026 14:04;" 332° 40' 51.97575""";"  82° 13' 56.95860""";231.131;Atmos PPM;0;1013.25;11.1012;175983.944;9045837.378;110.181;176089.028;9045633.904;78.939;229.13;229.007
CND_22;02/09/2026 14:04;" 334° 37' 07.46731""";"  80° 44' 19.53019""";259.96;Atmos PPM;0;1013.25;11.1012;175979.073;9045865.715;120.781;176089.028;9045633.904;78.939;256.724;256.566
CND_1403;02/09/2026 14:05;" 335° 13' 44.73164""";"  79° 30' 37.76872""";347.084;Atmos PPM;0;1013.25;11.1012;175946.062;9045943.792;142.136;176089.028;9045633.904;78.939;341.371;341.277
CND_210_7;02/09/2026 14:05;" 337° 51' 11.37990""";"  77° 09' 32.25560""";584.999;Atmos PPM;0;1013.25;11.1012;175874.061;9046162.193;208.975;176089.028;9045633.904;78.939;570.387;570.35
CND_14;02/09/2026 14:06;" 345° 49' 39.17350""";"  85° 42' 36.16099""";155.673;Atmos PPM;0;1013.25;11.1012;176051.033;9045784.418;90.586;176089.028;9045633.904;78.939;155.246;155.235
CND_36;02/09/2026 14:07;" 346° 50' 58.57229""";"  80° 56' 13.93090""";333.035;Atmos PPM;0;1013.25;11.1012;176014.234;9045954.158;131.405;176089.028;9045633.904;78.939;328.884;328.871
CND_1803;02/09/2026 14:07;" 348° 01' 13.10050""";"  78° 12' 06.79886""";498.573;Atmos PPM;0;1013.25;11.1012;175987.771;9046111.311;180.895;176089.028;9045633.904;78.939;488.054;488.027
CND_23;02/09/2026 14:07;" 348° 36' 41.76230""";"  78° 49' 28.02862""";391.406;Atmos PPM;0;1013.25;11.1012;176013.24;9046010.326;154.81;176089.028;9045633.904;78.939;383.951;383.976
CND_1901;02/09/2026 14:07;" 350° 13' 31.63388""";"  77° 55' 49.19709""";536.181;Atmos PPM;0;1013.25;11.1012;176000.058;9046150.614;191.074;176089.028;9045633.904;78.939;524.343;524.313
CND_20;02/09/2026 14:07;" 359° 04' 39.38595""";"  83° 57' 01.63076""";203.552;Atmos PPM;0;1013.25;11.1012;176085.787;9045836.293;100.394;176089.028;9045633.904;78.939;202.449;202.415
CND_18;02/09/2026 14:07;"   0° 50' 52.21498""";"  86° 10' 45.40080""";178.313;Atmos PPM;0;1013.25;11.1012;176091.676;9045811.799;90.823;176089.028;9045633.904;78.939;177.925;177.914
CND_17;02/09/2026 14:07;"  11° 43' 22.95704""";"  86° 38' 54.98832""";208.077;Atmos PPM;0;1013.25;11.1012;176131.25;9045837.287;91.106;176089.028;9045633.904;78.939;207.753;207.719
CND_30002;02/09/2026 16:00;" 289° 14' 40.74713""";"  79° 29' 01.36234""";723.074;Atmos PPM;0;1013.25;11.1012;175417.867;9045868.277;210.946;176089.028;9045633.904;78.939;710.915;710.906
CND_30003;02/09/2026 16:00;" 290° 56' 10.85627""";"  79° 32' 49.61633""";674.096;Atmos PPM;0;1013.25;11.1012;175469.925;9045870.827;201.268;176089.028;9045633.904;78.939;662.894;662.889
CND_30004;02/09/2026 16:00;" 291° 25' 40.71832""";"  79° 52' 58.17011""";637.676;Atmos PPM;0;1013.25;11.1012;175504.696;9045863.287;190.981;176089.028;9045633.904;78.939;627.75;627.742
CND_170_1;02/09/2026 16:00;" 298° 32' 37.26061""";"  79° 40' 27.34562""";508.768;Atmos PPM;0;1013.25;11.1012;175649.369;9045873.102;170.15;176089.028;9045633.904;78.939;500.548;500.515
CND_190_3;02/09/2026 16:00;" 298° 34' 27.59908""";"  78° 59' 19.24224""";594.722;Atmos PPM;0;1013.25;11.1012;175576.398;9045913.157;192.556;176089.028;9045633.904;78.939;583.897;583.756
CND_180_2;02/09/2026 16:01;" 298° 59' 55.94636""";"  79° 34' 25.21313""";553.866;Atmos PPM;0;1013.25;11.1012;175612.634;9045898.014;179.193;176089.028;9045633.904;78.939;544.768;544.706
CND_210_3;02/09/2026 16:01;" 302° 53' 56.38849""";"  78° 03' 50.52211""";629.474;Atmos PPM;0;1013.25;11.1012;175571.975;9045968.45;209.152;176089.028;9045633.904;78.939;616.02;615.845
CND_200_8;02/09/2026 16:01;" 303° 25' 01.30312""";"  78° 15' 52.58196""";598.441;Atmos PPM;0;1013.25;11.1012;175600.002;9045956.625;200.681;176089.028;9045633.904;78.939;586.05;585.914
CND_200_3;02/09/2026 16:01;" 303° 25' 00.36958""";"  78° 15' 53.91271""";598.441;Atmos PPM;0;1013.25;11.1012;175600;9045956.623;200.677;176089.028;9045633.904;78.939;586.052;585.915
CND_190_4;02/09/2026 16:01;" 304° 23' 42.96260""";"  78° 35' 21.69112""";568.32;Atmos PPM;0;1013.25;11.1012;175629.382;9045948.631;191.396;176089.028;9045633.904;78.939;557.187;557.07
CND_200_4;02/09/2026 16:01;" 309° 33' 59.59725""";"  77° 58' 11.62655""";577.865;Atmos PPM;0;1013.25;11.1012;175653.387;9045993.931;199.403;176089.028;9045633.904;78.939;565.267;565.157
CND_1505;02/09/2026 16:01;" 310° 59' 40.74306""";"  79° 10' 46.65676""";381.651;Atmos PPM;0;1013.25;11.1012;175806.118;9045879.83;150.596;176089.028;9045633.904;78.939;374.89;374.856
CND_210_4;02/09/2026 16:01;" 311° 21' 20.38768""";"  77° 25' 46.22359""";600.882;Atmos PPM;0;1013.25;11.1012;175648.851;9046021.434;209.739;176089.028;9045633.904;78.939;586.567;586.46
CND_190_5;02/09/2026 16:01;" 312° 12' 14.70708""";"  78° 10' 52.82867""";542.24;Atmos PPM;0;1013.25;11.1012;175695.917;9045990.467;190.017;176089.028;9045633.904;78.939;530.796;530.73
CND_25;02/09/2026 16:02;" 313° 23' 16.03863""";"  82° 24' 41.73956""";237.061;Atmos PPM;0;1013.25;11.1012;175918.276;9045795.335;110.248;176089.028;9045633.904;78.939;235.096;234.981
CND_29;02/09/2026 16:02;" 313° 30' 23.19869""";"  80° 52' 44.38008""";264.294;Atmos PPM;0;1013.25;11.1012;175899.779;9045813.566;120.84;176089.028;9045633.904;78.939;261.111;260.947
CND_200_5;02/09/2026 16:02;" 316° 06' 20.76946""";"  77° 35' 25.79580""";562.27;Atmos PPM;0;1013.25;11.1012;175708.342;9046029.642;199.79;176089.028;9045633.904;78.939;549.185;549.117
CND_1401;02/09/2026 16:02;" 317° 46' 07.66154""";"  79° 41' 11.20570""";345.465;Atmos PPM;0;1013.25;11.1012;175860.611;9045885.581;140.797;176089.028;9045633.904;78.939;340.026;339.876
CND_1504;02/09/2026 16:02;" 320° 45' 20.11454""";"  78° 43' 32.39629""";370.088;Atmos PPM;0;1013.25;11.1012;175859.446;9045915.003;151.303;176089.028;9045633.904;78.939;362.974;362.938
CND_210_5;02/09/2026 16:02;" 320° 50' 21.83627""";"  77° 01' 23.84323""";587.598;Atmos PPM;0;1013.25;11.1012;175727.488;9046077.896;210.909;176089.028;9045633.904;78.939;572.641;572.573
CND_190_6;02/09/2026 16:03;" 321° 21' 21.51321""";"  77° 52' 42.20965""";529.234;Atmos PPM;0;1013.25;11.1012;175765.944;9046038.057;190.09;176089.028;9045633.904;78.939;517.464;517.42
CND_26;02/09/2026 16:03;" 321° 48' 30.95329""";"  82° 11' 23.86124""";231.313;Atmos PPM;0;1013.25;11.1012;175947.354;9045814.028;110.376;176089.028;9045633.904;78.939;229.307;229.164
CND_30;02/09/2026 16:03;" 323° 47' 09.91036""";"  80° 41' 08.85040""";257.39;Atmos PPM;0;1013.25;11.1012;175938.987;9045838.842;120.602;176089.028;9045633.904;78.939;254.209;253.992
CND_1402;02/09/2026 16:03;" 325° 03' 27.15335""";"  79° 32' 26.61054""";340.05;Atmos PPM;0;1013.25;11.1012;175897.527;9045908.032;140.678;176089.028;9045633.904;78.939;334.538;334.393
CND_200_6;02/09/2026 16:03;" 325° 15' 00.88944""";"  77° 24' 58.54257""";553.593;Atmos PPM;0;1013.25;11.1012;175781.111;9046077.85;199.568;176089.028;9045633.904;78.939;540.325;540.278
CND_1603;02/09/2026 16:03;" 325° 30' 35.50317""";"  78° 11' 57.83130""";397.916;Atmos PPM;0;1013.25;11.1012;175868.497;9045954.955;160.326;176089.028;9045633.904;78.939;389.496;389.497
CND_210_6;02/09/2026 16:03;" 328° 34' 35.79795""";"  76° 54' 35.36449""";582.157;Atmos PPM;0;1013.25;11.1012;175793.453;9046117.782;210.81;176089.028;9045633.904;78.939;567.059;567.011
CND_1503;02/09/2026 16:03;" 328° 44' 13.68651""";"  78° 43' 02.08814""";367.859;Atmos PPM;0;1013.25;11.1012;175901.842;9045942.28;150.92;176089.028;9045633.904;78.939;360.776;360.742
CND_34;02/09/2026 16:03;" 330° 33' 53.31523""";"  80° 30' 49.07953""";315.764;Atmos PPM;0;1013.25;11.1012;175935.998;9045905.154;130.988;176089.028;9045633.904;78.939;311.606;311.44
CND_200_7;02/09/2026 16:04;" 332° 03' 29.30419""";"  77° 26' 34.26510""";554.823;Atmos PPM;0;1013.25;11.1012;175835.318;9046112.331;199.585;176089.028;9045633.904;78.939;541.571;541.535
CND_1604;02/09/2026 16:04;" 332° 27' 34.74887""";"  78° 10' 04.89228""";397.115;Atmos PPM;0;1013.25;11.1012;175909.347;9045978.546;160.375;176089.028;9045633.904;78.939;388.706;388.668
CND_27;02/09/2026 16:04;" 332° 40' 52.79260""";"  82° 13' 55.75385""";231.131;Atmos PPM;0;1013.25;11.1012;175983.945;9045837.378;110.182;176089.028;9045633.904;78.939;229.13;229.006
CND_22;02/09/2026 16:04;" 334° 37' 08.64543""";"  80° 44' 21.92921""";259.96;Atmos PPM;0;1013.25;11.1012;175979.074;9045865.716;120.778;176089.028;9045633.904;78.939;256.724;256.567
CND_210_7;02/09/2026 16:05;" 337° 51' 14.86441""";"  77° 09' 30.00342""";585;Atmos PPM;0;1013.25;11.1012;175874.07;9046162.196;208.982;176089.028;9045633.904;78.939;570.387;570.35
CND_14;02/09/2026 16:06;" 345° 49' 39.44996""";"  85° 42' 29.32008""";155.673;Atmos PPM;0;1013.25;11.1012;176051.033;9045784.417;90.591;176089.028;9045633.904;78.939;155.246;155.235
CND_36;02/09/2026 16:06;" 346° 50' 59.51396""";"  80° 56' 13.46240""";333.035;Atmos PPM;0;1013.25;11.1012;176014.236;9045954.158;131.406;176089.028;9045633.904;78.939;328.884;328.871
CND_1803;02/09/2026 16:06;" 348° 01' 14.75835""";"  78° 12' 07.29737""";498.573;Atmos PPM;0;1013.25;11.1012;175987.775;9046111.312;180.894;176089.028;9045633.904;78.939;488.054;488.027
CND_23;02/09/2026 16:06;" 348° 36' 42.52404""";"  78° 49' 27.07459""";391.407;Atmos PPM;0;1013.25;11.1012;176013.242;9046010.327;154.812;176089.028;9045633.904;78.939;383.951;383.976
CND_1901;02/09/2026 16:06;" 350° 13' 34.49460""";"  77° 55' 47.70862""";536.182;Atmos PPM;0;1013.25;11.1012;176000.065;9046150.615;191.078;176089.028;9045633.904;78.939;524.343;524.313
CND_20;02/09/2026 16:07;" 359° 04' 41.66320""";"  83° 57' 01.21821""";203.552;Atmos PPM;0;1013.25;11.1012;176085.789;9045836.293;100.394;176089.028;9045633.904;78.939;202.449;202.415
CND_18;02/09/2026 16:07;"   0° 50' 56.71265""";"  86° 10' 44.73896""";178.314;Atmos PPM;0;1013.25;11.1012;176091.68;9045811.8;90.824;176089.028;9045633.904;78.939;177.925;177.915
CND_17;02/09/2026 16:07;"  11° 43' 24.68275""";"  86° 38' 50.82559""";208.078;Atmos PPM;0;1013.25;11.1012;176131.252;9045837.287;91.11;176089.028;9045633.904;78.939;207.753;207.719
CND_30002;02/09/2026 18:00;" 289° 14' 45.04468""";"  79° 29' 00.57183""";723.075;Atmos PPM;0;1013.25;11.1012;175417.872;9045868.291;210.948;176089.028;9045633.904;78.939;710.915;710.906
CND_30003;02/09/2026 18:00;" 290° 56' 12.74543""";"  79° 32' 50.08919""";674.096;Atmos PPM;0;1013.25;11.1012;175469.926;9045870.833;201.267;176089.028;9045633.904;78.939;662.894;662.889
CND_30004;02/09/2026 18:00;" 291° 25' 44.59398""";"  79° 52' 56.50386""";637.676;Atmos PPM;0;1013.25;11.1012;175504.701;9045863.298;190.986;176089.028;9045633.904;78.939;627.75;627.742
CND_170_1;02/09/2026 18:00;" 298° 32' 41.99925""";"  79° 40' 28.00494""";508.768;Atmos PPM;0;1013.25;11.1012;175649.374;9045873.112;170.148;176089.028;9045633.904;78.939;500.548;500.516
CND_190_3;02/09/2026 18:00;" 298° 34' 29.45229""";"  78° 59' 20.38407""";594.723;Atmos PPM;0;1013.25;11.1012;175576.4;9045913.162;192.553;176089.028;9045633.904;78.939;583.897;583.757
CND_180_2;02/09/2026 18:01;" 298° 59' 58.98435""";"  79° 34' 24.31106""";553.866;Atmos PPM;0;1013.25;11.1012;175612.638;9045898.021;179.196;176089.028;9045633.904;78.939;544.768;544.706
CND_210_3;02/09/2026 18:01;" 302° 53' 58.80065""";"  78° 03' 50.24283""";629.474;Atmos PPM;0;1013.25;11.1012;175571.979;9045968.456;209.153;176089.028;9045633.904;78.939;616.02;615.845
CND_200_3;02/09/2026 18:01;" 303° 25' 03.61561""";"  78° 15' 52.06615""";598.441;Atmos PPM;0;1013.25;11.1012;175600.006;9045956.631;200.682;176089.028;9045633.904;78.939;586.052;585.914
CND_200_8;02/09/2026 18:01;" 303° 25' 03.38969""";"  78° 15' 51.45944""";598.441;Atmos PPM;0;1013.25;11.1012;175600.006;9045956.63;200.684;176089.028;9045633.904;78.939;586.05;585.914
CND_190_4;02/09/2026 18:01;" 304° 23' 46.62859""";"  78° 35' 20.10339""";568.319;Atmos PPM;0;1013.25;11.1012;175629.389;9045948.639;191.401;176089.028;9045633.904;78.939;557.187;557.069
CND_200_4;02/09/2026 18:01;" 309° 34' 02.98121""";"  77° 58' 11.39716""";577.865;Atmos PPM;0;1013.25;11.1012;175653.393;9045993.938;199.403;176089.028;9045633.904;78.939;565.267;565.157
CND_1505;02/09/2026 18:01;" 310° 59' 41.50168""";"  79° 10' 44.35600""";381.651;Atmos PPM;0;1013.25;11.1012;175806.12;9045879.83;150.6;176089.028;9045633.904;78.939;374.89;374.856
CND_210_4;02/09/2026 18:01;" 311° 21' 23.11863""";"  77° 25' 46.53096""";600.883;Atmos PPM;0;1013.25;11.1012;175648.855;9046021.44;209.738;176089.028;9045633.904;78.939;586.567;586.46
CND_190_5;02/09/2026 18:01;" 312° 12' 18.17288""";"  78° 10' 51.11720""";542.24;Atmos PPM;0;1013.25;11.1012;175695.923;9045990.474;190.022;176089.028;9045633.904;78.939;530.796;530.729
CND_25;02/09/2026 18:01;" 313° 23' 16.67894""";"  82° 24' 39.60834""";237.061;Atmos PPM;0;1013.25;11.1012;175918.277;9045795.335;110.251;176089.028;9045633.904;78.939;235.096;234.98
CND_29;02/09/2026 18:02;" 313° 30' 25.66376""";"  80° 52' 44.54298""";264.294;Atmos PPM;0;1013.25;11.1012;175899.781;9045813.568;120.839;176089.028;9045633.904;78.939;261.111;260.948
CND_200_5;02/09/2026 18:02;" 316° 06' 24.14864""";"  77° 35' 26.00981""";562.27;Atmos PPM;0;1013.25;11.1012;175708.349;9046029.648;199.789;176089.028;9045633.904;78.939;549.185;549.117
CND_1401;02/09/2026 18:02;" 317° 46' 10.51999""";"  79° 41' 10.04857""";345.465;Atmos PPM;0;1013.25;11.1012;175860.615;9045885.584;140.799;176089.028;9045633.904;78.939;340.026;339.875
CND_1602;02/09/2026 18:02;" 317° 50' 27.50832""";"  78° 12' 05.46785""";403.378;Atmos PPM;0;1013.25;11.1012;175824.036;9045926.62;161.429;176089.028;9045633.904;78.939;394.845;394.846
CND_1504;02/09/2026 18:02;" 320° 45' 21.91574""";"  78° 43' 30.23786""";370.088;Atmos PPM;0;1013.25;11.1012;175859.449;9045915.004;151.307;176089.028;9045633.904;78.939;362.974;362.937
CND_210_5;02/09/2026 18:02;" 320° 50' 23.52530""";"  77° 01' 22.76799""";587.598;Atmos PPM;0;1013.25;11.1012;175727.491;9046077.899;210.913;176089.028;9045633.904;78.939;572.641;572.573
CND_190_6;02/09/2026 18:03;" 321° 21' 22.97401""";"  77° 52' 41.42409""";529.234;Atmos PPM;0;1013.25;11.1012;175765.947;9046038.059;190.092;176089.028;9045633.904;78.939;517.464;517.419
CND_26;02/09/2026 18:03;" 321° 48' 33.71708""";"  82° 11' 22.27817""";231.313;Atmos PPM;0;1013.25;11.1012;175947.356;9045814.029;110.377;176089.028;9045633.904;78.939;229.307;229.164
CND_30;02/09/2026 18:03;" 323° 47' 12.06722""";"  80° 41' 07.29668""";257.39;Atmos PPM;0;1013.25;11.1012;175938.989;9045838.843;120.604;176089.028;9045633.904;78.939;254.209;253.992
CND_1402;02/09/2026 18:03;" 325° 03' 28.30292""";"  79° 32' 26.46809""";340.051;Atmos PPM;0;1013.25;11.1012;175897.528;9045908.033;140.679;176089.028;9045633.904;78.939;334.538;334.393
CND_200_6;02/09/2026 18:03;" 325° 15' 01.56215""";"  77° 24' 57.10010""";553.593;Atmos PPM;0;1013.25;11.1012;175781.112;9046077.85;199.572;176089.028;9045633.904;78.939;540.325;540.278
CND_1603;02/09/2026 18:03;" 325° 30' 38.69666""";"  78° 11' 55.80709""";397.916;Atmos PPM;0;1013.25;11.1012;175868.502;9045954.958;160.33;176089.028;9045633.904;78.939;389.496;389.496
CND_210_6;02/09/2026 18:03;" 328° 34' 38.43262""";"  76° 54' 34.84493""";582.157;Atmos PPM;0;1013.25;11.1012;175793.459;9046117.785;210.812;176089.028;9045633.904;78.939;567.059;567.012
CND_1503;02/09/2026 18:03;" 328° 44' 16.86153""";"  78° 43' 01.33878""";367.859;Atmos PPM;0;1013.25;11.1012;175901.847;9045942.283;150.921;176089.028;9045633.904;78.939;360.776;360.741
CND_34;02/09/2026 18:04;" 330° 33' 55.14509""";"  80° 30' 47.83331""";315.764;Atmos PPM;0;1013.25;11.1012;175936;9045905.155;130.99;176089.028;9045633.904;78.939;311.606;311.439
CND_200_7;02/09/2026 18:04;" 332° 03' 31.74008""";"  77° 26' 33.98748""";554.823;Atmos PPM;0;1013.25;11.1012;175835.324;9046112.334;199.586;176089.028;9045633.904;78.939;541.571;541.535
CND_1604;02/09/2026 18:04;" 332° 27' 35.72752""";"  78° 10' 06.13678""";397.115;Atmos PPM;0;1013.25;11.1012;175909.349;9045978.547;160.372;176089.028;9045633.904;78.939;388.706;388.669
CND_27;02/09/2026 18:04;" 332° 40' 55.42949""";"  82° 13' 56.09603""";231.131;Atmos PPM;0;1013.25;11.1012;175983.948;9045837.379;110.182;176089.028;9045633.904;78.939;229.13;229.006
CND_22;02/09/2026 18:04;" 334° 37' 13.39772""";"  80° 44' 20.68966""";259.96;Atmos PPM;0;1013.25;11.1012;175979.08;9045865.719;120.779;176089.028;9045633.904;78.939;256.724;256.567
CND_210_7;02/09/2026 18:04;" 337° 51' 17.37743""";"  77° 09' 31.36585""";585.001;Atmos PPM;0;1013.25;11.1012;175874.076;9046162.201;208.978;176089.028;9045633.904;78.939;570.387;570.352
CND_14;02/09/2026 18:05;" 345° 49' 42.73629""";"  85° 42' 30.43867""";155.673;Atmos PPM;0;1013.25;11.1012;176051.036;9045784.418;90.59;176089.028;9045633.904;78.939;155.246;155.234
CND_36;02/09/2026 18:06;" 346° 50' 59.99549""";"  80° 56' 16.07984""";333.036;Atmos PPM;0;1013.25;11.1012;176014.236;9045954.159;131.402;176089.028;9045633.904;78.939;328.884;328.872
CND_1803;02/09/2026 18:06;" 348° 01' 17.05539""";"  78° 12' 07.10816""";498.574;Atmos PPM;0;1013.25;11.1012;175987.78;9046111.314;180.895;176089.028;9045633.904;78.939;488.054;488.028
CND_23;02/09/2026 18:06;" 348° 36' 44.50851""";"  78° 49' 28.69151""";391.407;Atmos PPM;0;1013.25;11.1012;176013.245;9046010.328;154.809;176089.028;9045633.904;78.939;383.951;383.976
CND_1901;02/09/2026 18:06;" 350° 13' 36.25851""";"  77° 55' 48.10505""";536.182;Atmos PPM;0;1013.25;11.1012;176000.07;9046150.616;191.077;176089.028;9045633.904;78.939;524.343;524.313
CND_20;02/09/2026 18:06;" 359° 04' 44.65960""";"  83° 57' 01.32710""";203.552;Atmos PPM;0;1013.25;11.1012;176085.792;9045836.294;100.394;176089.028;9045633.904;78.939;202.449;202.415
CND_18;02/09/2026 18:07;"   0° 50' 58.33117""";"  86° 10' 42.71448""";178.314;Atmos PPM;0;1013.25;11.1012;176091.681;9045811.799;90.825;176089.028;9045633.904;78.939;177.925;177.915
CND_17;02/09/2026 18:07;"  11° 43' 27.28316""";"  86° 38' 50.57537""";208.078;Atmos PPM;0;1013.25;11.1012;176131.254;9045837.286;91.111;176089.028;9045633.904;78.939;207.753;207.719
CND_30002;02/09/2026 20:00;" 289° 14' 44.17312""";"  79° 29' 01.17404""";723.075;Atmos PPM;0;1013.25;11.1012;175417.871;9045868.288;210.946;176089.028;9045633.904;78.939;710.915;710.907
CND_30003;02/09/2026 20:00;" 290° 56' 12.84287""";"  79° 32' 50.61145""";674.096;Atmos PPM;0;1013.25;11.1012;175469.926;9045870.833;201.265;176089.028;9045633.904;78.939;662.894;662.89
CND_30004;02/09/2026 20:00;" 291° 25' 44.51004""";"  79° 52' 57.56909""";637.676;Atmos PPM;0;1013.25;11.1012;175504.7;9045863.298;190.983;176089.028;9045633.904;78.939;627.75;627.742
CND_170_1;02/09/2026 20:00;" 298° 32' 41.04533""";"  79° 40' 27.17955""";508.768;Atmos PPM;0;1013.25;11.1012;175649.374;9045873.11;170.15;176089.028;9045633.904;78.939;500.548;500.515
CND_190_3;02/09/2026 20:00;" 298° 34' 30.01256""";"  78° 59' 20.36221""";594.723;Atmos PPM;0;1013.25;11.1012;175576.401;9045913.164;192.553;176089.028;9045633.904;78.939;583.897;583.757
CND_180_2;02/09/2026 20:01;" 298° 59' 58.74319""";"  79° 34' 23.19005""";553.867;Atmos PPM;0;1013.25;11.1012;175612.638;9045898.02;179.199;176089.028;9045633.904;78.939;544.768;544.706
CND_210_3;02/09/2026 20:01;" 302° 53' 58.66422""";"  78° 03' 49.58838""";629.474;Atmos PPM;0;1013.25;11.1012;175571.979;9045968.455;209.155;176089.028;9045633.904;78.939;616.02;615.844
CND_200_8;02/09/2026 20:01;" 303° 25' 02.06574""";"  78° 15' 52.81799""";598.441;Atmos PPM;0;1013.25;11.1012;175600.003;9045956.627;200.68;176089.028;9045633.904;78.939;586.05;585.915
CND_200_3;02/09/2026 20:01;" 303° 25' 02.11385""";"  78° 15' 53.32188""";598.441;Atmos PPM;0;1013.25;11.1012;175600.003;9045956.628;200.679;176089.028;9045633.904;78.939;586.052;585.915
CND_190_4;02/09/2026 20:01;" 304° 23' 45.87160""";"  78° 35' 21.59854""";568.32;Atmos PPM;0;1013.25;11.1012;175629.387;9045948.638;191.397;176089.028;9045633.904;78.939;557.187;557.07
CND_200_4;02/09/2026 20:01;" 309° 34' 02.56739""";"  77° 58' 12.30635""";577.865;Atmos PPM;0;1013.25;11.1012;175653.392;9045993.938;199.401;176089.028;9045633.904;78.939;565.267;565.157
CND_1505;02/09/2026 20:01;" 310° 59' 42.00072""";"  79° 10' 43.64845""";381.651;Atmos PPM;0;1013.25;11.1012;175806.12;9045879.831;150.602;176089.028;9045633.904;78.939;374.89;374.856
CND_210_4;02/09/2026 20:01;" 311° 21' 23.92767""";"  77° 25' 46.49172""";600.883;Atmos PPM;0;1013.25;11.1012;175648.857;9046021.442;209.738;176089.028;9045633.904;78.939;586.567;586.461
CND_190_5;02/09/2026 20:01;" 312° 12' 18.65285""";"  78° 10' 52.16291""";542.241;Atmos PPM;0;1013.25;11.1012;175695.923;9045990.475;190.019;176089.028;9045633.904;78.939;530.796;530.73
CND_25;02/09/2026 20:02;" 313° 23' 18.26502""";"  82° 24' 40.70853""";237.061;Atmos PPM;0;1013.25;11.1012;175918.278;9045795.336;110.249;176089.028;9045633.904;78.939;235.096;234.981
CND_29;02/09/2026 20:02;" 313° 30' 25.31772""";"  80° 52' 42.52872""";264.294;Atmos PPM;0;1013.25;11.1012;175899.781;9045813.568;120.842;176089.028;9045633.904;78.939;261.111;260.947
CND_200_5;02/09/2026 20:02;" 316° 06' 23.93741""";"  77° 35' 25.28948""";562.27;Atmos PPM;0;1013.25;11.1012;175708.349;9046029.647;199.791;176089.028;9045633.904;78.939;549.185;549.117
CND_1401;02/09/2026 20:02;" 317° 46' 10.17467""";"  79° 41' 09.07299""";345.465;Atmos PPM;0;1013.25;11.1012;175860.614;9045885.583;140.801;176089.028;9045633.904;78.939;340.026;339.875
CND_1602;02/09/2026 20:02;" 317° 50' 27.17145""";"  78° 12' 05.34362""";403.378;Atmos PPM;0;1013.25;11.1012;175824.035;9045926.62;161.429;176089.028;9045633.904;78.939;394.845;394.846
CND_1504;02/09/2026 20:02;" 320° 45' 21.69592""";"  78° 43' 31.36549""";370.088;Atmos PPM;0;1013.25;11.1012;175859.449;9045915.004;151.305;176089.028;9045633.904;78.939;362.974;362.938
CND_210_5;02/09/2026 20:03;" 320° 50' 23.12736""";"  77° 01' 22.93784""";587.598;Atmos PPM;0;1013.25;11.1012;175727.49;9046077.898;210.912;176089.028;9045633.904;78.939;572.641;572.573
CND_190_6;02/09/2026 20:03;" 321° 21' 22.87889""";"  77° 52' 41.99913""";529.234;Atmos PPM;0;1013.25;11.1012;175765.947;9046038.059;190.09;176089.028;9045633.904;78.939;517.464;517.419
CND_26;02/09/2026 20:03;" 321° 48' 33.69580""";"  82° 11' 23.12286""";231.314;Atmos PPM;0;1013.25;11.1012;175947.356;9045814.03;110.377;176089.028;9045633.904;78.939;229.307;229.164
CND_30;02/09/2026 20:03;" 323° 47' 11.03411""";"  80° 41' 06.96938""";257.39;Atmos PPM;0;1013.25;11.1012;175938.988;9045838.843;120.604;176089.028;9045633.904;78.939;254.209;253.992
CND_1402;02/09/2026 20:03;" 325° 03' 29.54995""";"  79° 32' 26.32490""";340.051;Atmos PPM;0;1013.25;11.1012;175897.53;9045908.034;140.679;176089.028;9045633.904;78.939;334.538;334.393
CND_200_6;02/09/2026 20:03;" 325° 15' 03.29633""";"  77° 24' 57.83041""";553.593;Atmos PPM;0;1013.25;11.1012;175781.116;9046077.853;199.57;176089.028;9045633.904;78.939;540.325;540.278
CND_1603;02/09/2026 20:03;" 325° 30' 39.02661""";"  78° 11' 56.08481""";397.916;Atmos PPM;0;1013.25;11.1012;175868.503;9045954.959;160.329;176089.028;9045633.904;78.939;389.496;389.496
CND_210_6;02/09/2026 20:03;" 328° 34' 39.23070""";"  76° 54' 34.89316""";582.157;Atmos PPM;0;1013.25;11.1012;175793.461;9046117.787;210.812;176089.028;9045633.904;78.939;567.059;567.012
CND_1503;02/09/2026 20:04;" 328° 44' 16.15907""";"  78° 43' 00.64892""";367.86;Atmos PPM;0;1013.25;11.1012;175901.846;9045942.282;150.923;176089.028;9045633.904;78.939;360.776;360.741
CND_34;02/09/2026 20:04;" 330° 33' 55.20215""";"  80° 30' 48.45614""";315.764;Atmos PPM;0;1013.25;11.1012;175936;9045905.155;130.989;176089.028;9045633.904;78.939;311.606;311.44
CND_200_7;02/09/2026 20:04;" 332° 03' 31.72096""";"  77° 26' 34.23495""";554.824;Atmos PPM;0;1013.25;11.1012;175835.324;9046112.334;199.585;176089.028;9045633.904;78.939;541.571;541.536
CND_1604;02/09/2026 20:04;" 332° 27' 36.42617""";"  78° 10' 04.71210""";397.115;Atmos PPM;0;1013.25;11.1012;175909.35;9045978.547;160.375;176089.028;9045633.904;78.939;388.706;388.668
CND_27;02/09/2026 20:04;" 332° 40' 55.38845""";"  82° 13' 55.10364""";231.131;Atmos PPM;0;1013.25;11.1012;175983.948;9045837.379;110.183;176089.028;9045633.904;78.939;229.13;229.007
CND_22;02/09/2026 20:04;" 334° 37' 10.89622""";"  80° 44' 20.17509""";259.96;Atmos PPM;0;1013.25;11.1012;175979.077;9045865.717;120.78;176089.028;9045633.904;78.939;256.724;256.567
CND_210_7;02/09/2026 20:05;" 337° 51' 16.21091""";"  77° 09' 30.37445""";585.003;Atmos PPM;0;1013.25;11.1012;175874.072;9046162.201;208.982;176089.028;9045633.904;78.939;570.387;570.353
CND_14;02/09/2026 20:06;" 345° 49' 43.30973""";"  85° 42' 30.70536""";155.673;Atmos PPM;0;1013.25;11.1012;176051.036;9045784.418;90.59;176089.028;9045633.904;78.939;155.246;155.234
CND_1803;02/09/2026 20:06;" 348° 01' 16.72871""";"  78° 12' 07.41845""";498.574;Atmos PPM;0;1013.25;11.1012;175987.779;9046111.314;180.894;176089.028;9045633.904;78.939;488.054;488.028
CND_23;02/09/2026 20:06;" 348° 36' 44.02885""";"  78° 49' 29.31518""";391.407;Atmos PPM;0;1013.25;11.1012;176013.244;9046010.328;154.808;176089.028;9045633.904;78.939;383.951;383.977
CND_1901;02/09/2026 20:07;" 350° 13' 37.89221""";"  77° 55' 46.01594""";536.182;Atmos PPM;0;1013.25;11.1012;176000.074;9046150.616;191.082;176089.028;9045633.904;78.939;524.343;524.313
CND_20;02/09/2026 20:07;" 359° 04' 44.27774""";"  83° 57' 00.45822""";203.552;Atmos PPM;0;1013.25;11.1012;176085.792;9045836.294;100.395;176089.028;9045633.904;78.939;202.449;202.415
CND_18;02/09/2026 20:07;"   0° 50' 57.43094""";"  86° 10' 42.69435""";178.314;Atmos PPM;0;1013.25;11.1012;176091.68;9045811.799;90.825;176089.028;9045633.904;78.939;177.925;177.915
CND_17;02/09/2026 20:07;"  11° 43' 28.23040""";"  86° 38' 50.15276""";208.078;Atmos PPM;0;1013.25;11.1012;176131.255;9045837.286;91.111;176089.028;9045633.904;78.939;207.753;207.719
CND_30002;02/09/2026 22:00;" 289° 14' 44.72068""";"  79° 28' 59.79180""";723.075;Atmos PPM;0;1013.25;11.1012;175417.872;9045868.29;210.951;176089.028;9045633.904;78.939;710.915;710.906
CND_30003;02/09/2026 22:00;" 290° 56' 12.87123""";"  79° 32' 49.40917""";674.096;Atmos PPM;0;1013.25;11.1012;175469.927;9045870.833;201.269;176089.028;9045633.904;78.939;662.894;662.889
CND_30004;02/09/2026 22:00;" 291° 25' 44.33945""";"  79° 52' 59.05480""";637.676;Atmos PPM;0;1013.25;11.1012;175504.7;9045863.298;190.979;176089.028;9045633.904;78.939;627.75;627.743
CND_170_1;02/09/2026 22:00;" 298° 32' 40.58122""";"  79° 40' 27.31436""";508.768;Atmos PPM;0;1013.25;11.1012;175649.373;9045873.109;170.15;176089.028;9045633.904;78.939;500.548;500.515
CND_190_3;02/09/2026 22:00;" 298° 34' 30.11967""";"  78° 59' 19.25314""";594.722;Atmos PPM;0;1013.25;11.1012;175576.402;9045913.163;192.556;176089.028;9045633.904;78.939;583.897;583.756
CND_180_2;02/09/2026 22:01;" 298° 59' 58.51134""";"  79° 34' 23.43999""";553.867;Atmos PPM;0;1013.25;11.1012;175612.638;9045898.019;179.198;176089.028;9045633.904;78.939;544.768;544.706
CND_210_3;02/09/2026 22:01;" 302° 53' 58.26690""";"  78° 03' 48.28335""";629.474;Atmos PPM;0;1013.25;11.1012;175571.979;9045968.454;209.158;176089.028;9045633.904;78.939;616.02;615.843
CND_200_8;02/09/2026 22:01;" 303° 25' 02.93909""";"  78° 15' 52.04394""";598.441;Atmos PPM;0;1013.25;11.1012;175600.005;9045956.629;200.682;176089.028;9045633.904;78.939;586.05;585.914
CND_200_3;02/09/2026 22:01;" 303° 25' 02.14106""";"  78° 15' 52.83592""";598.441;Atmos PPM;0;1013.25;11.1012;175600.003;9045956.627;200.68;176089.028;9045633.904;78.939;586.052;585.914
CND_190_4;02/09/2026 22:01;" 304° 23' 45.90067""";"  78° 35' 20.36147""";568.32;Atmos PPM;0;1013.25;11.1012;175629.387;9045948.637;191.4;176089.028;9045633.904;78.939;557.187;557.07
CND_200_4;02/09/2026 22:01;" 309° 34' 02.23632""";"  77° 58' 10.54560""";577.865;Atmos PPM;0;1013.25;11.1012;175653.392;9045993.936;199.406;176089.028;9045633.904;78.939;565.267;565.156
CND_1505;02/09/2026 22:01;" 310° 59' 41.98284""";"  79° 10' 44.18510""";381.651;Atmos PPM;0;1013.25;11.1012;175806.12;9045879.831;150.601;176089.028;9045633.904;78.939;374.89;374.856
CND_210_4;02/09/2026 22:01;" 311° 21' 24.00658""";"  77° 25' 46.24075""";600.883;Atmos PPM;0;1013.25;11.1012;175648.857;9046021.442;209.739;176089.028;9045633.904;78.939;586.567;586.46
CND_190_5;02/09/2026 22:02;" 312° 12' 17.69624""";"  78° 10' 51.84438""";542.241;Atmos PPM;0;1013.25;11.1012;175695.922;9045990.473;190.02;176089.028;9045633.904;78.939;530.796;530.73
CND_25;02/09/2026 22:02;" 313° 23' 17.28444""";"  82° 24' 40.08928""";237.061;Atmos PPM;0;1013.25;11.1012;175918.277;9045795.336;110.25;176089.028;9045633.904;78.939;235.096;234.981
CND_29;02/09/2026 22:02;" 313° 30' 26.61290""";"  80° 52' 44.60360""";264.294;Atmos PPM;0;1013.25;11.1012;175899.782;9045813.569;120.839;176089.028;9045633.904;78.939;261.111;260.948
CND_200_5;02/09/2026 22:02;" 316° 06' 23.30802""";"  77° 35' 24.91711""";562.27;Atmos PPM;0;1013.25;11.1012;175708.347;9046029.646;199.792;176089.028;9045633.904;78.939;549.185;549.117
CND_1401;02/09/2026 22:02;" 317° 46' 09.72990""";"  79° 41' 08.61146""";345.465;Atmos PPM;0;1013.25;11.1012;175860.614;9045885.582;140.802;176089.028;9045633.904;78.939;340.026;339.875
CND_1602;02/09/2026 22:02;" 317° 50' 26.32649""";"  78° 12' 05.52144""";403.378;Atmos PPM;0;1013.25;11.1012;175824.034;9045926.619;161.428;176089.028;9045633.904;78.939;394.845;394.847
CND_1504;02/09/2026 22:03;" 320° 45' 21.33469""";"  78° 43' 31.63400""";370.088;Atmos PPM;0;1013.25;11.1012;175859.448;9045915.004;151.304;176089.028;9045633.904;78.939;362.974;362.938
CND_210_5;02/09/2026 22:03;" 320° 50' 23.22219""";"  77° 01' 21.28698""";587.599;Atmos PPM;0;1013.25;11.1012;175727.491;9046077.898;210.917;176089.028;9045633.904;78.939;572.641;572.572
CND_190_6;02/09/2026 22:03;" 321° 21' 22.97664""";"  77° 52' 41.81190""";529.234;Atmos PPM;0;1013.25;11.1012;175765.947;9046038.06;190.091;176089.028;9045633.904;78.939;517.464;517.419
CND_26;02/09/2026 22:03;" 321° 48' 33.11245""";"  82° 11' 23.46463""";231.314;Atmos PPM;0;1013.25;11.1012;175947.355;9045814.029;110.376;176089.028;9045633.904;78.939;229.307;229.164
CND_30;02/09/2026 22:03;" 323° 47' 11.18133""";"  80° 41' 06.06083""";257.39;Atmos PPM;0;1013.25;11.1012;175938.988;9045838.842;120.605;176089.028;9045633.904;78.939;254.209;253.991
CND_1402;02/09/2026 22:03;" 325° 03' 29.18139""";"  79° 32' 25.93319""";340.051;Atmos PPM;0;1013.25;11.1012;175897.529;9045908.033;140.679;176089.028;9045633.904;78.939;334.538;334.393
CND_200_6;02/09/2026 22:03;" 325° 15' 02.51897""";"  77° 24' 57.35330""";553.593;Atmos PPM;0;1013.25;11.1012;175781.114;9046077.852;199.571;176089.028;9045633.904;78.939;540.325;540.278
CND_1603;02/09/2026 22:04;" 325° 30' 40.14708""";"  78° 11' 54.96887""";397.916;Atmos PPM;0;1013.25;11.1012;175868.505;9045954.959;160.331;176089.028;9045633.904;78.939;389.496;389.496
CND_210_6;02/09/2026 22:04;" 328° 34' 38.95240""";"  76° 54' 34.70617""";582.158;Atmos PPM;0;1013.25;11.1012;175793.46;9046117.786;210.812;176089.028;9045633.904;78.939;567.059;567.012
CND_1503;02/09/2026 22:04;" 328° 44' 17.04651""";"  78° 43' 00.47457""";367.86;Atmos PPM;0;1013.25;11.1012;175901.847;9045942.283;150.923;176089.028;9045633.904;78.939;360.776;360.741
CND_34;02/09/2026 22:04;" 330° 33' 54.97827""";"  80° 30' 48.00993""";315.764;Atmos PPM;0;1013.25;11.1012;175936;9045905.155;130.989;176089.028;9045633.904;78.939;311.606;311.44
CND_200_7;02/09/2026 22:04;" 332° 03' 31.90563""";"  77° 26' 33.03839""";554.824;Atmos PPM;0;1013.25;11.1012;175835.324;9046112.334;199.588;176089.028;9045633.904;78.939;541.571;541.535
CND_1604;02/09/2026 22:04;" 332° 27' 36.82428""";"  78° 10' 04.71912""";397.115;Atmos PPM;0;1013.25;11.1012;175909.351;9045978.548;160.375;176089.028;9045633.904;78.939;388.706;388.668
CND_27;02/09/2026 22:04;" 332° 40' 54.65067""";"  82° 13' 55.59929""";231.131;Atmos PPM;0;1013.25;11.1012;175983.947;9045837.379;110.182;176089.028;9045633.904;78.939;229.13;229.007
CND_22;02/09/2026 22:05;" 334° 37' 11.45060""";"  80° 44' 17.71744""";259.96;Atmos PPM;0;1013.25;11.1012;175979.078;9045865.717;120.783;176089.028;9045633.904;78.939;256.724;256.566
CND_210_7;02/09/2026 22:05;" 337° 51' 17.84056""";"  77° 09' 29.96460""";585.001;Atmos PPM;0;1013.25;11.1012;175874.077;9046162.2;208.982;176089.028;9045633.904;78.939;570.387;570.351
CND_1803;02/09/2026 22:06;" 348° 01' 16.55688""";"  78° 12' 08.42862""";498.574;Atmos PPM;0;1013.25;11.1012;175987.779;9046111.314;180.892;176089.028;9045633.904;78.939;488.054;488.028
CND_23;02/09/2026 22:06;" 348° 36' 43.77268""";"  78° 49' 27.01361""";391.407;Atmos PPM;0;1013.25;11.1012;176013.244;9046010.327;154.812;176089.028;9045633.904;78.939;383.951;383.976
CND_1901;02/09/2026 22:07;" 350° 13' 39.11144""";"  77° 55' 46.65336""";536.182;Atmos PPM;0;1013.25;11.1012;176000.077;9046150.617;191.08;176089.028;9045633.904;78.939;524.343;524.313
CND_20;02/09/2026 22:07;" 359° 04' 43.99935""";"  83° 57' 00.48293""";203.552;Atmos PPM;0;1013.25;11.1012;176085.791;9045836.294;100.395;176089.028;9045633.904;78.939;202.449;202.415
CND_18;02/09/2026 22:07;"   0° 50' 58.48839""";"  86° 10' 41.67871""";178.314;Atmos PPM;0;1013.25;11.1012;176091.681;9045811.799;90.826;176089.028;9045633.904;78.939;177.925;177.915
CND_17;02/09/2026 22:07;"  11° 43' 28.44856""";"  86° 38' 49.74048""";208.078;Atmos PPM;0;1013.25;11.1012;176131.255;9045837.286;91.111;176089.028;9045633.904;78.939;207.753;207.719
CND_30002;03/09/2026 00:00;" 289° 14' 44.19294""";"  79° 28' 59.53116""";723.075;Atmos PPM;0;1013.25;11.1012;175417.872;9045868.288;210.952;176089.028;9045633.904;78.939;710.915;710.906
CND_30003;03/09/2026 00:00;" 290° 56' 12.46886""";"  79° 32' 48.92421""";674.096;Atmos PPM;0;1013.25;11.1012;175469.927;9045870.832;201.27;176089.028;9045633.904;78.939;662.894;662.889
CND_30004;03/09/2026 00:00;" 291° 25' 43.30719""";"  79° 52' 56.81267""";637.677;Atmos PPM;0;1013.25;11.1012;175504.699;9045863.295;190.986;176089.028;9045633.904;78.939;627.75;627.742
CND_170_1;03/09/2026 00:00;" 298° 32' 40.79285""";"  79° 40' 25.95812""";508.768;Atmos PPM;0;1013.25;11.1012;175649.374;9045873.109;170.153;176089.028;9045633.904;78.939;500.548;500.515
CND_190_3;03/09/2026 00:00;" 298° 34' 29.59294""";"  78° 59' 19.78536""";594.723;Atmos PPM;0;1013.25;11.1012;175576.401;9045913.162;192.555;176089.028;9045633.904;78.939;583.897;583.757
CND_180_2;03/09/2026 00:01;" 298° 59' 58.63494""";"  79° 34' 23.10183""";553.867;Atmos PPM;0;1013.25;11.1012;175612.638;9045898.02;179.199;176089.028;9045633.904;78.939;544.768;544.706
CND_210_3;03/09/2026 00:01;" 302° 53' 58.82430""";"  78° 03' 48.72079""";629.474;Atmos PPM;0;1013.25;11.1012;175571.98;9045968.455;209.157;176089.028;9045633.904;78.939;616.02;615.844
CND_200_8;03/09/2026 00:01;" 303° 25' 02.68675""";"  78° 15' 52.04355""";598.441;Atmos PPM;0;1013.25;11.1012;175600.004;9045956.628;200.682;176089.028;9045633.904;78.939;586.05;585.914
CND_200_3;03/09/2026 00:01;" 303° 25' 01.82624""";"  78° 15' 52.31400""";598.441;Atmos PPM;0;1013.25;11.1012;175600.003;9045956.626;200.681;176089.028;9045633.904;78.939;586.052;585.914
CND_190_4;03/09/2026 00:01;" 304° 23' 45.75618""";"  78° 35' 20.04010""";568.319;Atmos PPM;0;1013.25;11.1012;175629.388;9045948.637;191.401;176089.028;9045633.904;78.939;557.187;557.069
CND_200_4;03/09/2026 00:01;" 309° 34' 03.29917""";"  77° 58' 10.38294""";577.865;Atmos PPM;0;1013.25;11.1012;175653.394;9045993.939;199.406;176089.028;9045633.904;78.939;565.267;565.156
CND_1505;03/09/2026 00:01;" 310° 59' 41.54658""";"  79° 10' 43.52679""";381.651;Atmos PPM;0;1013.25;11.1012;175806.12;9045879.83;150.602;176089.028;9045633.904;78.939;374.89;374.856
CND_210_4;03/09/2026 00:01;" 311° 21' 22.42648""";"  77° 25' 46.42806""";600.882;Atmos PPM;0;1013.25;11.1012;175648.854;9046021.438;209.738;176089.028;9045633.904;78.939;586.567;586.46
CND_190_5;03/09/2026 00:01;" 312° 12' 17.92047""";"  78° 10' 51.75731""";542.241;Atmos PPM;0;1013.25;11.1012;175695.922;9045990.474;190.02;176089.028;9045633.904;78.939;530.796;530.73
CND_25;03/09/2026 00:02;" 313° 23' 17.25670""";"  82° 24' 38.52742""";237.061;Atmos PPM;0;1013.25;11.1012;175918.278;9045795.335;110.252;176089.028;9045633.904;78.939;235.096;234.98
CND_29;03/09/2026 00:02;" 313° 30' 25.78033""";"  80° 52' 42.12176""";264.295;Atmos PPM;0;1013.25;11.1012;175899.781;9045813.568;120.843;176089.028;9045633.904;78.939;261.111;260.947
CND_200_5;03/09/2026 00:02;" 316° 06' 23.27827""";"  77° 35' 25.04429""";562.27;Atmos PPM;0;1013.25;11.1012;175708.347;9046029.646;199.792;176089.028;9045633.904;78.939;549.185;549.117
CND_1401;03/09/2026 00:02;" 317° 46' 09.72661""";"  79° 41' 09.02529""";345.465;Atmos PPM;0;1013.25;11.1012;175860.614;9045885.583;140.801;176089.028;9045633.904;78.939;340.026;339.875
CND_1602;03/09/2026 00:02;" 317° 50' 27.07575""";"  78° 12' 04.82742""";403.378;Atmos PPM;0;1013.25;11.1012;175824.035;9045926.62;161.43;176089.028;9045633.904;78.939;394.845;394.846
CND_1504;03/09/2026 00:02;" 320° 45' 20.99505""";"  78° 43' 30.71319""";370.089;Atmos PPM;0;1013.25;11.1012;175859.448;9045915.003;151.306;176089.028;9045633.904;78.939;362.974;362.938
CND_210_5;03/09/2026 00:03;" 320° 50' 22.73133""";"  77° 01' 23.25207""";587.598;Atmos PPM;0;1013.25;11.1012;175727.489;9046077.898;210.911;176089.028;9045633.904;78.939;572.641;572.574
CND_190_6;03/09/2026 00:03;" 321° 21' 22.54928""";"  77° 52' 41.60161""";529.234;Atmos PPM;0;1013.25;11.1012;175765.946;9046038.059;190.091;176089.028;9045633.904;78.939;517.464;517.419
CND_26;03/09/2026 00:03;" 321° 48' 33.90517""";"  82° 11' 22.63439""";231.314;Atmos PPM;0;1013.25;11.1012;175947.356;9045814.03;110.377;176089.028;9045633.904;78.939;229.307;229.164
CND_30;03/09/2026 00:03;" 323° 47' 10.58986""";"  80° 41' 06.45848""";257.39;Atmos PPM;0;1013.25;11.1012;175938.988;9045838.842;120.605;176089.028;9045633.904;78.939;254.209;253.991
CND_1402;03/09/2026 00:03;" 325° 03' 28.91176""";"  79° 32' 25.46972""";340.051;Atmos PPM;0;1013.25;11.1012;175897.529;9045908.033;140.68;176089.028;9045633.904;78.939;334.538;334.393
CND_200_6;03/09/2026 00:03;" 325° 15' 02.76625""";"  77° 24' 57.04868""";553.593;Atmos PPM;0;1013.25;11.1012;175781.115;9046077.852;199.572;176089.028;9045633.904;78.939;540.325;540.278
CND_1603;03/09/2026 00:03;" 325° 30' 36.66388""";"  78° 11' 55.53337""";397.916;Atmos PPM;0;1013.25;11.1012;175868.499;9045954.956;160.33;176089.028;9045633.904;78.939;389.496;389.496
CND_210_6;03/09/2026 00:03;" 328° 34' 39.15490""";"  76° 54' 34.33255""";582.157;Atmos PPM;0;1013.25;11.1012;175793.461;9046117.786;210.813;176089.028;9045633.904;78.939;567.059;567.011
CND_1503;03/09/2026 00:03;" 328° 44' 15.69660""";"  78° 43' 01.11607""";367.86;Atmos PPM;0;1013.25;11.1012;175901.845;9045942.282;150.922;176089.028;9045633.904;78.939;360.776;360.741
CND_34;03/09/2026 00:04;" 330° 33' 55.09139""";"  80° 30' 48.67890""";315.764;Atmos PPM;0;1013.25;11.1012;175936;9045905.155;130.988;176089.028;9045633.904;78.939;311.606;311.44
CND_200_7;03/09/2026 00:04;" 332° 03' 31.61247""";"  77° 26' 33.46326""";554.824;Atmos PPM;0;1013.25;11.1012;175835.324;9046112.333;199.587;176089.028;9045633.904;78.939;541.571;541.535
CND_1604;03/09/2026 00:04;" 332° 27' 34.50534""";"  78° 10' 04.39742""";397.115;Atmos PPM;0;1013.25;11.1012;175909.347;9045978.545;160.376;176089.028;9045633.904;78.939;388.706;388.668
CND_27;03/09/2026 00:04;" 332° 40' 54.37739""";"  82° 13' 54.18264""";231.131;Atmos PPM;0;1013.25;11.1012;175983.947;9045837.379;110.184;176089.028;9045633.904;78.939;229.13;229.006
CND_22;03/09/2026 00:04;" 334° 37' 11.23976""";"  80° 44' 18.47293""";259.96;Atmos PPM;0;1013.25;11.1012;175979.077;9045865.717;120.782;176089.028;9045633.904;78.939;256.724;256.567
CND_210_7;03/09/2026 00:05;" 337° 51' 17.15091""";"  77° 09' 28.68374""";585.002;Atmos PPM;0;1013.25;11.1012;175874.075;9046162.199;208.986;176089.028;9045633.904;78.939;570.387;570.351
CND_1803;03/09/2026 00:06;" 348° 01' 14.02922""";"  78° 12' 07.28151""";498.574;Atmos PPM;0;1013.25;11.1012;175987.773;9046111.313;180.894;176089.028;9045633.904;78.939;488.054;488.028
CND_23;03/09/2026 00:06;" 348° 36' 43.60022""";"  78° 49' 27.94394""";391.407;Atmos PPM;0;1013.25;11.1012;176013.244;9046010.328;154.81;176089.028;9045633.904;78.939;383.951;383.976
CND_1901;03/09/2026 00:06;" 350° 13' 38.12022""";"  77° 55' 46.43223""";536.182;Atmos PPM;0;1013.25;11.1012;176000.074;9046150.616;191.081;176089.028;9045633.904;78.939;524.343;524.312
CND_20;03/09/2026 00:06;" 359° 04' 43.95400""";"  83° 57' 00.35458""";203.552;Atmos PPM;0;1013.25;11.1012;176085.791;9045836.294;100.395;176089.028;9045633.904;78.939;202.449;202.415
CND_18;03/09/2026 00:07;"   0° 50' 57.85633""";"  86° 10' 41.16450""";178.314;Atmos PPM;0;1013.25;11.1012;176091.681;9045811.799;90.827;176089.028;9045633.904;78.939;177.925;177.915
CND_17;03/09/2026 00:07;"  11° 43' 28.09762""";"  86° 38' 49.80036""";208.078;Atmos PPM;0;1013.25;11.1012;176131.255;9045837.286;91.111;176089.028;9045633.904;78.939;207.753;207.719
CND_30002;03/09/2026 02:00;" 289° 14' 43.65368""";"  79° 28' 59.05994""";723.075;Atmos PPM;0;1013.25;11.1012;175417.871;9045868.286;210.954;176089.028;9045633.904;78.939;710.915;710.906
CND_30003;03/09/2026 02:00;" 290° 56' 12.92513""";"  79° 32' 48.60325""";674.096;Atmos PPM;0;1013.25;11.1012;175469.927;9045870.833;201.272;176089.028;9045633.904;78.939;662.894;662.889
CND_30004;03/09/2026 02:00;" 291° 25' 43.38830""";"  79° 52' 55.45599""";637.677;Atmos PPM;0;1013.25;11.1012;175504.7;9045863.295;190.99;176089.028;9045633.904;78.939;627.75;627.742
CND_170_1;03/09/2026 02:00;" 298° 32' 40.10116""";"  79° 40' 25.93472""";508.768;Atmos PPM;0;1013.25;11.1012;175649.373;9045873.108;170.153;176089.028;9045633.904;78.939;500.548;500.515
CND_190_3;03/09/2026 02:00;" 298° 34' 29.29346""";"  78° 59' 19.28776""";594.722;Atmos PPM;0;1013.25;11.1012;175576.401;9045913.161;192.556;176089.028;9045633.904;78.939;583.897;583.756
CND_180_2;03/09/2026 02:01;" 298° 59' 58.59978""";"  79° 34' 22.48163""";553.867;Atmos PPM;0;1013.25;11.1012;175612.639;9045898.019;179.2;176089.028;9045633.904;78.939;544.768;544.705
CND_210_3;03/09/2026 02:01;" 302° 53' 58.77618""";"  78° 03' 48.79117""";629.474;Atmos PPM;0;1013.25;11.1012;175571.98;9045968.455;209.157;176089.028;9045633.904;78.939;616.02;615.843
CND_200_8;03/09/2026 02:01;" 303° 25' 02.44645""";"  78° 15' 51.71009""";598.441;Atmos PPM;0;1013.25;11.1012;175600.004;9045956.628;200.683;176089.028;9045633.904;78.939;586.05;585.914
CND_200_3;03/09/2026 02:01;" 303° 25' 01.46883""";"  78° 15' 52.59941""";598.441;Atmos PPM;0;1013.25;11.1012;175600.002;9045956.626;200.681;176089.028;9045633.904;78.939;586.052;585.914
CND_190_4;03/09/2026 02:01;" 304° 23' 45.34384""";"  78° 35' 19.85773""";568.319;Atmos PPM;0;1013.25;11.1012;175629.387;9045948.636;191.401;176089.028;9045633.904;78.939;557.187;557.069
CND_200_4;03/09/2026 02:01;" 309° 34' 01.72772""";"  77° 58' 10.58083""";577.865;Atmos PPM;0;1013.25;11.1012;175653.392;9045993.935;199.406;176089.028;9045633.904;78.939;565.267;565.156
CND_1505;03/09/2026 02:01;" 310° 59' 41.02352""";"  79° 10' 43.52231""";381.651;Atmos PPM;0;1013.25;11.1012;175806.119;9045879.83;150.602;176089.028;9045633.904;78.939;374.89;374.856
CND_210_4;03/09/2026 02:01;" 311° 21' 23.27333""";"  77° 25' 46.00752""";600.882;Atmos PPM;0;1013.25;11.1012;175648.856;9046021.44;209.74;176089.028;9045633.904;78.939;586.567;586.46
CND_190_5;03/09/2026 02:01;" 312° 12' 17.65823""";"  78° 10' 51.42270""";542.241;Atmos PPM;0;1013.25;11.1012;175695.922;9045990.473;190.021;176089.028;9045633.904;78.939;530.796;530.729
CND_25;03/09/2026 02:02;" 313° 23' 16.90536""";"  82° 24' 39.67201""";237.061;Atmos PPM;0;1013.25;11.1012;175918.277;9045795.335;110.251;176089.028;9045633.904;78.939;235.096;234.981
CND_29;03/09/2026 02:02;" 313° 30' 26.31074""";"  80° 52' 42.92384""";264.294;Atmos PPM;0;1013.25;11.1012;175899.782;9045813.569;120.842;176089.028;9045633.904;78.939;261.111;260.947
CND_200_5;03/09/2026 02:02;" 316° 06' 22.87696""";"  77° 35' 24.56650""";562.27;Atmos PPM;0;1013.25;11.1012;175708.347;9046029.645;199.793;176089.028;9045633.904;78.939;549.185;549.117
CND_1401;03/09/2026 02:02;" 317° 46' 09.79487""";"  79° 41' 08.38679""";345.465;Atmos PPM;0;1013.25;11.1012;175860.614;9045885.582;140.802;176089.028;9045633.904;78.939;340.026;339.875
CND_1602;03/09/2026 02:02;" 317° 50' 26.95378""";"  78° 12' 04.82298""";403.378;Atmos PPM;0;1013.25;11.1012;175824.035;9045926.619;161.43;176089.028;9045633.904;78.939;394.845;394.846
CND_1504;03/09/2026 02:02;" 320° 45' 21.16320""";"  78° 43' 31.21004""";370.089;Atmos PPM;0;1013.25;11.1012;175859.448;9045915.004;151.305;176089.028;9045633.904;78.939;362.974;362.938
CND_210_5;03/09/2026 02:03;" 320° 50' 24.15923""";"  77° 01' 21.33404""";587.598;Atmos PPM;0;1013.25;11.1012;175727.493;9046077.899;210.917;176089.028;9045633.904;78.939;572.641;572.572
CND_190_6;03/09/2026 02:03;" 321° 21' 23.07922""";"  77° 52' 40.95338""";529.234;Atmos PPM;0;1013.25;11.1012;175765.947;9046038.059;190.093;176089.028;9045633.904;78.939;517.464;517.419
CND_26;03/09/2026 02:03;" 321° 48' 33.01317""";"  82° 11' 22.55246""";231.314;Atmos PPM;0;1013.25;11.1012;175947.355;9045814.029;110.377;176089.028;9045633.904;78.939;229.307;229.164
CND_30;03/09/2026 02:03;" 323° 47' 10.82688""";"  80° 41' 05.82169""";257.39;Atmos PPM;0;1013.25;11.1012;175938.988;9045838.842;120.605;176089.028;9045633.904;78.939;254.209;253.991
CND_1402;03/09/2026 02:03;" 325° 03' 29.53294""";"  79° 32' 24.98583""";340.051;Atmos PPM;0;1013.25;11.1012;175897.53;9045908.034;140.681;176089.028;9045633.904;78.939;334.538;334.393
CND_200_6;03/09/2026 02:03;" 325° 15' 02.59836""";"  77° 24' 56.66200""";553.593;Atmos PPM;0;1013.25;11.1012;175781.115;9046077.852;199.573;176089.028;9045633.904;78.939;540.325;540.278
CND_1603;03/09/2026 02:03;" 325° 30' 39.63665""";"  78° 11' 54.76614""";397.916;Atmos PPM;0;1013.25;11.1012;175868.504;9045954.959;160.332;176089.028;9045633.904;78.939;389.496;389.496
CND_210_6;03/09/2026 02:03;" 328° 34' 38.77236""";"  76° 54' 33.93006""";582.157;Atmos PPM;0;1013.25;11.1012;175793.46;9046117.785;210.814;176089.028;9045633.904;78.939;567.059;567.011
CND_1503;03/09/2026 02:04;" 328° 44' 16.71671""";"  78° 43' 00.29825""";367.86;Atmos PPM;0;1013.25;11.1012;175901.846;9045942.283;150.923;176089.028;9045633.904;78.939;360.776;360.741
CND_34;03/09/2026 02:04;" 330° 33' 54.86009""";"  80° 30' 46.85428""";315.764;Atmos PPM;0;1013.25;11.1012;175936;9045905.155;130.991;176089.028;9045633.904;78.939;311.606;311.439
CND_200_7;03/09/2026 02:04;" 332° 03' 31.11358""";"  77° 26' 33.15379""";554.824;Atmos PPM;0;1013.25;11.1012;175835.323;9046112.333;199.588;176089.028;9045633.904;78.939;541.571;541.535
CND_1604;03/09/2026 02:04;" 332° 27' 35.04467""";"  78° 10' 03.32467""";397.115;Atmos PPM;0;1013.25;11.1012;175909.348;9045978.546;160.378;176089.028;9045633.904;78.939;388.706;388.668
CND_27;03/09/2026 02:04;" 332° 40' 54.91031""";"  82° 13' 54.12675""";231.131;Atmos PPM;0;1013.25;11.1012;175983.947;9045837.379;110.184;176089.028;9045633.904;78.939;229.13;229.006
CND_22;03/09/2026 02:04;" 334° 37' 11.74761""";"  80° 44' 17.77205""";259.96;Atmos PPM;0;1013.25;11.1012;175979.078;9045865.717;120.783;176089.028;9045633.904;78.939;256.724;256.566
CND_210_7;03/09/2026 02:05;" 337° 51' 15.70746""";"  77° 09' 29.45691""";585.002;Atmos PPM;0;1013.25;11.1012;175874.072;9046162.198;208.984;176089.028;9045633.904;78.939;570.387;570.351
CND_1803;03/09/2026 02:06;" 348° 01' 16.56558""";"  78° 12' 07.60879""";498.574;Atmos PPM;0;1013.25;11.1012;175987.779;9046111.314;180.894;176089.028;9045633.904;78.939;488.054;488.028
CND_23;03/09/2026 02:06;" 348° 36' 43.87134""";"  78° 49' 26.63114""";391.407;Atmos PPM;0;1013.25;11.1012;176013.244;9046010.327;154.813;176089.028;9045633.904;78.939;383.951;383.976
CND_1901;03/09/2026 02:06;" 350° 13' 36.84112""";"  77° 55' 45.75637""";536.182;Atmos PPM;0;1013.25;11.1012;176000.071;9046150.615;191.083;176089.028;9045633.904;78.939;524.343;524.312
CND_20;03/09/2026 02:07;" 359° 04' 44.17648""";"  83° 57' 00.69581""";203.552;Atmos PPM;0;1013.25;11.1012;176085.791;9045836.294;100.395;176089.028;9045633.904;78.939;202.449;202.415
CND_18;03/09/2026 02:07;"   0° 50' 58.07266""";"  86° 10' 40.44720""";178.314;Atmos PPM;0;1013.25;11.1012;176091.681;9045811.799;90.827;176089.028;9045633.904;78.939;177.925;177.914
CND_17;03/09/2026 02:07;"  11° 43' 28.06331""";"  86° 38' 48.41057""";208.078;Atmos PPM;0;1013.25;11.1012;176131.255;9045837.286;91.113;176089.028;9045633.904;78.939;207.753;207.719
CND_30002;03/09/2026 04:00;" 289° 14' 44.15502""";"  79° 28' 59.21999""";723.075;Atmos PPM;0;1013.25;11.1012;175417.872;9045868.288;210.953;176089.028;9045633.904;78.939;710.915;710.906
CND_30003;03/09/2026 04:00;" 290° 56' 13.07587""";"  79° 32' 48.88012""";674.096;Atmos PPM;0;1013.25;11.1012;175469.927;9045870.833;201.271;176089.028;9045633.904;78.939;662.894;662.889
CND_30004;03/09/2026 04:00;" 291° 25' 43.33270""";"  79° 52' 55.76140""";637.677;Atmos PPM;0;1013.25;11.1012;175504.7;9045863.294;190.989;176089.028;9045633.904;78.939;627.75;627.742
CND_170_1;03/09/2026 04:00;" 298° 32' 40.18098""";"  79° 40' 26.38381""";508.768;Atmos PPM;0;1013.25;11.1012;175649.373;9045873.108;170.152;176089.028;9045633.904;78.939;500.548;500.515
CND_190_3;03/09/2026 04:00;" 298° 34' 29.69832""";"  78° 59' 19.58857""";594.722;Atmos PPM;0;1013.25;11.1012;175576.401;9045913.162;192.555;176089.028;9045633.904;78.939;583.897;583.756
CND_180_2;03/09/2026 04:01;" 298° 59' 58.31961""";"  79° 34' 22.54399""";553.867;Atmos PPM;0;1013.25;11.1012;175612.638;9045898.019;179.2;176089.028;9045633.904;78.939;544.768;544.705
CND_210_3;03/09/2026 04:01;" 302° 53' 58.69717""";"  78° 03' 48.41107""";629.473;Atmos PPM;0;1013.25;11.1012;175571.98;9045968.455;209.158;176089.028;9045633.904;78.939;616.02;615.843
CND_200_8;03/09/2026 04:01;" 303° 25' 01.77188""";"  78° 15' 50.62885""";598.441;Atmos PPM;0;1013.25;11.1012;175600.004;9045956.626;200.686;176089.028;9045633.904;78.939;586.05;585.913
CND_200_3;03/09/2026 04:01;" 303° 25' 01.42383""";"  78° 15' 52.27461""";598.441;Atmos PPM;0;1013.25;11.1012;175600.002;9045956.625;200.682;176089.028;9045633.904;78.939;586.052;585.914
CND_190_4;03/09/2026 04:01;" 304° 23' 45.77238""";"  78° 35' 20.56823""";568.319;Atmos PPM;0;1013.25;11.1012;175629.387;9045948.637;191.399;176089.028;9045633.904;78.939;557.187;557.07
CND_200_4;03/09/2026 04:01;" 309° 34' 02.41671""";"  77° 58' 10.46230""";577.865;Atmos PPM;0;1013.25;11.1012;175653.393;9045993.937;199.406;176089.028;9045633.904;78.939;565.267;565.156
CND_1505;03/09/2026 04:01;" 310° 59' 41.73531""";"  79° 10' 43.24284""";381.651;Atmos PPM;0;1013.25;11.1012;175806.12;9045879.831;150.602;176089.028;9045633.904;78.939;374.89;374.856
CND_210_4;03/09/2026 04:01;" 311° 21' 23.57267""";"  77° 25' 46.28549""";600.882;Atmos PPM;0;1013.25;11.1012;175648.857;9046021.441;209.739;176089.028;9045633.904;78.939;586.567;586.46
CND_190_5;03/09/2026 04:01;" 312° 12' 17.56932""";"  78° 10' 51.52952""";542.24;Atmos PPM;0;1013.25;11.1012;175695.922;9045990.472;190.02;176089.028;9045633.904;78.939;530.796;530.729
CND_25;03/09/2026 04:02;" 313° 23' 17.38194""";"  82° 24' 38.57301""";237.061;Atmos PPM;0;1013.25;11.1012;175918.278;9045795.336;110.252;176089.028;9045633.904;78.939;235.096;234.98
CND_29;03/09/2026 04:02;" 313° 30' 24.00305""";"  80° 52' 42.13657""";264.295;Atmos PPM;0;1013.25;11.1012;175899.78;9045813.567;120.843;176089.028;9045633.904;78.939;261.111;260.947
CND_200_5;03/09/2026 04:02;" 316° 06' 23.05502""";"  77° 35' 24.45256""";562.27;Atmos PPM;0;1013.25;11.1012;175708.347;9046029.645;199.794;176089.028;9045633.904;78.939;549.185;549.117
CND_1401;03/09/2026 04:02;" 317° 46' 10.21831""";"  79° 41' 08.75313""";345.465;Atmos PPM;0;1013.25;11.1012;175860.614;9045885.583;140.801;176089.028;9045633.904;78.939;340.026;339.875
CND_1602;03/09/2026 04:02;" 317° 50' 26.28972""";"  78° 12' 05.09371""";403.378;Atmos PPM;0;1013.25;11.1012;175824.034;9045926.619;161.429;176089.028;9045633.904;78.939;394.845;394.846
CND_1504;03/09/2026 04:02;" 320° 45' 21.09938""";"  78° 43' 31.41642""";370.089;Atmos PPM;0;1013.25;11.1012;175859.448;9045915.004;151.305;176089.028;9045633.904;78.939;362.974;362.938
CND_210_5;03/09/2026 04:03;" 320° 50' 22.26662""";"  77° 01' 21.68097""";587.598;Atmos PPM;0;1013.25;11.1012;175727.489;9046077.896;210.916;176089.028;9045633.904;78.939;572.641;572.572
CND_190_6;03/09/2026 04:03;" 321° 21' 22.79822""";"  77° 52' 41.02455""";529.234;Atmos PPM;0;1013.25;11.1012;175765.947;9046038.059;190.093;176089.028;9045633.904;78.939;517.464;517.419
CND_26;03/09/2026 04:03;" 321° 48' 32.51893""";"  82° 11' 22.03869""";231.314;Atmos PPM;0;1013.25;11.1012;175947.355;9045814.029;110.378;176089.028;9045633.904;78.939;229.307;229.164
CND_30;03/09/2026 04:03;" 323° 47' 10.82572""";"  80° 41' 05.67281""";257.39;Atmos PPM;0;1013.25;11.1012;175938.988;9045838.842;120.606;176089.028;9045633.904;78.939;254.209;253.991
CND_1402;03/09/2026 04:03;" 325° 03' 29.15269""";"  79° 32' 25.24523""";340.051;Atmos PPM;0;1013.25;11.1012;175897.529;9045908.033;140.681;176089.028;9045633.904;78.939;334.538;334.393
CND_200_6;03/09/2026 04:03;" 325° 15' 02.57419""";"  77° 24' 57.12948""";553.593;Atmos PPM;0;1013.25;11.1012;175781.114;9046077.852;199.572;176089.028;9045633.904;78.939;540.325;540.278
CND_1603;03/09/2026 04:03;" 325° 30' 38.68662""";"  78° 11' 56.50907""";397.916;Atmos PPM;0;1013.25;11.1012;175868.502;9045954.958;160.328;176089.028;9045633.904;78.939;389.496;389.496
CND_210_6;03/09/2026 04:03;" 328° 34' 38.87427""";"  76° 54' 34.94010""";582.157;Atmos PPM;0;1013.25;11.1012;175793.46;9046117.786;210.812;176089.028;9045633.904;78.939;567.059;567.011
CND_1503;03/09/2026 04:04;" 328° 44' 16.01671""";"  78° 43' 01.00590""";367.86;Atmos PPM;0;1013.25;11.1012;175901.845;9045942.282;150.922;176089.028;9045633.904;78.939;360.776;360.742
CND_34;03/09/2026 04:04;" 330° 33' 54.59244""";"  80° 30' 47.67835""";315.764;Atmos PPM;0;1013.25;11.1012;175935.999;9045905.155;130.99;176089.028;9045633.904;78.939;311.606;311.44
CND_200_7;03/09/2026 04:04;" 332° 03' 31.18735""";"  77° 26' 33.72472""";554.823;Atmos PPM;0;1013.25;11.1012;175835.323;9046112.333;199.587;176089.028;9045633.904;78.939;541.571;541.535
CND_1604;03/09/2026 04:04;" 332° 27' 35.18838""";"  78° 10' 04.96288""";397.115;Atmos PPM;0;1013.25;11.1012;175909.348;9045978.546;160.375;176089.028;9045633.904;78.939;388.706;388.668
CND_27;03/09/2026 04:04;" 332° 40' 54.22123""";"  82° 13' 53.74826""";231.131;Atmos PPM;0;1013.25;11.1012;175983.947;9045837.379;110.185;176089.028;9045633.904;78.939;229.13;229.006
CND_22;03/09/2026 04:04;" 334° 37' 11.63061""";"  80° 44' 17.19985""";259.96;Atmos PPM;0;1013.25;11.1012;175979.078;9045865.717;120.783;176089.028;9045633.904;78.939;256.724;256.566
CND_210_7;03/09/2026 04:05;" 337° 51' 15.91175""";"  77° 09' 30.17997""";585.002;Atmos PPM;0;1013.25;11.1012;175874.072;9046162.199;208.982;176089.028;9045633.904;78.939;570.387;570.352
CND_1803;03/09/2026 04:06;" 348° 01' 16.80431""";"  78° 12' 07.96446""";498.574;Atmos PPM;0;1013.25;11.1012;175987.779;9046111.314;180.893;176089.028;9045633.904;78.939;488.054;488.028
CND_23;03/09/2026 04:06;" 348° 36' 44.34461""";"  78° 49' 28.81856""";391.407;Atmos PPM;0;1013.25;11.1012;176013.245;9046010.328;154.809;176089.028;9045633.904;78.939;383.951;383.977
CND_1901;03/09/2026 04:06;" 350° 13' 36.12041""";"  77° 55' 47.81909""";536.182;Atmos PPM;0;1013.25;11.1012;176000.069;9046150.616;191.077;176089.028;9045633.904;78.939;524.343;524.313
CND_20;03/09/2026 04:07;" 359° 04' 44.01311""";"  83° 57' 00.21605""";203.552;Atmos PPM;0;1013.25;11.1012;176085.791;9045836.294;100.395;176089.028;9045633.904;78.939;202.449;202.415
CND_18;03/09/2026 04:07;"   0° 50' 58.17200""";"  86° 10' 39.65406""";178.314;Atmos PPM;0;1013.25;11.1012;176091.681;9045811.799;90.828;176089.028;9045633.904;78.939;177.925;177.914
CND_17;03/09/2026 04:07;"  11° 43' 28.04157""";"  86° 38' 48.94943""";208.078;Atmos PPM;0;1013.25;11.1012;176131.255;9045837.286;91.112;176089.028;9045633.904;78.939;207.753;207.719
CND_30002;03/09/2026 06:00;" 289° 14' 44.74705""";"  79° 28' 59.55938""";723.075;Atmos PPM;0;1013.25;11.1012;175417.872;9045868.29;210.952;176089.028;9045633.904;78.939;710.915;710.906
CND_30003;03/09/2026 06:00;" 290° 56' 13.87771""";"  79° 32' 48.51327""";674.097;Atmos PPM;0;1013.25;11.1012;175469.928;9045870.836;201.272;176089.028;9045633.904;78.939;662.894;662.889
CND_30004;03/09/2026 06:00;" 291° 25' 44.11341""";"  79° 52' 55.54166""";637.677;Atmos PPM;0;1013.25;11.1012;175504.701;9045863.297;190.989;176089.028;9045633.904;78.939;627.75;627.742
CND_170_1;03/09/2026 06:00;" 298° 32' 42.12979""";"  79° 40' 25.45510""";508.768;Atmos PPM;0;1013.25;11.1012;175649.375;9045873.112;170.154;176089.028;9045633.904;78.939;500.548;500.515
CND_190_3;03/09/2026 06:00;" 298° 34' 30.16572""";"  78° 59' 19.05182""";594.722;Atmos PPM;0;1013.25;11.1012;175576.402;9045913.163;192.557;176089.028;9045633.904;78.939;583.897;583.756
CND_180_2;03/09/2026 06:01;" 298° 59' 59.51434""";"  79° 34' 22.06944""";553.867;Atmos PPM;0;1013.25;11.1012;175612.64;9045898.022;179.202;176089.028;9045633.904;78.939;544.768;544.705
CND_210_3;03/09/2026 06:01;" 302° 54' 00.32433""";"  78° 03' 47.23460""";629.473;Atmos PPM;0;1013.25;11.1012;175571.983;9045968.458;209.161;176089.028;9045633.904;78.939;616.02;615.842
CND_200_8;03/09/2026 06:01;" 303° 25' 03.36764""";"  78° 15' 51.32853""";598.441;Atmos PPM;0;1013.25;11.1012;175600.006;9045956.63;200.684;176089.028;9045633.904;78.939;586.05;585.914
CND_200_3;03/09/2026 06:01;" 303° 25' 03.73582""";"  78° 15' 52.10707""";598.441;Atmos PPM;0;1013.25;11.1012;175600.006;9045956.631;200.682;176089.028;9045633.904;78.939;586.052;585.914
CND_190_4;03/09/2026 06:01;" 304° 23' 46.51309""";"  78° 35' 19.71314""";568.32;Atmos PPM;0;1013.25;11.1012;175629.389;9045948.639;191.402;176089.028;9045633.904;78.939;557.187;557.069
CND_200_4;03/09/2026 06:01;" 309° 34' 03.20670""";"  77° 58' 10.99186""";577.865;Atmos PPM;0;1013.25;11.1012;175653.394;9045993.938;199.404;176089.028;9045633.904;78.939;565.267;565.156
CND_1505;03/09/2026 06:01;" 310° 59' 42.73403""";"  79° 10' 42.92239""";381.651;Atmos PPM;0;1013.25;11.1012;175806.121;9045879.832;150.603;176089.028;9045633.904;78.939;374.89;374.856
CND_210_4;03/09/2026 06:01;" 311° 21' 24.73368""";"  77° 25' 45.76615""";600.882;Atmos PPM;0;1013.25;11.1012;175648.859;9046021.443;209.74;176089.028;9045633.904;78.939;586.567;586.459
CND_190_5;03/09/2026 06:01;" 312° 12' 18.49860""";"  78° 10' 50.88285""";542.24;Atmos PPM;0;1013.25;11.1012;175695.924;9045990.474;190.022;176089.028;9045633.904;78.939;530.796;530.729
CND_25;03/09/2026 06:02;" 313° 23' 17.97435""";"  82° 24' 38.57352""";237.061;Atmos PPM;0;1013.25;11.1012;175918.278;9045795.336;110.252;176089.028;9045633.904;78.939;235.096;234.981
CND_29;03/09/2026 06:02;" 313° 30' 26.22214""";"  80° 52' 41.30002""";264.294;Atmos PPM;0;1013.25;11.1012;175899.782;9045813.568;120.844;176089.028;9045633.904;78.939;261.111;260.947
CND_200_5;03/09/2026 06:02;" 316° 06' 24.26924""";"  77° 35' 23.12988""";562.27;Atmos PPM;0;1013.25;11.1012;175708.35;9046029.647;199.797;176089.028;9045633.904;78.939;549.185;549.116
CND_1401;03/09/2026 06:02;" 317° 46' 10.65164""";"  79° 41' 06.51660""";345.465;Atmos PPM;0;1013.25;11.1012;175860.615;9045885.583;140.805;176089.028;9045633.904;78.939;340.026;339.874
CND_1602;03/09/2026 06:02;" 317° 50' 28.06994""";"  78° 12' 03.22559""";403.378;Atmos PPM;0;1013.25;11.1012;175824.037;9045926.62;161.433;176089.028;9045633.904;78.939;394.845;394.845
CND_1504;03/09/2026 06:03;" 320° 45' 22.78769""";"  78° 43' 29.99169""";370.089;Atmos PPM;0;1013.25;11.1012;175859.45;9045915.005;151.307;176089.028;9045633.904;78.939;362.974;362.937
CND_210_5;03/09/2026 06:03;" 320° 50' 24.89870""";"  77° 01' 20.98064""";587.598;Atmos PPM;0;1013.25;11.1012;175727.495;9046077.9;210.917;176089.028;9045633.904;78.939;572.641;572.572
CND_190_6;03/09/2026 06:03;" 321° 21' 23.88032""";"  77° 52' 40.18338""";529.234;Atmos PPM;0;1013.25;11.1012;175765.949;9046038.06;190.095;176089.028;9045633.904;78.939;517.464;517.418
CND_26;03/09/2026 06:03;" 321° 48' 35.18931""";"  82° 11' 21.74672""";231.314;Atmos PPM;0;1013.25;11.1012;175947.357;9045814.03;110.378;176089.028;9045633.904;78.939;229.307;229.164
CND_30;03/09/2026 06:03;" 323° 47' 12.44678""";"  80° 41' 05.81573""";257.39;Atmos PPM;0;1013.25;11.1012;175938.99;9045838.843;120.605;176089.028;9045633.904;78.939;254.209;253.991
CND_1402;03/09/2026 06:03;" 325° 03' 30.46332""";"  79° 32' 25.74531""";340.051;Atmos PPM;0;1013.25;11.1012;175897.531;9045908.035;140.68;176089.028;9045633.904;78.939;334.538;334.393
CND_200_6;03/09/2026 06:03;" 325° 15' 04.19352""";"  77° 24' 56.50276""";553.593;Atmos PPM;0;1013.25;11.1012;175781.118;9046077.854;199.574;176089.028;9045633.904;78.939;540.325;540.277
CND_1603;03/09/2026 06:03;" 325° 30' 41.12367""";"  78° 11' 56.56580""";397.916;Atmos PPM;0;1013.25;11.1012;175868.506;9045954.961;160.328;176089.028;9045633.904;78.939;389.496;389.496
CND_210_6;03/09/2026 06:04;" 328° 34' 39.73564""";"  76° 54' 33.85781""";582.157;Atmos PPM;0;1013.25;11.1012;175793.463;9046117.787;210.815;176089.028;9045633.904;78.939;567.059;567.011
CND_1503;03/09/2026 06:04;" 328° 44' 16.09515""";"  78° 43' 00.36039""";367.86;Atmos PPM;0;1013.25;11.1012;175901.845;9045942.282;150.923;176089.028;9045633.904;78.939;360.776;360.741
CND_34;03/09/2026 06:04;" 330° 33' 56.18424""";"  80° 30' 47.38031""";315.764;Atmos PPM;0;1013.25;11.1012;175936.002;9045905.156;130.99;176089.028;9045633.904;78.939;311.606;311.439
CND_200_7;03/09/2026 06:04;" 332° 03' 32.37790""";"  77° 26' 33.03003""";554.823;Atmos PPM;0;1013.25;11.1012;175835.326;9046112.334;199.588;176089.028;9045633.904;78.939;541.571;541.535
CND_1604;03/09/2026 06:04;" 332° 27' 38.77198""";"  78° 10' 04.97313""";397.115;Atmos PPM;0;1013.25;11.1012;175909.354;9045978.549;160.375;176089.028;9045633.904;78.939;388.706;388.668
CND_27;03/09/2026 06:04;" 332° 40' 55.90574""";"  82° 13' 53.16103""";231.131;Atmos PPM;0;1013.25;11.1012;175983.949;9045837.379;110.185;176089.028;9045633.904;78.939;229.13;229.006
CND_22;03/09/2026 06:05;" 334° 37' 13.56990""";"  80° 44' 17.19418""";259.96;Atmos PPM;0;1013.25;11.1012;175979.08;9045865.718;120.783;176089.028;9045633.904;78.939;256.724;256.566
CND_210_7;03/09/2026 06:05;" 337° 51' 17.40227""";"  77° 09' 30.99359""";585.001;Atmos PPM;0;1013.25;11.1012;175874.076;9046162.2;208.979;176089.028;9045633.904;78.939;570.387;570.352
CND_1803;03/09/2026 06:06;" 348° 01' 18.39495""";"  78° 12' 08.32282""";498.574;Atmos PPM;0;1013.25;11.1012;175987.783;9046111.315;180.892;176089.028;9045633.904;78.939;488.054;488.028
CND_23;03/09/2026 06:06;" 348° 36' 45.05693""";"  78° 49' 28.46715""";391.408;Atmos PPM;0;1013.25;11.1012;176013.246;9046010.329;154.809;176089.028;9045633.904;78.939;383.951;383.977
CND_20;03/09/2026 06:07;" 359° 04' 45.43702""";"  83° 57' 00.69378""";203.552;Atmos PPM;0;1013.25;11.1012;176085.793;9045836.294;100.395;176089.028;9045633.904;78.939;202.449;202.415
CND_18;03/09/2026 06:07;"   0° 51' 00.17095""";"  86° 10' 40.90357""";178.314;Atmos PPM;0;1013.25;11.1012;176091.683;9045811.799;90.827;176089.028;9045633.904;78.939;177.925;177.915
CND_17;03/09/2026 06:07;"  11° 43' 29.91314""";"  86° 38' 49.50956""";208.078;Atmos PPM;0;1013.25;11.1012;176131.257;9045837.286;91.112;176089.028;9045633.904;78.939;207.753;207.719
CND_30002;03/09/2026 08:00;" 289° 14' 44.47251""";"  79° 29' 03.21501""";723.074;Atmos PPM;0;1013.25;11.1012;175417.871;9045868.29;210.939;176089.028;9045633.904;78.939;710.915;710.907
CND_30003;03/09/2026 08:00;" 290° 56' 14.50447""";"  79° 32' 51.97935""";674.095;Atmos PPM;0;1013.25;11.1012;175469.928;9045870.838;201.26;176089.028;9045633.904;78.939;662.894;662.89
CND_30004;03/09/2026 08:00;" 291° 25' 46.77241""";"  79° 52' 59.38879""";637.675;Atmos PPM;0;1013.25;11.1012;175504.703;9045863.304;190.977;176089.028;9045633.904;78.939;627.75;627.742
CND_170_1;03/09/2026 08:00;" 298° 32' 44.95255""";"  79° 40' 25.16157""";508.767;Atmos PPM;0;1013.25;11.1012;175649.38;9045873.117;170.155;176089.028;9045633.904;78.939;500.548;500.513
CND_190_3;03/09/2026 08:00;" 298° 34' 33.19918""";"  78° 59' 16.90519""";594.722;Atmos PPM;0;1013.25;11.1012;175576.407;9045913.17;192.563;176089.028;9045633.904;78.939;583.897;583.755
CND_180_2;03/09/2026 08:01;" 299° 00' 01.14533""";"  79° 34' 23.51315""";553.866;Atmos PPM;0;1013.25;11.1012;175612.642;9045898.025;179.198;176089.028;9045633.904;78.939;544.768;544.705
CND_210_3;03/09/2026 08:01;" 302° 54' 03.23469""";"  78° 03' 47.34560""";629.473;Atmos PPM;0;1013.25;11.1012;175571.989;9045968.465;209.161;176089.028;9045633.904;78.939;616.02;615.842
CND_200_8;03/09/2026 08:01;" 303° 25' 07.31910""";"  78° 15' 50.81268""";598.44;Atmos PPM;0;1013.25;11.1012;175600.013;9045956.638;200.685;176089.028;9045633.904;78.939;586.05;585.912
CND_200_3;03/09/2026 08:01;" 303° 25' 04.94642""";"  78° 15' 51.57917""";598.439;Atmos PPM;0;1013.25;11.1012;175600.01;9045956.633;200.683;176089.028;9045633.904;78.939;586.052;585.912
CND_190_4;03/09/2026 08:01;" 304° 23' 48.14502""";"  78° 35' 18.79738""";568.319;Atmos PPM;0;1013.25;11.1012;175629.392;9045948.642;191.404;176089.028;9045633.904;78.939;557.187;557.068
CND_200_4;03/09/2026 08:01;" 309° 34' 05.61264""";"  77° 58' 08.06627""";577.864;Atmos PPM;0;1013.25;11.1012;175653.4;9045993.942;199.412;176089.028;9045633.904;78.939;565.267;565.154
CND_1505;03/09/2026 08:01;" 310° 59' 45.65258""";"  79° 10' 41.73878""";381.65;Atmos PPM;0;1013.25;11.1012;175806.125;9045879.835;150.605;176089.028;9045633.904;78.939;374.89;374.855
CND_210_4;03/09/2026 08:01;" 311° 21' 27.76328""";"  77° 25' 44.01253""";600.881;Atmos PPM;0;1013.25;11.1012;175648.866;9046021.448;209.745;176089.028;9045633.904;78.939;586.567;586.457
CND_190_5;03/09/2026 08:01;" 312° 12' 22.24172""";"  78° 10' 47.90211""";542.239;Atmos PPM;0;1013.25;11.1012;175695.932;9045990.48;190.03;176089.028;9045633.904;78.939;530.796;530.726
CND_25;03/09/2026 08:02;" 313° 23' 19.59900""";"  82° 24' 37.06751""";237.06;Atmos PPM;0;1013.25;11.1012;175918.28;9045795.337;110.253;176089.028;9045633.904;78.939;235.096;234.98
CND_29;03/09/2026 08:02;" 313° 30' 29.47175""";"  80° 52' 41.21932""";264.294;Atmos PPM;0;1013.25;11.1012;175899.785;9045813.571;120.844;176089.028;9045633.904;78.939;261.111;260.946
CND_200_5;03/09/2026 08:02;" 316° 06' 28.14276""";"  77° 35' 25.32043""";562.27;Atmos PPM;0;1013.25;11.1012;175708.357;9046029.655;199.791;176089.028;9045633.904;78.939;549.185;549.116
CND_1401;03/09/2026 08:02;" 317° 46' 13.06169""";"  79° 41' 07.35069""";345.464;Atmos PPM;0;1013.25;11.1012;175860.618;9045885.585;140.804;176089.028;9045633.904;78.939;340.026;339.874
CND_1602;03/09/2026 08:02;" 317° 50' 30.89014""";"  78° 12' 03.36990""";403.378;Atmos PPM;0;1013.25;11.1012;175824.041;9045926.624;161.432;176089.028;9045633.904;78.939;394.845;394.845
CND_1504;03/09/2026 08:03;" 320° 45' 24.82339""";"  78° 43' 28.57094""";370.088;Atmos PPM;0;1013.25;11.1012;175859.454;9045915.007;151.31;176089.028;9045633.904;78.939;362.974;362.936
CND_210_5;03/09/2026 08:03;" 320° 50' 26.93442""";"  77° 01' 21.64357""";587.597;Atmos PPM;0;1013.25;11.1012;175727.5;9046077.903;210.915;176089.028;9045633.904;78.939;572.641;572.571
CND_190_6;03/09/2026 08:03;" 321° 21' 25.54337""";"  77° 52' 39.94983""";529.234;Atmos PPM;0;1013.25;11.1012;175765.953;9046038.062;190.095;176089.028;9045633.904;78.939;517.464;517.418
CND_26;03/09/2026 08:03;" 321° 48' 38.03518""";"  82° 11' 22.75098""";231.313;Atmos PPM;0;1013.25;11.1012;175947.36;9045814.032;110.377;176089.028;9045633.904;78.939;229.307;229.163
CND_30;03/09/2026 08:03;" 323° 47' 15.30034""";"  80° 41' 06.91485""";257.39;Atmos PPM;0;1013.25;11.1012;175938.992;9045838.845;120.604;176089.028;9045633.904;78.939;254.209;253.991
CND_1402;03/09/2026 08:03;" 325° 03' 32.95170""";"  79° 32' 25.11015""";340.05;Atmos PPM;0;1013.25;11.1012;175897.535;9045908.037;140.681;176089.028;9045633.904;78.939;334.538;334.392
CND_200_6;03/09/2026 08:03;" 325° 15' 06.49728""";"  77° 24' 55.84940""";553.592;Atmos PPM;0;1013.25;11.1012;175781.124;9046077.856;199.575;176089.028;9045633.904;78.939;540.325;540.276
CND_1603;03/09/2026 08:04;" 325° 30' 41.56227""";"  78° 11' 56.68941""";397.916;Atmos PPM;0;1013.25;11.1012;175868.507;9045954.961;160.328;176089.028;9045633.904;78.939;389.496;389.496
CND_210_6;03/09/2026 08:04;" 328° 34' 42.54535""";"  76° 54' 32.49038""";582.157;Atmos PPM;0;1013.25;11.1012;175793.47;9046117.79;210.818;176089.028;9045633.904;78.939;567.059;567.01
CND_1503;03/09/2026 08:04;" 328° 44' 19.71748""";"  78° 43' 00.97369""";367.859;Atmos PPM;0;1013.25;11.1012;175901.851;9045942.285;150.922;176089.028;9045633.904;78.939;360.776;360.741
CND_34;03/09/2026 08:04;" 330° 33' 59.96783""";"  80° 30' 48.00039""";315.764;Atmos PPM;0;1013.25;11.1012;175936.007;9045905.158;130.989;176089.028;9045633.904;78.939;311.606;311.439
CND_200_7;03/09/2026 08:04;" 332° 03' 34.03864""";"  77° 26' 32.51888""";554.823;Atmos PPM;0;1013.25;11.1012;175835.33;9046112.335;199.59;176089.028;9045633.904;78.939;541.571;541.534
CND_1604;03/09/2026 08:04;" 332° 27' 38.77039""";"  78° 10' 04.27353""";397.114;Atmos PPM;0;1013.25;11.1012;175909.355;9045978.549;160.376;176089.028;9045633.904;78.939;388.706;388.667
CND_27;03/09/2026 08:05;" 332° 40' 58.83206""";"  82° 13' 55.64425""";231.131;Atmos PPM;0;1013.25;11.1012;175983.951;9045837.381;110.182;176089.028;9045633.904;78.939;229.13;229.006
CND_22;03/09/2026 08:05;" 334° 37' 14.63139""";"  80° 44' 18.91268""";259.96;Atmos PPM;0;1013.25;11.1012;175979.081;9045865.719;120.781;176089.028;9045633.904;78.939;256.724;256.566
CND_210_7;03/09/2026 08:05;" 337° 51' 19.02072""";"  77° 09' 29.72304""";585;Atmos PPM;0;1013.25;11.1012;175874.081;9046162.2;208.983;176089.028;9045633.904;78.939;570.387;570.35
CND_36;03/09/2026 08:07;" 346° 51' 02.79051""";"  80° 56' 14.54404""";333.035;Atmos PPM;0;1013.25;11.1012;176014.241;9045954.159;131.404;176089.028;9045633.904;78.939;328.884;328.871
CND_1803;03/09/2026 08:07;" 348° 01' 18.46271""";"  78° 12' 07.30436""";498.573;Atmos PPM;0;1013.25;11.1012;175987.783;9046111.314;180.894;176089.028;9045633.904;78.939;488.054;488.028
CND_23;03/09/2026 08:07;" 348° 36' 45.49686""";"  78° 49' 27.10103""";391.407;Atmos PPM;0;1013.25;11.1012;176013.247;9046010.328;154.812;176089.028;9045633.904;78.939;383.951;383.976
CND_1901;03/09/2026 08:07;" 350° 13' 38.32480""";"  77° 55' 46.31431""";536.182;Atmos PPM;0;1013.25;11.1012;176000.075;9046150.616;191.081;176089.028;9045633.904;78.939;524.343;524.312
CND_20;03/09/2026 08:08;" 359° 04' 46.68710""";"  83° 56' 59.89968""";203.552;Atmos PPM;0;1013.25;11.1012;176085.794;9045836.293;100.396;176089.028;9045633.904;78.939;202.449;202.415
CND_18;03/09/2026 08:08;"   0° 50' 58.85885""";"  86° 10' 48.24517""";178.313;Atmos PPM;0;1013.25;11.1012;176091.682;9045811.799;90.821;176089.028;9045633.904;78.939;177.925;177.914
CND_17;03/09/2026 08:08;"  11° 43' 30.02270""";"  86° 38' 49.73206""";208.078;Atmos PPM;0;1013.25;11.1012;176131.257;9045837.285;91.111;176089.028;9045633.904;78.939;207.753;207.719
CND_30002;03/09/2026 10:00;" 289° 14' 40.81028""";"  79° 29' 07.64877""";723.074;Atmos PPM;0;1013.25;11.1012;175417.864;9045868.278;210.924;176089.028;9045633.904;78.939;710.915;710.91
CND_30003;03/09/2026 10:00;" 290° 56' 16.41677""";"  79° 32' 51.95117""";674.095;Atmos PPM;0;1013.25;11.1012;175469.93;9045870.844;201.261;176089.028;9045633.904;78.939;662.894;662.889
CND_30004;03/09/2026 10:00;" 291° 25' 41.75172""";"  79° 53' 00.24021""";637.675;Atmos PPM;0;1013.25;11.1012;175504.697;9045863.29;190.975;176089.028;9045633.904;78.939;627.75;627.743
CND_170_1;03/09/2026 10:00;" 298° 32' 42.07861""";"  79° 40' 27.03196""";508.767;Atmos PPM;0;1013.25;11.1012;175649.376;9045873.112;170.15;176089.028;9045633.904;78.939;500.548;500.514
CND_190_3;03/09/2026 10:00;" 298° 34' 32.88608""";"  78° 59' 21.12383""";594.721;Atmos PPM;0;1013.25;11.1012;175576.406;9045913.17;192.551;176089.028;9045633.904;78.939;583.897;583.756
CND_180_2;03/09/2026 10:01;" 298° 59' 59.89485""";"  79° 34' 23.70626""";553.866;Atmos PPM;0;1013.25;11.1012;175612.641;9045898.022;179.197;176089.028;9045633.904;78.939;544.768;544.705
CND_210_3;03/09/2026 10:01;" 302° 54' 02.51975""";"  78° 03' 49.66280""";629.472;Atmos PPM;0;1013.25;11.1012;175571.987;9045968.464;209.154;176089.028;9045633.904;78.939;616.02;615.843
CND_200_3;03/09/2026 10:01;" 303° 25' 04.08124""";"  78° 15' 52.76169""";598.44;Atmos PPM;0;1013.25;11.1012;175600.007;9045956.631;200.68;176089.028;9045633.904;78.939;586.052;585.913
CND_200_8;03/09/2026 10:01;" 303° 25' 05.88606""";"  78° 15' 50.11043""";598.44;Atmos PPM;0;1013.25;11.1012;175600.011;9045956.635;200.687;176089.028;9045633.904;78.939;586.05;585.912
CND_190_4;03/09/2026 10:01;" 304° 23' 52.05414""";"  78° 35' 19.82480""";568.318;Atmos PPM;0;1013.25;11.1012;175629.398;9045948.65;191.401;176089.028;9045633.904;78.939;557.187;557.068
CND_200_4;03/09/2026 10:01;" 309° 34' 04.52342""";"  77° 58' 11.38109""";577.864;Atmos PPM;0;1013.25;11.1012;175653.397;9045993.941;199.403;176089.028;9045633.904;78.939;565.267;565.156
CND_1505;03/09/2026 10:01;" 310° 59' 41.25368""";"  79° 10' 44.79777""";381.65;Atmos PPM;0;1013.25;11.1012;175806.119;9045879.83;150.599;176089.028;9045633.904;78.939;374.89;374.856
CND_210_4;03/09/2026 10:01;" 311° 21' 22.02069""";"  77° 25' 46.84181""";600.881;Atmos PPM;0;1013.25;11.1012;175648.854;9046021.437;209.737;176089.028;9045633.904;78.939;586.567;586.459
CND_190_5;03/09/2026 10:01;" 312° 12' 20.80493""";"  78° 10' 53.83579""";542.239;Atmos PPM;0;1013.25;11.1012;175695.927;9045990.479;190.014;176089.028;9045633.904;78.939;530.796;530.729
CND_25;03/09/2026 10:02;" 313° 23' 17.36813""";"  82° 24' 43.46505""";237.06;Atmos PPM;0;1013.25;11.1012;175918.278;9045795.336;110.246;176089.028;9045633.904;78.939;235.096;234.98
CND_29;03/09/2026 10:02;" 313° 30' 22.36906""";"  80° 52' 44.83813""";264.294;Atmos PPM;0;1013.25;11.1012;175899.779;9045813.565;120.839;176089.028;9045633.904;78.939;261.111;260.947
CND_200_5;03/09/2026 10:02;" 316° 06' 24.36150""";"  77° 35' 26.02471""";562.269;Atmos PPM;0;1013.25;11.1012;175708.35;9046029.648;199.789;176089.028;9045633.904;78.939;549.185;549.116
CND_1401;03/09/2026 10:03;" 317° 46' 12.69749""";"  79° 41' 10.65266""";345.464;Atmos PPM;0;1013.25;11.1012;175860.617;9045885.586;140.798;176089.028;9045633.904;78.939;340.026;339.875
CND_1602;03/09/2026 10:03;" 317° 50' 30.86886""";"  78° 12' 05.46882""";403.378;Atmos PPM;0;1013.25;11.1012;175824.041;9045926.624;161.428;176089.028;9045633.904;78.939;394.845;394.846
CND_1504;03/09/2026 10:03;" 320° 45' 23.63886""";"  78° 43' 32.30489""";370.088;Atmos PPM;0;1013.25;11.1012;175859.452;9045915.006;151.303;176089.028;9045633.904;78.939;362.974;362.937
CND_210_5;03/09/2026 10:03;" 320° 50' 27.02301""";"  77° 01' 24.04725""";587.597;Atmos PPM;0;1013.25;11.1012;175727.499;9046077.905;210.909;176089.028;9045633.904;78.939;572.641;572.573
CND_190_6;03/09/2026 10:03;" 321° 21' 24.10808""";"  77° 52' 40.05147""";529.234;Atmos PPM;0;1013.25;11.1012;175765.95;9046038.06;190.095;176089.028;9045633.904;78.939;517.464;517.418
CND_26;03/09/2026 10:03;" 321° 48' 31.59523""";"  82° 11' 24.62348""";231.313;Atmos PPM;0;1013.25;11.1012;175947.354;9045814.028;110.375;176089.028;9045633.904;78.939;229.307;229.164
CND_30;03/09/2026 10:03;" 323° 47' 13.49249""";"  80° 41' 05.82087""";257.39;Atmos PPM;0;1013.25;11.1012;175938.991;9045838.844;120.605;176089.028;9045633.904;78.939;254.209;253.991
CND_1402;03/09/2026 10:04;" 325° 03' 32.19462""";"  79° 32' 25.66348""";340.05;Atmos PPM;0;1013.25;11.1012;175897.533;9045908.036;140.68;176089.028;9045633.904;78.939;334.538;334.393
CND_200_6;03/09/2026 10:04;" 325° 15' 03.84815""";"  77° 24' 58.06538""";553.592;Atmos PPM;0;1013.25;11.1012;175781.118;9046077.853;199.569;176089.028;9045633.904;78.939;540.325;540.277
CND_1603;03/09/2026 10:04;" 325° 30' 37.82294""";"  78° 11' 56.70947""";397.915;Atmos PPM;0;1013.25;11.1012;175868.501;9045954.957;160.328;176089.028;9045633.904;78.939;389.496;389.496
CND_210_6;03/09/2026 10:04;" 328° 34' 39.69677""";"  76° 54' 33.53846""";582.157;Atmos PPM;0;1013.25;11.1012;175793.463;9046117.786;210.815;176089.028;9045633.904;78.939;567.059;567.01
CND_1503;03/09/2026 10:04;" 328° 44' 16.52675""";"  78° 43' 03.82886""";367.859;Atmos PPM;0;1013.25;11.1012;175901.846;9045942.283;150.917;176089.028;9045633.904;78.939;360.776;360.742
CND_34;03/09/2026 10:04;" 330° 33' 57.15148""";"  80° 30' 52.03979""";315.764;Atmos PPM;0;1013.25;11.1012;175936.002;9045905.157;130.983;176089.028;9045633.904;78.939;311.606;311.44
CND_200_7;03/09/2026 10:04;" 332° 03' 33.67303""";"  77° 26' 34.69018""";554.823;Atmos PPM;0;1013.25;11.1012;175835.328;9046112.336;199.584;176089.028;9045633.904;78.939;541.571;541.535
CND_1604;03/09/2026 10:05;" 332° 27' 35.98028""";"  78° 10' 05.88604""";397.114;Atmos PPM;0;1013.25;11.1012;175909.35;9045978.547;160.373;176089.028;9045633.904;78.939;388.706;388.668
CND_27;03/09/2026 10:05;" 332° 40' 55.36031""";"  82° 13' 58.25475""";231.131;Atmos PPM;0;1013.25;11.1012;175983.948;9045837.38;110.179;176089.028;9045633.904;78.939;229.13;229.007
CND_22;03/09/2026 10:05;" 334° 37' 12.38674""";"  80° 44' 17.98572""";259.96;Atmos PPM;0;1013.25;11.1012;175979.079;9045865.718;120.782;176089.028;9045633.904;78.939;256.724;256.566
CND_210_7;03/09/2026 10:06;" 337° 51' 19.44030""";"  77° 09' 28.98594""";585;Atmos PPM;0;1013.25;11.1012;175874.082;9046162.2;208.985;176089.028;9045633.904;78.939;570.387;570.349
CND_36;03/09/2026 10:07;" 346° 51' 03.34175""";"  80° 56' 13.47250""";333.035;Atmos PPM;0;1013.25;11.1012;176014.242;9045954.159;131.406;176089.028;9045633.904;78.939;328.884;328.871
CND_1803;03/09/2026 10:07;" 348° 01' 14.99803""";"  78° 12' 10.34281""";498.573;Atmos PPM;0;1013.25;11.1012;175987.775;9046111.314;180.887;176089.028;9045633.904;78.939;488.054;488.029
CND_23;03/09/2026 10:08;" 348° 36' 44.65583""";"  78° 49' 28.94218""";391.407;Atmos PPM;0;1013.25;11.1012;176013.246;9046010.328;154.808;176089.028;9045633.904;78.939;383.951;383.976
CND_1901;03/09/2026 10:08;" 350° 13' 37.54509""";"  77° 55' 48.44399""";536.181;Atmos PPM;0;1013.25;11.1012;176000.073;9046150.616;191.076;176089.028;9045633.904;78.939;524.343;524.313
CND_20;03/09/2026 10:08;" 359° 04' 44.11389""";"  83° 57' 02.18310""";203.552;Atmos PPM;0;1013.25;11.1012;176085.791;9045836.294;100.393;176089.028;9045633.904;78.939;202.449;202.415
CND_18;03/09/2026 10:08;"   0° 50' 56.93560""";"  86° 10' 55.36830""";178.313;Atmos PPM;0;1013.25;11.1012;176091.68;9045811.8;90.815;176089.028;9045633.904;78.939;177.925;177.915
CND_17;03/09/2026 10:08;"  11° 43' 29.03311""";"  86° 38' 52.81192""";208.078;Atmos PPM;0;1013.25;11.1012;176131.256;9045837.286;91.108;176089.028;9045633.904;78.939;207.753;207.719
CND_30002;03/09/2026 12:00;" 289° 14' 42.57883""";"  79° 29' 04.19562""";723.073;Atmos PPM;0;1013.25;11.1012;175417.868;9045868.283;210.936;176089.028;9045633.904;78.939;710.915;710.907
CND_30003;03/09/2026 12:00;" 290° 56' 11.33550""";"  79° 32' 48.38657""";674.095;Atmos PPM;0;1013.25;11.1012;175469.927;9045870.828;201.272;176089.028;9045633.904;78.939;662.894;662.887
CND_30004;03/09/2026 12:00;" 291° 25' 44.34462""";"  79° 53' 01.17650""";637.675;Atmos PPM;0;1013.25;11.1012;175504.699;9045863.298;190.972;176089.028;9045633.904;78.939;627.75;627.743
CND_170_1;03/09/2026 12:00;" 298° 32' 40.48678""";"  79° 40' 29.99349""";508.767;Atmos PPM;0;1013.25;11.1012;175649.372;9045873.109;170.143;176089.028;9045633.904;78.939;500.548;500.516
CND_190_3;03/09/2026 12:00;" 298° 34' 24.83464""";"  78° 59' 25.45683""";594.721;Atmos PPM;0;1013.25;11.1012;175576.393;9045913.151;192.538;176089.028;9045633.904;78.939;583.897;583.758
CND_180_2;03/09/2026 12:01;" 298° 59' 57.86735""";"  79° 34' 23.51106""";553.865;Atmos PPM;0;1013.25;11.1012;175612.638;9045898.017;179.197;176089.028;9045633.904;78.939;544.768;544.705
CND_210_3;03/09/2026 12:01;" 302° 53' 58.94320""";"  78° 03' 51.96604""";629.472;Atmos PPM;0;1013.25;11.1012;175571.98;9045968.456;209.147;176089.028;9045633.904;78.939;616.02;615.844
CND_200_3;03/09/2026 12:01;" 303° 25' 02.50392""";"  78° 15' 53.39366""";598.439;Atmos PPM;0;1013.25;11.1012;175600.005;9045956.627;200.678;176089.028;9045633.904;78.939;586.052;585.913
CND_200_8;03/09/2026 12:01;" 303° 25' 00.73279""";"  78° 15' 50.73979""";598.439;Atmos PPM;0;1013.25;11.1012;175600.003;9045956.622;200.686;176089.028;9045633.904;78.939;586.05;585.911
CND_190_4;03/09/2026 12:01;" 304° 23' 43.67553""";"  78° 35' 19.93568""";568.318;Atmos PPM;0;1013.25;11.1012;175629.386;9045948.631;191.401;176089.028;9045633.904;78.939;557.187;557.068
CND_200_4;03/09/2026 12:01;" 309° 34' 02.00836""";"  77° 58' 10.32754""";577.864;Atmos PPM;0;1013.25;11.1012;175653.393;9045993.935;199.406;176089.028;9045633.904;78.939;565.267;565.155
CND_1505;03/09/2026 12:01;" 310° 59' 39.89405""";"  79° 10' 44.12825""";381.65;Atmos PPM;0;1013.25;11.1012;175806.118;9045879.828;150.601;176089.028;9045633.904;78.939;374.89;374.855
CND_210_4;03/09/2026 12:01;" 311° 21' 21.41243""";"  77° 25' 49.24220""";600.881;Atmos PPM;0;1013.25;11.1012;175648.852;9046021.436;209.73;176089.028;9045633.904;78.939;586.567;586.461
CND_190_5;03/09/2026 12:01;" 312° 12' 16.71690""";"  78° 10' 51.39484""";542.239;Atmos PPM;0;1013.25;11.1012;175695.921;9045990.47;190.021;176089.028;9045633.904;78.939;530.796;530.728
CND_25;03/09/2026 12:02;" 313° 23' 16.25183""";"  82° 24' 42.89788""";237.06;Atmos PPM;0;1013.25;11.1012;175918.277;9045795.335;110.247;176089.028;9045633.904;78.939;235.096;234.98
CND_29;03/09/2026 12:02;" 313° 30' 27.58034""";"  80° 52' 46.33530""";264.294;Atmos PPM;0;1013.25;11.1012;175899.783;9045813.57;120.837;176089.028;9045633.904;78.939;261.111;260.948
CND_200_5;03/09/2026 12:02;" 316° 06' 24.80591""";"  77° 35' 27.49394""";562.269;Atmos PPM;0;1013.25;11.1012;175708.35;9046029.649;199.785;176089.028;9045633.904;78.939;549.185;549.117
CND_1401;03/09/2026 12:02;" 317° 46' 13.36612""";"  79° 41' 08.16747""";345.464;Atmos PPM;0;1013.25;11.1012;175860.619;9045885.586;140.802;176089.028;9045633.904;78.939;340.026;339.874
CND_1602;03/09/2026 12:03;" 317° 50' 26.69309""";"  78° 12' 01.45049""";403.377;Atmos PPM;0;1013.25;11.1012;175824.036;9045926.617;161.436;176089.028;9045633.904;78.939;394.845;394.844
CND_1504;03/09/2026 12:03;" 320° 45' 20.27370""";"  78° 43' 30.83430""";370.088;Atmos PPM;0;1013.25;11.1012;175859.447;9045915.002;151.305;176089.028;9045633.904;78.939;362.974;362.937
CND_210_5;03/09/2026 12:03;" 320° 50' 21.09087""";"  77° 01' 23.19592""";587.596;Atmos PPM;0;1013.25;11.1012;175727.487;9046077.893;210.911;176089.028;9045633.904;78.939;572.641;572.572
CND_190_6;03/09/2026 12:03;" 321° 21' 18.96539""";"  77° 52' 43.06485""";529.233;Atmos PPM;0;1013.25;11.1012;175765.939;9046038.053;190.087;176089.028;9045633.904;78.939;517.464;517.419
CND_26;03/09/2026 12:03;" 321° 48' 32.28212""";"  82° 11' 28.40976""";231.313;Atmos PPM;0;1013.25;11.1012;175947.355;9045814.029;110.371;176089.028;9045633.904;78.939;229.307;229.164
CND_30;03/09/2026 12:03;" 323° 47' 08.31343""";"  80° 41' 07.43809""";257.39;Atmos PPM;0;1013.25;11.1012;175938.986;9045838.84;120.603;176089.028;9045633.904;78.939;254.209;253.991
CND_1402;03/09/2026 12:03;" 325° 03' 25.80418""";"  79° 32' 24.99635""";340.05;Atmos PPM;0;1013.25;11.1012;175897.525;9045908.03;140.681;176089.028;9045633.904;78.939;334.538;334.392
CND_200_6;03/09/2026 12:03;" 325° 14' 58.51738""";"  77° 24' 55.88881""";553.592;Atmos PPM;0;1013.25;11.1012;175781.107;9046077.844;199.575;176089.028;9045633.904;78.939;540.325;540.276
CND_1603;03/09/2026 12:04;" 325° 30' 35.10683""";"  78° 11' 56.03502""";397.915;Atmos PPM;0;1013.25;11.1012;175868.497;9045954.954;160.329;176089.028;9045633.904;78.939;389.496;389.495
CND_210_6;03/09/2026 12:04;" 328° 34' 34.94886""";"  76° 54' 34.90728""";582.156;Atmos PPM;0;1013.25;11.1012;175793.451;9046117.78;210.812;176089.028;9045633.904;78.939;567.059;567.011
CND_1503;03/09/2026 12:04;" 328° 44' 15.27078""";"  78° 43' 02.33246""";367.859;Atmos PPM;0;1013.25;11.1012;175901.844;9045942.282;150.919;176089.028;9045633.904;78.939;360.776;360.741
CND_34;03/09/2026 12:04;" 330° 33' 52.49884""";"  80° 30' 50.05516""";315.764;Atmos PPM;0;1013.25;11.1012;175935.997;9045905.153;130.986;176089.028;9045633.904;78.939;311.606;311.439
CND_200_7;03/09/2026 12:04;" 332° 03' 28.27083""";"  77° 26' 35.61273""";554.822;Atmos PPM;0;1013.25;11.1012;175835.316;9046112.329;199.581;176089.028;9045633.904;78.939;541.571;541.535
CND_1604;03/09/2026 12:04;" 332° 27' 31.39960""";"  78° 10' 03.31652""";397.114;Atmos PPM;0;1013.25;11.1012;175909.342;9045978.542;160.378;176089.028;9045633.904;78.939;388.706;388.667
CND_27;03/09/2026 12:05;" 332° 40' 52.13308""";"  82° 13' 56.73997""";231.131;Atmos PPM;0;1013.25;11.1012;175983.945;9045837.378;110.181;176089.028;9045633.904;78.939;229.13;229.006
CND_22;03/09/2026 12:05;" 334° 37' 10.70048""";"  80° 44' 19.95891""";259.959;Atmos PPM;0;1013.25;11.1012;175979.077;9045865.716;120.78;176089.028;9045633.904;78.939;256.724;256.566
CND_210_7;03/09/2026 12:05;" 337° 51' 15.73927""";"  77° 09' 30.12786""";584.999;Atmos PPM;0;1013.25;11.1012;175874.073;9046162.196;208.981;176089.028;9045633.904;78.939;570.387;570.349
CND_1803;03/09/2026 12:07;" 348° 01' 14.33923""";"  78° 12' 13.61241""";498.573;Atmos PPM;0;1013.25;11.1012;175987.773;9046111.315;180.879;176089.028;9045633.904;78.939;488.054;488.03
CND_23;03/09/2026 12:07;" 348° 36' 40.06685""";"  78° 49' 30.18124""";391.407;Atmos PPM;0;1013.25;11.1012;176013.237;9046010.327;154.806;176089.028;9045633.904;78.939;383.951;383.976
CND_1901;03/09/2026 12:08;" 350° 13' 33.04204""";"  77° 55' 49.36386""";536.181;Atmos PPM;0;1013.25;11.1012;176000.061;9046150.615;191.073;176089.028;9045633.904;78.939;524.343;524.314
CND_20;03/09/2026 12:08;" 359° 04' 39.70447""";"  83° 56' 59.78175""";203.552;Atmos PPM;0;1013.25;11.1012;176085.787;9045836.293;100.396;176089.028;9045633.904;78.939;202.449;202.415
CND_18;03/09/2026 12:08;"   0° 50' 54.26540""";"  86° 10' 49.48814""";178.313;Atmos PPM;0;1013.25;11.1012;176091.678;9045811.799;90.82;176089.028;9045633.904;78.939;177.925;177.915
CND_17;03/09/2026 12:08;"  11° 43' 24.59756""";"  86° 38' 53.37099""";208.078;Atmos PPM;0;1013.25;11.1012;176131.252;9045837.287;91.108;176089.028;9045633.904;78.939;207.753;207.719
CND_30002;03/09/2026 14:00;" 289° 14' 40.71664""";"  79° 29' 03.31329""";723.074;Atmos PPM;0;1013.25;11.1012;175417.866;9045868.277;210.939;176089.028;9045633.904;78.939;710.915;710.907
CND_30003;03/09/2026 14:00;" 290° 56' 10.52506""";"  79° 32' 54.94198""";674.095;Atmos PPM;0;1013.25;11.1012;175469.922;9045870.827;201.251;176089.028;9045633.904;78.939;662.894;662.891
CND_30004;03/09/2026 14:00;" 291° 25' 39.86433""";"  79° 53' 03.47113""";637.675;Atmos PPM;0;1013.25;11.1012;175504.693;9045863.286;190.965;176089.028;9045633.904;78.939;627.75;627.745
CND_170_1;03/09/2026 14:00;" 298° 32' 37.24620""";"  79° 40' 29.47737""";508.767;Atmos PPM;0;1013.25;11.1012;175649.369;9045873.102;170.144;176089.028;9045633.904;78.939;500.548;500.515
CND_190_3;03/09/2026 14:00;" 298° 34' 26.27778""";"  78° 59' 22.82925""";594.721;Atmos PPM;0;1013.25;11.1012;175576.396;9045913.154;192.546;176089.028;9045633.904;78.939;583.897;583.757
CND_180_2;03/09/2026 14:01;" 298° 59' 58.08396""";"  79° 34' 26.62057""";553.866;Atmos PPM;0;1013.25;11.1012;175612.637;9045898.019;179.189;176089.028;9045633.904;78.939;544.768;544.707
CND_210_3;03/09/2026 14:01;" 302° 53' 56.70633""";"  78° 03' 51.58042""";629.472;Atmos PPM;0;1013.25;11.1012;175571.976;9045968.45;209.148;176089.028;9045633.904;78.939;616.02;615.844
CND_200_8;03/09/2026 14:01;" 303° 24' 59.68152""";"  78° 15' 52.74265""";598.44;Atmos PPM;0;1013.25;11.1012;175600;9045956.621;200.68;176089.028;9045633.904;78.939;586.05;585.913
CND_200_3;03/09/2026 14:01;" 303° 24' 59.12548""";"  78° 15' 53.33076""";598.439;Atmos PPM;0;1013.25;11.1012;175599.999;9045956.62;200.678;176089.028;9045633.904;78.939;586.052;585.913
CND_190_4;03/09/2026 14:01;" 304° 23' 41.87319""";"  78° 35' 22.40862""";568.318;Atmos PPM;0;1013.25;11.1012;175629.382;9045948.628;191.394;176089.028;9045633.904;78.939;557.187;557.069
CND_200_4;03/09/2026 14:01;" 309° 34' 00.73947""";"  77° 58' 11.67706""";577.863;Atmos PPM;0;1013.25;11.1012;175653.391;9045993.933;199.402;176089.028;9045633.904;78.939;565.267;565.155
CND_1505;03/09/2026 14:01;" 310° 59' 37.91839""";"  79° 10' 46.71858""";381.65;Atmos PPM;0;1013.25;11.1012;175806.115;9045879.825;150.596;176089.028;9045633.904;78.939;374.89;374.856
CND_210_4;03/09/2026 14:01;" 311° 21' 20.94673""";"  77° 25' 45.41795""";600.88;Atmos PPM;0;1013.25;11.1012;175648.853;9046021.433;209.741;176089.028;9045633.904;78.939;586.567;586.458
CND_190_5;03/09/2026 14:01;" 312° 12' 16.06583""";"  78° 10' 50.59765""";542.239;Atmos PPM;0;1013.25;11.1012;175695.92;9045990.469;190.023;176089.028;9045633.904;78.939;530.796;530.728
CND_25;03/09/2026 14:02;" 313° 23' 15.38323""";"  82° 24' 39.43180""";237.061;Atmos PPM;0;1013.25;11.1012;175918.276;9045795.334;110.251;176089.028;9045633.904;78.939;235.096;234.98
CND_29;03/09/2026 14:02;" 313° 30' 22.69817""";"  80° 52' 45.86260""";264.294;Atmos PPM;0;1013.25;11.1012;175899.779;9045813.565;120.838;176089.028;9045633.904;78.939;261.111;260.947
CND_200_5;03/09/2026 14:02;" 316° 06' 23.04986""";"  77° 35' 25.26223""";562.269;Atmos PPM;0;1013.25;11.1012;175708.348;9046029.645;199.791;176089.028;9045633.904;78.939;549.185;549.116
CND_1401;03/09/2026 14:02;" 317° 46' 07.37545""";"  79° 41' 09.26118""";345.464;Atmos PPM;0;1013.25;11.1012;175860.611;9045885.579;140.8;176089.028;9045633.904;78.939;340.026;339.874
CND_1602;03/09/2026 14:02;" 317° 50' 25.12629""";"  78° 12' 05.03751""";403.377;Atmos PPM;0;1013.25;11.1012;175824.033;9045926.616;161.429;176089.028;9045633.904;78.939;394.845;394.845
CND_1504;03/09/2026 14:02;" 320° 45' 19.18558""";"  78° 43' 33.55432""";370.088;Atmos PPM;0;1013.25;11.1012;175859.445;9045915.001;151.301;176089.028;9045633.904;78.939;362.974;362.938
CND_210_5;03/09/2026 14:03;" 320° 50' 21.31091""";"  77° 01' 22.33490""";587.597;Atmos PPM;0;1013.25;11.1012;175727.488;9046077.893;210.913;176089.028;9045633.904;78.939;572.641;572.571
CND_190_6;03/09/2026 14:03;" 321° 21' 19.70133""";"  77° 52' 44.48933""";529.233;Atmos PPM;0;1013.25;11.1012;175765.94;9046038.054;190.084;176089.028;9045633.904;78.939;517.464;517.42
CND_26;03/09/2026 14:03;" 321° 48' 30.45805""";"  82° 11' 27.24586""";231.313;Atmos PPM;0;1013.25;11.1012;175947.353;9045814.027;110.372;176089.028;9045633.904;78.939;229.307;229.164
CND_30;03/09/2026 14:03;" 323° 47' 08.15583""";"  80° 41' 08.83631""";257.39;Atmos PPM;0;1013.25;11.1012;175938.985;9045838.84;120.602;176089.028;9045633.904;78.939;254.209;253.992
CND_1402;03/09/2026 14:03;" 325° 03' 25.49396""";"  79° 32' 26.66580""";340.05;Atmos PPM;0;1013.25;11.1012;175897.525;9045908.03;140.678;176089.028;9045633.904;78.939;334.538;334.393
CND_200_6;03/09/2026 14:03;" 325° 14' 59.03381""";"  77° 24' 55.93470""";553.592;Atmos PPM;0;1013.25;11.1012;175781.108;9046077.845;199.575;176089.028;9045633.904;78.939;540.325;540.276
CND_1603;03/09/2026 14:03;" 325° 30' 36.20644""";"  78° 11' 56.01002""";397.916;Atmos PPM;0;1013.25;11.1012;175868.499;9045954.955;160.329;176089.028;9045633.904;78.939;389.496;389.495
CND_210_6;03/09/2026 14:04;" 328° 34' 35.21581""";"  76° 54' 37.59290""";582.156;Atmos PPM;0;1013.25;11.1012;175793.451;9046117.781;210.804;176089.028;9045633.904;78.939;567.059;567.012
CND_1503;03/09/2026 14:04;" 328° 44' 13.42797""";"  78° 43' 01.87473""";367.859;Atmos PPM;0;1013.25;11.1012;175901.842;9045942.28;150.92;176089.028;9045633.904;78.939;360.776;360.741
CND_34;03/09/2026 14:04;" 330° 33' 52.55599""";"  80° 30' 47.22402""";315.764;Atmos PPM;0;1013.25;11.1012;175935.997;9045905.152;130.99;176089.028;9045633.904;78.939;311.606;311.439
CND_200_7;03/09/2026 14:04;" 332° 03' 28.55263""";"  77° 26' 33.09006""";554.822;Atmos PPM;0;1013.25;11.1012;175835.317;9046112.329;199.588;176089.028;9045633.904;78.939;541.571;541.534
CND_1604;03/09/2026 14:04;" 332° 27' 31.46345""";"  78° 10' 07.13447""";397.115;Atmos PPM;0;1013.25;11.1012;175909.342;9045978.543;160.37;176089.028;9045633.904;78.939;388.706;388.669
CND_27;03/09/2026 14:04;" 332° 40' 49.27333""";"  82° 13' 55.49116""";231.131;Atmos PPM;0;1013.25;11.1012;175983.942;9045837.376;110.183;176089.028;9045633.904;78.939;229.13;229.006
CND_22;03/09/2026 14:05;" 334° 37' 05.68454""";"  80° 44' 19.02158""";259.96;Atmos PPM;0;1013.25;11.1012;175979.071;9045865.714;120.781;176089.028;9045633.904;78.939;256.724;256.566
CND_210_7;03/09/2026 14:05;" 337° 51' 15.96092""";"  77° 09' 27.86408""";585;Atmos PPM;0;1013.25;11.1012;175874.073;9046162.196;208.988;176089.028;9045633.904;78.939;570.387;570.349
CND_36;03/09/2026 14:07;" 346° 50' 56.78374""";"  80° 56' 14.92501""";333.035;Atmos PPM;0;1013.25;11.1012;176014.232;9045954.157;131.404;176089.028;9045633.904;78.939;328.884;328.871
CND_1803;03/09/2026 14:07;" 348° 01' 11.89844""";"  78° 12' 09.14739""";498.573;Atmos PPM;0;1013.25;11.1012;175987.768;9046111.312;180.89;176089.028;9045633.904;78.939;488.054;488.028
CND_23;03/09/2026 14:07;" 348° 36' 43.42536""";"  78° 49' 29.06217""";391.406;Atmos PPM;0;1013.25;11.1012;176013.243;9046010.327;154.808;176089.028;9045633.904;78.939;383.951;383.976
CND_1901;03/09/2026 14:07;" 350° 13' 33.62667""";"  77° 55' 46.98427""";536.181;Atmos PPM;0;1013.25;11.1012;176000.063;9046150.614;191.079;176089.028;9045633.904;78.939;524.343;524.312
CND_20;03/09/2026 14:07;" 359° 04' 39.88019""";"  83° 57' 00.34416""";203.552;Atmos PPM;0;1013.25;11.1012;176085.787;9045836.293;100.395;176089.028;9045633.904;78.939;202.449;202.415
CND_18;03/09/2026 14:08;"   0° 50' 55.85184""";"  86° 10' 51.24413""";178.313;Atmos PPM;0;1013.25;11.1012;176091.679;9045811.799;90.818;176089.028;9045633.904;78.939;177.925;177.915
CND_17;03/09/2026 14:08;"  11° 43' 23.48993""";"  86° 38' 51.78157""";208.078;Atmos PPM;0;1013.25;11.1012;176131.25;9045837.287;91.109;176089.028;9045633.904;78.939;207.753;207.719
CND_30002;03/09/2026 16:00;" 289° 14' 43.85825""";"  79° 28' 59.20835""";723.074;Atmos PPM;0;1013.25;11.1012;175417.872;9045868.287;210.953;176089.028;9045633.904;78.939;710.915;710.905
CND_30003;03/09/2026 16:00;" 290° 56' 10.75406""";"  79° 32' 48.11958""";674.096;Atmos PPM;0;1013.25;11.1012;175469.926;9045870.826;201.273;176089.028;9045633.904;78.939;662.894;662.888
CND_30004;03/09/2026 16:00;" 291° 25' 41.37970""";"  79° 52' 55.45163""";637.676;Atmos PPM;0;1013.25;11.1012;175504.699;9045863.289;190.99;176089.028;9045633.904;78.939;627.75;627.741
CND_170_1;03/09/2026 16:00;" 298° 32' 40.18863""";"  79° 40' 26.68722""";508.767;Atmos PPM;0;1013.25;11.1012;175649.373;9045873.108;170.151;176089.028;9045633.904;78.939;500.548;500.514
CND_190_3;03/09/2026 16:00;" 298° 34' 28.71421""";"  78° 59' 17.61005""";594.721;Atmos PPM;0;1013.25;11.1012;175576.402;9045913.159;192.561;176089.028;9045633.904;78.939;583.897;583.754
CND_180_2;03/09/2026 16:01;" 298° 59' 56.78523""";"  79° 34' 21.37787""";553.866;Atmos PPM;0;1013.25;11.1012;175612.637;9045898.015;179.203;176089.028;9045633.904;78.939;544.768;544.704
CND_210_3;03/09/2026 16:01;" 302° 53' 56.88411""";"  78° 03' 46.73256""";629.472;Atmos PPM;0;1013.25;11.1012;175571.979;9045968.449;209.163;176089.028;9045633.904;78.939;616.02;615.841
CND_200_3;03/09/2026 16:01;" 303° 25' 01.86893""";"  78° 15' 52.07062""";598.439;Atmos PPM;0;1013.25;11.1012;175600.004;9045956.626;200.682;176089.028;9045633.904;78.939;586.052;585.913
CND_200_8;03/09/2026 16:01;" 303° 25' 02.08494""";"  78° 15' 51.88688""";598.439;Atmos PPM;0;1013.25;11.1012;175600.005;9045956.626;200.682;176089.028;9045633.904;78.939;586.05;585.912
CND_190_4;03/09/2026 16:01;" 304° 23' 43.83974""";"  78° 35' 19.66927""";568.318;Atmos PPM;0;1013.25;11.1012;175629.386;9045948.632;191.401;176089.028;9045633.904;78.939;557.187;557.067
CND_200_4;03/09/2026 16:01;" 309° 34' 00.35855""";"  77° 58' 09.31700""";577.863;Atmos PPM;0;1013.25;11.1012;175653.391;9045993.931;199.409;176089.028;9045633.904;78.939;565.267;565.154
CND_1505;03/09/2026 16:01;" 310° 59' 40.62745""";"  79° 10' 43.44123""";381.651;Atmos PPM;0;1013.25;11.1012;175806.119;9045879.829;150.602;176089.028;9045633.904;78.939;374.89;374.855
CND_210_4;03/09/2026 16:01;" 311° 21' 22.68586""";"  77° 25' 45.73889""";600.881;Atmos PPM;0;1013.25;11.1012;175648.856;9046021.438;209.74;176089.028;9045633.904;78.939;586.567;586.458
CND_190_5;03/09/2026 16:01;" 312° 12' 16.75231""";"  78° 10' 51.00851""";542.239;Atmos PPM;0;1013.25;11.1012;175695.922;9045990.47;190.022;176089.028;9045633.904;78.939;530.796;530.728
CND_25;03/09/2026 16:01;" 313° 23' 16.74894""";"  82° 24' 42.06284""";237.06;Atmos PPM;0;1013.25;11.1012;175918.277;9045795.335;110.248;176089.028;9045633.904;78.939;235.096;234.98
CND_29;03/09/2026 16:02;" 313° 30' 22.94257""";"  80° 52' 42.93184""";264.294;Atmos PPM;0;1013.25;11.1012;175899.779;9045813.565;120.841;176089.028;9045633.904;78.939;261.111;260.947
CND_200_5;03/09/2026 16:02;" 316° 06' 21.72250""";"  77° 35' 24.05360""";562.269;Atmos PPM;0;1013.25;11.1012;175708.346;9046029.642;199.794;176089.028;9045633.904;78.939;549.185;549.115
CND_1401;03/09/2026 16:02;" 317° 46' 10.31252""";"  79° 41' 07.50793""";345.464;Atmos PPM;0;1013.25;11.1012;175860.615;9045885.582;140.803;176089.028;9045633.904;78.939;340.026;339.874
CND_1602;03/09/2026 16:03;" 317° 50' 27.37762""";"  78° 12' 02.29760""";403.378;Atmos PPM;0;1013.25;11.1012;175824.037;9045926.619;161.434;176089.028;9045633.904;78.939;394.845;394.845
CND_1504;03/09/2026 16:03;" 320° 45' 20.14599""";"  78° 43' 31.41566""";370.087;Atmos PPM;0;1013.25;11.1012;175859.447;9045915.002;151.304;176089.028;9045633.904;78.939;362.974;362.937
CND_210_5;03/09/2026 16:03;" 320° 50' 22.08657""";"  77° 01' 22.36779""";587.597;Atmos PPM;0;1013.25;11.1012;175727.489;9046077.895;210.913;176089.028;9045633.904;78.939;572.641;572.571
CND_190_6;03/09/2026 16:03;" 321° 21' 21.85306""";"  77° 52' 41.08176""";529.233;Atmos PPM;0;1013.25;11.1012;175765.946;9046038.056;190.092;176089.028;9045633.904;78.939;517.464;517.418
CND_26;03/09/2026 16:03;" 321° 48' 31.99387""";"  82° 11' 22.12228""";231.313;Atmos PPM;0;1013.25;11.1012;175947.355;9045814.028;110.378;176089.028;9045633.904;78.939;229.307;229.163
CND_30;03/09/2026 16:03;" 323° 47' 11.45926""";"  80° 41' 05.66360""";257.39;Atmos PPM;0;1013.25;11.1012;175938.989;9045838.842;120.606;176089.028;9045633.904;78.939;254.209;253.991
CND_1402;03/09/2026 16:03;" 325° 03' 28.01907""";"  79° 32' 24.95438""";340.05;Atmos PPM;0;1013.25;11.1012;175897.528;9045908.032;140.681;176089.028;9045633.904;78.939;334.538;334.392
CND_200_6;03/09/2026 16:03;" 325° 15' 00.96318""";"  77° 24' 56.08524""";553.592;Atmos PPM;0;1013.25;11.1012;175781.112;9046077.848;199.574;176089.028;9045633.904;78.939;540.325;540.276
CND_1603;03/09/2026 16:03;" 325° 30' 37.66273""";"  78° 11' 54.55585""";397.915;Atmos PPM;0;1013.25;11.1012;175868.502;9045954.956;160.332;176089.028;9045633.904;78.939;389.496;389.495
CND_210_6;03/09/2026 16:04;" 328° 34' 37.25535""";"  76° 54' 33.47306""";582.156;Atmos PPM;0;1013.25;11.1012;175793.457;9046117.782;210.815;176089.028;9045633.904;78.939;567.059;567.01
CND_1503;03/09/2026 16:04;" 328° 44' 14.74173""";"  78° 43' 00.01668""";367.859;Atmos PPM;0;1013.25;11.1012;175901.844;9045942.28;150.924;176089.028;9045633.904;78.939;360.776;360.741
CND_34;03/09/2026 16:04;" 330° 33' 53.26777""";"  80° 30' 49.22445""";315.763;Atmos PPM;0;1013.25;11.1012;175935.998;9045905.153;130.987;176089.028;9045633.904;78.939;311.606;311.439
CND_200_7;03/09/2026 16:04;" 332° 03' 31.11886""";"  77° 26' 32.93397""";554.822;Atmos PPM;0;1013.25;11.1012;175835.323;9046112.332;199.588;176089.028;9045633.904;78.939;541.571;541.534
CND_1604;03/09/2026 16:04;" 332° 27' 35.21977""";"  78° 10' 05.13054""";397.114;Atmos PPM;0;1013.25;11.1012;175909.349;9045978.546;160.374;176089.028;9045633.904;78.939;388.706;388.668
CND_27;03/09/2026 16:04;" 332° 40' 54.50241""";"  82° 13' 53.55573""";231.131;Atmos PPM;0;1013.25;11.1012;175983.947;9045837.378;110.185;176089.028;9045633.904;78.939;229.13;229.006
CND_22;03/09/2026 16:04;" 334° 37' 09.51403""";"  80° 44' 17.39972""";259.96;Atmos PPM;0;1013.25;11.1012;175979.076;9045865.716;120.783;176089.028;9045633.904;78.939;256.724;256.566
CND_210_7;03/09/2026 16:05;" 337° 51' 16.05832""";"  77° 09' 28.77285""";585;Atmos PPM;0;1013.25;11.1012;175874.073;9046162.197;208.985;176089.028;9045633.904;78.939;570.387;570.35
CND_1803;03/09/2026 16:06;" 348° 01' 12.76189""";"  78° 12' 09.13462""";498.573;Atmos PPM;0;1013.25;11.1012;175987.77;9046111.312;180.89;176089.028;9045633.904;78.939;488.054;488.028
CND_23;03/09/2026 16:06;" 348° 36' 41.59557""";"  78° 49' 27.63554""";391.406;Atmos PPM;0;1013.25;11.1012;176013.24;9046010.326;154.811;176089.028;9045633.904;78.939;383.951;383.975
CND_1901;03/09/2026 16:06;" 350° 13' 36.09008""";"  77° 55' 47.57120""";536.181;Atmos PPM;0;1013.25;11.1012;176000.069;9046150.615;191.078;176089.028;9045633.904;78.939;524.343;524.312
CND_20;03/09/2026 16:07;" 359° 04' 42.46676""";"  83° 56' 59.35246""";203.552;Atmos PPM;0;1013.25;11.1012;176085.79;9045836.293;100.396;176089.028;9045633.904;78.939;202.449;202.415
CND_18;03/09/2026 16:07;"   0° 50' 55.10283""";"  86° 10' 42.21518""";178.313;Atmos PPM;0;1013.25;11.1012;176091.678;9045811.799;90.826;176089.028;9045633.904;78.939;177.925;177.914
CND_17;03/09/2026 16:07;"  11° 43' 25.07899""";"  86° 38' 51.18414""";208.078;Atmos PPM;0;1013.25;11.1012;176131.252;9045837.286;91.11;176089.028;9045633.904;78.939;207.753;207.719
CND_30002;03/09/2026 18:00;" 289° 14' 44.91576""";"  79° 28' 58.90753""";723.074;Atmos PPM;0;1013.25;11.1012;175417.873;9045868.29;210.954;176089.028;9045633.904;78.939;710.915;710.905
CND_30003;03/09/2026 18:00;" 290° 56' 13.70978""";"  79° 32' 49.67082""";674.096;Atmos PPM;0;1013.25;11.1012;175469.928;9045870.835;201.268;176089.028;9045633.904;78.939;662.894;662.889
CND_30004;03/09/2026 18:00;" 291° 25' 44.61780""";"  79° 52' 56.67912""";637.676;Atmos PPM;0;1013.25;11.1012;175504.701;9045863.298;190.986;176089.028;9045633.904;78.939;627.75;627.741
CND_170_1;03/09/2026 18:00;" 298° 32' 41.06566""";"  79° 40' 26.75863""";508.768;Atmos PPM;0;1013.25;11.1012;175649.374;9045873.11;170.151;176089.028;9045633.904;78.939;500.548;500.515
CND_190_3;03/09/2026 18:01;" 298° 34' 30.43166""";"  78° 59' 19.56596""";594.722;Atmos PPM;0;1013.25;11.1012;175576.403;9045913.164;192.555;176089.028;9045633.904;78.939;583.897;583.756
CND_180_2;03/09/2026 18:01;" 298° 59' 59.08769""";"  79° 34' 23.54637""";553.866;Atmos PPM;0;1013.25;11.1012;175612.639;9045898.02;179.197;176089.028;9045633.904;78.939;544.768;544.705
CND_210_3;03/09/2026 18:01;" 302° 53' 59.51118""";"  78° 03' 48.88551""";629.472;Atmos PPM;0;1013.25;11.1012;175571.982;9045968.456;209.156;176089.028;9045633.904;78.939;616.02;615.842
CND_200_3;03/09/2026 18:01;" 303° 25' 03.46546""";"  78° 15' 51.56450""";598.44;Atmos PPM;0;1013.25;11.1012;175600.007;9045956.629;200.683;176089.028;9045633.904;78.939;586.052;585.913
CND_200_8;03/09/2026 18:01;" 303° 25' 03.83140""";"  78° 15' 52.10460""";598.44;Atmos PPM;0;1013.25;11.1012;175600.007;9045956.63;200.682;176089.028;9045633.904;78.939;586.05;585.913
CND_190_4;03/09/2026 18:01;" 304° 23' 46.40608""";"  78° 35' 20.59895""";568.318;Atmos PPM;0;1013.25;11.1012;175629.389;9045948.638;191.399;176089.028;9045633.904;78.939;557.187;557.068
CND_200_4;03/09/2026 18:01;" 309° 34' 02.46457""";"  77° 58' 10.70686""";577.864;Atmos PPM;0;1013.25;11.1012;175653.394;9045993.936;199.405;176089.028;9045633.904;78.939;565.267;565.155
CND_1505;03/09/2026 18:01;" 310° 59' 42.26748""";"  79° 10' 44.32080""";381.651;Atmos PPM;0;1013.25;11.1012;175806.121;9045879.831;150.6;176089.028;9045633.904;78.939;374.89;374.856
CND_210_4;03/09/2026 18:01;" 311° 21' 23.90330""";"  77° 25' 46.29251""";600.881;Atmos PPM;0;1013.25;11.1012;175648.858;9046021.44;209.738;176089.028;9045633.904;78.939;586.567;586.459
CND_190_5;03/09/2026 18:01;" 312° 12' 18.55883""";"  78° 10' 51.14545""";542.24;Atmos PPM;0;1013.25;11.1012;175695.924;9045990.474;190.021;176089.028;9045633.904;78.939;530.796;530.728
CND_25;03/09/2026 18:02;" 313° 23' 17.60712""";"  82° 24' 39.93631""";237.061;Atmos PPM;0;1013.25;11.1012;175918.278;9045795.336;110.25;176089.028;9045633.904;78.939;235.096;234.98
CND_29;03/09/2026 18:02;" 313° 30' 25.01296""";"  80° 52' 42.64766""";264.294;Atmos PPM;0;1013.25;11.1012;175899.781;9045813.567;120.842;176089.028;9045633.904;78.939;261.111;260.947
CND_200_5;03/09/2026 18:02;" 316° 06' 24.47280""";"  77° 35' 25.56730""";562.269;Atmos PPM;0;1013.25;11.1012;175708.35;9046029.648;199.79;176089.028;9045633.904;78.939;549.185;549.116
CND_1401;03/09/2026 18:02;" 317° 46' 10.56373""";"  79° 41' 09.94764""";345.465;Atmos PPM;0;1013.25;11.1012;175860.615;9045885.583;140.799;176089.028;9045633.904;78.939;340.026;339.875
CND_1602;03/09/2026 18:02;" 317° 50' 28.09704""";"  78° 12' 05.45601""";403.378;Atmos PPM;0;1013.25;11.1012;175824.037;9045926.621;161.428;176089.028;9045633.904;78.939;394.845;394.846
CND_1504;03/09/2026 18:02;" 320° 45' 22.50094""";"  78° 43' 29.85519""";370.088;Atmos PPM;0;1013.25;11.1012;175859.45;9045915.004;151.307;176089.028;9045633.904;78.939;362.974;362.937
CND_210_5;03/09/2026 18:02;" 320° 50' 24.54663""";"  77° 01' 22.16187""";587.597;Atmos PPM;0;1013.25;11.1012;175727.494;9046077.899;210.914;176089.028;9045633.904;78.939;572.641;572.572
CND_190_6;03/09/2026 18:03;" 321° 21' 24.18743""";"  77° 52' 42.37581""";529.234;Atmos PPM;0;1013.25;11.1012;175765.95;9046038.061;190.089;176089.028;9045633.904;78.939;517.464;517.419
CND_26;03/09/2026 18:03;" 321° 48' 34.09789""";"  82° 11' 21.73936""";231.313;Atmos PPM;0;1013.25;11.1012;175947.357;9045814.029;110.378;176089.028;9045633.904;78.939;229.307;229.164
CND_30;03/09/2026 18:03;" 323° 47' 12.12200""";"  80° 41' 06.34716""";257.39;Atmos PPM;0;1013.25;11.1012;175938.989;9045838.843;120.605;176089.028;9045633.904;78.939;254.209;253.991
CND_1402;03/09/2026 18:03;" 325° 03' 29.48923""";"  79° 32' 26.14530""";340.05;Atmos PPM;0;1013.25;11.1012;175897.53;9045908.034;140.679;176089.028;9045633.904;78.939;334.538;334.393
CND_200_6;03/09/2026 18:03;" 325° 15' 03.32086""";"  77° 24' 57.02654""";553.592;Atmos PPM;0;1013.25;11.1012;175781.116;9046077.852;199.572;176089.028;9045633.904;78.939;540.325;540.277
CND_1603;03/09/2026 18:03;" 325° 30' 38.78504""";"  78° 11' 55.00221""";397.916;Atmos PPM;0;1013.25;11.1012;175868.503;9045954.958;160.331;176089.028;9045633.904;78.939;389.496;389.495
CND_210_6;03/09/2026 18:03;" 328° 34' 38.73172""";"  76° 54' 35.36611""";582.157;Atmos PPM;0;1013.25;11.1012;175793.46;9046117.785;210.81;176089.028;9045633.904;78.939;567.059;567.011
CND_1503;03/09/2026 18:03;" 328° 44' 16.60138""";"  78° 43' 00.84363""";367.859;Atmos PPM;0;1013.25;11.1012;175901.846;9045942.283;150.922;176089.028;9045633.904;78.939;360.776;360.741
CND_34;03/09/2026 18:04;" 330° 33' 55.45955""";"  80° 30' 49.14824""";315.764;Atmos PPM;0;1013.25;11.1012;175936;9045905.155;130.988;176089.028;9045633.904;78.939;311.606;311.439
CND_200_7;03/09/2026 18:04;" 332° 03' 32.45865""";"  77° 26' 33.71963""";554.823;Atmos PPM;0;1013.25;11.1012;175835.326;9046112.334;199.586;176089.028;9045633.904;78.939;541.571;541.535
CND_1604;03/09/2026 18:04;" 332° 27' 37.93297""";"  78° 10' 05.61050""";397.115;Atmos PPM;0;1013.25;11.1012;175909.353;9045978.549;160.373;176089.028;9045633.904;78.939;388.706;388.668
CND_27;03/09/2026 18:04;" 332° 40' 55.93561""";"  82° 13' 55.04418""";231.131;Atmos PPM;0;1013.25;11.1012;175983.949;9045837.379;110.183;176089.028;9045633.904;78.939;229.13;229.006
CND_22;03/09/2026 18:04;" 334° 37' 10.77375""";"  80° 44' 17.97555""";259.96;Atmos PPM;0;1013.25;11.1012;175979.077;9045865.717;120.782;176089.028;9045633.904;78.939;256.724;256.566
CND_210_7;03/09/2026 18:04;" 337° 51' 15.77211""";"  77° 09' 31.39605""";585;Atmos PPM;0;1013.25;11.1012;175874.072;9046162.198;208.978;176089.028;9045633.904;78.939;570.387;570.351
CND_36;03/09/2026 18:06;" 346° 51' 00.33140""";"  80° 56' 14.98346""";333.036;Atmos PPM;0;1013.25;11.1012;176014.237;9045954.159;131.404;176089.028;9045633.904;78.939;328.884;328.872
CND_1803;03/09/2026 18:06;" 348° 01' 15.71115""";"  78° 12' 08.08660""";498.574;Atmos PPM;0;1013.25;11.1012;175987.777;9046111.314;180.893;176089.028;9045633.904;78.939;488.054;488.028
CND_23;03/09/2026 18:06;" 348° 36' 44.81247""";"  78° 49' 29.03010""";391.407;Atmos PPM;0;1013.25;11.1012;176013.246;9046010.328;154.808;176089.028;9045633.904;78.939;383.951;383.976
CND_1901;03/09/2026 18:06;" 350° 13' 36.58678""";"  77° 55' 46.40546""";536.182;Atmos PPM;0;1013.25;11.1012;176000.071;9046150.615;191.081;176089.028;9045633.904;78.939;524.343;524.312
CND_20;03/09/2026 18:06;" 359° 04' 45.05449""";"  83° 57' 00.90112""";203.552;Atmos PPM;0;1013.25;11.1012;176085.792;9045836.293;100.395;176089.028;9045633.904;78.939;202.449;202.415
CND_18;03/09/2026 18:06;"   0° 50' 58.48150""";"  86° 10' 42.10332""";178.313;Atmos PPM;0;1013.25;11.1012;176091.681;9045811.799;90.826;176089.028;9045633.904;78.939;177.925;177.914
CND_17;03/09/2026 18:06;"  11° 43' 28.80663""";"  86° 38' 50.38757""";208.078;Atmos PPM;0;1013.25;11.1012;176131.256;9045837.286;91.111;176089.028;9045633.904;78.939;207.753;207.719
CND_30002;03/09/2026 20:00;" 289° 14' 44.23784""";"  79° 28' 59.67569""";723.075;Atmos PPM;0;1013.25;11.1012;175417.872;9045868.288;210.951;176089.028;9045633.904;78.939;710.915;710.906
CND_30003;03/09/2026 20:00;" 290° 56' 13.97294""";"  79° 32' 49.73600""";674.096;Atmos PPM;0;1013.25;11.1012;175469.928;9045870.836;201.268;176089.028;9045633.904;78.939;662.894;662.889
CND_30004;03/09/2026 20:00;" 291° 25' 43.95884""";"  79° 52' 55.36467""";637.676;Atmos PPM;0;1013.25;11.1012;175504.701;9045863.296;190.99;176089.028;9045633.904;78.939;627.75;627.741
CND_170_1;03/09/2026 20:00;" 298° 32' 41.20512""";"  79° 40' 27.06763""";508.767;Atmos PPM;0;1013.25;11.1012;175649.374;9045873.11;170.15;176089.028;9045633.904;78.939;500.548;500.515
CND_190_3;03/09/2026 20:00;" 298° 34' 30.56472""";"  78° 59' 20.13430""";594.722;Atmos PPM;0;1013.25;11.1012;175576.403;9045913.164;192.553;176089.028;9045633.904;78.939;583.897;583.756
CND_180_2;03/09/2026 20:01;" 298° 59' 58.75609""";"  79° 34' 23.58538""";553.866;Atmos PPM;0;1013.25;11.1012;175612.639;9045898.02;179.197;176089.028;9045633.904;78.939;544.768;544.705
CND_210_3;03/09/2026 20:01;" 302° 53' 59.65076""";"  78° 03' 49.34355""";629.472;Atmos PPM;0;1013.25;11.1012;175571.982;9045968.457;209.155;176089.028;9045633.904;78.939;616.02;615.843
CND_200_8;03/09/2026 20:01;" 303° 25' 03.27906""";"  78° 15' 53.02549""";598.44;Atmos PPM;0;1013.25;11.1012;175600.006;9045956.629;200.679;176089.028;9045633.904;78.939;586.05;585.913
CND_200_3;03/09/2026 20:01;" 303° 25' 03.92315""";"  78° 15' 53.44541""";598.44;Atmos PPM;0;1013.25;11.1012;175600.007;9045956.631;200.678;176089.028;9045633.904;78.939;586.052;585.914
CND_190_4;03/09/2026 20:01;" 304° 23' 46.61237""";"  78° 35' 21.31177""";568.318;Atmos PPM;0;1013.25;11.1012;175629.389;9045948.639;191.397;176089.028;9045633.904;78.939;557.187;557.069
CND_200_4;03/09/2026 20:01;" 309° 34' 03.18595""";"  77° 58' 12.16707""";577.864;Atmos PPM;0;1013.25;11.1012;175653.394;9045993.938;199.401;176089.028;9045633.904;78.939;565.267;565.156
CND_1505;03/09/2026 20:01;" 310° 59' 42.26591""";"  79° 10' 44.76009""";381.651;Atmos PPM;0;1013.25;11.1012;175806.12;9045879.831;150.6;176089.028;9045633.904;78.939;374.89;374.856
CND_210_4;03/09/2026 20:01;" 311° 21' 24.72606""";"  77° 25' 46.41712""";600.881;Atmos PPM;0;1013.25;11.1012;175648.859;9046021.442;209.738;176089.028;9045633.904;78.939;586.567;586.459
CND_190_5;03/09/2026 20:01;" 312° 12' 18.01615""";"  78° 10' 52.59544""";542.24;Atmos PPM;0;1013.25;11.1012;175695.923;9045990.473;190.018;176089.028;9045633.904;78.939;530.796;530.729
CND_25;03/09/2026 20:02;" 313° 23' 17.54241""";"  82° 24' 39.92966""";237.061;Atmos PPM;0;1013.25;11.1012;175918.278;9045795.336;110.25;176089.028;9045633.904;78.939;235.096;234.98
CND_29;03/09/2026 20:02;" 313° 30' 26.29994""";"  80° 52' 42.89488""";264.294;Atmos PPM;0;1013.25;11.1012;175899.782;9045813.569;120.842;176089.028;9045633.904;78.939;261.111;260.947
CND_200_5;03/09/2026 20:02;" 316° 06' 23.90786""";"  77° 35' 25.89235""";562.269;Atmos PPM;0;1013.25;11.1012;175708.349;9046029.647;199.79;176089.028;9045633.904;78.939;549.185;549.117
CND_1401;03/09/2026 20:02;" 317° 46' 11.44531""";"  79° 41' 09.87402""";345.465;Atmos PPM;0;1013.25;11.1012;175860.616;9045885.584;140.799;176089.028;9045633.904;78.939;340.026;339.875
CND_1602;03/09/2026 20:02;" 317° 50' 27.79271""";"  78° 12' 06.77114""";403.378;Atmos PPM;0;1013.25;11.1012;175824.036;9045926.621;161.426;176089.028;9045633.904;78.939;394.845;394.847
CND_1504;03/09/2026 20:03;" 320° 45' 22.13971""";"  78° 43' 31.94783""";370.088;Atmos PPM;0;1013.25;11.1012;175859.449;9045915.005;151.304;176089.028;9045633.904;78.939;362.974;362.938
CND_210_5;03/09/2026 20:03;" 320° 50' 24.04091""";"  77° 01' 23.82316""";587.597;Atmos PPM;0;1013.25;11.1012;175727.493;9046077.899;210.909;176089.028;9045633.904;78.939;572.641;572.573
CND_190_6;03/09/2026 20:03;" 321° 21' 23.68316""";"  77° 52' 42.27880""";529.234;Atmos PPM;0;1013.25;11.1012;175765.949;9046038.06;190.09;176089.028;9045633.904;78.939;517.464;517.419
CND_26;03/09/2026 20:03;" 321° 48' 33.89379""";"  82° 11' 23.22557""";231.314;Atmos PPM;0;1013.25;11.1012;175947.356;9045814.03;110.376;176089.028;9045633.904;78.939;229.307;229.164
CND_30;03/09/2026 20:03;" 323° 47' 10.90235""";"  80° 41' 06.96240""";257.39;Atmos PPM;0;1013.25;11.1012;175938.988;9045838.842;120.604;176089.028;9045633.904;78.939;254.209;253.991
CND_1402;03/09/2026 20:03;" 325° 03' 30.12659""";"  79° 32' 26.12644""";340.05;Atmos PPM;0;1013.25;11.1012;175897.531;9045908.034;140.679;176089.028;9045633.904;78.939;334.538;334.393
CND_200_6;03/09/2026 20:03;" 325° 15' 03.83313""";"  77° 24' 57.76162""";553.592;Atmos PPM;0;1013.25;11.1012;175781.117;9046077.853;199.57;176089.028;9045633.904;78.939;540.325;540.278
CND_1603;03/09/2026 20:03;" 325° 30' 40.54445""";"  78° 11' 55.58822""";397.916;Atmos PPM;0;1013.25;11.1012;175868.505;9045954.96;160.33;176089.028;9045633.904;78.939;389.496;389.496
CND_210_6;03/09/2026 20:04;" 328° 34' 39.42930""";"  76° 54' 36.24538""";582.157;Atmos PPM;0;1013.25;11.1012;175793.461;9046117.787;210.808;176089.028;9045633.904;78.939;567.059;567.012
CND_1503;03/09/2026 20:04;" 328° 44' 16.55443""";"  78° 43' 01.24330""";367.859;Atmos PPM;0;1013.25;11.1012;175901.846;9045942.283;150.921;176089.028;9045633.904;78.939;360.776;360.741
CND_34;03/09/2026 20:04;" 330° 33' 55.10996""";"  80° 30' 48.61265""";315.764;Atmos PPM;0;1013.25;11.1012;175936;9045905.155;130.988;176089.028;9045633.904;78.939;311.606;311.44
CND_200_7;03/09/2026 20:04;" 332° 03' 32.04072""";"  77° 26' 34.35977""";554.823;Atmos PPM;0;1013.25;11.1012;175835.325;9046112.334;199.585;176089.028;9045633.904;78.939;541.571;541.535
CND_1604;03/09/2026 20:04;" 332° 27' 34.92159""";"  78° 10' 04.92133""";397.115;Atmos PPM;0;1013.25;11.1012;175909.348;9045978.546;160.375;176089.028;9045633.904;78.939;388.706;388.668
CND_27;03/09/2026 20:04;" 332° 40' 55.37578""";"  82° 13' 55.46645""";231.131;Atmos PPM;0;1013.25;11.1012;175983.948;9045837.379;110.183;176089.028;9045633.904;78.939;229.13;229.006
CND_22;03/09/2026 20:04;" 334° 37' 10.75654""";"  80° 44' 18.39452""";259.96;Atmos PPM;0;1013.25;11.1012;175979.077;9045865.717;120.782;176089.028;9045633.904;78.939;256.724;256.566
CND_210_7;03/09/2026 20:05;" 337° 51' 18.74537""";"  77° 09' 32.31493""";585.001;Atmos PPM;0;1013.25;11.1012;175874.079;9046162.202;208.976;176089.028;9045633.904;78.939;570.387;570.352
CND_1803;03/09/2026 20:06;" 348° 01' 17.65848""";"  78° 12' 07.52479""";498.574;Atmos PPM;0;1013.25;11.1012;175987.781;9046111.314;180.894;176089.028;9045633.904;78.939;488.054;488.028
CND_23;03/09/2026 20:06;" 348° 36' 43.84338""";"  78° 49' 28.04722""";391.407;Atmos PPM;0;1013.25;11.1012;176013.244;9046010.328;154.81;176089.028;9045633.904;78.939;383.951;383.976
CND_20;03/09/2026 20:06;" 359° 04' 44.79140""";"  83° 57' 00.84172""";203.552;Atmos PPM;0;1013.25;11.1012;176085.792;9045836.293;100.395;176089.028;9045633.904;78.939;202.449;202.415
CND_18;03/09/2026 20:07;"   0° 50' 58.60282""";"  86° 10' 40.50092""";178.313;Atmos PPM;0;1013.25;11.1012;176091.681;9045811.799;90.827;176089.028;9045633.904;78.939;177.925;177.914
CND_17;03/09/2026 20:07;"  11° 43' 29.36916""";"  86° 38' 50.00510""";208.078;Atmos PPM;0;1013.25;11.1012;176131.256;9045837.286;91.111;176089.028;9045633.904;78.939;207.753;207.719
CND_30002;03/09/2026 22:00;" 289° 14' 44.77297""";"  79° 28' 58.21728""";723.075;Atmos PPM;0;1013.25;11.1012;175417.873;9045868.29;210.956;176089.028;9045633.904;78.939;710.915;710.905
CND_30003;03/09/2026 22:00;" 290° 56' 13.82115""";"  79° 32' 48.40653""";674.096;Atmos PPM;0;1013.25;11.1012;175469.928;9045870.836;201.272;176089.028;9045633.904;78.939;662.894;662.889
CND_30004;03/09/2026 22:00;" 291° 25' 44.40371""";"  79° 52' 55.05540""";637.677;Atmos PPM;0;1013.25;11.1012;175504.701;9045863.297;190.991;176089.028;9045633.904;78.939;627.75;627.741
CND_170_1;03/09/2026 22:00;" 298° 32' 40.99394""";"  79° 40' 26.34145""";508.768;Atmos PPM;0;1013.25;11.1012;175649.374;9045873.109;170.152;176089.028;9045633.904;78.939;500.548;500.515
CND_190_3;03/09/2026 22:00;" 298° 34' 30.91736""";"  78° 59' 19.27562""";594.722;Atmos PPM;0;1013.25;11.1012;175576.404;9045913.165;192.556;176089.028;9045633.904;78.939;583.897;583.756
CND_180_2;03/09/2026 22:01;" 298° 59' 58.89172""";"  79° 34' 23.30037""";553.866;Atmos PPM;0;1013.25;11.1012;175612.639;9045898.02;179.198;176089.028;9045633.904;78.939;544.768;544.705
CND_210_3;03/09/2026 22:01;" 302° 53' 58.98081""";"  78° 03' 48.53714""";629.473;Atmos PPM;0;1013.25;11.1012;175571.981;9045968.455;209.157;176089.028;9045633.904;78.939;616.02;615.843
CND_200_8;03/09/2026 22:01;" 303° 25' 03.91961""";"  78° 15' 51.48302""";598.44;Atmos PPM;0;1013.25;11.1012;175600.007;9045956.63;200.684;176089.028;9045633.904;78.939;586.05;585.913
CND_200_3;03/09/2026 22:01;" 303° 25' 02.41896""";"  78° 15' 52.83609""";598.44;Atmos PPM;0;1013.25;11.1012;175600.004;9045956.627;200.68;176089.028;9045633.904;78.939;586.052;585.913
CND_190_4;03/09/2026 22:01;" 304° 23' 47.00576""";"  78° 35' 20.26385""";568.318;Atmos PPM;0;1013.25;11.1012;175629.39;9045948.639;191.4;176089.028;9045633.904;78.939;557.187;557.068
CND_200_4;03/09/2026 22:01;" 309° 34' 03.41324""";"  77° 58' 10.84142""";577.864;Atmos PPM;0;1013.25;11.1012;175653.395;9045993.938;199.405;176089.028;9045633.904;78.939;565.267;565.156
CND_1505;03/09/2026 22:01;" 310° 59' 42.23264""";"  79° 10' 43.06363""";381.651;Atmos PPM;0;1013.25;11.1012;175806.121;9045879.831;150.603;176089.028;9045633.904;78.939;374.89;374.855
CND_210_4;03/09/2026 22:01;" 311° 21' 23.51974""";"  77° 25' 46.26068""";600.881;Atmos PPM;0;1013.25;11.1012;175648.857;9046021.44;209.739;176089.028;9045633.904;78.939;586.567;586.459
CND_190_5;03/09/2026 22:02;" 312° 12' 18.53751""";"  78° 10' 52.08528""";542.24;Atmos PPM;0;1013.25;11.1012;175695.924;9045990.474;190.019;176089.028;9045633.904;78.939;530.796;530.729
CND_25;03/09/2026 22:02;" 313° 23' 17.43795""";"  82° 24' 38.73085""";237.061;Atmos PPM;0;1013.25;11.1012;175918.278;9045795.335;110.252;176089.028;9045633.904;78.939;235.096;234.98
CND_29;03/09/2026 22:02;" 313° 30' 24.73699""";"  80° 52' 40.78150""";264.295;Atmos PPM;0;1013.25;11.1012;175899.781;9045813.567;120.844;176089.028;9045633.904;78.939;261.111;260.947
CND_200_5;03/09/2026 22:02;" 316° 06' 24.14887""";"  77° 35' 24.94654""";562.269;Atmos PPM;0;1013.25;11.1012;175708.35;9046029.647;199.792;176089.028;9045633.904;78.939;549.185;549.116
CND_1401;03/09/2026 22:02;" 317° 46' 10.82204""";"  79° 41' 08.77038""";345.464;Atmos PPM;0;1013.25;11.1012;175860.615;9045885.583;140.801;176089.028;9045633.904;78.939;340.026;339.875
CND_1602;03/09/2026 22:02;" 317° 50' 27.57454""";"  78° 12' 05.76111""";403.378;Atmos PPM;0;1013.25;11.1012;175824.036;9045926.62;161.428;176089.028;9045633.904;78.939;394.845;394.846
CND_1504;03/09/2026 22:03;" 320° 45' 22.37568""";"  78° 43' 30.72095""";370.088;Atmos PPM;0;1013.25;11.1012;175859.45;9045915.005;151.306;176089.028;9045633.904;78.939;362.974;362.938
CND_210_5;03/09/2026 22:03;" 320° 50' 24.46614""";"  77° 01' 22.10557""";587.597;Atmos PPM;0;1013.25;11.1012;175727.494;9046077.899;210.914;176089.028;9045633.904;78.939;572.641;572.572
CND_190_6;03/09/2026 22:03;" 321° 21' 22.93533""";"  77° 52' 41.71787""";529.234;Atmos PPM;0;1013.25;11.1012;175765.947;9046038.059;190.091;176089.028;9045633.904;78.939;517.464;517.419
CND_26;03/09/2026 22:03;" 321° 48' 33.64949""";"  82° 11' 22.11351""";231.314;Atmos PPM;0;1013.25;11.1012;175947.356;9045814.029;110.378;176089.028;9045633.904;78.939;229.307;229.164
CND_30;03/09/2026 22:03;" 323° 47' 11.81218""";"  80° 41' 06.29050""";257.39;Atmos PPM;0;1013.25;11.1012;175938.989;9045838.843;120.605;176089.028;9045633.904;78.939;254.209;253.991
CND_1402;03/09/2026 22:03;" 325° 03' 30.07009""";"  79° 32' 24.78945""";340.05;Atmos PPM;0;1013.25;11.1012;175897.531;9045908.034;140.681;176089.028;9045633.904;78.939;334.538;334.392
CND_200_6;03/09/2026 22:03;" 325° 15' 03.99188""";"  77° 24' 56.31549""";553.592;Atmos PPM;0;1013.25;11.1012;175781.118;9046077.853;199.574;176089.028;9045633.904;78.939;540.325;540.277
CND_1603;03/09/2026 22:03;" 325° 30' 39.49650""";"  78° 11' 55.54775""";397.916;Atmos PPM;0;1013.25;11.1012;175868.504;9045954.959;160.33;176089.028;9045633.904;78.939;389.496;389.496
CND_210_6;03/09/2026 22:04;" 328° 34' 40.18199""";"  76° 54' 34.76665""";582.157;Atmos PPM;0;1013.25;11.1012;175793.463;9046117.787;210.812;176089.028;9045633.904;78.939;567.059;567.011
CND_1503;03/09/2026 22:04;" 328° 44' 17.10598""";"  78° 43' 01.00448""";367.859;Atmos PPM;0;1013.25;11.1012;175901.847;9045942.283;150.922;176089.028;9045633.904;78.939;360.776;360.741
CND_34;03/09/2026 22:04;" 330° 33' 55.91664""";"  80° 30' 47.39420""";315.764;Atmos PPM;0;1013.25;11.1012;175936.001;9045905.156;130.99;176089.028;9045633.904;78.939;311.606;311.44
CND_200_7;03/09/2026 22:04;" 332° 03' 32.95373""";"  77° 26' 33.76627""";554.823;Atmos PPM;0;1013.25;11.1012;175835.327;9046112.335;199.586;176089.028;9045633.904;78.939;541.571;541.535
CND_1604;03/09/2026 22:04;" 332° 27' 36.41426""";"  78° 10' 06.11387""";397.115;Atmos PPM;0;1013.25;11.1012;175909.35;9045978.548;160.372;176089.028;9045633.904;78.939;388.706;388.668
CND_27;03/09/2026 22:04;" 332° 40' 55.56535""";"  82° 13' 52.65957""";231.131;Atmos PPM;0;1013.25;11.1012;175983.948;9045837.379;110.186;176089.028;9045633.904;78.939;229.13;229.006
CND_22;03/09/2026 22:04;" 334° 37' 11.16838""";"  80° 44' 17.97741""";259.96;Atmos PPM;0;1013.25;11.1012;175979.077;9045865.717;120.782;176089.028;9045633.904;78.939;256.724;256.566
CND_210_7;03/09/2026 22:05;" 337° 51' 18.56978""";"  77° 09' 28.77484""";585.001;Atmos PPM;0;1013.25;11.1012;175874.079;9046162.201;208.986;176089.028;9045633.904;78.939;570.387;570.351
CND_20;03/09/2026 22:07;" 359° 04' 44.66867""";"  83° 57' 00.95514""";203.552;Atmos PPM;0;1013.25;11.1012;176085.792;9045836.294;100.395;176089.028;9045633.904;78.939;202.449;202.415
CND_18;03/09/2026 22:07;"   0° 50' 58.32291""";"  86° 10' 40.45454""";178.313;Atmos PPM;0;1013.25;11.1012;176091.681;9045811.799;90.827;176089.028;9045633.904;78.939;177.925;177.914
CND_17;03/09/2026 22:07;"  11° 43' 28.57476""";"  86° 38' 49.82603""";208.078;Atmos PPM;0;1013.25;11.1012;176131.255;9045837.286;91.111;176089.028;9045633.904;78.939;207.753;207.719
CND_30002;04/09/2026 00:00;" 289° 14' 44.27810""";"  79° 28' 59.48564""";723.075;Atmos PPM;0;1013.25;11.1012;175417.872;9045868.288;210.952;176089.028;9045633.904;78.939;710.915;710.906
CND_30003;04/09/2026 00:00;" 290° 56' 13.51735""";"  79° 32' 50.05032""";674.096;Atmos PPM;0;1013.25;11.1012;175469.927;9045870.835;201.267;176089.028;9045633.904;78.939;662.894;662.89
CND_30004;04/09/2026 00:00;" 291° 25' 44.32010""";"  79° 52' 56.50993""";637.677;Atmos PPM;0;1013.25;11.1012;175504.7;9045863.297;190.986;176089.028;9045633.904;78.939;627.75;627.742
CND_170_1;04/09/2026 00:00;" 298° 32' 40.99956""";"  79° 40' 27.26194""";508.768;Atmos PPM;0;1013.25;11.1012;175649.374;9045873.11;170.15;176089.028;9045633.904;78.939;500.548;500.515
CND_190_3;04/09/2026 00:00;" 298° 34' 30.40925""";"  78° 59' 19.83307""";594.722;Atmos PPM;0;1013.25;11.1012;175576.403;9045913.164;192.554;176089.028;9045633.904;78.939;583.897;583.756
CND_180_2;04/09/2026 00:01;" 298° 59' 58.35276""";"  79° 34' 23.52216""";553.866;Atmos PPM;0;1013.25;11.1012;175612.638;9045898.019;179.198;176089.028;9045633.904;78.939;544.768;544.705
CND_210_3;04/09/2026 00:01;" 302° 53' 58.05794""";"  78° 03' 48.78511""";629.473;Atmos PPM;0;1013.25;11.1012;175571.98;9045968.453;209.157;176089.028;9045633.904;78.939;616.02;615.843
CND_200_8;04/09/2026 00:01;" 303° 25' 03.63611""";"  78° 15' 51.79073""";598.44;Atmos PPM;0;1013.25;11.1012;175600.007;9045956.63;200.683;176089.028;9045633.904;78.939;586.05;585.913
CND_200_3;04/09/2026 00:01;" 303° 25' 03.80110""";"  78° 15' 53.00974""";598.44;Atmos PPM;0;1013.25;11.1012;175600.007;9045956.631;200.679;176089.028;9045633.904;78.939;586.052;585.913
CND_190_4;04/09/2026 00:01;" 304° 23' 46.85513""";"  78° 35' 21.00364""";568.318;Atmos PPM;0;1013.25;11.1012;175629.39;9045948.639;191.398;176089.028;9045633.904;78.939;557.187;557.069
CND_200_4;04/09/2026 00:01;" 309° 34' 03.48145""";"  77° 58' 12.34166""";577.864;Atmos PPM;0;1013.25;11.1012;175653.395;9045993.939;199.401;176089.028;9045633.904;78.939;565.267;565.156
CND_1505;04/09/2026 00:01;" 310° 59' 42.39391""";"  79° 10' 43.70913""";381.651;Atmos PPM;0;1013.25;11.1012;175806.121;9045879.831;150.602;176089.028;9045633.904;78.939;374.89;374.856
CND_210_4;04/09/2026 00:01;" 311° 21' 23.43230""";"  77° 25' 46.68864""";600.881;Atmos PPM;0;1013.25;11.1012;175648.857;9046021.44;209.737;176089.028;9045633.904;78.939;586.567;586.459
CND_190_5;04/09/2026 00:02;" 312° 12' 18.39741""";"  78° 10' 52.54234""";542.24;Atmos PPM;0;1013.25;11.1012;175695.923;9045990.474;190.018;176089.028;9045633.904;78.939;530.796;530.729
CND_25;04/09/2026 00:02;" 313° 23' 17.36672""";"  82° 24' 39.52707""";237.061;Atmos PPM;0;1013.25;11.1012;175918.278;9045795.336;110.251;176089.028;9045633.904;78.939;235.096;234.981
CND_29;04/09/2026 00:02;" 313° 30' 26.69990""";"  80° 52' 43.79979""";264.294;Atmos PPM;0;1013.25;11.1012;175899.782;9045813.569;120.84;176089.028;9045633.904;78.939;261.111;260.948
CND_200_5;04/09/2026 00:02;" 316° 06' 25.16428""";"  77° 35' 25.43991""";562.27;Atmos PPM;0;1013.25;11.1012;175708.351;9046029.649;199.791;176089.028;9045633.904;78.939;549.185;549.117
CND_1401;04/09/2026 00:02;" 317° 46' 09.85166""";"  79° 41' 08.67219""";345.465;Atmos PPM;0;1013.25;11.1012;175860.614;9045885.582;140.801;176089.028;9045633.904;78.939;340.026;339.875
CND_1602;04/09/2026 00:02;" 317° 50' 28.68922""";"  78° 12' 06.42916""";403.378;Atmos PPM;0;1013.25;11.1012;175824.037;9045926.622;161.427;176089.028;9045633.904;78.939;394.845;394.846
CND_1504;04/09/2026 00:03;" 320° 45' 21.85859""";"  78° 43' 31.07855""";370.088;Atmos PPM;0;1013.25;11.1012;175859.449;9045915.004;151.305;176089.028;9045633.904;78.939;362.974;362.938
CND_210_5;04/09/2026 00:03;" 320° 50' 23.18027""";"  77° 01' 23.50354""";587.597;Atmos PPM;0;1013.25;11.1012;175727.491;9046077.898;210.91;176089.028;9045633.904;78.939;572.641;572.573
CND_190_6;04/09/2026 00:03;" 321° 21' 23.65578""";"  77° 52' 42.16703""";529.234;Atmos PPM;0;1013.25;11.1012;175765.948;9046038.06;190.09;176089.028;9045633.904;78.939;517.464;517.419
CND_26;04/09/2026 00:03;" 321° 48' 33.86916""";"  82° 11' 24.26103""";231.314;Atmos PPM;0;1013.25;11.1012;175947.356;9045814.03;110.375;176089.028;9045633.904;78.939;229.307;229.164
CND_30;04/09/2026 00:03;" 323° 47' 10.84540""";"  80° 41' 06.82697""";257.39;Atmos PPM;0;1013.25;11.1012;175938.988;9045838.842;120.604;176089.028;9045633.904;78.939;254.209;253.992
CND_1402;04/09/2026 00:03;" 325° 03' 30.16319""";"  79° 32' 26.93314""";340.051;Atmos PPM;0;1013.25;11.1012;175897.53;9045908.035;140.678;176089.028;9045633.904;78.939;334.538;334.393
CND_200_6;04/09/2026 00:03;" 325° 15' 02.77781""";"  77° 24' 57.91208""";553.592;Atmos PPM;0;1013.25;11.1012;175781.115;9046077.852;199.57;176089.028;9045633.904;78.939;540.325;540.278
CND_1603;04/09/2026 00:03;" 325° 30' 38.15386""";"  78° 11' 57.72647""";397.916;Atmos PPM;0;1013.25;11.1012;175868.501;9045954.958;160.326;176089.028;9045633.904;78.939;389.496;389.497
CND_210_6;04/09/2026 00:04;" 328° 34' 39.66198""";"  76° 54' 35.26980""";582.157;Atmos PPM;0;1013.25;11.1012;175793.462;9046117.787;210.811;176089.028;9045633.904;78.939;567.059;567.011
CND_1503;04/09/2026 00:04;" 328° 44' 17.99104""";"  78° 43' 01.50469""";367.859;Atmos PPM;0;1013.25;11.1012;175901.848;9045942.284;150.921;176089.028;9045633.904;78.939;360.776;360.742
CND_34;04/09/2026 00:04;" 330° 33' 55.30342""";"  80° 30' 47.86977""";315.764;Atmos PPM;0;1013.25;11.1012;175936;9045905.155;130.99;176089.028;9045633.904;78.939;311.606;311.439
CND_200_7;04/09/2026 00:04;" 332° 03' 31.81065""";"  77° 26' 33.80746""";554.823;Atmos PPM;0;1013.25;11.1012;175835.324;9046112.334;199.586;176089.028;9045633.904;78.939;541.571;541.535
CND_1604;04/09/2026 00:04;" 332° 27' 34.97166""";"  78° 10' 04.70625""";397.115;Atmos PPM;0;1013.25;11.1012;175909.348;9045978.546;160.375;176089.028;9045633.904;78.939;388.706;388.668
CND_27;04/09/2026 00:04;" 332° 40' 54.95264""";"  82° 13' 55.29999""";231.131;Atmos PPM;0;1013.25;11.1012;175983.948;9045837.379;110.183;176089.028;9045633.904;78.939;229.13;229.006
CND_22;04/09/2026 00:04;" 334° 37' 10.21572""";"  80° 44' 18.69931""";259.96;Atmos PPM;0;1013.25;11.1012;175979.076;9045865.717;120.782;176089.028;9045633.904;78.939;256.724;256.566
CND_210_7;04/09/2026 00:05;" 337° 51' 17.78327""";"  77° 09' 30.54525""";585;Atmos PPM;0;1013.25;11.1012;175874.077;9046162.2;208.981;176089.028;9045633.904;78.939;570.387;570.351
CND_1803;04/09/2026 00:06;" 348° 01' 16.46952""";"  78° 12' 08.37138""";498.574;Atmos PPM;0;1013.25;11.1012;175987.778;9046111.314;180.892;176089.028;9045633.904;78.939;488.054;488.028
CND_23;04/09/2026 00:06;" 348° 36' 44.27569""";"  78° 49' 27.74359""";391.407;Atmos PPM;0;1013.25;11.1012;176013.245;9046010.328;154.811;176089.028;9045633.904;78.939;383.951;383.976
CND_20;04/09/2026 00:07;" 359° 04' 44.45300""";"  83° 57' 00.89088""";203.552;Atmos PPM;0;1013.25;11.1012;176085.792;9045836.294;100.395;176089.028;9045633.904;78.939;202.449;202.415
CND_18;04/09/2026 00:07;"   0° 50' 58.12329""";"  86° 10' 41.38346""";178.313;Atmos PPM;0;1013.25;11.1012;176091.681;9045811.799;90.827;176089.028;9045633.904;78.939;177.925;177.914
CND_17;04/09/2026 00:07;"  11° 43' 28.79808""";"  86° 38' 49.58233""";208.078;Atmos PPM;0;1013.25;11.1012;176131.256;9045837.286;91.112;176089.028;9045633.904;78.939;207.753;207.719
CND_30002;04/09/2026 02:00;" 289° 14' 44.61085""";"  79° 28' 59.25046""";723.075;Atmos PPM;0;1013.25;11.1012;175417.872;9045868.289;210.953;176089.028;9045633.904;78.939;710.915;710.906
CND_30003;04/09/2026 02:00;" 290° 56' 13.76559""";"  79° 32' 49.55864""";674.096;Atmos PPM;0;1013.25;11.1012;175469.928;9045870.836;201.268;176089.028;9045633.904;78.939;662.894;662.889
CND_30004;04/09/2026 02:00;" 291° 25' 43.92163""";"  79° 52' 55.74550""";637.677;Atmos PPM;0;1013.25;11.1012;175504.7;9045863.296;190.989;176089.028;9045633.904;78.939;627.75;627.742
CND_170_1;04/09/2026 02:00;" 298° 32' 41.29724""";"  79° 40' 26.68568""";508.768;Atmos PPM;0;1013.25;11.1012;175649.374;9045873.11;170.151;176089.028;9045633.904;78.939;500.548;500.515
CND_190_3;04/09/2026 02:00;" 298° 34' 30.01064""";"  78° 59' 20.37359""";594.722;Atmos PPM;0;1013.25;11.1012;175576.402;9045913.163;192.553;176089.028;9045633.904;78.939;583.897;583.756
CND_180_2;04/09/2026 02:01;" 298° 59' 58.77934""";"  79° 34' 23.40537""";553.866;Atmos PPM;0;1013.25;11.1012;175612.639;9045898.02;179.198;176089.028;9045633.904;78.939;544.768;544.705
CND_210_3;04/09/2026 02:01;" 302° 53' 59.50842""";"  78° 03' 48.93586""";629.472;Atmos PPM;0;1013.25;11.1012;175571.982;9045968.456;209.156;176089.028;9045633.904;78.939;616.02;615.842
CND_200_8;04/09/2026 02:01;" 303° 25' 02.98825""";"  78° 15' 53.00360""";598.44;Atmos PPM;0;1013.25;11.1012;175600.006;9045956.629;200.679;176089.028;9045633.904;78.939;586.05;585.913
CND_200_3;04/09/2026 02:01;" 303° 25' 02.68567""";"  78° 15' 53.43203""";598.44;Atmos PPM;0;1013.25;11.1012;175600.005;9045956.628;200.678;176089.028;9045633.904;78.939;586.052;585.914
CND_190_4;04/09/2026 02:01;" 304° 23' 46.30240""";"  78° 35' 21.51481""";568.318;Atmos PPM;0;1013.25;11.1012;175629.389;9045948.638;191.396;176089.028;9045633.904;78.939;557.187;557.069
CND_200_4;04/09/2026 02:01;" 309° 34' 03.53273""";"  77° 58' 12.56039""";577.864;Atmos PPM;0;1013.25;11.1012;175653.395;9045993.939;199.4;176089.028;9045633.904;78.939;565.267;565.156
CND_1505;04/09/2026 02:01;" 310° 59' 42.72868""";"  79° 10' 44.11985""";381.651;Atmos PPM;0;1013.25;11.1012;175806.121;9045879.832;150.601;176089.028;9045633.904;78.939;374.89;374.856
CND_210_4;04/09/2026 02:01;" 311° 21' 24.36533""";"  77° 25' 46.55358""";600.881;Atmos PPM;0;1013.25;11.1012;175648.859;9046021.442;209.738;176089.028;9045633.904;78.939;586.567;586.459
CND_190_5;04/09/2026 02:02;" 312° 12' 18.85362""";"  78° 10' 52.36037""";542.24;Atmos PPM;0;1013.25;11.1012;175695.924;9045990.475;190.018;176089.028;9045633.904;78.939;530.796;530.729
CND_25;04/09/2026 02:02;" 313° 23' 17.49005""";"  82° 24' 40.04127""";237.061;Atmos PPM;0;1013.25;11.1012;175918.278;9045795.336;110.25;176089.028;9045633.904;78.939;235.096;234.981
CND_29;04/09/2026 02:02;" 313° 30' 25.64883""";"  80° 52' 42.17680""";264.294;Atmos PPM;0;1013.25;11.1012;175899.781;9045813.568;120.842;176089.028;9045633.904;78.939;261.111;260.947
CND_200_5;04/09/2026 02:02;" 316° 06' 24.48419""";"  77° 35' 26.66820""";562.269;Atmos PPM;0;1013.25;11.1012;175708.35;9046029.648;199.788;176089.028;9045633.904;78.939;549.185;549.117
CND_1401;04/09/2026 02:02;" 317° 46' 11.45312""";"  79° 41' 10.13836""";345.465;Atmos PPM;0;1013.25;11.1012;175860.616;9045885.584;140.799;176089.028;9045633.904;78.939;340.026;339.875
CND_1602;04/09/2026 02:02;" 317° 50' 27.23933""";"  78° 12' 06.39156""";403.378;Atmos PPM;0;1013.25;11.1012;175824.035;9045926.62;161.427;176089.028;9045633.904;78.939;394.845;394.846
CND_1504;04/09/2026 02:03;" 320° 45' 22.77004""";"  78° 43' 31.21182""";370.088;Atmos PPM;0;1013.25;11.1012;175859.45;9045915.005;151.305;176089.028;9045633.904;78.939;362.974;362.938
CND_210_5;04/09/2026 02:03;" 320° 50' 23.24169""";"  77° 01' 24.71954""";587.597;Atmos PPM;0;1013.25;11.1012;175727.491;9046077.898;210.907;176089.028;9045633.904;78.939;572.641;572.573
CND_190_6;04/09/2026 02:03;" 321° 21' 23.51363""";"  77° 52' 43.15221""";529.234;Atmos PPM;0;1013.25;11.1012;175765.948;9046038.06;190.087;176089.028;9045633.904;78.939;517.464;517.42
CND_26;04/09/2026 02:03;" 321° 48' 34.08875""";"  82° 11' 23.47463""";231.314;Atmos PPM;0;1013.25;11.1012;175947.356;9045814.03;110.376;176089.028;9045633.904;78.939;229.307;229.164
CND_30;04/09/2026 02:03;" 323° 47' 11.01188""";"  80° 41' 07.73167""";257.39;Atmos PPM;0;1013.25;11.1012;175938.988;9045838.843;120.603;176089.028;9045633.904;78.939;254.209;253.992
CND_1402;04/09/2026 02:03;" 325° 03' 29.30762""";"  79° 32' 26.61771""";340.051;Atmos PPM;0;1013.25;11.1012;175897.529;9045908.034;140.678;176089.028;9045633.904;78.939;334.538;334.393
CND_200_6;04/09/2026 02:03;" 325° 15' 02.96922""";"  77° 24' 58.36784""";553.592;Atmos PPM;0;1013.25;11.1012;175781.115;9046077.852;199.569;176089.028;9045633.904;78.939;540.325;540.278
CND_1603;04/09/2026 02:03;" 325° 30' 37.98568""";"  78° 11' 57.70197""";397.916;Atmos PPM;0;1013.25;11.1012;175868.501;9045954.958;160.326;176089.028;9045633.904;78.939;389.496;389.497
CND_210_6;04/09/2026 02:04;" 328° 34' 39.77370""";"  76° 54' 35.58607""";582.157;Atmos PPM;0;1013.25;11.1012;175793.462;9046117.787;210.81;176089.028;9045633.904;78.939;567.059;567.012
CND_1503;04/09/2026 02:04;" 328° 44' 17.52143""";"  78° 43' 01.54872""";367.86;Atmos PPM;0;1013.25;11.1012;175901.848;9045942.284;150.921;176089.028;9045633.904;78.939;360.776;360.742
CND_34;04/09/2026 02:04;" 330° 33' 55.24065""";"  80° 30' 49.22355""";315.764;Atmos PPM;0;1013.25;11.1012;175936;9045905.155;130.988;176089.028;9045633.904;78.939;311.606;311.44
CND_200_7;04/09/2026 02:04;" 332° 03' 31.28869""";"  77° 26' 34.48952""";554.823;Atmos PPM;0;1013.25;11.1012;175835.323;9046112.333;199.584;176089.028;9045633.904;78.939;541.571;541.535
CND_1604;04/09/2026 02:04;" 332° 27' 34.77732""";"  78° 10' 05.04108""";397.115;Atmos PPM;0;1013.25;11.1012;175909.348;9045978.546;160.374;176089.028;9045633.904;78.939;388.706;388.668
CND_27;04/09/2026 02:04;" 332° 40' 55.31099""";"  82° 13' 55.47819""";231.131;Atmos PPM;0;1013.25;11.1012;175983.948;9045837.379;110.183;176089.028;9045633.904;78.939;229.13;229.006
CND_22;04/09/2026 02:04;" 334° 37' 11.16365""";"  80° 44' 18.50871""";259.96;Atmos PPM;0;1013.25;11.1012;175979.077;9045865.717;120.782;176089.028;9045633.904;78.939;256.724;256.566
CND_210_7;04/09/2026 02:05;" 337° 51' 17.66072""";"  77° 09' 32.53293""";585.003;Atmos PPM;0;1013.25;11.1012;175874.076;9046162.203;208.976;176089.028;9045633.904;78.939;570.387;570.354
CND_1803;04/09/2026 02:06;" 348° 01' 16.81051""";"  78° 12' 08.57971""";498.574;Atmos PPM;0;1013.25;11.1012;175987.779;9046111.315;180.891;176089.028;9045633.904;78.939;488.054;488.029
CND_23;04/09/2026 02:06;" 348° 36' 44.00013""";"  78° 49' 30.32203""";391.407;Atmos PPM;0;1013.25;11.1012;176013.244;9046010.329;154.806;176089.028;9045633.904;78.939;383.951;383.977
CND_20;04/09/2026 02:07;" 359° 04' 44.47221""";"  83° 57' 02.16815""";203.552;Atmos PPM;0;1013.25;11.1012;176085.792;9045836.294;100.393;176089.028;9045633.904;78.939;202.449;202.415
CND_18;04/09/2026 02:07;"   0° 50' 58.64163""";"  86° 10' 41.58360""";178.313;Atmos PPM;0;1013.25;11.1012;176091.681;9045811.798;90.826;176089.028;9045633.904;78.939;177.925;177.914
CND_17;04/09/2026 02:07;"  11° 43' 28.15806""";"  86° 38' 49.75797""";208.078;Atmos PPM;0;1013.25;11.1012;176131.255;9045837.286;91.111;176089.028;9045633.904;78.939;207.753;207.719
CND_30002;04/09/2026 04:00;" 289° 14' 45.30415""";"  79° 29' 00.58677""";723.075;Atmos PPM;0;1013.25;11.1012;175417.872;9045868.292;210.948;176089.028;9045633.904;78.939;710.915;710.906
CND_30003;04/09/2026 04:00;" 290° 56' 13.62665""";"  79° 32' 49.82734""";674.096;Atmos PPM;0;1013.25;11.1012;175469.927;9045870.835;201.268;176089.028;9045633.904;78.939;662.894;662.889
CND_30004;04/09/2026 04:00;" 291° 25' 44.81636""";"  79° 52' 56.19622""";637.677;Atmos PPM;0;1013.25;11.1012;175504.701;9045863.299;190.987;176089.028;9045633.904;78.939;627.75;627.742
CND_170_1;04/09/2026 04:00;" 298° 32' 41.13390""";"  79° 40' 27.37346""";508.768;Atmos PPM;0;1013.25;11.1012;175649.374;9045873.11;170.15;176089.028;9045633.904;78.939;500.548;500.515
CND_190_3;04/09/2026 04:00;" 298° 34' 30.11894""";"  78° 59' 20.77582""";594.722;Atmos PPM;0;1013.25;11.1012;175576.402;9045913.164;192.552;176089.028;9045633.904;78.939;583.897;583.757
CND_180_2;04/09/2026 04:01;" 298° 59' 57.96385""";"  79° 34' 23.29034""";553.866;Atmos PPM;0;1013.25;11.1012;175612.638;9045898.018;179.198;176089.028;9045633.904;78.939;544.768;544.705
CND_210_3;04/09/2026 04:01;" 302° 53' 59.06186""";"  78° 03' 48.51646""";629.472;Atmos PPM;0;1013.25;11.1012;175571.982;9045968.455;209.157;176089.028;9045633.904;78.939;616.02;615.842
CND_200_8;04/09/2026 04:01;" 303° 25' 03.09984""";"  78° 15' 53.99401""";598.44;Atmos PPM;0;1013.25;11.1012;175600.005;9045956.629;200.676;176089.028;9045633.904;78.939;586.05;585.914
CND_200_3;04/09/2026 04:01;" 303° 25' 02.19260""";"  78° 15' 53.39448""";598.44;Atmos PPM;0;1013.25;11.1012;175600.004;9045956.627;200.678;176089.028;9045633.904;78.939;586.052;585.914
CND_190_4;04/09/2026 04:01;" 304° 23' 46.38513""";"  78° 35' 21.64128""";568.318;Atmos PPM;0;1013.25;11.1012;175629.389;9045948.638;191.396;176089.028;9045633.904;78.939;557.187;557.069
CND_200_4;04/09/2026 04:01;" 309° 34' 02.58831""";"  77° 58' 12.66897""";577.864;Atmos PPM;0;1013.25;11.1012;175653.393;9045993.937;199.4;176089.028;9045633.904;78.939;565.267;565.156
CND_1505;04/09/2026 04:01;" 310° 59' 42.02193""";"  79° 10' 44.16805""";381.651;Atmos PPM;0;1013.25;11.1012;175806.12;9045879.831;150.601;176089.028;9045633.904;78.939;374.89;374.856
CND_210_4;04/09/2026 04:01;" 311° 21' 23.20928""";"  77° 25' 46.86346""";600.881;Atmos PPM;0;1013.25;11.1012;175648.856;9046021.439;209.737;176089.028;9045633.904;78.939;586.567;586.459
CND_190_5;04/09/2026 04:02;" 312° 12' 17.91125""";"  78° 10' 52.14763""";542.24;Atmos PPM;0;1013.25;11.1012;175695.923;9045990.473;190.019;176089.028;9045633.904;78.939;530.796;530.729
CND_25;04/09/2026 04:02;" 313° 23' 17.41935""";"  82° 24' 39.55226""";237.061;Atmos PPM;0;1013.25;11.1012;175918.278;9045795.336;110.251;176089.028;9045633.904;78.939;235.096;234.98
CND_29;04/09/2026 04:02;" 313° 30' 25.41795""";"  80° 52' 43.75865""";264.294;Atmos PPM;0;1013.25;11.1012;175899.781;9045813.568;120.84;176089.028;9045633.904;78.939;261.111;260.948
CND_200_5;04/09/2026 04:02;" 316° 06' 24.32823""";"  77° 35' 26.79414""";562.269;Atmos PPM;0;1013.25;11.1012;175708.349;9046029.648;199.787;176089.028;9045633.904;78.939;549.185;549.117
CND_1401;04/09/2026 04:02;" 317° 46' 09.85138""";"  79° 41' 08.63384""";345.465;Atmos PPM;0;1013.25;11.1012;175860.614;9045885.582;140.801;176089.028;9045633.904;78.939;340.026;339.875
CND_1602;04/09/2026 04:02;" 317° 50' 26.60736""";"  78° 12' 06.66251""";403.378;Atmos PPM;0;1013.25;11.1012;175824.034;9045926.619;161.426;176089.028;9045633.904;78.939;394.845;394.847
CND_1504;04/09/2026 04:03;" 320° 45' 21.68185""";"  78° 43' 31.87745""";370.088;Atmos PPM;0;1013.25;11.1012;175859.449;9045915.004;151.304;176089.028;9045633.904;78.939;362.974;362.938
CND_210_5;04/09/2026 04:03;" 320° 50' 22.90096""";"  77° 01' 24.20788""";587.597;Atmos PPM;0;1013.25;11.1012;175727.49;9046077.897;210.908;176089.028;9045633.904;78.939;572.641;572.573
CND_190_6;04/09/2026 04:03;" 321° 21' 23.87908""";"  77° 52' 42.63630""";529.234;Atmos PPM;0;1013.25;11.1012;175765.949;9046038.061;190.089;176089.028;9045633.904;78.939;517.464;517.42
CND_26;04/09/2026 04:03;" 321° 48' 34.57090""";"  82° 11' 23.62098""";231.314;Atmos PPM;0;1013.25;11.1012;175947.357;9045814.03;110.376;176089.028;9045633.904;78.939;229.307;229.164
CND_30;04/09/2026 04:03;" 323° 47' 11.24321""";"  80° 41' 09.14014""";257.39;Atmos PPM;0;1013.25;11.1012;175938.988;9045838.843;120.601;176089.028;9045633.904;78.939;254.209;253.992
CND_1402;04/09/2026 04:03;" 325° 03' 28.85946""";"  79° 32' 25.65825""";340.051;Atmos PPM;0;1013.25;11.1012;175897.529;9045908.033;140.68;176089.028;9045633.904;78.939;334.538;334.393
CND_200_6;04/09/2026 04:03;" 325° 15' 03.13679""";"  77° 24' 57.80300""";553.592;Atmos PPM;0;1013.25;11.1012;175781.116;9046077.852;199.57;176089.028;9045633.904;78.939;540.325;540.278
CND_1603;04/09/2026 04:03;" 325° 30' 40.40034""";"  78° 11' 54.84715""";397.916;Atmos PPM;0;1013.25;11.1012;175868.505;9045954.959;160.331;176089.028;9045633.904;78.939;389.496;389.495
CND_210_6;04/09/2026 04:04;" 328° 34' 39.76952""";"  76° 54' 35.62192""";582.157;Atmos PPM;0;1013.25;11.1012;175793.462;9046117.787;210.81;176089.028;9045633.904;78.939;567.059;567.011
CND_1503;04/09/2026 04:04;" 328° 44' 15.77196""";"  78° 43' 01.42807""";367.859;Atmos PPM;0;1013.25;11.1012;175901.845;9045942.282;150.921;176089.028;9045633.904;78.939;360.776;360.741
CND_34;04/09/2026 04:04;" 330° 33' 55.23059""";"  80° 30' 49.18391""";315.764;Atmos PPM;0;1013.25;11.1012;175936;9045905.155;130.988;176089.028;9045633.904;78.939;311.606;311.44
CND_200_7;04/09/2026 04:04;" 332° 03' 32.19015""";"  77° 26' 34.99832""";554.823;Atmos PPM;0;1013.25;11.1012;175835.325;9046112.335;199.583;176089.028;9045633.904;78.939;541.571;541.536
CND_1604;04/09/2026 04:04;" 332° 27' 36.21999""";"  78° 10' 06.84660""";397.115;Atmos PPM;0;1013.25;11.1012;175909.35;9045978.548;160.371;176089.028;9045633.904;78.939;388.706;388.669
CND_27;04/09/2026 04:04;" 332° 40' 55.22600""";"  82° 13' 54.54557""";231.131;Atmos PPM;0;1013.25;11.1012;175983.948;9045837.379;110.184;176089.028;9045633.904;78.939;229.13;229.006
CND_210_7;04/09/2026 04:05;" 337° 51' 16.98610""";"  77° 09' 29.42441""";585.002;Atmos PPM;0;1013.25;11.1012;175874.075;9046162.2;208.984;176089.028;9045633.904;78.939;570.387;570.352
CND_1803;04/09/2026 04:06;" 348° 01' 17.38342""";"  78° 12' 09.36258""";498.574;Atmos PPM;0;1013.25;11.1012;175987.78;9046111.315;180.89;176089.028;9045633.904;78.939;488.054;488.029
CND_23;04/09/2026 04:06;" 348° 36' 43.70939""";"  78° 49' 30.50946""";391.407;Atmos PPM;0;1013.25;11.1012;176013.244;9046010.329;154.805;176089.028;9045633.904;78.939;383.951;383.977
CND_20;04/09/2026 04:07;" 359° 04' 44.39411""";"  83° 57' 01.84428""";203.552;Atmos PPM;0;1013.25;11.1012;176085.792;9045836.294;100.394;176089.028;9045633.904;78.939;202.449;202.415
CND_18;04/09/2026 04:07;"   0° 50' 58.74015""";"  86° 10' 41.19708""";178.312;Atmos PPM;0;1013.25;11.1012;176091.681;9045811.798;90.827;176089.028;9045633.904;78.939;177.925;177.913
CND_17;04/09/2026 04:07;"  11° 43' 28.16844""";"  86° 38' 50.73921""";208.078;Atmos PPM;0;1013.25;11.1012;176131.255;9045837.286;91.11;176089.028;9045633.904;78.939;207.753;207.719
CND_30002;04/09/2026 06:00;" 289° 14' 45.56103""";"  79° 28' 59.92119""";723.075;Atmos PPM;0;1013.25;11.1012;175417.873;9045868.293;210.951;176089.028;9045633.904;78.939;710.915;710.906
CND_30003;04/09/2026 06:00;" 290° 56' 14.72098""";"  79° 32' 49.82020""";674.097;Atmos PPM;0;1013.25;11.1012;175469.928;9045870.839;201.268;176089.028;9045633.904;78.939;662.894;662.89
CND_30004;04/09/2026 06:00;" 291° 25' 45.18410""";"  79° 52' 56.09690""";637.676;Atmos PPM;0;1013.25;11.1012;175504.702;9045863.3;190.988;176089.028;9045633.904;78.939;627.75;627.742
CND_170_1;04/09/2026 06:00;" 298° 32' 41.49593""";"  79° 40' 26.26413""";508.767;Atmos PPM;0;1013.25;11.1012;175649.375;9045873.11;170.152;176089.028;9045633.904;78.939;500.548;500.514
CND_190_3;04/09/2026 06:00;" 298° 34' 31.26289""";"  78° 59' 18.71251""";594.722;Atmos PPM;0;1013.25;11.1012;175576.404;9045913.166;192.557;176089.028;9045633.904;78.939;583.897;583.755
CND_180_2;04/09/2026 06:01;" 299° 00' 00.10836""";"  79° 34' 22.53725""";553.866;Atmos PPM;0;1013.25;11.1012;175612.641;9045898.023;179.2;176089.028;9045633.904;78.939;544.768;544.705
CND_210_3;04/09/2026 06:01;" 302° 54' 00.68008""";"  78° 03' 49.29756""";629.472;Atmos PPM;0;1013.25;11.1012;175571.984;9045968.459;209.155;176089.028;9045633.904;78.939;616.02;615.842
CND_200_3;04/09/2026 06:01;" 303° 25' 04.48952""";"  78° 15' 51.53926""";598.439;Atmos PPM;0;1013.25;11.1012;175600.009;9045956.632;200.683;176089.028;9045633.904;78.939;586.052;585.912
CND_200_8;04/09/2026 06:01;" 303° 25' 05.00947""";"  78° 15' 51.54753""";598.44;Atmos PPM;0;1013.25;11.1012;175600.009;9045956.633;200.683;176089.028;9045633.904;78.939;586.05;585.912
CND_190_4;04/09/2026 06:01;" 304° 23' 47.28456""";"  78° 35' 19.61208""";568.318;Atmos PPM;0;1013.25;11.1012;175629.391;9045948.639;191.402;176089.028;9045633.904;78.939;557.187;557.068
CND_200_4;04/09/2026 06:01;" 309° 34' 03.58711""";"  77° 58' 10.77005""";577.863;Atmos PPM;0;1013.25;11.1012;175653.396;9045993.938;199.405;176089.028;9045633.904;78.939;565.267;565.155
CND_1505;04/09/2026 06:01;" 310° 59' 42.97667""";"  79° 10' 42.81250""";381.651;Atmos PPM;0;1013.25;11.1012;175806.122;9045879.832;150.603;176089.028;9045633.904;78.939;374.89;374.855
CND_210_4;04/09/2026 06:01;" 311° 21' 24.99558""";"  77° 25' 45.34249""";600.881;Atmos PPM;0;1013.25;11.1012;175648.861;9046021.442;209.741;176089.028;9045633.904;78.939;586.567;586.458
CND_190_5;04/09/2026 06:01;" 312° 12' 19.16762""";"  78° 10' 50.50662""";542.24;Atmos PPM;0;1013.25;11.1012;175695.926;9045990.475;190.023;176089.028;9045633.904;78.939;530.796;530.728
CND_25;04/09/2026 06:02;" 313° 23' 18.93327""";"  82° 24' 37.67665""";237.061;Atmos PPM;0;1013.25;11.1012;175918.279;9045795.337;110.253;176089.028;9045633.904;78.939;235.096;234.98
CND_29;04/09/2026 06:02;" 313° 30' 26.41984""";"  80° 52' 40.80855""";264.294;Atmos PPM;0;1013.25;11.1012;175899.782;9045813.568;120.844;176089.028;9045633.904;78.939;261.111;260.947
CND_200_5;04/09/2026 06:02;" 316° 06' 24.64395""";"  77° 35' 23.31626""";562.27;Atmos PPM;0;1013.25;11.1012;175708.351;9046029.647;199.796;176089.028;9045633.904;78.939;549.185;549.115
CND_1401;04/09/2026 06:02;" 317° 46' 12.36592""";"  79° 41' 08.60382""";345.465;Atmos PPM;0;1013.25;11.1012;175860.617;9045885.585;140.802;176089.028;9045633.904;78.939;340.026;339.875
CND_1602;04/09/2026 06:02;" 317° 50' 28.66986""";"  78° 12' 02.99624""";403.378;Atmos PPM;0;1013.25;11.1012;175824.038;9045926.621;161.433;176089.028;9045633.904;78.939;394.845;394.845
CND_1504;04/09/2026 06:02;" 320° 45' 23.97612""";"  78° 43' 30.07861""";370.088;Atmos PPM;0;1013.25;11.1012;175859.452;9045915.006;151.307;176089.028;9045633.904;78.939;362.974;362.937
CND_210_5;04/09/2026 06:03;" 320° 50' 24.77371""";"  77° 01' 22.92901""";587.597;Atmos PPM;0;1013.25;11.1012;175727.495;9046077.9;210.912;176089.028;9045633.904;78.939;572.641;572.572
CND_190_6;04/09/2026 06:03;" 321° 21' 24.56161""";"  77° 52' 41.10377""";529.234;Atmos PPM;0;1013.25;11.1012;175765.951;9046038.061;190.092;176089.028;9045633.904;78.939;517.464;517.418
CND_26;04/09/2026 06:03;" 321° 48' 35.32608""";"  82° 11' 21.42903""";231.313;Atmos PPM;0;1013.25;11.1012;175947.358;9045814.03;110.378;176089.028;9045633.904;78.939;229.307;229.163
CND_30;04/09/2026 06:03;" 323° 47' 13.95452""";"  80° 41' 06.68832""";257.39;Atmos PPM;0;1013.25;11.1012;175938.991;9045838.845;120.604;176089.028;9045633.904;78.939;254.209;253.992
CND_1402;04/09/2026 06:03;" 325° 03' 30.25342""";"  79° 32' 24.34291""";340.051;Atmos PPM;0;1013.25;11.1012;175897.531;9045908.034;140.682;176089.028;9045633.904;78.939;334.538;334.393
CND_200_6;04/09/2026 06:03;" 325° 15' 04.63982""";"  77° 24' 56.26750""";553.592;Atmos PPM;0;1013.25;11.1012;175781.12;9046077.854;199.574;176089.028;9045633.904;78.939;540.325;540.277
CND_1603;04/09/2026 06:03;" 325° 30' 40.19933""";"  78° 11' 56.81101""";397.916;Atmos PPM;0;1013.25;11.1012;175868.505;9045954.96;160.328;176089.028;9045633.904;78.939;389.496;389.496
CND_210_6;04/09/2026 06:03;" 328° 34' 40.54257""";"  76° 54' 34.69295""";582.157;Atmos PPM;0;1013.25;11.1012;175793.464;9046117.788;210.812;176089.028;9045633.904;78.939;567.059;567.011
CND_1503;04/09/2026 06:04;" 328° 44' 16.89893""";"  78° 43' 00.18128""";367.86;Atmos PPM;0;1013.25;11.1012;175901.847;9045942.283;150.923;176089.028;9045633.904;78.939;360.776;360.741
CND_34;04/09/2026 06:04;" 330° 33' 56.61494""";"  80° 30' 47.71555""";315.764;Atmos PPM;0;1013.25;11.1012;175936.002;9045905.156;130.99;176089.028;9045633.904;78.939;311.606;311.439
CND_200_7;04/09/2026 06:04;" 332° 03' 33.98092""";"  77° 26' 32.71990""";554.823;Atmos PPM;0;1013.25;11.1012;175835.329;9046112.336;199.589;176089.028;9045633.904;78.939;541.571;541.535
CND_1604;04/09/2026 06:04;" 332° 27' 37.60299""";"  78° 10' 04.84293""";397.115;Atmos PPM;0;1013.25;11.1012;175909.352;9045978.548;160.375;176089.028;9045633.904;78.939;388.706;388.668
CND_27;04/09/2026 06:04;" 332° 40' 57.60175""";"  82° 13' 54.03180""";231.131;Atmos PPM;0;1013.25;11.1012;175983.95;9045837.381;110.184;176089.028;9045633.904;78.939;229.13;229.006
CND_22;04/09/2026 06:04;" 334° 37' 12.64217""";"  80° 44' 16.70293""";259.96;Atmos PPM;0;1013.25;11.1012;175979.079;9045865.718;120.784;176089.028;9045633.904;78.939;256.724;256.566
CND_210_7;04/09/2026 06:05;" 337° 51' 18.61794""";"  77° 09' 28.84890""";585.001;Atmos PPM;0;1013.25;11.1012;175874.079;9046162.2;208.985;176089.028;9045633.904;78.939;570.387;570.35
CND_1803;04/09/2026 06:06;" 348° 01' 17.82625""";"  78° 12' 07.21076""";498.574;Atmos PPM;0;1013.25;11.1012;175987.782;9046111.314;180.895;176089.028;9045633.904;78.939;488.054;488.028
CND_23;04/09/2026 06:06;" 348° 36' 46.43223""";"  78° 49' 27.26655""";391.407;Atmos PPM;0;1013.25;11.1012;176013.249;9046010.329;154.811;176089.028;9045633.904;78.939;383.951;383.976
CND_1901;04/09/2026 06:07;" 350° 13' 38.22445""";"  77° 55' 44.66641""";536.182;Atmos PPM;0;1013.25;11.1012;176000.075;9046150.616;191.086;176089.028;9045633.904;78.939;524.343;524.312
CND_20;04/09/2026 06:07;" 359° 04' 46.79949""";"  83° 56' 59.09032""";203.552;Atmos PPM;0;1013.25;11.1012;176085.794;9045836.293;100.396;176089.028;9045633.904;78.939;202.449;202.415
CND_18;04/09/2026 06:07;"   0° 51' 01.88373""";"  86° 10' 40.38815""";178.312;Atmos PPM;0;1013.25;11.1012;176091.684;9045811.797;90.827;176089.028;9045633.904;78.939;177.925;177.913
CND_17;04/09/2026 06:07;"  11° 43' 30.44710""";"  86° 38' 49.11062""";208.078;Atmos PPM;0;1013.25;11.1012;176131.257;9045837.286;91.112;176089.028;9045633.904;78.939;207.753;207.719
CND_30002;04/09/2026 08:00;" 289° 14' 44.29222""";"  79° 29' 01.75938""";723.075;Atmos PPM;0;1013.25;11.1012;175417.871;9045868.289;210.944;176089.028;9045633.904;78.939;710.915;710.907
CND_30003;04/09/2026 08:00;" 290° 56' 15.21014""";"  79° 32' 49.95328""";674.096;Atmos PPM;0;1013.25;11.1012;175469.93;9045870.84;201.267;176089.028;9045633.904;78.939;662.894;662.889
CND_30004;04/09/2026 08:00;" 291° 25' 46.30376""";"  79° 52' 56.97830""";637.677;Atmos PPM;0;1013.25;11.1012;175504.703;9045863.303;190.985;176089.028;9045633.904;78.939;627.75;627.742
CND_170_1;04/09/2026 08:00;" 298° 32' 43.50413""";"  79° 40' 27.27511""";508.767;Atmos PPM;0;1013.25;11.1012;175649.377;9045873.115;170.15;176089.028;9045633.904;78.939;500.548;500.515
CND_190_3;04/09/2026 08:00;" 298° 34' 32.08593""";"  78° 59' 17.81905""";594.722;Atmos PPM;0;1013.25;11.1012;175576.406;9045913.167;192.56;176089.028;9045633.904;78.939;583.897;583.755
CND_180_2;04/09/2026 08:01;" 299° 00' 00.84124""";"  79° 34' 24.15497""";553.866;Atmos PPM;0;1013.25;11.1012;175612.641;9045898.025;179.196;176089.028;9045633.904;78.939;544.768;544.706
CND_210_3;04/09/2026 08:01;" 302° 54' 02.59035""";"  78° 03' 49.30247""";629.472;Atmos PPM;0;1013.25;11.1012;175571.987;9045968.464;209.155;176089.028;9045633.904;78.939;616.02;615.842
CND_200_8;04/09/2026 08:01;" 303° 25' 04.88849""";"  78° 15' 52.41997""";598.439;Atmos PPM;0;1013.25;11.1012;175600.009;9045956.633;200.681;176089.028;9045633.904;78.939;586.05;585.913
CND_200_3;04/09/2026 08:01;" 303° 25' 04.49999""";"  78° 15' 52.35612""";598.439;Atmos PPM;0;1013.25;11.1012;175600.008;9045956.632;200.681;176089.028;9045633.904;78.939;586.052;585.913
CND_190_4;04/09/2026 08:01;" 304° 23' 47.75831""";"  78° 35' 19.92635""";568.318;Atmos PPM;0;1013.25;11.1012;175629.392;9045948.641;191.401;176089.028;9045633.904;78.939;557.187;557.068
CND_200_4;04/09/2026 08:01;" 309° 34' 05.50618""";"  77° 58' 10.62939""";577.864;Atmos PPM;0;1013.25;11.1012;175653.399;9045993.943;199.405;176089.028;9045633.904;78.939;565.267;565.155
CND_1505;04/09/2026 08:01;" 310° 59' 43.87610""";"  79° 10' 43.56995""";381.651;Atmos PPM;0;1013.25;11.1012;175806.123;9045879.833;150.602;176089.028;9045633.904;78.939;374.89;374.855
CND_210_4;04/09/2026 08:01;" 311° 21' 25.40194""";"  77° 25' 45.88876""";600.881;Atmos PPM;0;1013.25;11.1012;175648.861;9046021.443;209.74;176089.028;9045633.904;78.939;586.567;586.458
CND_190_5;04/09/2026 08:01;" 312° 12' 20.38000""";"  78° 10' 51.14330""";542.239;Atmos PPM;0;1013.25;11.1012;175695.928;9045990.477;190.021;176089.028;9045633.904;78.939;530.796;530.728
CND_25;04/09/2026 08:02;" 313° 23' 18.74033""";"  82° 24' 40.98053""";237.061;Atmos PPM;0;1013.25;11.1012;175918.279;9045795.337;110.249;176089.028;9045633.904;78.939;235.096;234.98
CND_29;04/09/2026 08:02;" 313° 30' 28.41600""";"  80° 52' 42.16911""";264.294;Atmos PPM;0;1013.25;11.1012;175899.784;9045813.57;120.842;176089.028;9045633.904;78.939;261.111;260.947
CND_200_5;04/09/2026 08:02;" 316° 06' 25.37228""";"  77° 35' 25.44303""";562.269;Atmos PPM;0;1013.25;11.1012;175708.352;9046029.649;199.791;176089.028;9045633.904;78.939;549.185;549.116
CND_1401;04/09/2026 08:02;" 317° 46' 12.85831""";"  79° 41' 09.27447""";345.464;Atmos PPM;0;1013.25;11.1012;175860.618;9045885.586;140.8;176089.028;9045633.904;78.939;340.026;339.875
CND_1602;04/09/2026 08:03;" 317° 50' 29.77732""";"  78° 12' 02.98653""";403.378;Atmos PPM;0;1013.25;11.1012;175824.04;9045926.622;161.433;176089.028;9045633.904;78.939;394.845;394.845
CND_1504;04/09/2026 08:03;" 320° 45' 24.49893""";"  78° 43' 31.26766""";370.088;Atmos PPM;0;1013.25;11.1012;175859.453;9045915.007;151.305;176089.028;9045633.904;78.939;362.974;362.937
CND_210_5;04/09/2026 08:03;" 320° 50' 24.93398""";"  77° 01' 21.57883""";587.597;Atmos PPM;0;1013.25;11.1012;175727.496;9046077.9;210.916;176089.028;9045633.904;78.939;572.641;572.571
CND_190_6;04/09/2026 08:03;" 321° 21' 24.84533""";"  77° 52' 41.03230""";529.234;Atmos PPM;0;1013.25;11.1012;175765.951;9046038.062;190.093;176089.028;9045633.904;78.939;517.464;517.418
CND_26;04/09/2026 08:03;" 321° 48' 37.26908""";"  82° 11' 23.26073""";231.313;Atmos PPM;0;1013.25;11.1012;175947.359;9045814.032;110.376;176089.028;9045633.904;78.939;229.307;229.164
CND_30;04/09/2026 08:03;" 323° 47' 12.76034""";"  80° 41' 06.57009""";257.39;Atmos PPM;0;1013.25;11.1012;175938.99;9045838.844;120.605;176089.028;9045633.904;78.939;254.209;253.992
CND_1402;04/09/2026 08:03;" 325° 03' 31.64279""";"  79° 32' 26.07907""";340.05;Atmos PPM;0;1013.25;11.1012;175897.533;9045908.036;140.679;176089.028;9045633.904;78.939;334.538;334.393
CND_200_6;04/09/2026 08:04;" 325° 15' 05.56338""";"  77° 24' 57.61125""";553.592;Atmos PPM;0;1013.25;11.1012;175781.121;9046077.855;199.57;176089.028;9045633.904;78.939;540.325;540.277
CND_1603;04/09/2026 08:04;" 325° 30' 41.39826""";"  78° 11' 55.34706""";397.916;Atmos PPM;0;1013.25;11.1012;175868.507;9045954.96;160.33;176089.028;9045633.904;78.939;389.496;389.495
CND_210_6;04/09/2026 08:04;" 328° 34' 40.62230""";"  76° 54' 34.18307""";582.156;Atmos PPM;0;1013.25;11.1012;175793.465;9046117.787;210.814;176089.028;9045633.904;78.939;567.059;567.01
CND_1503;04/09/2026 08:04;" 328° 44' 18.92216""";"  78° 43' 01.23200""";367.859;Atmos PPM;0;1013.25;11.1012;175901.85;9045942.285;150.921;176089.028;9045633.904;78.939;360.776;360.741
CND_34;04/09/2026 08:04;" 330° 33' 56.51252""";"  80° 30' 48.24917""";315.764;Atmos PPM;0;1013.25;11.1012;175936.002;9045905.156;130.989;176089.028;9045633.904;78.939;311.606;311.439
CND_200_7;04/09/2026 08:04;" 332° 03' 33.76095""";"  77° 26' 34.00928""";554.823;Atmos PPM;0;1013.25;11.1012;175835.329;9046112.336;199.586;176089.028;9045633.904;78.939;541.571;541.535
CND_1604;04/09/2026 08:04;" 332° 27' 39.03743""";"  78° 10' 06.00516""";397.115;Atmos PPM;0;1013.25;11.1012;175909.355;9045978.55;160.373;176089.028;9045633.904;78.939;388.706;388.668
CND_27;04/09/2026 08:05;" 332° 40' 57.64713""";"  82° 13' 55.03381""";231.131;Atmos PPM;0;1013.25;11.1012;175983.95;9045837.381;110.183;176089.028;9045633.904;78.939;229.13;229.006
CND_22;04/09/2026 08:05;" 334° 37' 12.16083""";"  80° 44' 17.37679""";259.96;Atmos PPM;0;1013.25;11.1012;175979.079;9045865.717;120.783;176089.028;9045633.904;78.939;256.724;256.566
CND_1803;04/09/2026 08:07;" 348° 01' 17.47516""";"  78° 12' 07.34334""";498.574;Atmos PPM;0;1013.25;11.1012;175987.781;9046111.314;180.894;176089.028;9045633.904;78.939;488.054;488.028
CND_23;04/09/2026 08:07;" 348° 36' 45.79791""";"  78° 49' 26.61385""";391.407;Atmos PPM;0;1013.25;11.1012;176013.248;9046010.328;154.813;176089.028;9045633.904;78.939;383.951;383.976
CND_1901;04/09/2026 08:07;" 350° 13' 37.57253""";"  77° 55' 46.98087""";536.182;Atmos PPM;0;1013.25;11.1012;176000.073;9046150.616;191.08;176089.028;9045633.904;78.939;524.343;524.313
CND_20;04/09/2026 08:07;" 359° 04' 45.62137""";"  83° 56' 59.87436""";203.551;Atmos PPM;0;1013.25;11.1012;176085.793;9045836.293;100.396;176089.028;9045633.904;78.939;202.449;202.415
CND_18;04/09/2026 08:08;"   0° 51' 00.97169""";"  86° 10' 41.56709""";178.312;Atmos PPM;0;1013.25;11.1012;176091.683;9045811.797;90.826;176089.028;9045633.904;78.939;177.925;177.912
CND_17;04/09/2026 08:08;"  11° 43' 29.42426""";"  86° 38' 49.10290""";208.078;Atmos PPM;0;1013.25;11.1012;176131.256;9045837.286;91.112;176089.028;9045633.904;78.939;207.753;207.719
CND_30002;04/09/2026 10:00;" 289° 14' 45.55977""";"  79° 29' 09.98452""";723.074;Atmos PPM;0;1013.25;11.1012;175417.867;9045868.295;210.916;176089.028;9045633.904;78.939;710.915;710.912
CND_30003;04/09/2026 10:00;" 290° 56' 12.10908""";"  79° 32' 49.13888""";674.096;Atmos PPM;0;1013.25;11.1012;175469.927;9045870.83;201.27;176089.028;9045633.904;78.939;662.894;662.888
CND_30004;04/09/2026 10:00;" 291° 25' 43.56461""";"  79° 53' 02.37751""";637.676;Atmos PPM;0;1013.25;11.1012;175504.697;9045863.296;190.968;176089.028;9045633.904;78.939;627.75;627.745
CND_170_1;04/09/2026 10:00;" 298° 32' 41.55235""";"  79° 40' 30.05812""";508.767;Atmos PPM;0;1013.25;11.1012;175649.374;9045873.111;170.143;176089.028;9045633.904;78.939;500.548;500.515
CND_190_3;04/09/2026 10:00;" 298° 34' 30.34720""";"  78° 59' 19.86723""";594.721;Atmos PPM;0;1013.25;11.1012;175576.403;9045913.163;192.554;176089.028;9045633.904;78.939;583.897;583.755
CND_180_2;04/09/2026 10:01;" 299° 00' 02.76841""";"  79° 34' 25.70174""";553.865;Atmos PPM;0;1013.25;11.1012;175612.644;9045898.029;179.192;176089.028;9045633.904;78.939;544.768;544.706
CND_210_3;04/09/2026 10:01;" 302° 53' 59.94143""";"  78° 03' 50.23507""";629.472;Atmos PPM;0;1013.25;11.1012;175571.983;9045968.457;209.152;176089.028;9045633.904;78.939;616.02;615.842
CND_200_3;04/09/2026 10:01;" 303° 25' 04.14222""";"  78° 15' 53.76511""";598.439;Atmos PPM;0;1013.25;11.1012;175600.008;9045956.631;200.677;176089.028;9045633.904;78.939;586.052;585.913
CND_200_8;04/09/2026 10:01;" 303° 25' 02.14864""";"  78° 15' 55.57055""";598.439;Atmos PPM;0;1013.25;11.1012;175600.004;9045956.627;200.672;176089.028;9045633.904;78.939;586.05;585.914
CND_190_4;04/09/2026 10:01;" 304° 23' 44.32466""";"  78° 35' 20.37287""";568.317;Atmos PPM;0;1013.25;11.1012;175629.387;9045948.633;191.399;176089.028;9045633.904;78.939;557.187;557.067
CND_200_4;04/09/2026 10:01;" 309° 34' 04.70528""";"  77° 58' 10.37449""";577.863;Atmos PPM;0;1013.25;11.1012;175653.399;9045993.94;199.406;176089.028;9045633.904;78.939;565.267;565.154
CND_1505;04/09/2026 10:01;" 310° 59' 43.65782""";"  79° 10' 46.85582""";381.65;Atmos PPM;0;1013.25;11.1012;175806.122;9045879.834;150.596;176089.028;9045633.904;78.939;374.89;374.856
CND_210_4;04/09/2026 10:01;" 311° 21' 26.27923""";"  77° 25' 46.72519""";600.88;Atmos PPM;0;1013.25;11.1012;175648.863;9046021.445;209.737;176089.028;9045633.904;78.939;586.567;586.458
CND_190_5;04/09/2026 10:01;" 312° 12' 17.18578""";"  78° 10' 53.22312""";542.239;Atmos PPM;0;1013.25;11.1012;175695.922;9045990.472;190.016;176089.028;9045633.904;78.939;530.796;530.729
CND_25;04/09/2026 10:02;" 313° 23' 18.67672""";"  82° 24' 43.79337""";237.061;Atmos PPM;0;1013.25;11.1012;175918.278;9045795.337;110.246;176089.028;9045633.904;78.939;235.096;234.981
CND_29;04/09/2026 10:02;" 313° 30' 26.86448""";"  80° 52' 44.31239""";264.294;Atmos PPM;0;1013.25;11.1012;175899.782;9045813.569;120.84;176089.028;9045633.904;78.939;261.111;260.947
CND_200_5;04/09/2026 10:02;" 316° 06' 26.64878""";"  77° 35' 25.85075""";562.269;Atmos PPM;0;1013.25;11.1012;175708.355;9046029.651;199.79;176089.028;9045633.904;78.939;549.185;549.116
CND_1401;04/09/2026 10:02;" 317° 46' 12.24350""";"  79° 41' 11.48501""";345.464;Atmos PPM;0;1013.25;11.1012;175860.617;9045885.585;140.797;176089.028;9045633.904;78.939;340.026;339.875
CND_1602;04/09/2026 10:03;" 317° 50' 28.59398""";"  78° 12' 05.42850""";403.378;Atmos PPM;0;1013.25;11.1012;175824.038;9045926.621;161.428;176089.028;9045633.904;78.939;394.845;394.846
CND_1504;04/09/2026 10:03;" 320° 45' 25.18526""";"  78° 43' 33.38095""";370.088;Atmos PPM;0;1013.25;11.1012;175859.453;9045915.008;151.301;176089.028;9045633.904;78.939;362.974;362.938
CND_210_5;04/09/2026 10:03;" 320° 50' 26.45155""";"  77° 01' 26.65960""";587.596;Atmos PPM;0;1013.25;11.1012;175727.497;9046077.904;210.901;176089.028;9045633.904;78.939;572.641;572.574
CND_190_6;04/09/2026 10:03;" 321° 21' 21.78011""";"  77° 52' 44.23790""";529.233;Atmos PPM;0;1013.25;11.1012;175765.945;9046038.058;190.084;176089.028;9045633.904;78.939;517.464;517.42
CND_26;04/09/2026 10:03;" 321° 48' 36.73203""";"  82° 11' 25.02461""";231.314;Atmos PPM;0;1013.25;11.1012;175947.358;9045814.032;110.374;176089.028;9045633.904;78.939;229.307;229.164
CND_30;04/09/2026 10:03;" 323° 47' 13.74400""";"  80° 41' 07.04921""";257.39;Atmos PPM;0;1013.25;11.1012;175938.991;9045838.844;120.604;176089.028;9045633.904;78.939;254.209;253.991
CND_1402;04/09/2026 10:04;" 325° 03' 32.13462""";"  79° 32' 26.73969""";340.05;Atmos PPM;0;1013.25;11.1012;175897.533;9045908.036;140.678;176089.028;9045633.904;78.939;334.538;334.393
CND_200_6;04/09/2026 10:04;" 325° 15' 03.44594""";"  77° 24' 59.43041""";553.591;Atmos PPM;0;1013.25;11.1012;175781.116;9046077.853;199.566;176089.028;9045633.904;78.939;540.325;540.278
CND_1603;04/09/2026 10:04;" 325° 30' 40.70429""";"  78° 11' 55.41832""";397.916;Atmos PPM;0;1013.25;11.1012;175868.506;9045954.96;160.33;176089.028;9045633.904;78.939;389.496;389.495
CND_210_6;04/09/2026 10:04;" 328° 34' 39.11411""";"  76° 54' 35.56407""";582.156;Atmos PPM;0;1013.25;11.1012;175793.461;9046117.786;210.81;176089.028;9045633.904;78.939;567.059;567.011
CND_1503;04/09/2026 10:04;" 328° 44' 17.31158""";"  78° 43' 05.24185""";367.859;Atmos PPM;0;1013.25;11.1012;175901.847;9045942.284;150.914;176089.028;9045633.904;78.939;360.776;360.742
CND_34;04/09/2026 10:04;" 330° 33' 56.09991""";"  80° 30' 50.95153""";315.764;Atmos PPM;0;1013.25;11.1012;175936.001;9045905.156;130.985;176089.028;9045633.904;78.939;311.606;311.44
CND_200_7;04/09/2026 10:05;" 332° 03' 34.23955""";"  77° 26' 34.73228""";554.823;Atmos PPM;0;1013.25;11.1012;175835.33;9046112.337;199.584;176089.028;9045633.904;78.939;541.571;541.535
CND_1604;04/09/2026 10:05;" 332° 27' 35.93240""";"  78° 10' 02.80025""";397.114;Atmos PPM;0;1013.25;11.1012;175909.35;9045978.546;160.379;176089.028;9045633.904;78.939;388.706;388.667
CND_27;04/09/2026 10:05;" 332° 40' 56.88997""";"  82° 13' 58.37634""";231.131;Atmos PPM;0;1013.25;11.1012;175983.949;9045837.38;110.179;176089.028;9045633.904;78.939;229.13;229.006
CND_22;04/09/2026 10:05;" 334° 37' 12.53203""";"  80° 44' 18.11278""";259.959;Atmos PPM;0;1013.25;11.1012;175979.079;9045865.717;120.782;176089.028;9045633.904;78.939;256.724;256.566
CND_210_7;04/09/2026 10:06;" 337° 51' 18.68158""";"  77° 09' 29.61495""";584.999;Atmos PPM;0;1013.25;11.1012;175874.08;9046162.199;208.983;176089.028;9045633.904;78.939;570.387;570.349
CND_36;04/09/2026 10:08;" 346° 51' 04.22751""";"  80° 56' 13.99746""";333.035;Atmos PPM;0;1013.25;11.1012;176014.243;9045954.16;131.405;176089.028;9045633.904;78.939;328.884;328.871
CND_1803;04/09/2026 10:08;" 348° 01' 17.35859""";"  78° 12' 06.08553""";498.574;Atmos PPM;0;1013.25;11.1012;175987.781;9046111.313;180.897;176089.028;9045633.904;78.939;488.054;488.027
CND_23;04/09/2026 10:08;" 348° 36' 46.46086""";"  78° 49' 26.01576""";391.407;Atmos PPM;0;1013.25;11.1012;176013.249;9046010.328;154.814;176089.028;9045633.904;78.939;383.951;383.976
CND_1901;04/09/2026 10:08;" 350° 13' 37.97778""";"  77° 55' 47.26654""";536.181;Atmos PPM;0;1013.25;11.1012;176000.074;9046150.615;191.079;176089.028;9045633.904;78.939;524.343;524.312
CND_20;04/09/2026 10:08;" 359° 04' 45.59399""";"  83° 57' 00.71948""";203.551;Atmos PPM;0;1013.25;11.1012;176085.793;9045836.293;100.395;176089.028;9045633.904;78.939;202.449;202.414
CND_18;04/09/2026 10:08;"   0° 50' 59.64103""";"  86° 10' 54.20664""";178.311;Atmos PPM;0;1013.25;11.1012;176091.682;9045811.797;90.815;176089.028;9045633.904;78.939;177.925;177.913
CND_17;04/09/2026 10:09;"  11° 43' 29.16277""";"  86° 38' 54.92194""";208.078;Atmos PPM;0;1013.25;11.1012;176131.256;9045837.286;91.106;176089.028;9045633.904;78.939;207.753;207.719
CND_30002;04/09/2026 12:00;" 289° 14' 43.52629""";"  79° 29' 07.32093""";723.073;Atmos PPM;0;1013.25;11.1012;175417.868;9045868.287;210.925;176089.028;9045633.904;78.939;710.915;710.909
CND_30003;04/09/2026 12:00;" 290° 56' 09.42841""";"  79° 32' 52.90540""";674.096;Atmos PPM;0;1013.25;11.1012;175469.922;9045870.823;201.258;176089.028;9045633.904;78.939;662.894;662.89
CND_30004;04/09/2026 12:00;" 291° 25' 39.03976""";"  79° 53' 02.30394""";637.676;Atmos PPM;0;1013.25;11.1012;175504.692;9045863.283;190.969;176089.028;9045633.904;78.939;627.75;627.744
CND_170_1;04/09/2026 12:00;" 298° 32' 42.33012""";"  79° 40' 26.98862""";508.767;Atmos PPM;0;1013.25;11.1012;175649.376;9045873.112;170.151;176089.028;9045633.904;78.939;500.548;500.514
CND_190_3;04/09/2026 12:00;" 298° 34' 28.62357""";"  78° 59' 22.21380""";594.721;Atmos PPM;0;1013.25;11.1012;175576.4;9045913.16;192.547;176089.028;9045633.904;78.939;583.897;583.756
CND_180_2;04/09/2026 12:01;" 298° 59' 57.20315""";"  79° 34' 25.89807""";553.865;Atmos PPM;0;1013.25;11.1012;175612.637;9045898.016;179.191;176089.028;9045633.904;78.939;544.768;544.705
CND_210_3;04/09/2026 12:01;" 302° 54' 01.27726""";"  78° 03' 51.72835""";629.471;Atmos PPM;0;1013.25;11.1012;175571.984;9045968.461;209.148;176089.028;9045633.904;78.939;616.02;615.843
CND_200_8;04/09/2026 12:01;" 303° 24' 59.65572""";"  78° 15' 53.74251""";598.438;Atmos PPM;0;1013.25;11.1012;175600.001;9045956.62;200.677;176089.028;9045633.904;78.939;586.05;585.912
CND_200_3;04/09/2026 12:01;" 303° 25' 00.27496""";"  78° 15' 53.42321""";598.439;Atmos PPM;0;1013.25;11.1012;175600.002;9045956.622;200.678;176089.028;9045633.904;78.939;586.052;585.913
CND_190_4;04/09/2026 12:01;" 304° 23' 49.23809""";"  78° 35' 21.26195""";568.317;Atmos PPM;0;1013.25;11.1012;175629.394;9045948.644;191.397;176089.028;9045633.904;78.939;557.187;557.068
CND_200_4;04/09/2026 12:01;" 309° 34' 03.12786""";"  77° 58' 09.95559""";577.863;Atmos PPM;0;1013.25;11.1012;175653.396;9045993.937;199.407;176089.028;9045633.904;78.939;565.267;565.154
CND_1505;04/09/2026 12:01;" 310° 59' 39.48418""";"  79° 10' 41.88099""";381.65;Atmos PPM;0;1013.25;11.1012;175806.118;9045879.827;150.605;176089.028;9045633.904;78.939;374.89;374.855
CND_210_4;04/09/2026 12:01;" 311° 21' 19.78195""";"  77° 25' 47.14724""";600.88;Atmos PPM;0;1013.25;11.1012;175648.851;9046021.431;209.736;176089.028;9045633.904;78.939;586.567;586.459
CND_190_5;04/09/2026 12:01;" 312° 12' 15.52252""";"  78° 10' 49.73544""";542.239;Atmos PPM;0;1013.25;11.1012;175695.92;9045990.467;190.025;176089.028;9045633.904;78.939;530.796;530.727
CND_25;04/09/2026 12:02;" 313° 23' 16.00489""";"  82° 24' 38.13151""";237.061;Atmos PPM;0;1013.25;11.1012;175918.277;9045795.334;110.252;176089.028;9045633.904;78.939;235.096;234.98
CND_29;04/09/2026 12:02;" 313° 30' 23.85776""";"  80° 52' 43.19447""";264.294;Atmos PPM;0;1013.25;11.1012;175899.78;9045813.566;120.841;176089.028;9045633.904;78.939;261.111;260.947
CND_200_5;04/09/2026 12:03;" 316° 06' 19.45773""";"  77° 35' 26.55241""";562.268;Atmos PPM;0;1013.25;11.1012;175708.341;9046029.638;199.788;176089.028;9045633.904;78.939;549.185;549.116
CND_1401;04/09/2026 12:03;" 317° 46' 09.44910""";"  79° 41' 10.61958""";345.464;Atmos PPM;0;1013.25;11.1012;175860.613;9045885.582;140.798;176089.028;9045633.904;78.939;340.026;339.875
CND_1602;04/09/2026 12:03;" 317° 50' 25.61275""";"  78° 12' 04.95487""";403.378;Atmos PPM;0;1013.25;11.1012;175824.034;9045926.617;161.429;176089.028;9045633.904;78.939;394.845;394.845
CND_1504;04/09/2026 12:03;" 320° 45' 20.38980""";"  78° 43' 31.54245""";370.087;Atmos PPM;0;1013.25;11.1012;175859.448;9045915.002;151.304;176089.028;9045633.904;78.939;362.974;362.937
CND_210_5;04/09/2026 12:03;" 320° 50' 21.68984""";"  77° 01' 24.23017""";587.596;Atmos PPM;0;1013.25;11.1012;175727.488;9046077.895;210.908;176089.028;9045633.904;78.939;572.641;572.572
CND_190_6;04/09/2026 12:04;" 321° 21' 22.89219""";"  77° 52' 42.58624""";529.233;Atmos PPM;0;1013.25;11.1012;175765.947;9046038.059;190.089;176089.028;9045633.904;78.939;517.464;517.419
CND_26;04/09/2026 12:04;" 321° 48' 30.30441""";"  82° 11' 29.00932""";231.313;Atmos PPM;0;1013.25;11.1012;175947.353;9045814.027;110.37;176089.028;9045633.904;78.939;229.307;229.164
CND_30;04/09/2026 12:04;" 323° 47' 11.93266""";"  80° 41' 07.93679""";257.39;Atmos PPM;0;1013.25;11.1012;175938.989;9045838.843;120.603;176089.028;9045633.904;78.939;254.209;253.991
CND_1402;04/09/2026 12:04;" 325° 03' 26.64756""";"  79° 32' 25.92817""";340.05;Atmos PPM;0;1013.25;11.1012;175897.526;9045908.031;140.679;176089.028;9045633.904;78.939;334.538;334.393
CND_200_6;04/09/2026 12:04;" 325° 14' 59.56860""";"  77° 24' 58.62966""";553.591;Atmos PPM;0;1013.25;11.1012;175781.109;9046077.846;199.568;176089.028;9045633.904;78.939;540.325;540.277
CND_1603;04/09/2026 12:04;" 325° 30' 36.20199""";"  78° 11' 58.49538""";397.915;Atmos PPM;0;1013.25;11.1012;175868.499;9045954.955;160.324;176089.028;9045633.904;78.939;389.496;389.496
CND_210_6;04/09/2026 12:04;" 328° 34' 35.54369""";"  76° 54' 37.15930""";582.156;Atmos PPM;0;1013.25;11.1012;175793.452;9046117.781;210.805;176089.028;9045633.904;78.939;567.059;567.011
CND_1503;04/09/2026 12:05;" 328° 44' 14.38187""";"  78° 43' 02.06770""";367.859;Atmos PPM;0;1013.25;11.1012;175901.843;9045942.281;150.92;176089.028;9045633.904;78.939;360.776;360.741
CND_34;04/09/2026 12:05;" 330° 33' 52.54098""";"  80° 30' 51.24531""";315.763;Atmos PPM;0;1013.25;11.1012;175935.997;9045905.153;130.984;176089.028;9045633.904;78.939;311.606;311.44
CND_200_7;04/09/2026 12:05;" 332° 03' 28.18014""";"  77° 26' 35.05270""";554.822;Atmos PPM;0;1013.25;11.1012;175835.316;9046112.329;199.583;176089.028;9045633.904;78.939;541.571;541.535
CND_1604;04/09/2026 12:05;" 332° 27' 30.37906""";"  78° 10' 05.92336""";397.114;Atmos PPM;0;1013.25;11.1012;175909.34;9045978.542;160.373;176089.028;9045633.904;78.939;388.706;388.668
CND_27;04/09/2026 12:05;" 332° 40' 50.66974""";"  82° 13' 55.49932""";231.131;Atmos PPM;0;1013.25;11.1012;175983.944;9045837.376;110.182;176089.028;9045633.904;78.939;229.13;229.006
CND_22;04/09/2026 12:05;" 334° 37' 09.77164""";"  80° 44' 19.16087""";259.96;Atmos PPM;0;1013.25;11.1012;175979.076;9045865.716;120.781;176089.028;9045633.904;78.939;256.724;256.566
CND_210_7;04/09/2026 12:06;" 337° 51' 15.00912""";"  77° 09' 27.89459""";584.999;Atmos PPM;0;1013.25;11.1012;175874.071;9046162.194;208.987;176089.028;9045633.904;78.939;570.387;570.347
CND_1803;04/09/2026 12:08;" 348° 01' 13.68803""";"  78° 12' 11.61404""";498.573;Atmos PPM;0;1013.25;11.1012;175987.772;9046111.314;180.884;176089.028;9045633.904;78.939;488.054;488.029
CND_23;04/09/2026 12:08;" 348° 36' 38.67559""";"  78° 49' 28.14744""";391.407;Atmos PPM;0;1013.25;11.1012;176013.235;9046010.326;154.81;176089.028;9045633.904;78.939;383.951;383.976
CND_1901;04/09/2026 12:08;" 350° 13' 32.70586""";"  77° 55' 47.55437""";536.181;Atmos PPM;0;1013.25;11.1012;176000.061;9046150.614;191.078;176089.028;9045633.904;78.939;524.343;524.312
CND_20;04/09/2026 12:08;" 359° 04' 40.91582""";"  83° 57' 01.88563""";203.551;Atmos PPM;0;1013.25;11.1012;176085.788;9045836.293;100.394;176089.028;9045633.904;78.939;202.449;202.414
CND_18;04/09/2026 12:09;"   0° 50' 50.71767""";"  86° 10' 59.68787""";178.311;Atmos PPM;0;1013.25;11.1012;176091.675;9045811.798;90.811;176089.028;9045633.904;78.939;177.925;177.913
CND_17;04/09/2026 12:09;"  11° 43' 25.86537""";"  86° 38' 50.93350""";208.077;Atmos PPM;0;1013.25;11.1012;176131.253;9045837.286;91.11;176089.028;9045633.904;78.939;207.753;207.718
CND_30002;04/09/2026 14:00;" 289° 14' 37.79922""";"  79° 29' 03.95104""";723.074;Atmos PPM;0;1013.25;11.1012;175417.863;9045868.268;210.936;176089.028;9045633.904;78.939;710.915;710.907
CND_30003;04/09/2026 14:00;" 290° 56' 07.67033""";"  79° 32' 55.25046""";674.095;Atmos PPM;0;1013.25;11.1012;175469.918;9045870.818;201.25;176089.028;9045633.904;78.939;662.894;662.892
CND_30004;04/09/2026 14:00;" 291° 25' 41.44517""";"  79° 53' 03.99493""";637.675;Atmos PPM;0;1013.25;11.1012;175504.695;9045863.29;190.963;176089.028;9045633.904;78.939;627.75;627.745
CND_170_1;04/09/2026 14:00;" 298° 32' 36.87796""";"  79° 40' 31.86854""";508.767;Atmos PPM;0;1013.25;11.1012;175649.368;9045873.102;170.139;176089.028;9045633.904;78.939;500.548;500.517
CND_190_3;04/09/2026 14:01;" 298° 34' 27.08494""";"  78° 59' 20.08221""";594.721;Atmos PPM;0;1013.25;11.1012;175576.399;9045913.155;192.553;176089.028;9045633.904;78.939;583.897;583.755
CND_180_2;04/09/2026 14:01;" 298° 59' 58.25659""";"  79° 34' 28.49794""";553.864;Atmos PPM;0;1013.25;11.1012;175612.638;9045898.019;179.184;176089.028;9045633.904;78.939;544.768;544.706
CND_210_3;04/09/2026 14:01;" 302° 53' 54.69501""";"  78° 03' 50.70901""";629.471;Atmos PPM;0;1013.25;11.1012;175571.975;9045968.444;209.151;176089.028;9045633.904;78.939;616.02;615.842
CND_200_8;04/09/2026 14:01;" 303° 24' 58.32544""";"  78° 15' 54.57216""";598.438;Atmos PPM;0;1013.25;11.1012;175599.999;9045956.617;200.675;176089.028;9045633.904;78.939;586.05;585.913
CND_200_3;04/09/2026 14:01;" 303° 25' 00.70914""";"  78° 15' 57.09410""";598.438;Atmos PPM;0;1013.25;11.1012;175600.001;9045956.624;200.667;176089.028;9045633.904;78.939;586.052;585.914
CND_190_4;04/09/2026 14:01;" 304° 23' 45.67466""";"  78° 35' 25.51899""";568.317;Atmos PPM;0;1013.25;11.1012;175629.387;9045948.637;191.385;176089.028;9045633.904;78.939;557.187;557.07
CND_200_4;04/09/2026 14:01;" 309° 34' 00.10979""";"  77° 58' 12.66749""";577.863;Atmos PPM;0;1013.25;11.1012;175653.389;9045993.931;199.399;176089.028;9045633.904;78.939;565.267;565.155
CND_1505;04/09/2026 14:01;" 310° 59' 38.95047""";"  79° 10' 47.77289""";381.65;Atmos PPM;0;1013.25;11.1012;175806.116;9045879.827;150.594;176089.028;9045633.904;78.939;374.89;374.856
CND_210_4;04/09/2026 14:02;" 311° 21' 22.51536""";"  77° 25' 48.12957""";600.879;Atmos PPM;0;1013.25;11.1012;175648.856;9046021.437;209.733;176089.028;9045633.904;78.939;586.567;586.458
CND_190_5;04/09/2026 14:02;" 312° 12' 17.19196""";"  78° 10' 53.39345""";542.238;Atmos PPM;0;1013.25;11.1012;175695.922;9045990.471;190.015;176089.028;9045633.904;78.939;530.796;530.728
CND_25;04/09/2026 14:02;" 313° 23' 16.35062""";"  82° 24' 42.86994""";237.06;Atmos PPM;0;1013.25;11.1012;175918.277;9045795.335;110.247;176089.028;9045633.904;78.939;235.096;234.981
CND_29;04/09/2026 14:02;" 313° 30' 25.82893""";"  80° 52' 54.03292""";264.294;Atmos PPM;0;1013.25;11.1012;175899.78;9045813.569;120.827;176089.028;9045633.904;78.939;261.111;260.949
CND_200_5;04/09/2026 14:02;" 316° 06' 23.06739""";"  77° 35' 29.52974""";562.268;Atmos PPM;0;1013.25;11.1012;175708.347;9046029.646;199.78;176089.028;9045633.904;78.939;549.185;549.117
CND_1401;04/09/2026 14:02;" 317° 46' 08.71253""";"  79° 41' 09.74971""";345.464;Atmos PPM;0;1013.25;11.1012;175860.613;9045885.581;140.8;176089.028;9045633.904;78.939;340.026;339.875
CND_1602;04/09/2026 14:03;" 317° 50' 24.24585""";"  78° 12' 06.02662""";403.378;Atmos PPM;0;1013.25;11.1012;175824.031;9045926.616;161.427;176089.028;9045633.904;78.939;394.845;394.846
CND_1504;04/09/2026 14:03;" 320° 45' 21.95719""";"  78° 43' 32.45233""";370.088;Atmos PPM;0;1013.25;11.1012;175859.449;9045915.004;151.303;176089.028;9045633.904;78.939;362.974;362.937
CND_210_5;04/09/2026 14:03;" 320° 50' 19.13990""";"  77° 01' 23.66328""";587.596;Atmos PPM;0;1013.25;11.1012;175727.483;9046077.889;210.909;176089.028;9045633.904;78.939;572.641;572.571
CND_190_6;04/09/2026 14:03;" 321° 21' 20.53115""";"  77° 52' 41.84343""";529.233;Atmos PPM;0;1013.25;11.1012;175765.943;9046038.055;190.09;176089.028;9045633.904;78.939;517.464;517.418
CND_26;04/09/2026 14:03;" 321° 48' 31.05126""";"  82° 11' 26.86122""";231.313;Atmos PPM;0;1013.25;11.1012;175947.354;9045814.028;110.372;176089.028;9045633.904;78.939;229.307;229.164
CND_30;04/09/2026 14:04;" 323° 47' 09.92494""";"  80° 41' 08.55778""";257.39;Atmos PPM;0;1013.25;11.1012;175938.987;9045838.842;120.602;176089.028;9045633.904;78.939;254.209;253.992
CND_1402;04/09/2026 14:04;" 325° 03' 26.85681""";"  79° 32' 23.82299""";340.05;Atmos PPM;0;1013.25;11.1012;175897.527;9045908.031;140.683;176089.028;9045633.904;78.939;334.538;334.392
CND_200_6;04/09/2026 14:04;" 325° 15' 00.90170""";"  77° 24' 58.54261""";553.591;Atmos PPM;0;1013.25;11.1012;175781.111;9046077.848;199.568;176089.028;9045633.904;78.939;540.325;540.277
CND_1603;04/09/2026 14:04;" 325° 30' 37.94273""";"  78° 11' 56.65808""";397.915;Atmos PPM;0;1013.25;11.1012;175868.502;9045954.957;160.328;176089.028;9045633.904;78.939;389.496;389.496
CND_210_6;04/09/2026 14:04;" 328° 34' 35.58607""";"  76° 54' 36.36630""";582.155;Atmos PPM;0;1013.25;11.1012;175793.453;9046117.781;210.807;176089.028;9045633.904;78.939;567.059;567.011
CND_1503;04/09/2026 14:05;" 328° 44' 13.80889""";"  78° 43' 00.63689""";367.859;Atmos PPM;0;1013.25;11.1012;175901.842;9045942.28;150.922;176089.028;9045633.904;78.939;360.776;360.741
CND_34;04/09/2026 14:05;" 330° 33' 53.51249""";"  80° 30' 48.86666""";315.764;Atmos PPM;0;1013.25;11.1012;175935.998;9045905.153;130.988;176089.028;9045633.904;78.939;311.606;311.439
CND_200_7;04/09/2026 14:05;" 332° 03' 30.38674""";"  77° 26' 33.26417""";554.822;Atmos PPM;0;1013.25;11.1012;175835.322;9046112.33;199.587;176089.028;9045633.904;78.939;541.571;541.533
CND_1604;04/09/2026 14:05;" 332° 27' 30.45378""";"  78° 10' 04.29991""";397.114;Atmos PPM;0;1013.25;11.1012;175909.341;9045978.541;160.376;176089.028;9045633.904;78.939;388.706;388.667
CND_27;04/09/2026 14:05;" 332° 40' 52.95108""";"  82° 13' 56.18313""";231.131;Atmos PPM;0;1013.25;11.1012;175983.946;9045837.378;110.182;176089.028;9045633.904;78.939;229.13;229.006
CND_22;04/09/2026 14:05;" 334° 37' 06.28606""";"  80° 44' 19.37681""";259.959;Atmos PPM;0;1013.25;11.1012;175979.072;9045865.714;120.781;176089.028;9045633.904;78.939;256.724;256.566
CND_210_7;04/09/2026 14:06;" 337° 51' 12.36779""";"  77° 09' 28.50496""";585;Atmos PPM;0;1013.25;11.1012;175874.064;9046162.192;208.986;176089.028;9045633.904;78.939;570.387;570.349
CND_1803;04/09/2026 14:08;" 348° 01' 12.74242""";"  78° 12' 10.09611""";498.573;Atmos PPM;0;1013.25;11.1012;175987.77;9046111.313;180.888;176089.028;9045633.904;78.939;488.054;488.029
CND_23;04/09/2026 14:08;" 348° 36' 43.60955""";"  78° 49' 29.56813""";391.407;Atmos PPM;0;1013.25;11.1012;176013.244;9046010.328;154.807;176089.028;9045633.904;78.939;383.951;383.976
CND_1901;04/09/2026 14:08;" 350° 13' 34.76057""";"  77° 55' 46.76190""";536.181;Atmos PPM;0;1013.25;11.1012;176000.066;9046150.614;191.08;176089.028;9045633.904;78.939;524.343;524.312
CND_20;04/09/2026 14:09;" 359° 04' 40.16149""";"  83° 57' 00.11221""";203.551;Atmos PPM;0;1013.25;11.1012;176085.788;9045836.293;100.395;176089.028;9045633.904;78.939;202.449;202.414
CND_18;04/09/2026 14:09;"   0° 50' 53.72538""";"  86° 10' 53.10043""";178.311;Atmos PPM;0;1013.25;11.1012;176091.677;9045811.797;90.816;176089.028;9045633.904;78.939;177.925;177.912
CND_17;04/09/2026 14:09;"  11° 43' 23.42671""";"  86° 38' 53.33510""";208.077;Atmos PPM;0;1013.25;11.1012;176131.25;9045837.286;91.108;176089.028;9045633.904;78.939;207.753;207.718
CND_30002;04/09/2026 16:00;" 289° 14' 39.05809""";"  79° 29' 01.96817""";723.074;Atmos PPM;0;1013.25;11.1012;175417.865;9045868.272;210.943;176089.028;9045633.904;78.939;710.915;710.907
CND_30003;04/09/2026 16:00;" 290° 56' 09.42497""";"  79° 32' 48.67362""";674.095;Atmos PPM;0;1013.25;11.1012;175469.924;9045870.822;201.271;176089.028;9045633.904;78.939;662.894;662.888
CND_30004;04/09/2026 16:00;" 291° 25' 40.28284""";"  79° 52' 57.99690""";637.676;Atmos PPM;0;1013.25;11.1012;175504.696;9045863.286;190.982;176089.028;9045633.904;78.939;627.75;627.742
CND_170_1;04/09/2026 16:00;" 298° 32' 36.60475""";"  79° 40' 28.46085""";508.767;Atmos PPM;0;1013.25;11.1012;175649.369;9045873.1;170.147;176089.028;9045633.904;78.939;500.548;500.515
CND_190_3;04/09/2026 16:00;" 298° 34' 26.20118""";"  78° 59' 21.98809""";594.721;Atmos PPM;0;1013.25;11.1012;175576.397;9045913.154;192.548;176089.028;9045633.904;78.939;583.897;583.756
CND_180_2;04/09/2026 16:01;" 298° 59' 53.59024""";"  79° 34' 24.03875""";553.865;Atmos PPM;0;1013.25;11.1012;175612.633;9045898.008;179.196;176089.028;9045633.904;78.939;544.768;544.705
CND_210_3;04/09/2026 16:01;" 302° 53' 55.54691""";"  78° 03' 51.42410""";629.471;Atmos PPM;0;1013.25;11.1012;175571.975;9045968.447;209.148;176089.028;9045633.904;78.939;616.02;615.843
CND_200_8;04/09/2026 16:01;" 303° 24' 59.45889""";"  78° 15' 53.35362""";598.439;Atmos PPM;0;1013.25;11.1012;175600.001;9045956.62;200.678;176089.028;9045633.904;78.939;586.05;585.912
CND_200_3;04/09/2026 16:01;" 303° 24' 58.83728""";"  78° 15' 52.31689""";598.439;Atmos PPM;0;1013.25;11.1012;175600;9045956.618;200.681;176089.028;9045633.904;78.939;586.052;585.912
CND_190_4;04/09/2026 16:01;" 304° 23' 43.16240""";"  78° 35' 20.44874""";568.317;Atmos PPM;0;1013.25;11.1012;175629.385;9045948.63;191.399;176089.028;9045633.904;78.939;557.187;557.067
CND_200_4;04/09/2026 16:01;" 309° 33' 59.00197""";"  77° 58' 12.11036""";577.863;Atmos PPM;0;1013.25;11.1012;175653.388;9045993.929;199.401;176089.028;9045633.904;78.939;565.267;565.155
CND_1505;04/09/2026 16:01;" 310° 59' 37.91501""";"  79° 10' 45.80195""";381.65;Atmos PPM;0;1013.25;11.1012;175806.115;9045879.825;150.598;176089.028;9045633.904;78.939;374.89;374.856
CND_210_4;04/09/2026 16:01;" 311° 21' 19.75837""";"  77° 25' 48.34179""";600.879;Atmos PPM;0;1013.25;11.1012;175648.851;9046021.431;209.732;176089.028;9045633.904;78.939;586.567;586.459
CND_190_5;04/09/2026 16:01;" 312° 12' 14.20217""";"  78° 10' 53.25927""";542.238;Atmos PPM;0;1013.25;11.1012;175695.917;9045990.466;190.016;176089.028;9045633.904;78.939;530.796;530.728
CND_25;04/09/2026 16:02;" 313° 23' 14.84185""";"  82° 24' 41.37849""";237.061;Atmos PPM;0;1013.25;11.1012;175918.276;9045795.334;110.249;176089.028;9045633.904;78.939;235.096;234.981
CND_29;04/09/2026 16:02;" 313° 30' 24.37214""";"  80° 52' 45.21258""";264.294;Atmos PPM;0;1013.25;11.1012;175899.78;9045813.567;120.839;176089.028;9045633.904;78.939;261.111;260.947
CND_200_5;04/09/2026 16:02;" 316° 06' 19.77109""";"  77° 35' 25.41769""";562.268;Atmos PPM;0;1013.25;11.1012;175708.342;9046029.638;199.791;176089.028;9045633.904;78.939;549.185;549.115
CND_1401;04/09/2026 16:02;" 317° 46' 07.54668""";"  79° 41' 08.96317""";345.464;Atmos PPM;0;1013.25;11.1012;175860.612;9045885.579;140.801;176089.028;9045633.904;78.939;340.026;339.874
CND_1602;04/09/2026 16:02;" 317° 50' 25.08293""";"  78° 12' 05.45887""";403.377;Atmos PPM;0;1013.25;11.1012;175824.033;9045926.616;161.428;176089.028;9045633.904;78.939;394.845;394.845
CND_1504;04/09/2026 16:02;" 320° 45' 19.03847""";"  78° 43' 32.80374""";370.088;Atmos PPM;0;1013.25;11.1012;175859.445;9045915.001;151.302;176089.028;9045633.904;78.939;362.974;362.938
CND_210_5;04/09/2026 16:03;" 320° 50' 21.40972""";"  77° 01' 23.42232""";587.596;Atmos PPM;0;1013.25;11.1012;175727.488;9046077.894;210.91;176089.028;9045633.904;78.939;572.641;572.571
CND_190_6;04/09/2026 16:03;" 321° 21' 19.04171""";"  77° 52' 43.33830""";529.233;Atmos PPM;0;1013.25;11.1012;175765.94;9046038.053;190.087;176089.028;9045633.904;78.939;517.464;517.419
CND_26;04/09/2026 16:03;" 321° 48' 30.44746""";"  82° 11' 26.26791""";231.313;Atmos PPM;0;1013.25;11.1012;175947.353;9045814.027;110.373;176089.028;9045633.904;78.939;229.307;229.164
CND_30;04/09/2026 16:03;" 323° 47' 06.85530""";"  80° 41' 07.70504""";257.39;Atmos PPM;0;1013.25;11.1012;175938.984;9045838.839;120.603;176089.028;9045633.904;78.939;254.209;253.991
CND_1402;04/09/2026 16:03;" 325° 03' 25.54888""";"  79° 32' 25.26421""";340.05;Atmos PPM;0;1013.25;11.1012;175897.525;9045908.03;140.68;176089.028;9045633.904;78.939;334.538;334.393
CND_200_6;04/09/2026 16:03;" 325° 14' 59.16542""";"  77° 24' 57.97397""";553.591;Atmos PPM;0;1013.25;11.1012;175781.108;9046077.846;199.569;176089.028;9045633.904;78.939;540.325;540.277
CND_1603;04/09/2026 16:03;" 325° 30' 35.80866""";"  78° 11' 58.52732""";397.915;Atmos PPM;0;1013.25;11.1012;175868.498;9045954.955;160.324;176089.028;9045633.904;78.939;389.496;389.496
CND_210_6;04/09/2026 16:03;" 328° 34' 35.76648""";"  76° 54' 34.25295""";582.156;Atmos PPM;0;1013.25;11.1012;175793.454;9046117.78;210.813;176089.028;9045633.904;78.939;567.059;567.01
CND_1503;04/09/2026 16:04;" 328° 44' 13.05366""";"  78° 43' 01.57491""";367.859;Atmos PPM;0;1013.25;11.1012;175901.841;9045942.279;150.921;176089.028;9045633.904;78.939;360.776;360.741
CND_34;04/09/2026 16:04;" 330° 33' 52.91522""";"  80° 30' 49.27786""";315.764;Atmos PPM;0;1013.25;11.1012;175935.997;9045905.153;130.987;176089.028;9045633.904;78.939;311.606;311.439
CND_200_7;04/09/2026 16:04;" 332° 03' 28.36111""";"  77° 26' 35.18622""";554.822;Atmos PPM;0;1013.25;11.1012;175835.316;9046112.329;199.582;176089.028;9045633.904;78.939;541.571;541.535
CND_1604;04/09/2026 16:04;" 332° 27' 31.45881""";"  78° 10' 05.45851""";397.114;Atmos PPM;0;1013.25;11.1012;175909.342;9045978.543;160.374;176089.028;9045633.904;78.939;388.706;388.668
CND_27;04/09/2026 16:04;" 332° 40' 53.30997""";"  82° 13' 55.88968""";231.131;Atmos PPM;0;1013.25;11.1012;175983.946;9045837.378;110.182;176089.028;9045633.904;78.939;229.13;229.006
CND_22;04/09/2026 16:04;" 334° 37' 08.68472""";"  80° 44' 19.19121""";259.96;Atmos PPM;0;1013.25;11.1012;175979.075;9045865.716;120.781;176089.028;9045633.904;78.939;256.724;256.566
CND_1803;04/09/2026 16:06;" 348° 01' 11.56316""";"  78° 12' 07.52033""";498.573;Atmos PPM;0;1013.25;11.1012;175987.767;9046111.311;180.894;176089.028;9045633.904;78.939;488.054;488.027
CND_23;04/09/2026 16:06;" 348° 36' 41.76843""";"  78° 49' 25.79056""";391.407;Atmos PPM;0;1013.25;11.1012;176013.241;9046010.326;154.814;176089.028;9045633.904;78.939;383.951;383.975
CND_1901;04/09/2026 16:07;" 350° 13' 30.45463""";"  77° 55' 47.97206""";536.181;Atmos PPM;0;1013.25;11.1012;176000.055;9046150.613;191.077;176089.028;9045633.904;78.939;524.343;524.313
CND_20;04/09/2026 16:07;" 359° 04' 39.23989""";"  83° 57' 02.16195""";203.551;Atmos PPM;0;1013.25;11.1012;176085.787;9045836.293;100.393;176089.028;9045633.904;78.939;202.449;202.414
CND_18;04/09/2026 16:07;"   0° 50' 54.98359""";"  86° 10' 47.09490""";178.31;Atmos PPM;0;1013.25;11.1012;176091.678;9045811.796;90.821;176089.028;9045633.904;78.939;177.925;177.912
CND_17;04/09/2026 16:07;"  11° 43' 24.48554""";"  86° 38' 51.50137""";208.077;Atmos PPM;0;1013.25;11.1012;176131.251;9045837.286;91.11;176089.028;9045633.904;78.939;207.753;207.718
CND_30002;04/09/2026 18:00;" 289° 14' 45.10595""";"  79° 28' 59.97276""";723.074;Atmos PPM;0;1013.25;11.1012;175417.873;9045868.291;210.95;176089.028;9045633.904;78.939;710.915;710.906
CND_30003;04/09/2026 18:00;" 290° 56' 13.91500""";"  79° 32' 50.01338""";674.096;Atmos PPM;0;1013.25;11.1012;175469.928;9045870.836;201.267;176089.028;9045633.904;78.939;662.894;662.889
CND_30004;04/09/2026 18:00;" 291° 25' 44.12644""";"  79° 52' 56.11162""";637.676;Atmos PPM;0;1013.25;11.1012;175504.701;9045863.297;190.988;176089.028;9045633.904;78.939;627.75;627.741
CND_170_1;04/09/2026 18:00;" 298° 32' 41.69069""";"  79° 40' 27.66367""";508.767;Atmos PPM;0;1013.25;11.1012;175649.375;9045873.111;170.149;176089.028;9045633.904;78.939;500.548;500.515
CND_190_3;04/09/2026 18:00;" 298° 34' 30.94937""";"  78° 59' 20.20867""";594.721;Atmos PPM;0;1013.25;11.1012;175576.404;9045913.165;192.553;176089.028;9045633.904;78.939;583.897;583.755
CND_180_2;04/09/2026 18:01;" 298° 59' 59.29137""";"  79° 34' 24.21787""";553.865;Atmos PPM;0;1013.25;11.1012;175612.64;9045898.021;179.196;176089.028;9045633.904;78.939;544.768;544.705
CND_210_3;04/09/2026 18:01;" 302° 53' 59.89784""";"  78° 03' 49.95523""";629.471;Atmos PPM;0;1013.25;11.1012;175571.983;9045968.457;209.153;176089.028;9045633.904;78.939;616.02;615.842
CND_200_3;04/09/2026 18:01;" 303° 25' 03.25576""";"  78° 15' 52.62887""";598.439;Atmos PPM;0;1013.25;11.1012;175600.007;9045956.629;200.68;176089.028;9045633.904;78.939;586.052;585.912
CND_200_8;04/09/2026 18:01;" 303° 25' 03.47967""";"  78° 15' 52.66481""";598.439;Atmos PPM;0;1013.25;11.1012;175600.007;9045956.629;200.68;176089.028;9045633.904;78.939;586.05;585.912
CND_190_4;04/09/2026 18:01;" 304° 23' 46.99270""";"  78° 35' 21.12848""";568.317;Atmos PPM;0;1013.25;11.1012;175629.391;9045948.639;191.397;176089.028;9045633.904;78.939;557.187;557.068
CND_200_4;04/09/2026 18:01;" 309° 34' 02.97184""";"  77° 58' 12.20558""";577.863;Atmos PPM;0;1013.25;11.1012;175653.395;9045993.937;199.401;176089.028;9045633.904;78.939;565.267;565.155
CND_1505;04/09/2026 18:01;" 310° 59' 42.17167""";"  79° 10' 45.14421""";381.651;Atmos PPM;0;1013.25;11.1012;175806.12;9045879.831;150.599;176089.028;9045633.904;78.939;374.89;374.856
CND_210_4;04/09/2026 18:01;" 311° 21' 25.06950""";"  77° 25' 47.41411""";600.88;Atmos PPM;0;1013.25;11.1012;175648.86;9046021.443;209.735;176089.028;9045633.904;78.939;586.567;586.459
CND_190_5;04/09/2026 18:01;" 312° 12' 18.45491""";"  78° 10' 51.76500""";542.239;Atmos PPM;0;1013.25;11.1012;175695.924;9045990.473;190.02;176089.028;9045633.904;78.939;530.796;530.728
CND_25;04/09/2026 18:02;" 313° 23' 17.85260""";"  82° 24' 39.26692""";237.061;Atmos PPM;0;1013.25;11.1012;175918.278;9045795.336;110.251;176089.028;9045633.904;78.939;235.096;234.98
CND_29;04/09/2026 18:02;" 313° 30' 25.87868""";"  80° 52' 42.89313""";264.294;Atmos PPM;0;1013.25;11.1012;175899.781;9045813.568;120.842;176089.028;9045633.904;78.939;261.111;260.947
CND_200_5;04/09/2026 18:02;" 316° 06' 24.43183""";"  77° 35' 25.99536""";562.269;Atmos PPM;0;1013.25;11.1012;175708.351;9046029.647;199.789;176089.028;9045633.904;78.939;549.185;549.116
CND_1401;04/09/2026 18:02;" 317° 46' 10.18015""";"  79° 41' 10.29717""";345.464;Atmos PPM;0;1013.25;11.1012;175860.614;9045885.583;140.799;176089.028;9045633.904;78.939;340.026;339.875
CND_1602;04/09/2026 18:02;" 317° 50' 29.70238""";"  78° 12' 04.87136""";403.378;Atmos PPM;0;1013.25;11.1012;175824.039;9045926.622;161.43;176089.028;9045633.904;78.939;394.845;394.845
CND_1504;04/09/2026 18:02;" 320° 45' 23.16754""";"  78° 43' 30.67281""";370.088;Atmos PPM;0;1013.25;11.1012;175859.451;9045915.005;151.306;176089.028;9045633.904;78.939;362.974;362.937
CND_210_5;04/09/2026 18:02;" 320° 50' 24.63017""";"  77° 01' 23.01784""";587.596;Atmos PPM;0;1013.25;11.1012;175727.495;9046077.899;210.911;176089.028;9045633.904;78.939;572.641;572.571
CND_190_6;04/09/2026 18:03;" 321° 21' 24.50403""";"  77° 52' 42.14730""";529.233;Atmos PPM;0;1013.25;11.1012;175765.95;9046038.061;190.09;176089.028;9045633.904;78.939;517.464;517.419
CND_26;04/09/2026 18:03;" 321° 48' 34.38348""";"  82° 11' 24.37369""";231.313;Atmos PPM;0;1013.25;11.1012;175947.357;9045814.03;110.375;176089.028;9045633.904;78.939;229.307;229.164
CND_30;04/09/2026 18:03;" 323° 47' 11.94198""";"  80° 41' 07.70333""";257.39;Atmos PPM;0;1013.25;11.1012;175938.989;9045838.843;120.603;176089.028;9045633.904;78.939;254.209;253.992
CND_1402;04/09/2026 18:03;" 325° 03' 29.23167""";"  79° 32' 26.69991""";340.05;Atmos PPM;0;1013.25;11.1012;175897.529;9045908.034;140.678;176089.028;9045633.904;78.939;334.538;334.393
CND_200_6;04/09/2026 18:03;" 325° 15' 03.60519""";"  77° 24' 57.88583""";553.592;Atmos PPM;0;1013.25;11.1012;175781.117;9046077.853;199.57;176089.028;9045633.904;78.939;540.325;540.277
CND_1603;04/09/2026 18:03;" 325° 30' 39.19398""";"  78° 11' 59.10999""";397.916;Atmos PPM;0;1013.25;11.1012;175868.503;9045954.959;160.323;176089.028;9045633.904;78.939;389.496;389.497
CND_210_6;04/09/2026 18:03;" 328° 34' 39.89508""";"  76° 54' 35.72233""";582.156;Atmos PPM;0;1013.25;11.1012;175793.463;9046117.787;210.809;176089.028;9045633.904;78.939;567.059;567.011
CND_1503;04/09/2026 18:03;" 328° 44' 17.05795""";"  78° 43' 02.74351""";367.859;Atmos PPM;0;1013.25;11.1012;175901.847;9045942.284;150.919;176089.028;9045633.904;78.939;360.776;360.742
CND_34;04/09/2026 18:03;" 330° 33' 55.12814""";"  80° 30' 49.83162""";315.764;Atmos PPM;0;1013.25;11.1012;175936;9045905.155;130.987;176089.028;9045633.904;78.939;311.606;311.44
CND_200_7;04/09/2026 18:04;" 332° 03' 32.24682""";"  77° 26' 34.52008""";554.823;Atmos PPM;0;1013.25;11.1012;175835.325;9046112.334;199.584;176089.028;9045633.904;78.939;541.571;541.535
CND_1604;04/09/2026 18:04;" 332° 27' 36.87600""";"  78° 10' 04.86313""";397.115;Atmos PPM;0;1013.25;11.1012;175909.351;9045978.547;160.375;176089.028;9045633.904;78.939;388.706;388.668
CND_27;04/09/2026 18:04;" 332° 40' 55.85022""";"  82° 13' 55.43817""";231.131;Atmos PPM;0;1013.25;11.1012;175983.949;9045837.379;110.183;176089.028;9045633.904;78.939;229.13;229.006
CND_22;04/09/2026 18:04;" 334° 37' 11.43249""";"  80° 44' 19.25757""";259.96;Atmos PPM;0;1013.25;11.1012;175979.078;9045865.717;120.781;176089.028;9045633.904;78.939;256.724;256.566
CND_1803;04/09/2026 18:06;" 348° 01' 15.39114""";"  78° 12' 08.37066""";498.574;Atmos PPM;0;1013.25;11.1012;175987.776;9046111.314;180.892;176089.028;9045633.904;78.939;488.054;488.028
CND_23;04/09/2026 18:06;" 348° 36' 45.05579""";"  78° 49' 28.25878""";391.407;Atmos PPM;0;1013.25;11.1012;176013.246;9046010.328;154.81;176089.028;9045633.904;78.939;383.951;383.976
CND_1901;04/09/2026 18:06;" 350° 13' 36.22051""";"  77° 55' 47.45183""";536.182;Atmos PPM;0;1013.25;11.1012;176000.07;9046150.615;191.078;176089.028;9045633.904;78.939;524.343;524.313
CND_20;04/09/2026 18:06;" 359° 04' 44.49440""";"  83° 57' 02.45832""";203.551;Atmos PPM;0;1013.25;11.1012;176085.792;9045836.293;100.393;176089.028;9045633.904;78.939;202.449;202.415
CND_18;04/09/2026 18:06;"   0° 50' 59.89881""";"  86° 10' 44.35095""";178.311;Atmos PPM;0;1013.25;11.1012;176091.682;9045811.796;90.824;176089.028;9045633.904;78.939;177.925;177.912
CND_17;04/09/2026 18:06;"  11° 43' 28.91407""";"  86° 38' 51.17213""";208.078;Atmos PPM;0;1013.25;11.1012;176131.256;9045837.285;91.11;176089.028;9045633.904;78.939;207.753;207.719
CND_30002;04/09/2026 20:00;" 289° 14' 45.91616""";"  79° 28' 59.82056""";723.075;Atmos PPM;0;1013.25;11.1012;175417.873;9045868.294;210.951;176089.028;9045633.904;78.939;710.915;710.906
CND_30003;04/09/2026 20:00;" 290° 56' 15.27428""";"  79° 32' 47.95580""";674.096;Atmos PPM;0;1013.25;11.1012;175469.93;9045870.84;201.274;176089.028;9045633.904;78.939;662.894;662.888
CND_30004;04/09/2026 20:00;" 291° 25' 44.31873""";"  79° 52' 56.29229""";637.677;Atmos PPM;0;1013.25;11.1012;175504.701;9045863.297;190.987;176089.028;9045633.904;78.939;627.75;627.742
CND_170_1;04/09/2026 20:00;" 298° 32' 42.35577""";"  79° 40' 27.97613""";508.768;Atmos PPM;0;1013.25;11.1012;175649.375;9045873.113;170.148;176089.028;9045633.904;78.939;500.548;500.515
CND_190_3;04/09/2026 20:00;" 298° 34' 30.37450""";"  78° 59' 18.91987""";594.721;Atmos PPM;0;1013.25;11.1012;175576.403;9045913.163;192.557;176089.028;9045633.904;78.939;583.897;583.755
CND_180_2;04/09/2026 20:01;" 298° 59' 59.14382""";"  79° 34' 22.47356""";553.866;Atmos PPM;0;1013.25;11.1012;175612.64;9045898.02;179.2;176089.028;9045633.904;78.939;544.768;544.705
CND_210_3;04/09/2026 20:01;" 302° 53' 59.47623""";"  78° 03' 49.26658""";629.471;Atmos PPM;0;1013.25;11.1012;175571.983;9045968.456;209.155;176089.028;9045633.904;78.939;616.02;615.842
CND_200_8;04/09/2026 20:01;" 303° 25' 03.14462""";"  78° 15' 51.94249""";598.439;Atmos PPM;0;1013.25;11.1012;175600.007;9045956.628;200.682;176089.028;9045633.904;78.939;586.05;585.912
CND_200_3;04/09/2026 20:01;" 303° 25' 02.88997""";"  78° 15' 52.67042""";598.439;Atmos PPM;0;1013.25;11.1012;175600.006;9045956.628;200.68;176089.028;9045633.904;78.939;586.052;585.912
CND_190_4;04/09/2026 20:01;" 304° 23' 45.12430""";"  78° 35' 19.15131""";568.318;Atmos PPM;0;1013.25;11.1012;175629.388;9045948.634;191.403;176089.028;9045633.904;78.939;557.187;557.067
CND_200_4;04/09/2026 20:01;" 309° 34' 03.82834""";"  77° 58' 11.34987""";577.863;Atmos PPM;0;1013.25;11.1012;175653.396;9045993.939;199.403;176089.028;9045633.904;78.939;565.267;565.155
CND_1505;04/09/2026 20:01;" 310° 59' 42.89921""";"  79° 10' 43.44053""";381.651;Atmos PPM;0;1013.25;11.1012;175806.122;9045879.832;150.602;176089.028;9045633.904;78.939;374.89;374.855
CND_210_4;04/09/2026 20:02;" 311° 21' 22.77566""";"  77° 25' 46.00382""";600.88;Atmos PPM;0;1013.25;11.1012;175648.857;9046021.437;209.739;176089.028;9045633.904;78.939;586.567;586.458
CND_190_5;04/09/2026 20:02;" 312° 12' 19.23434""";"  78° 10' 51.04808""";542.239;Atmos PPM;0;1013.25;11.1012;175695.926;9045990.475;190.021;176089.028;9045633.904;78.939;530.796;530.728
CND_25;04/09/2026 20:02;" 313° 23' 18.18079""";"  82° 24' 38.53202""";237.061;Atmos PPM;0;1013.25;11.1012;175918.278;9045795.336;110.252;176089.028;9045633.904;78.939;235.096;234.98
CND_29;04/09/2026 20:02;" 313° 30' 26.06598""";"  80° 52' 42.70074""";264.294;Atmos PPM;0;1013.25;11.1012;175899.782;9045813.568;120.842;176089.028;9045633.904;78.939;261.111;260.947
CND_200_5;04/09/2026 20:02;" 316° 06' 24.86610""";"  77° 35' 26.49510""";562.269;Atmos PPM;0;1013.25;11.1012;175708.351;9046029.649;199.788;176089.028;9045633.904;78.939;549.185;549.116
CND_1401;04/09/2026 20:02;" 317° 46' 11.22349""";"  79° 41' 09.00031""";345.465;Atmos PPM;0;1013.25;11.1012;175860.616;9045885.584;140.801;176089.028;9045633.904;78.939;340.026;339.875
CND_1602;04/09/2026 20:02;" 317° 50' 29.01322""";"  78° 12' 05.57127""";403.378;Atmos PPM;0;1013.25;11.1012;175824.038;9045926.622;161.428;176089.028;9045633.904;78.939;394.845;394.846
CND_1504;04/09/2026 20:03;" 320° 45' 22.04901""";"  78° 43' 31.43703""";370.088;Atmos PPM;0;1013.25;11.1012;175859.449;9045915.004;151.305;176089.028;9045633.904;78.939;362.974;362.938
CND_210_5;04/09/2026 20:03;" 320° 50' 24.59018""";"  77° 01' 23.00880""";587.597;Atmos PPM;0;1013.25;11.1012;175727.494;9046077.9;210.912;176089.028;9045633.904;78.939;572.641;572.572
CND_190_6;04/09/2026 20:03;" 321° 21' 24.02280""";"  77° 52' 42.16201""";529.234;Atmos PPM;0;1013.25;11.1012;175765.949;9046038.061;190.09;176089.028;9045633.904;78.939;517.464;517.419
CND_26;04/09/2026 20:03;" 321° 48' 34.69752""";"  82° 11' 22.84258""";231.314;Atmos PPM;0;1013.25;11.1012;175947.357;9045814.03;110.377;176089.028;9045633.904;78.939;229.307;229.164
CND_30;04/09/2026 20:03;" 323° 47' 12.72876""";"  80° 41' 07.83425""";257.39;Atmos PPM;0;1013.25;11.1012;175938.99;9045838.844;120.603;176089.028;9045633.904;78.939;254.209;253.992
CND_1402;04/09/2026 20:03;" 325° 03' 29.76593""";"  79° 32' 25.84883""";340.051;Atmos PPM;0;1013.25;11.1012;175897.53;9045908.034;140.68;176089.028;9045633.904;78.939;334.538;334.393
CND_200_6;04/09/2026 20:03;" 325° 15' 03.46886""";"  77° 24' 57.45030""";553.592;Atmos PPM;0;1013.25;11.1012;175781.117;9046077.852;199.571;176089.028;9045633.904;78.939;540.325;540.277
CND_1603;04/09/2026 20:03;" 325° 30' 40.01678""";"  78° 11' 58.67361""";397.916;Atmos PPM;0;1013.25;11.1012;175868.504;9045954.96;160.324;176089.028;9045633.904;78.939;389.496;389.497
CND_210_6;04/09/2026 20:04;" 328° 34' 39.51028""";"  76° 54' 34.48866""";582.157;Atmos PPM;0;1013.25;11.1012;175793.462;9046117.786;210.813;176089.028;9045633.904;78.939;567.059;567.011
CND_1503;04/09/2026 20:04;" 328° 44' 17.15492""";"  78° 43' 01.32880""";367.859;Atmos PPM;0;1013.25;11.1012;175901.847;9045942.283;150.921;176089.028;9045633.904;78.939;360.776;360.741
CND_34;04/09/2026 20:04;" 330° 33' 56.26586""";"  80° 30' 49.00825""";315.764;Atmos PPM;0;1013.25;11.1012;175936.002;9045905.156;130.988;176089.028;9045633.904;78.939;311.606;311.439
CND_200_7;04/09/2026 20:04;" 332° 03' 32.89591""";"  77° 26' 34.86976""";554.823;Atmos PPM;0;1013.25;11.1012;175835.327;9046112.335;199.583;176089.028;9045633.904;78.939;541.571;541.535
CND_1604;04/09/2026 20:04;" 332° 27' 35.28916""";"  78° 10' 05.96059""";397.115;Atmos PPM;0;1013.25;11.1012;175909.348;9045978.547;160.373;176089.028;9045633.904;78.939;388.706;388.668
CND_27;04/09/2026 20:04;" 332° 40' 55.60154""";"  82° 13' 54.41488""";231.131;Atmos PPM;0;1013.25;11.1012;175983.948;9045837.379;110.184;176089.028;9045633.904;78.939;229.13;229.006
CND_22;04/09/2026 20:05;" 334° 37' 12.77126""";"  80° 44' 18.95383""";259.96;Atmos PPM;0;1013.25;11.1012;175979.079;9045865.718;120.781;176089.028;9045633.904;78.939;256.724;256.567
CND_1803;04/09/2026 20:07;" 348° 01' 16.28376""";"  78° 12' 08.70614""";498.574;Atmos PPM;0;1013.25;11.1012;175987.778;9046111.314;180.891;176089.028;9045633.904;78.939;488.054;488.029
CND_23;04/09/2026 20:07;" 348° 36' 45.67302""";"  78° 49' 29.27999""";391.408;Atmos PPM;0;1013.25;11.1012;176013.247;9046010.329;154.808;176089.028;9045633.904;78.939;383.951;383.977
CND_20;04/09/2026 20:07;" 359° 04' 43.88698""";"  83° 57' 02.46815""";203.551;Atmos PPM;0;1013.25;11.1012;176085.791;9045836.293;100.393;176089.028;9045633.904;78.939;202.449;202.415
CND_18;04/09/2026 20:07;"   0° 50' 59.24719""";"  86° 10' 43.94455""";178.311;Atmos PPM;0;1013.25;11.1012;176091.682;9045811.797;90.824;176089.028;9045633.904;78.939;177.925;177.912
CND_30002;04/09/2026 22:00;" 289° 14' 45.94985""";"  79° 28' 57.71315""";723.075;Atmos PPM;0;1013.25;11.1012;175417.875;9045868.294;210.958;176089.028;9045633.904;78.939;710.915;710.905
CND_30003;04/09/2026 22:00;" 290° 56' 14.04346""";"  79° 32' 47.88130""";674.096;Atmos PPM;0;1013.25;11.1012;175469.929;9045870.836;201.274;176089.028;9045633.904;78.939;662.894;662.888
CND_30004;04/09/2026 22:00;" 291° 25' 44.26290""";"  79° 52' 53.72466""";637.677;Atmos PPM;0;1013.25;11.1012;175504.702;9045863.297;190.995;176089.028;9045633.904;78.939;627.75;627.741
CND_170_1;04/09/2026 22:00;" 298° 32' 41.22477""";"  79° 40' 26.01227""";508.767;Atmos PPM;0;1013.25;11.1012;175649.375;9045873.11;170.153;176089.028;9045633.904;78.939;500.548;500.514
CND_190_3;04/09/2026 22:00;" 298° 34' 30.74093""";"  78° 59' 18.75298""";594.721;Atmos PPM;0;1013.25;11.1012;175576.404;9045913.164;192.557;176089.028;9045633.904;78.939;583.897;583.755
CND_180_2;04/09/2026 22:01;" 298° 59' 59.20445""";"  79° 34' 22.59886""";553.866;Atmos PPM;0;1013.25;11.1012;175612.64;9045898.02;179.2;176089.028;9045633.904;78.939;544.768;544.705
CND_210_3;04/09/2026 22:01;" 302° 54' 00.01258""";"  78° 03' 49.05233""";629.472;Atmos PPM;0;1013.25;11.1012;175571.983;9045968.457;209.156;176089.028;9045633.904;78.939;616.02;615.842
CND_200_8;04/09/2026 22:01;" 303° 25' 04.08780""";"  78° 15' 52.18361""";598.439;Atmos PPM;0;1013.25;11.1012;175600.008;9045956.631;200.681;176089.028;9045633.904;78.939;586.05;585.912
CND_200_3;04/09/2026 22:01;" 303° 25' 03.27646""";"  78° 15' 52.02563""";598.439;Atmos PPM;0;1013.25;11.1012;175600.007;9045956.629;200.682;176089.028;9045633.904;78.939;586.052;585.912
CND_190_4;04/09/2026 22:01;" 304° 23' 46.70672""";"  78° 35' 20.96313""";568.318;Atmos PPM;0;1013.25;11.1012;175629.39;9045948.638;191.398;176089.028;9045633.904;78.939;557.187;557.068
CND_200_4;04/09/2026 22:01;" 309° 34' 03.51622""";"  77° 58' 10.90374""";577.863;Atmos PPM;0;1013.25;11.1012;175653.396;9045993.938;199.404;176089.028;9045633.904;78.939;565.267;565.154
CND_1505;04/09/2026 22:01;" 310° 59' 42.76999""";"  79° 10' 44.05532""";381.651;Atmos PPM;0;1013.25;11.1012;175806.121;9045879.832;150.601;176089.028;9045633.904;78.939;374.89;374.856
CND_210_4;04/09/2026 22:01;" 311° 21' 22.78672""";"  77° 25' 45.69657""";600.88;Atmos PPM;0;1013.25;11.1012;175648.857;9046021.437;209.74;176089.028;9045633.904;78.939;586.567;586.458
CND_190_5;04/09/2026 22:01;" 312° 12' 18.92783""";"  78° 10' 51.91792""";542.239;Atmos PPM;0;1013.25;11.1012;175695.925;9045990.474;190.019;176089.028;9045633.904;78.939;530.796;530.728
CND_25;04/09/2026 22:02;" 313° 23' 17.63680""";"  82° 24' 38.79308""";237.061;Atmos PPM;0;1013.25;11.1012;175918.278;9045795.336;110.251;176089.028;9045633.904;78.939;235.096;234.98
CND_29;04/09/2026 22:02;" 313° 30' 25.30221""";"  80° 52' 41.17365""";264.294;Atmos PPM;0;1013.25;11.1012;175899.781;9045813.568;120.844;176089.028;9045633.904;78.939;261.111;260.947
CND_200_5;04/09/2026 22:02;" 316° 06' 24.89407""";"  77° 35' 25.94830""";562.269;Atmos PPM;0;1013.25;11.1012;175708.351;9046029.648;199.789;176089.028;9045633.904;78.939;549.185;549.116
CND_1401;04/09/2026 22:02;" 317° 46' 11.09308""";"  79° 41' 08.94299""";345.465;Atmos PPM;0;1013.25;11.1012;175860.615;9045885.584;140.801;176089.028;9045633.904;78.939;340.026;339.875
CND_1602;04/09/2026 22:02;" 317° 50' 29.75641""";"  78° 12' 03.93837""";403.378;Atmos PPM;0;1013.25;11.1012;175824.04;9045926.622;161.431;176089.028;9045633.904;78.939;394.845;394.845
CND_1504;04/09/2026 22:02;" 320° 45' 21.63670""";"  78° 43' 31.05715""";370.088;Atmos PPM;0;1013.25;11.1012;175859.449;9045915.004;151.305;176089.028;9045633.904;78.939;362.974;362.938
CND_210_5;04/09/2026 22:03;" 320° 50' 24.44769""";"  77° 01' 21.38188""";587.597;Atmos PPM;0;1013.25;11.1012;175727.495;9046077.898;210.916;176089.028;9045633.904;78.939;572.641;572.571
CND_190_6;04/09/2026 22:03;" 321° 21' 23.15418""";"  77° 52' 41.65492""";529.234;Atmos PPM;0;1013.25;11.1012;175765.948;9046038.059;190.091;176089.028;9045633.904;78.939;517.464;517.419
CND_26;04/09/2026 22:03;" 321° 48' 33.92584""";"  82° 11' 21.95428""";231.314;Atmos PPM;0;1013.25;11.1012;175947.356;9045814.029;110.378;176089.028;9045633.904;78.939;229.307;229.164
CND_30;04/09/2026 22:03;" 323° 47' 11.70619""";"  80° 41' 06.66329""";257.39;Atmos PPM;0;1013.25;11.1012;175938.989;9045838.843;120.604;176089.028;9045633.904;78.939;254.209;253.992
CND_1402;04/09/2026 22:03;" 325° 03' 29.84908""";"  79° 32' 24.41436""";340.05;Atmos PPM;0;1013.25;11.1012;175897.53;9045908.034;140.682;176089.028;9045633.904;78.939;334.538;334.392
CND_200_6;04/09/2026 22:03;" 325° 15' 03.36077""";"  77° 24' 56.35422""";553.592;Atmos PPM;0;1013.25;11.1012;175781.117;9046077.852;199.574;176089.028;9045633.904;78.939;540.325;540.276
CND_1603;04/09/2026 22:03;" 325° 30' 38.74084""";"  78° 11' 56.91473""";397.916;Atmos PPM;0;1013.25;11.1012;175868.502;9045954.958;160.327;176089.028;9045633.904;78.939;389.496;389.496
CND_210_6;04/09/2026 22:04;" 328° 34' 39.72595""";"  76° 54' 34.60315""";582.156;Atmos PPM;0;1013.25;11.1012;175793.463;9046117.786;210.812;176089.028;9045633.904;78.939;567.059;567.01
CND_1503;04/09/2026 22:04;" 328° 44' 16.53473""";"  78° 43' 00.37164""";367.859;Atmos PPM;0;1013.25;11.1012;175901.846;9045942.283;150.923;176089.028;9045633.904;78.939;360.776;360.741
CND_34;04/09/2026 22:04;" 330° 33' 56.37885""";"  80° 30' 46.71179""";315.764;Atmos PPM;0;1013.25;11.1012;175936.002;9045905.156;130.991;176089.028;9045633.904;78.939;311.606;311.439
CND_200_7;04/09/2026 22:04;" 332° 03' 32.26594""";"  77° 26' 33.98618""";554.823;Atmos PPM;0;1013.25;11.1012;175835.325;9046112.334;199.586;176089.028;9045633.904;78.939;541.571;541.535
CND_1604;04/09/2026 22:04;" 332° 27' 35.47513""";"  78° 10' 03.58092""";397.115;Atmos PPM;0;1013.25;11.1012;175909.349;9045978.546;160.377;176089.028;9045633.904;78.939;388.706;388.667
CND_27;04/09/2026 22:04;" 332° 40' 55.35785""";"  82° 13' 53.99812""";231.131;Atmos PPM;0;1013.25;11.1012;175983.948;9045837.379;110.184;176089.028;9045633.904;78.939;229.13;229.006
CND_22;04/09/2026 22:04;" 334° 37' 12.61180""";"  80° 44' 17.73634""";259.96;Atmos PPM;0;1013.25;11.1012;175979.079;9045865.718;120.783;176089.028;9045633.904;78.939;256.724;256.566
CND_210_7;04/09/2026 22:05;" 337° 51' 18.02936""";"  77° 09' 29.29965""";585.002;Atmos PPM;0;1013.25;11.1012;175874.077;9046162.201;208.984;176089.028;9045633.904;78.939;570.387;570.352
CND_1803;04/09/2026 22:06;" 348° 01' 17.83581""";"  78° 12' 07.13513""";498.574;Atmos PPM;0;1013.25;11.1012;175987.782;9046111.315;180.895;176089.028;9045633.904;78.939;488.054;488.028
CND_23;04/09/2026 22:06;" 348° 36' 44.62071""";"  78° 49' 29.13696""";391.408;Atmos PPM;0;1013.25;11.1012;176013.245;9046010.329;154.808;176089.028;9045633.904;78.939;383.951;383.977
CND_1901;04/09/2026 22:06;" 350° 13' 37.32088""";"  77° 55' 46.18019""";536.182;Atmos PPM;0;1013.25;11.1012;176000.072;9046150.616;191.082;176089.028;9045633.904;78.939;524.343;524.313
CND_20;04/09/2026 22:07;" 359° 04' 45.18226""";"  83° 57' 01.57075""";203.551;Atmos PPM;0;1013.25;11.1012;176085.792;9045836.293;100.394;176089.028;9045633.904;78.939;202.449;202.415
CND_18;04/09/2026 22:07;"   0° 50' 59.86050""";"  86° 10' 43.10573""";178.311;Atmos PPM;0;1013.25;11.1012;176091.682;9045811.796;90.825;176089.028;9045633.904;78.939;177.925;177.912
CND_17;04/09/2026 22:07;"  11° 43' 29.10667""";"  86° 38' 50.25108""";208.077;Atmos PPM;0;1013.25;11.1012;176131.256;9045837.285;91.111;176089.028;9045633.904;78.939;207.753;207.718
CND_30002;05/09/2026 00:00;" 289° 14' 44.60908""";"  79° 28' 58.36061""";723.075;Atmos PPM;0;1013.25;11.1012;175417.873;9045868.289;210.956;176089.028;9045633.904;78.939;710.915;710.905
CND_30003;05/09/2026 00:00;" 290° 56' 13.13220""";"  79° 32' 49.57535""";674.096;Atmos PPM;0;1013.25;11.1012;175469.927;9045870.834;201.268;176089.028;9045633.904;78.939;662.894;662.889
CND_30004;05/09/2026 00:00;" 291° 25' 44.43232""";"  79° 52' 55.20140""";637.677;Atmos PPM;0;1013.25;11.1012;175504.701;9045863.297;190.99;176089.028;9045633.904;78.939;627.75;627.741
CND_170_1;05/09/2026 00:00;" 298° 32' 41.10892""";"  79° 40' 25.66025""";508.767;Atmos PPM;0;1013.25;11.1012;175649.375;9045873.109;170.154;176089.028;9045633.904;78.939;500.548;500.514
CND_190_3;05/09/2026 00:00;" 298° 34' 30.45698""";"  78° 59' 18.76610""";594.721;Atmos PPM;0;1013.25;11.1012;175576.404;9045913.163;192.557;176089.028;9045633.904;78.939;583.897;583.755
CND_180_2;05/09/2026 00:01;" 298° 59' 59.04568""";"  79° 34' 22.43693""";553.866;Atmos PPM;0;1013.25;11.1012;175612.64;9045898.02;179.2;176089.028;9045633.904;78.939;544.768;544.704
CND_210_3;05/09/2026 00:01;" 302° 53' 58.38951""";"  78° 03' 48.47539""";629.471;Atmos PPM;0;1013.25;11.1012;175571.981;9045968.453;209.157;176089.028;9045633.904;78.939;616.02;615.841
CND_200_8;05/09/2026 00:01;" 303° 25' 03.53085""";"  78° 15' 51.83477""";598.439;Atmos PPM;0;1013.25;11.1012;175600.008;9045956.629;200.682;176089.028;9045633.904;78.939;586.05;585.912
CND_200_3;05/09/2026 00:01;" 303° 25' 02.41313""";"  78° 15' 52.32482""";598.439;Atmos PPM;0;1013.25;11.1012;175600.006;9045956.627;200.681;176089.028;9045633.904;78.939;586.052;585.912
CND_190_4;05/09/2026 00:01;" 304° 23' 45.86403""";"  78° 35' 19.84610""";568.318;Atmos PPM;0;1013.25;11.1012;175629.389;9045948.636;191.401;176089.028;9045633.904;78.939;557.187;557.067
CND_200_4;05/09/2026 00:01;" 309° 34' 02.43188""";"  77° 58' 10.75680""";577.862;Atmos PPM;0;1013.25;11.1012;175653.394;9045993.935;199.405;176089.028;9045633.904;78.939;565.267;565.154
CND_1505;05/09/2026 00:01;" 310° 59' 41.93614""";"  79° 10' 43.78663""";381.651;Atmos PPM;0;1013.25;11.1012;175806.12;9045879.831;150.601;176089.028;9045633.904;78.939;374.89;374.855
CND_210_4;05/09/2026 00:01;" 311° 21' 24.14169""";"  77° 25' 46.17447""";600.88;Atmos PPM;0;1013.25;11.1012;175648.859;9046021.44;209.739;176089.028;9045633.904;78.939;586.567;586.458
CND_190_5;05/09/2026 00:01;" 312° 12' 18.64703""";"  78° 10' 51.57162""";542.239;Atmos PPM;0;1013.25;11.1012;175695.925;9045990.474;190.02;176089.028;9045633.904;78.939;530.796;530.728
CND_25;05/09/2026 00:02;" 313° 23' 17.43020""";"  82° 24' 38.33355""";237.061;Atmos PPM;0;1013.25;11.1012;175918.278;9045795.336;110.252;176089.028;9045633.904;78.939;235.096;234.98
CND_29;05/09/2026 00:02;" 313° 30' 25.66451""";"  80° 52' 42.52152""";264.294;Atmos PPM;0;1013.25;11.1012;175899.781;9045813.568;120.842;176089.028;9045633.904;78.939;261.111;260.947
CND_200_5;05/09/2026 00:02;" 316° 06' 24.61807""";"  77° 35' 24.40516""";562.269;Atmos PPM;0;1013.25;11.1012;175708.351;9046029.647;199.793;176089.028;9045633.904;78.939;549.185;549.115
CND_1401;05/09/2026 00:02;" 317° 46' 11.07965""";"  79° 41' 06.63919""";345.464;Atmos PPM;0;1013.25;11.1012;175860.616;9045885.583;140.805;176089.028;9045633.904;78.939;340.026;339.874
CND_1602;05/09/2026 00:02;" 317° 50' 27.63671""";"  78° 12' 04.51662""";403.378;Atmos PPM;0;1013.25;11.1012;175824.036;9045926.62;161.43;176089.028;9045633.904;78.939;394.845;394.846
CND_1504;05/09/2026 00:02;" 320° 45' 22.11425""";"  78° 43' 30.10523""";370.088;Atmos PPM;0;1013.25;11.1012;175859.45;9045915.004;151.307;176089.028;9045633.904;78.939;362.974;362.937
CND_210_5;05/09/2026 00:03;" 320° 50' 23.75638""";"  77° 01' 21.81477""";587.596;Atmos PPM;0;1013.25;11.1012;175727.493;9046077.897;210.915;176089.028;9045633.904;78.939;572.641;572.571
CND_190_6;05/09/2026 00:03;" 321° 21' 23.16565""";"  77° 52' 40.93535""";529.234;Atmos PPM;0;1013.25;11.1012;175765.948;9046038.059;190.093;176089.028;9045633.904;78.939;517.464;517.418
CND_26;05/09/2026 00:03;" 321° 48' 34.16014""";"  82° 11' 22.04702""";231.313;Atmos PPM;0;1013.25;11.1012;175947.357;9045814.03;110.378;176089.028;9045633.904;78.939;229.307;229.164
CND_30;05/09/2026 00:03;" 323° 47' 11.27910""";"  80° 41' 06.50755""";257.39;Atmos PPM;0;1013.25;11.1012;175938.988;9045838.842;120.605;176089.028;9045633.904;78.939;254.209;253.991
CND_1402;05/09/2026 00:03;" 325° 03' 29.96175""";"  79° 32' 25.18825""";340.051;Atmos PPM;0;1013.25;11.1012;175897.53;9045908.034;140.681;176089.028;9045633.904;78.939;334.538;334.393
CND_200_6;05/09/2026 00:03;" 325° 15' 03.53922""";"  77° 24' 57.11921""";553.592;Atmos PPM;0;1013.25;11.1012;175781.117;9046077.852;199.572;176089.028;9045633.904;78.939;540.325;540.277
CND_1603;05/09/2026 00:03;" 325° 30' 38.27044""";"  78° 11' 56.70825""";397.916;Atmos PPM;0;1013.25;11.1012;175868.502;9045954.958;160.328;176089.028;9045633.904;78.939;389.496;389.496
CND_210_6;05/09/2026 00:03;" 328° 34' 38.21144""";"  76° 54' 34.52092""";582.156;Atmos PPM;0;1013.25;11.1012;175793.459;9046117.784;210.813;176089.028;9045633.904;78.939;567.059;567.01
CND_1503;05/09/2026 00:04;" 328° 44' 16.51830""";"  78° 42' 59.70732""";367.859;Atmos PPM;0;1013.25;11.1012;175901.847;9045942.282;150.924;176089.028;9045633.904;78.939;360.776;360.741
CND_34;05/09/2026 00:04;" 330° 33' 55.18923""";"  80° 30' 47.47084""";315.764;Atmos PPM;0;1013.25;11.1012;175936;9045905.155;130.99;176089.028;9045633.904;78.939;311.606;311.439
CND_200_7;05/09/2026 00:04;" 332° 03' 32.42404""";"  77° 26' 33.40763""";554.823;Atmos PPM;0;1013.25;11.1012;175835.326;9046112.334;199.587;176089.028;9045633.904;78.939;541.571;541.535
CND_1604;05/09/2026 00:04;" 332° 27' 34.81583""";"  78° 10' 03.11796""";397.115;Atmos PPM;0;1013.25;11.1012;175909.348;9045978.545;160.378;176089.028;9045633.904;78.939;388.706;388.667
CND_27;05/09/2026 00:04;" 332° 40' 55.53520""";"  82° 13' 54.49225""";231.131;Atmos PPM;0;1013.25;11.1012;175983.948;9045837.379;110.184;176089.028;9045633.904;78.939;229.13;229.006
CND_22;05/09/2026 00:04;" 334° 37' 10.81916""";"  80° 44' 18.74202""";259.96;Atmos PPM;0;1013.25;11.1012;175979.077;9045865.717;120.782;176089.028;9045633.904;78.939;256.724;256.566
CND_210_7;05/09/2026 00:05;" 337° 51' 16.78794""";"  77° 09' 29.79726""";585.002;Atmos PPM;0;1013.25;11.1012;175874.074;9046162.2;208.983;176089.028;9045633.904;78.939;570.387;570.352
CND_1803;05/09/2026 00:06;" 348° 01' 14.76105""";"  78° 12' 07.01987""";498.574;Atmos PPM;0;1013.25;11.1012;175987.775;9046111.313;180.895;176089.028;9045633.904;78.939;488.054;488.028
CND_23;05/09/2026 00:06;" 348° 36' 44.58478""";"  78° 49' 27.83288""";391.407;Atmos PPM;0;1013.25;11.1012;176013.245;9046010.328;154.81;176089.028;9045633.904;78.939;383.951;383.976
CND_1901;05/09/2026 00:06;" 350° 13' 37.40787""";"  77° 55' 46.05415""";536.182;Atmos PPM;0;1013.25;11.1012;176000.073;9046150.615;191.082;176089.028;9045633.904;78.939;524.343;524.312
CND_20;05/09/2026 00:07;" 359° 04' 45.42143""";"  83° 56' 58.58914""";203.551;Atmos PPM;0;1013.25;11.1012;176085.793;9045836.293;100.397;176089.028;9045633.904;78.939;202.449;202.414
CND_18;05/09/2026 00:07;"   0° 51' 00.36512""";"  86° 10' 40.83918""";178.31;Atmos PPM;0;1013.25;11.1012;176091.683;9045811.796;90.827;176089.028;9045633.904;78.939;177.925;177.911
CND_17;05/09/2026 00:07;"  11° 43' 28.74621""";"  86° 38' 49.51446""";208.077;Atmos PPM;0;1013.25;11.1012;176131.255;9045837.285;91.112;176089.028;9045633.904;78.939;207.753;207.718
CND_30002;05/09/2026 02:00;" 289° 14' 45.29654""";"  79° 28' 58.34738""";723.075;Atmos PPM;0;1013.25;11.1012;175417.874;9045868.291;210.956;176089.028;9045633.904;78.939;710.915;710.905
CND_30003;05/09/2026 02:00;" 290° 56' 13.69456""";"  79° 32' 48.19932""";674.096;Atmos PPM;0;1013.25;11.1012;175469.928;9045870.835;201.273;176089.028;9045633.904;78.939;662.894;662.888
CND_30004;05/09/2026 02:00;" 291° 25' 43.85026""";"  79° 52' 54.40737""";637.677;Atmos PPM;0;1013.25;11.1012;175504.701;9045863.296;190.993;176089.028;9045633.904;78.939;627.75;627.741
CND_170_1;05/09/2026 02:00;" 298° 32' 41.20524""";"  79° 40' 25.90061""";508.767;Atmos PPM;0;1013.25;11.1012;175649.375;9045873.11;170.153;176089.028;9045633.904;78.939;500.548;500.514
CND_190_3;05/09/2026 02:00;" 298° 34' 29.91616""";"  78° 59' 19.42502""";594.721;Atmos PPM;0;1013.25;11.1012;175576.403;9045913.162;192.555;176089.028;9045633.904;78.939;583.897;583.755
CND_180_2;05/09/2026 02:01;" 298° 59' 59.26354""";"  79° 34' 22.59523""";553.866;Atmos PPM;0;1013.25;11.1012;175612.64;9045898.021;179.2;176089.028;9045633.904;78.939;544.768;544.704
CND_210_3;05/09/2026 02:01;" 302° 53' 59.36517""";"  78° 03' 48.50229""";629.471;Atmos PPM;0;1013.25;11.1012;175571.983;9045968.455;209.157;176089.028;9045633.904;78.939;616.02;615.841
CND_200_8;05/09/2026 02:01;" 303° 25' 03.30766""";"  78° 15' 51.43936""";598.439;Atmos PPM;0;1013.25;11.1012;175600.008;9045956.628;200.683;176089.028;9045633.904;78.939;586.05;585.911
CND_200_3;05/09/2026 02:01;" 303° 25' 02.87576""";"  78° 15' 52.02023""";598.439;Atmos PPM;0;1013.25;11.1012;175600.007;9045956.627;200.682;176089.028;9045633.904;78.939;586.052;585.912
CND_190_4;05/09/2026 02:01;" 304° 23' 46.18015""";"  78° 35' 19.06001""";568.317;Atmos PPM;0;1013.25;11.1012;175629.39;9045948.636;191.403;176089.028;9045633.904;78.939;557.187;557.067
CND_200_4;05/09/2026 02:01;" 309° 34' 03.15445""";"  77° 58' 10.67416""";577.862;Atmos PPM;0;1013.25;11.1012;175653.396;9045993.937;199.405;176089.028;9045633.904;78.939;565.267;565.154
CND_1505;05/09/2026 02:01;" 310° 59' 41.90987""";"  79° 10' 44.06388""";381.651;Atmos PPM;0;1013.25;11.1012;175806.12;9045879.831;150.601;176089.028;9045633.904;78.939;374.89;374.856
CND_210_4;05/09/2026 02:01;" 311° 21' 24.24554""";"  77° 25' 46.01617""";600.88;Atmos PPM;0;1013.25;11.1012;175648.86;9046021.44;209.739;176089.028;9045633.904;78.939;586.567;586.458
CND_190_5;05/09/2026 02:01;" 312° 12' 20.99864""";"  78° 10' 53.05422""";542.239;Atmos PPM;0;1013.25;11.1012;175695.928;9045990.479;190.016;176089.028;9045633.904;78.939;530.796;530.729
CND_29;05/09/2026 02:02;" 313° 30' 27.35531""";"  80° 52' 41.92398""";264.294;Atmos PPM;0;1013.25;11.1012;175899.783;9045813.57;120.843;176089.028;9045633.904;78.939;261.111;260.947
CND_200_5;05/09/2026 02:02;" 316° 06' 24.52153""";"  77° 35' 26.11040""";562.269;Atmos PPM;0;1013.25;11.1012;175708.351;9046029.647;199.789;176089.028;9045633.904;78.939;549.185;549.116
CND_1401;05/09/2026 02:02;" 317° 46' 10.13961""";"  79° 41' 07.34187""";345.464;Atmos PPM;0;1013.25;11.1012;175860.615;9045885.582;140.804;176089.028;9045633.904;78.939;340.026;339.874
CND_1602;05/09/2026 02:02;" 317° 50' 28.39458""";"  78° 12' 06.04860""";403.378;Atmos PPM;0;1013.25;11.1012;175824.037;9045926.621;161.427;176089.028;9045633.904;78.939;394.845;394.846
CND_1504;05/09/2026 02:02;" 320° 45' 22.22634""";"  78° 43' 30.97133""";370.088;Atmos PPM;0;1013.25;11.1012;175859.45;9045915.005;151.305;176089.028;9045633.904;78.939;362.974;362.938
CND_210_5;05/09/2026 02:03;" 320° 50' 24.27448""";"  77° 01' 22.04706""";587.596;Atmos PPM;0;1013.25;11.1012;175727.495;9046077.898;210.914;176089.028;9045633.904;78.939;572.641;572.571
CND_190_6;05/09/2026 02:03;" 321° 21' 23.29123""";"  77° 52' 40.96583""";529.233;Atmos PPM;0;1013.25;11.1012;175765.948;9046038.059;190.093;176089.028;9045633.904;78.939;517.464;517.418
CND_26;05/09/2026 02:03;" 321° 48' 34.29937""";"  82° 11' 22.06129""";231.314;Atmos PPM;0;1013.25;11.1012;175947.357;9045814.03;110.378;176089.028;9045633.904;78.939;229.307;229.164
CND_30;05/09/2026 02:03;" 323° 47' 11.24130""";"  80° 41' 07.03808""";257.39;Atmos PPM;0;1013.25;11.1012;175938.988;9045838.843;120.604;176089.028;9045633.904;78.939;254.209;253.991
CND_1402;05/09/2026 02:03;" 325° 03' 30.59077""";"  79° 32' 25.14427""";340.051;Atmos PPM;0;1013.25;11.1012;175897.531;9045908.035;140.681;176089.028;9045633.904;78.939;334.538;334.393
CND_200_6;05/09/2026 02:03;" 325° 15' 03.49107""";"  77° 24' 56.85824""";553.592;Atmos PPM;0;1013.25;11.1012;175781.117;9046077.852;199.572;176089.028;9045633.904;78.939;540.325;540.277
CND_1603;05/09/2026 02:03;" 325° 30' 39.36957""";"  78° 11' 57.38689""";397.916;Atmos PPM;0;1013.25;11.1012;175868.503;9045954.959;160.327;176089.028;9045633.904;78.939;389.496;389.496
CND_210_6;05/09/2026 02:03;" 328° 34' 40.04539""";"  76° 54' 35.12123""";582.156;Atmos PPM;0;1013.25;11.1012;175793.463;9046117.787;210.811;176089.028;9045633.904;78.939;567.059;567.01
CND_1503;05/09/2026 02:04;" 328° 44' 17.05977""";"  78° 43' 00.53657""";367.859;Atmos PPM;0;1013.25;11.1012;175901.847;9045942.283;150.923;176089.028;9045633.904;78.939;360.776;360.741
CND_34;05/09/2026 02:04;" 330° 33' 55.30854""";"  80° 30' 47.71072""";315.764;Atmos PPM;0;1013.25;11.1012;175936;9045905.155;130.99;176089.028;9045633.904;78.939;311.606;311.439
CND_200_7;05/09/2026 02:04;" 332° 03' 32.15670""";"  77° 26' 33.41736""";554.823;Atmos PPM;0;1013.25;11.1012;175835.325;9046112.333;199.587;176089.028;9045633.904;78.939;541.571;541.534
CND_1604;05/09/2026 02:04;" 332° 27' 35.07751""";"  78° 10' 03.64478""";397.115;Atmos PPM;0;1013.25;11.1012;175909.348;9045978.545;160.377;176089.028;9045633.904;78.939;388.706;388.667
CND_27;05/09/2026 02:04;" 332° 40' 54.97165""";"  82° 13' 53.91051""";231.131;Atmos PPM;0;1013.25;11.1012;175983.948;9045837.379;110.184;176089.028;9045633.904;78.939;229.13;229.006
CND_22;05/09/2026 02:04;" 334° 37' 12.28037""";"  80° 44' 17.92630""";259.96;Atmos PPM;0;1013.25;11.1012;175979.079;9045865.717;120.783;176089.028;9045633.904;78.939;256.724;256.566
CND_210_7;05/09/2026 02:05;" 337° 51' 17.00141""";"  77° 09' 30.34055""";585;Atmos PPM;0;1013.25;11.1012;175874.075;9046162.199;208.981;176089.028;9045633.904;78.939;570.387;570.35
CND_1803;05/09/2026 02:06;" 348° 01' 16.71930""";"  78° 12' 07.87200""";498.574;Atmos PPM;0;1013.25;11.1012;175987.779;9046111.314;180.893;176089.028;9045633.904;78.939;488.054;488.028
CND_23;05/09/2026 02:06;" 348° 36' 44.09463""";"  78° 49' 28.36904""";391.407;Atmos PPM;0;1013.25;11.1012;176013.245;9046010.328;154.809;176089.028;9045633.904;78.939;383.951;383.977
CND_20;05/09/2026 02:06;" 359° 04' 44.21782""";"  83° 57' 00.71848""";203.551;Atmos PPM;0;1013.25;11.1012;176085.792;9045836.293;100.395;176089.028;9045633.904;78.939;202.449;202.414
CND_18;05/09/2026 02:07;"   0° 50' 59.94524""";"  86° 10' 40.29682""";178.31;Atmos PPM;0;1013.25;11.1012;176091.682;9045811.796;90.827;176089.028;9045633.904;78.939;177.925;177.911
CND_17;05/09/2026 02:07;"  11° 43' 28.48653""";"  86° 38' 50.29555""";208.077;Atmos PPM;0;1013.25;11.1012;176131.255;9045837.285;91.111;176089.028;9045633.904;78.939;207.753;207.718
CND_30002;05/09/2026 04:00;" 289° 14' 45.49469""";"  79° 28' 58.02776""";723.075;Atmos PPM;0;1013.25;11.1012;175417.874;9045868.292;210.957;176089.028;9045633.904;78.939;710.915;710.905
CND_30003;05/09/2026 04:00;" 290° 56' 13.40997""";"  79° 32' 50.07903""";674.096;Atmos PPM;0;1013.25;11.1012;175469.927;9045870.835;201.267;176089.028;9045633.904;78.939;662.894;662.89
CND_30004;05/09/2026 04:00;" 291° 25' 44.75714""";"  79° 52' 55.04092""";637.677;Atmos PPM;0;1013.25;11.1012;175504.702;9045863.298;190.991;176089.028;9045633.904;78.939;627.75;627.741
CND_170_1;05/09/2026 04:00;" 298° 32' 40.64422""";"  79° 40' 25.96889""";508.768;Atmos PPM;0;1013.25;11.1012;175649.374;9045873.109;170.153;176089.028;9045633.904;78.939;500.548;500.515
CND_190_3;05/09/2026 04:00;" 298° 34' 29.91107""";"  78° 59' 20.15179""";594.721;Atmos PPM;0;1013.25;11.1012;175576.402;9045913.162;192.553;176089.028;9045633.904;78.939;583.897;583.756
CND_180_2;05/09/2026 04:01;" 298° 59' 58.72392""";"  79° 34' 21.78898""";553.866;Atmos PPM;0;1013.25;11.1012;175612.64;9045898.019;179.202;176089.028;9045633.904;78.939;544.768;544.704
CND_210_3;05/09/2026 04:01;" 302° 54' 01.63118""";"  78° 03' 47.76980""";629.471;Atmos PPM;0;1013.25;11.1012;175571.987;9045968.461;209.159;176089.028;9045633.904;78.939;616.02;615.84
CND_200_8;05/09/2026 04:01;" 303° 25' 03.40240""";"  78° 15' 52.38107""";598.439;Atmos PPM;0;1013.25;11.1012;175600.007;9045956.629;200.681;176089.028;9045633.904;78.939;586.05;585.912
CND_200_3;05/09/2026 04:01;" 303° 25' 03.24140""";"  78° 15' 51.78979""";598.439;Atmos PPM;0;1013.25;11.1012;175600.007;9045956.628;200.683;176089.028;9045633.904;78.939;586.052;585.912
CND_190_4;05/09/2026 04:01;" 304° 23' 46.56833""";"  78° 35' 19.73411""";568.317;Atmos PPM;0;1013.25;11.1012;175629.391;9045948.637;191.401;176089.028;9045633.904;78.939;557.187;557.067
CND_200_4;05/09/2026 04:01;" 309° 34' 02.89746""";"  77° 58' 11.40886""";577.863;Atmos PPM;0;1013.25;11.1012;175653.395;9045993.937;199.403;176089.028;9045633.904;78.939;565.267;565.155
CND_1505;05/09/2026 04:01;" 310° 59' 42.45511""";"  79° 10' 43.42211""";381.651;Atmos PPM;0;1013.25;11.1012;175806.121;9045879.831;150.602;176089.028;9045633.904;78.939;374.89;374.855
CND_210_4;05/09/2026 04:01;" 311° 21' 23.74536""";"  77° 25' 46.01724""";600.88;Atmos PPM;0;1013.25;11.1012;175648.859;9046021.439;209.739;176089.028;9045633.904;78.939;586.567;586.458
CND_190_5;05/09/2026 04:01;" 312° 12' 17.62725""";"  78° 10' 51.79748""";542.239;Atmos PPM;0;1013.25;11.1012;175695.923;9045990.472;190.019;176089.028;9045633.904;78.939;530.796;530.728
CND_25;05/09/2026 04:02;" 313° 23' 18.98902""";"  82° 24' 39.65928""";237.061;Atmos PPM;0;1013.25;11.1012;175918.279;9045795.337;110.251;176089.028;9045633.904;78.939;235.096;234.981
CND_29;05/09/2026 04:02;" 313° 30' 25.98369""";"  80° 52' 42.86744""";264.294;Atmos PPM;0;1013.25;11.1012;175899.781;9045813.568;120.842;176089.028;9045633.904;78.939;261.111;260.947
CND_200_5;05/09/2026 04:02;" 316° 06' 23.92531""";"  77° 35' 25.92639""";562.269;Atmos PPM;0;1013.25;11.1012;175708.349;9046029.646;199.789;176089.028;9045633.904;78.939;549.185;549.116
CND_1401;05/09/2026 04:02;" 317° 46' 09.37320""";"  79° 41' 07.38293""";345.465;Atmos PPM;0;1013.25;11.1012;175860.614;9045885.582;140.804;176089.028;9045633.904;78.939;340.026;339.874
CND_1602;05/09/2026 04:02;" 317° 50' 29.00170""";"  78° 12' 05.58587""";403.378;Atmos PPM;0;1013.25;11.1012;175824.038;9045926.622;161.428;176089.028;9045633.904;78.939;394.845;394.846
CND_1504;05/09/2026 04:03;" 320° 45' 22.32332""";"  78° 43' 31.21522""";370.088;Atmos PPM;0;1013.25;11.1012;175859.45;9045915.005;151.305;176089.028;9045633.904;78.939;362.974;362.938
CND_210_5;05/09/2026 04:03;" 320° 50' 23.33126""";"  77° 01' 22.60076""";587.596;Atmos PPM;0;1013.25;11.1012;175727.492;9046077.897;210.913;176089.028;9045633.904;78.939;572.641;572.571
CND_190_6;05/09/2026 04:03;" 321° 21' 23.63798""";"  77° 52' 41.77547""";529.234;Atmos PPM;0;1013.25;11.1012;175765.949;9046038.06;190.091;176089.028;9045633.904;78.939;517.464;517.419
CND_26;05/09/2026 04:03;" 321° 48' 35.06193""";"  82° 11' 22.42557""";231.314;Atmos PPM;0;1013.25;11.1012;175947.357;9045814.03;110.377;176089.028;9045633.904;78.939;229.307;229.164
CND_30;05/09/2026 04:03;" 323° 47' 11.79577""";"  80° 41' 06.56537""";257.39;Atmos PPM;0;1013.25;11.1012;175938.989;9045838.843;120.605;176089.028;9045633.904;78.939;254.209;253.991
CND_1402;05/09/2026 04:03;" 325° 03' 29.82413""";"  79° 32' 25.57641""";340.051;Atmos PPM;0;1013.25;11.1012;175897.53;9045908.034;140.68;176089.028;9045633.904;78.939;334.538;334.393
CND_200_6;05/09/2026 04:03;" 325° 15' 04.36447""";"  77° 24' 57.67876""";553.592;Atmos PPM;0;1013.25;11.1012;175781.119;9046077.854;199.57;176089.028;9045633.904;78.939;540.325;540.277
CND_1603;05/09/2026 04:03;" 325° 30' 37.89748""";"  78° 11' 57.22139""";397.916;Atmos PPM;0;1013.25;11.1012;175868.501;9045954.958;160.327;176089.028;9045633.904;78.939;389.496;389.496
CND_210_6;05/09/2026 04:04;" 328° 34' 39.47020""";"  76° 54' 35.26659""";582.156;Atmos PPM;0;1013.25;11.1012;175793.462;9046117.786;210.81;176089.028;9045633.904;78.939;567.059;567.011
CND_1503;05/09/2026 04:04;" 328° 44' 16.54755""";"  78° 43' 00.61155""";367.859;Atmos PPM;0;1013.25;11.1012;175901.846;9045942.283;150.923;176089.028;9045633.904;78.939;360.776;360.741
CND_34;05/09/2026 04:04;" 330° 33' 55.30888""";"  80° 30' 46.81814""";315.764;Atmos PPM;0;1013.25;11.1012;175936;9045905.155;130.991;176089.028;9045633.904;78.939;311.606;311.439
CND_200_7;05/09/2026 04:04;" 332° 03' 32.13617""";"  77° 26' 32.76953""";554.823;Atmos PPM;0;1013.25;11.1012;175835.325;9046112.333;199.589;176089.028;9045633.904;78.939;541.571;541.534
CND_1604;05/09/2026 04:04;" 332° 27' 34.90385""";"  78° 10' 03.52275""";397.115;Atmos PPM;0;1013.25;11.1012;175909.348;9045978.545;160.377;176089.028;9045633.904;78.939;388.706;388.667
CND_27;05/09/2026 04:04;" 332° 40' 55.25406""";"  82° 13' 54.58513""";231.131;Atmos PPM;0;1013.25;11.1012;175983.948;9045837.379;110.184;176089.028;9045633.904;78.939;229.13;229.006
CND_22;05/09/2026 04:04;" 334° 37' 11.50946""";"  80° 44' 18.10356""";259.96;Atmos PPM;0;1013.25;11.1012;175979.078;9045865.717;120.782;176089.028;9045633.904;78.939;256.724;256.566
CND_1803;05/09/2026 04:06;" 348° 01' 16.77596""";"  78° 12' 08.40772""";498.574;Atmos PPM;0;1013.25;11.1012;175987.779;9046111.315;180.892;176089.028;9045633.904;78.939;488.054;488.029
CND_23;05/09/2026 04:06;" 348° 36' 44.90915""";"  78° 49' 28.42516""";391.408;Atmos PPM;0;1013.25;11.1012;176013.246;9046010.329;154.809;176089.028;9045633.904;78.939;383.951;383.977
CND_20;05/09/2026 04:07;" 359° 04' 43.53847""";"  83° 56' 59.01432""";203.551;Atmos PPM;0;1013.25;11.1012;176085.791;9045836.293;100.396;176089.028;9045633.904;78.939;202.449;202.414
CND_18;05/09/2026 04:07;"   0° 51' 00.12201""";"  86° 10' 40.12459""";178.31;Atmos PPM;0;1013.25;11.1012;176091.683;9045811.796;90.827;176089.028;9045633.904;78.939;177.925;177.911
CND_17;05/09/2026 04:07;"  11° 43' 29.19837""";"  86° 38' 49.60298""";208.077;Atmos PPM;0;1013.25;11.1012;176131.256;9045837.285;91.112;176089.028;9045633.904;78.939;207.753;207.718
CND_30002;05/09/2026 06:00;" 289° 14' 46.42581""";"  79° 28' 59.35934""";723.075;Atmos PPM;0;1013.25;11.1012;175417.875;9045868.295;210.952;176089.028;9045633.904;78.939;710.915;710.905
CND_30003;05/09/2026 06:00;" 290° 56' 15.31692""";"  79° 32' 49.15393""";674.096;Atmos PPM;0;1013.25;11.1012;175469.93;9045870.84;201.27;176089.028;9045633.904;78.939;662.894;662.889
CND_30004;05/09/2026 06:00;" 291° 25' 45.95927""";"  79° 52' 55.07623""";637.676;Atmos PPM;0;1013.25;11.1012;175504.704;9045863.302;190.991;176089.028;9045633.904;78.939;627.75;627.741
CND_170_1;05/09/2026 06:00;" 298° 32' 42.18450""";"  79° 40' 25.40677""";508.767;Atmos PPM;0;1013.25;11.1012;175649.376;9045873.111;170.154;176089.028;9045633.904;78.939;500.548;500.514
CND_190_3;05/09/2026 06:00;" 298° 34' 31.76198""";"  78° 59' 18.49739""";594.721;Atmos PPM;0;1013.25;11.1012;175576.406;9045913.166;192.558;176089.028;9045633.904;78.939;583.897;583.754
CND_180_2;05/09/2026 06:01;" 299° 00' 00.29494""";"  79° 34' 22.06684""";553.866;Atmos PPM;0;1013.25;11.1012;175612.642;9045898.023;179.201;176089.028;9045633.904;78.939;544.768;544.704
CND_210_3;05/09/2026 06:01;" 302° 53' 59.44289""";"  78° 03' 47.51324""";629.471;Atmos PPM;0;1013.25;11.1012;175571.984;9045968.455;209.16;176089.028;9045633.904;78.939;616.02;615.84
CND_200_8;05/09/2026 06:01;" 303° 25' 05.34142""";"  78° 15' 51.08053""";598.438;Atmos PPM;0;1013.25;11.1012;175600.011;9045956.633;200.684;176089.028;9045633.904;78.939;586.05;585.911
CND_200_3;05/09/2026 06:01;" 303° 25' 05.13000""";"  78° 15' 51.22990""";598.438;Atmos PPM;0;1013.25;11.1012;175600.011;9045956.632;200.684;176089.028;9045633.904;78.939;586.052;585.911
CND_190_4;05/09/2026 06:01;" 304° 23' 47.78746""";"  78° 35' 19.66570""";568.317;Atmos PPM;0;1013.25;11.1012;175629.393;9045948.64;191.401;176089.028;9045633.904;78.939;557.187;557.066
CND_200_4;05/09/2026 06:01;" 309° 34' 03.82485""";"  77° 58' 10.39142""";577.862;Atmos PPM;0;1013.25;11.1012;175653.397;9045993.938;199.406;176089.028;9045633.904;78.939;565.267;565.154
CND_1505;05/09/2026 06:01;" 310° 59' 43.21749""";"  79° 10' 41.65335""";381.651;Atmos PPM;0;1013.25;11.1012;175806.122;9045879.832;150.605;176089.028;9045633.904;78.939;374.89;374.855
CND_210_4;05/09/2026 06:01;" 311° 21' 23.45929""";"  77° 25' 44.89748""";600.88;Atmos PPM;0;1013.25;11.1012;175648.859;9046021.438;209.742;176089.028;9045633.904;78.939;586.567;586.457
CND_190_5;05/09/2026 06:01;" 312° 12' 19.90694""";"  78° 10' 50.87702""";542.238;Atmos PPM;0;1013.25;11.1012;175695.928;9045990.475;190.022;176089.028;9045633.904;78.939;530.796;530.727
CND_25;05/09/2026 06:02;" 313° 23' 19.27349""";"  82° 24' 37.45399""";237.061;Atmos PPM;0;1013.25;11.1012;175918.279;9045795.337;110.253;176089.028;9045633.904;78.939;235.096;234.98
CND_29;05/09/2026 06:02;" 313° 30' 27.63322""";"  80° 52' 40.50301""";264.294;Atmos PPM;0;1013.25;11.1012;175899.784;9045813.569;120.845;176089.028;9045633.904;78.939;261.111;260.946
CND_200_5;05/09/2026 06:02;" 316° 06' 25.43003""";"  77° 35' 24.03962""";562.268;Atmos PPM;0;1013.25;11.1012;175708.353;9046029.648;199.794;176089.028;9045633.904;78.939;549.185;549.114
CND_1401;05/09/2026 06:02;" 317° 46' 12.33038""";"  79° 41' 08.27986""";345.464;Atmos PPM;0;1013.25;11.1012;175860.617;9045885.585;140.802;176089.028;9045633.904;78.939;340.026;339.874
CND_1602;05/09/2026 06:03;" 317° 50' 30.47096""";"  78° 12' 05.28243""";403.378;Atmos PPM;0;1013.25;11.1012;175824.04;9045926.623;161.429;176089.028;9045633.904;78.939;394.845;394.846
CND_1504;05/09/2026 06:03;" 320° 45' 23.31519""";"  78° 43' 30.98873""";370.088;Atmos PPM;0;1013.25;11.1012;175859.451;9045915.006;151.305;176089.028;9045633.904;78.939;362.974;362.937
CND_210_5;05/09/2026 06:03;" 320° 50' 26.58372""";"  77° 01' 22.45609""";587.596;Atmos PPM;0;1013.25;11.1012;175727.499;9046077.902;210.913;176089.028;9045633.904;78.939;572.641;572.571
CND_190_6;05/09/2026 06:03;" 321° 21' 25.22419""";"  77° 52' 40.34197""";529.233;Atmos PPM;0;1013.25;11.1012;175765.953;9046038.062;190.094;176089.028;9045633.904;78.939;517.464;517.418
CND_26;05/09/2026 06:03;" 321° 48' 37.35292""";"  82° 11' 22.72197""";231.313;Atmos PPM;0;1013.25;11.1012;175947.359;9045814.032;110.377;176089.028;9045633.904;78.939;229.307;229.163
CND_30;05/09/2026 06:03;" 323° 47' 13.81145""";"  80° 41' 05.71340""";257.39;Atmos PPM;0;1013.25;11.1012;175938.991;9045838.844;120.606;176089.028;9045633.904;78.939;254.209;253.991
CND_1402;05/09/2026 06:03;" 325° 03' 31.80639""";"  79° 32' 25.43423""";340.05;Atmos PPM;0;1013.25;11.1012;175897.533;9045908.036;140.68;176089.028;9045633.904;78.939;334.538;334.393
CND_200_6;05/09/2026 06:04;" 325° 15' 05.45052""";"  77° 24' 56.82562""";553.591;Atmos PPM;0;1013.25;11.1012;175781.122;9046077.854;199.572;176089.028;9045633.904;78.939;540.325;540.276
CND_1603;05/09/2026 06:04;" 325° 30' 41.58107""";"  78° 11' 56.50805""";397.916;Atmos PPM;0;1013.25;11.1012;175868.507;9045954.961;160.328;176089.028;9045633.904;78.939;389.496;389.496
CND_210_6;05/09/2026 06:04;" 328° 34' 40.70486""";"  76° 54' 32.06777""";582.156;Atmos PPM;0;1013.25;11.1012;175793.466;9046117.786;210.819;176089.028;9045633.904;78.939;567.059;567.008
CND_1503;05/09/2026 06:04;" 328° 44' 18.93975""";"  78° 42' 59.61527""";367.859;Atmos PPM;0;1013.25;11.1012;175901.85;9045942.284;150.924;176089.028;9045633.904;78.939;360.776;360.74
CND_34;05/09/2026 06:04;" 330° 33' 57.00132""";"  80° 30' 45.83688""";315.764;Atmos PPM;0;1013.25;11.1012;175936.003;9045905.156;130.993;176089.028;9045633.904;78.939;311.606;311.439
CND_200_7;05/09/2026 06:04;" 332° 03' 34.04750""";"  77° 26' 32.61039""";554.822;Atmos PPM;0;1013.25;11.1012;175835.33;9046112.335;199.589;176089.028;9045633.904;78.939;541.571;541.533
CND_1604;05/09/2026 06:04;" 332° 27' 36.75028""";"  78° 10' 02.50981""";397.115;Atmos PPM;0;1013.25;11.1012;175909.352;9045978.546;160.379;176089.028;9045633.904;78.939;388.706;388.667
CND_27;05/09/2026 06:05;" 332° 40' 56.94079""";"  82° 13' 51.75622""";231.131;Atmos PPM;0;1013.25;11.1012;175983.95;9045837.379;110.187;176089.028;9045633.904;78.939;229.13;229.006
CND_22;05/09/2026 06:05;" 334° 37' 13.76662""";"  80° 44' 16.69056""";259.96;Atmos PPM;0;1013.25;11.1012;175979.081;9045865.718;120.784;176089.028;9045633.904;78.939;256.724;256.566
CND_210_7;05/09/2026 06:05;" 337° 51' 20.70322""";"  77° 09' 28.57476""";585;Atmos PPM;0;1013.25;11.1012;175874.085;9046162.202;208.986;176089.028;9045633.904;78.939;570.387;570.349
CND_1803;05/09/2026 06:06;" 348° 01' 18.31441""";"  78° 12' 07.91722""";498.574;Atmos PPM;0;1013.25;11.1012;175987.783;9046111.315;180.893;176089.028;9045633.904;78.939;488.054;488.028
CND_23;05/09/2026 06:07;" 348° 36' 46.66113""";"  78° 49' 28.84786""";391.407;Atmos PPM;0;1013.25;11.1012;176013.249;9046010.329;154.809;176089.028;9045633.904;78.939;383.951;383.977
CND_20;05/09/2026 06:07;" 359° 04' 47.43590""";"  83° 57' 01.06262""";203.551;Atmos PPM;0;1013.25;11.1012;176085.795;9045836.293;100.394;176089.028;9045633.904;78.939;202.449;202.414
CND_18;05/09/2026 06:07;"   0° 51' 01.46523""";"  86° 10' 43.31290""";178.31;Atmos PPM;0;1013.25;11.1012;176091.684;9045811.796;90.825;176089.028;9045633.904;78.939;177.925;177.911
CND_17;05/09/2026 06:07;"  11° 43' 31.73050""";"  86° 38' 50.57174""";208.077;Atmos PPM;0;1013.25;11.1012;176131.258;9045837.284;91.111;176089.028;9045633.904;78.939;207.753;207.718
CND_30002;05/09/2026 08:00;" 289° 14' 48.28389""";"  79° 29' 04.46416""";723.074;Atmos PPM;0;1013.25;11.1012;175417.874;9045868.302;210.935;176089.028;9045633.904;78.939;710.915;710.908
CND_30003;05/09/2026 08:00;" 290° 56' 18.07798""";"  79° 32' 50.22652""";674.096;Atmos PPM;0;1013.25;11.1012;175469.933;9045870.848;201.266;176089.028;9045633.904;78.939;662.894;662.889
CND_30004;05/09/2026 08:00;" 291° 25' 50.20313""";"  79° 53' 00.68301""";637.676;Atmos PPM;0;1013.25;11.1012;175504.706;9045863.315;190.974;176089.028;9045633.904;78.939;627.75;627.743
CND_170_1;05/09/2026 08:00;" 298° 32' 43.44433""";"  79° 40' 26.51464""";508.766;Atmos PPM;0;1013.25;11.1012;175649.378;9045873.114;170.152;176089.028;9045633.904;78.939;500.548;500.513
CND_190_3;05/09/2026 08:00;" 298° 34' 34.69623""";"  78° 59' 19.10860""";594.72;Atmos PPM;0;1013.25;11.1012;175576.411;9045913.173;192.556;176089.028;9045633.904;78.939;583.897;583.753
CND_180_2;05/09/2026 08:01;" 299° 00' 05.13739""";"  79° 34' 22.17584""";553.865;Atmos PPM;0;1013.25;11.1012;175612.649;9045898.034;179.201;176089.028;9045633.904;78.939;544.768;544.703
CND_210_3;05/09/2026 08:01;" 302° 54' 02.56357""";"  78° 03' 47.12397""";629.47;Atmos PPM;0;1013.25;11.1012;175571.99;9045968.462;209.161;176089.028;9045633.904;78.939;616.02;615.839
CND_200_8;05/09/2026 08:01;" 303° 25' 07.27705""";"  78° 15' 51.57228""";598.438;Atmos PPM;0;1013.25;11.1012;175600.014;9045956.637;200.683;176089.028;9045633.904;78.939;586.05;585.911
CND_200_3;05/09/2026 08:01;" 303° 25' 06.85722""";"  78° 15' 51.00444""";598.438;Atmos PPM;0;1013.25;11.1012;175600.014;9045956.636;200.684;176089.028;9045633.904;78.939;586.052;585.91
CND_190_4;05/09/2026 08:01;" 304° 23' 49.72541""";"  78° 35' 17.47978""";568.316;Atmos PPM;0;1013.25;11.1012;175629.397;9045948.643;191.407;176089.028;9045633.904;78.939;557.187;557.065
CND_200_4;05/09/2026 08:01;" 309° 34' 08.59632""";"  77° 58' 08.68487""";577.861;Atmos PPM;0;1013.25;11.1012;175653.407;9045993.947;199.41;176089.028;9045633.904;78.939;565.267;565.152
CND_1505;05/09/2026 08:01;" 310° 59' 46.27953""";"  79° 10' 42.71046""";381.65;Atmos PPM;0;1013.25;11.1012;175806.126;9045879.836;150.603;176089.028;9045633.904;78.939;374.89;374.855
CND_210_4;05/09/2026 08:01;" 311° 21' 28.13520""";"  77° 25' 45.53369""";600.879;Atmos PPM;0;1013.25;11.1012;175648.868;9046021.448;209.74;176089.028;9045633.904;78.939;586.567;586.456
CND_190_5;05/09/2026 08:02;" 312° 12' 22.38466""";"  78° 10' 50.37841""";542.238;Atmos PPM;0;1013.25;11.1012;175695.933;9045990.48;190.023;176089.028;9045633.904;78.939;530.796;530.726
CND_25;05/09/2026 08:02;" 313° 23' 22.06690""";"  82° 24' 37.31020""";237.06;Atmos PPM;0;1013.25;11.1012;175918.282;9045795.339;110.253;176089.028;9045633.904;78.939;235.096;234.98
CND_29;05/09/2026 08:02;" 313° 30' 31.64828""";"  80° 52' 40.74288""";264.294;Atmos PPM;0;1013.25;11.1012;175899.787;9045813.573;120.844;176089.028;9045633.904;78.939;261.111;260.946
CND_200_5;05/09/2026 08:02;" 316° 06' 29.88082""";"  77° 35' 25.24470""";562.268;Atmos PPM;0;1013.25;11.1012;175708.362;9046029.657;199.791;176089.028;9045633.904;78.939;549.185;549.115
CND_1401;05/09/2026 08:03;" 317° 46' 17.17031""";"  79° 41' 08.30914""";345.464;Atmos PPM;0;1013.25;11.1012;175860.623;9045885.59;140.802;176089.028;9045633.904;78.939;340.026;339.874
CND_1602;05/09/2026 08:03;" 317° 50' 33.72002""";"  78° 12' 05.90803""";403.377;Atmos PPM;0;1013.25;11.1012;175824.045;9045926.628;161.427;176089.028;9045633.904;78.939;394.845;394.846
CND_1504;05/09/2026 08:03;" 320° 45' 27.74261""";"  78° 43' 31.52391""";370.087;Atmos PPM;0;1013.25;11.1012;175859.458;9045915.01;151.304;176089.028;9045633.904;78.939;362.974;362.937
CND_210_5;05/09/2026 08:03;" 320° 50' 28.94034""";"  77° 01' 20.74283""";587.596;Atmos PPM;0;1013.25;11.1012;175727.506;9046077.905;210.918;176089.028;9045633.904;78.939;572.641;572.569
CND_190_6;05/09/2026 08:03;" 321° 21' 28.44520""";"  77° 52' 43.10992""";529.232;Atmos PPM;0;1013.25;11.1012;175765.958;9046038.067;190.087;176089.028;9045633.904;78.939;517.464;517.418
CND_26;05/09/2026 08:03;" 321° 48' 36.42794""";"  82° 11' 21.82430""";231.313;Atmos PPM;0;1013.25;11.1012;175947.359;9045814.031;110.378;176089.028;9045633.904;78.939;229.307;229.163
CND_30;05/09/2026 08:03;" 323° 47' 14.99511""";"  80° 41' 04.11907""";257.39;Atmos PPM;0;1013.25;11.1012;175938.993;9045838.845;120.607;176089.028;9045633.904;78.939;254.209;253.991
CND_1402;05/09/2026 08:04;" 325° 03' 33.08251""";"  79° 32' 23.86047""";340.05;Atmos PPM;0;1013.25;11.1012;175897.535;9045908.036;140.683;176089.028;9045633.904;78.939;334.538;334.392
CND_200_6;05/09/2026 08:04;" 325° 15' 08.40065""";"  77° 24' 55.57608""";553.591;Atmos PPM;0;1013.25;11.1012;175781.129;9046077.858;199.575;176089.028;9045633.904;78.939;540.325;540.275
CND_1603;05/09/2026 08:04;" 325° 30' 45.40624""";"  78° 11' 54.19446""";397.915;Atmos PPM;0;1013.25;11.1012;175868.514;9045954.964;160.333;176089.028;9045633.904;78.939;389.496;389.495
CND_210_6;05/09/2026 08:04;" 328° 34' 42.47107""";"  76° 54' 31.53371""";582.155;Atmos PPM;0;1013.25;11.1012;175793.471;9046117.788;210.821;176089.028;9045633.904;78.939;567.059;567.008
CND_1503;05/09/2026 08:04;" 328° 44' 18.66364""";"  78° 43' 01.47736""";367.859;Atmos PPM;0;1013.25;11.1012;175901.85;9045942.284;150.921;176089.028;9045633.904;78.939;360.776;360.741
CND_34;05/09/2026 08:04;" 330° 33' 59.94310""";"  80° 30' 49.88092""";315.763;Atmos PPM;0;1013.25;11.1012;175936.006;9045905.158;130.986;176089.028;9045633.904;78.939;311.606;311.439
CND_200_7;05/09/2026 08:05;" 332° 03' 35.65625""";"  77° 26' 33.17629""";554.822;Atmos PPM;0;1013.25;11.1012;175835.334;9046112.337;199.588;176089.028;9045633.904;78.939;541.571;541.534
CND_1604;05/09/2026 08:05;" 332° 27' 40.32562""";"  78° 10' 04.05254""";397.114;Atmos PPM;0;1013.25;11.1012;175909.357;9045978.55;160.376;176089.028;9045633.904;78.939;388.706;388.667
CND_27;05/09/2026 08:06;" 332° 40' 58.59998""";"  82° 13' 57.23293""";231.131;Atmos PPM;0;1013.25;11.1012;175983.951;9045837.381;110.181;176089.028;9045633.904;78.939;229.13;229.006
CND_22;05/09/2026 08:06;" 334° 37' 14.57927""";"  80° 44' 16.53726""";259.959;Atmos PPM;0;1013.25;11.1012;175979.082;9045865.718;120.784;176089.028;9045633.904;78.939;256.724;256.565
CND_210_7;05/09/2026 08:06;" 337° 51' 22.07272""";"  77° 09' 28.37601""";584.999;Atmos PPM;0;1013.25;11.1012;175874.089;9046162.202;208.986;176089.028;9045633.904;78.939;570.387;570.348
CND_1803;05/09/2026 08:08;" 348° 01' 19.38479""";"  78° 12' 08.81348""";498.573;Atmos PPM;0;1013.25;11.1012;175987.785;9046111.315;180.891;176089.028;9045633.904;78.939;488.054;488.028
CND_23;05/09/2026 08:08;" 348° 36' 46.89595""";"  78° 49' 28.21596""";391.407;Atmos PPM;0;1013.25;11.1012;176013.25;9046010.329;154.81;176089.028;9045633.904;78.939;383.951;383.976
CND_1901;05/09/2026 08:08;" 350° 13' 40.73579""";"  77° 55' 47.46080""";536.181;Atmos PPM;0;1013.25;11.1012;176000.081;9046150.617;191.078;176089.028;9045633.904;78.939;524.343;524.312
CND_20;05/09/2026 08:08;" 359° 04' 48.36869""";"  83° 57' 01.00270""";203.551;Atmos PPM;0;1013.25;11.1012;176085.796;9045836.293;100.394;176089.028;9045633.904;78.939;202.449;202.414
CND_18;05/09/2026 08:09;"   0° 51' 01.31823""";"  86° 10' 57.67686""";178.31;Atmos PPM;0;1013.25;11.1012;176091.684;9045811.796;90.812;176089.028;9045633.904;78.939;177.925;177.912
CND_17;05/09/2026 08:09;"  11° 43' 31.95425""";"  86° 38' 54.70156""";208.077;Atmos PPM;0;1013.25;11.1012;176131.259;9045837.284;91.106;176089.028;9045633.904;78.939;207.753;207.718
CND_30002;05/09/2026 10:00;" 289° 14' 44.18600""";"  79° 29' 02.98024""";723.074;Atmos PPM;0;1013.25;11.1012;175417.871;9045868.288;210.94;176089.028;9045633.904;78.939;710.915;710.907
CND_30003;05/09/2026 10:00;" 290° 56' 18.17154""";"  79° 32' 51.57579""";674.096;Atmos PPM;0;1013.25;11.1012;175469.932;9045870.849;201.262;176089.028;9045633.904;78.939;662.894;662.89
CND_30004;05/09/2026 10:00;" 291° 25' 44.73259""";"  79° 53' 04.20866""";637.675;Atmos PPM;0;1013.25;11.1012;175504.698;9045863.3;190.963;176089.028;9045633.904;78.939;627.75;627.745
CND_170_1;05/09/2026 10:00;" 298° 32' 40.80370""";"  79° 40' 28.93983""";508.767;Atmos PPM;0;1013.25;11.1012;175649.374;9045873.109;170.146;176089.028;9045633.904;78.939;500.548;500.515
CND_190_3;05/09/2026 10:00;" 298° 34' 31.42696""";"  78° 59' 18.28679""";594.72;Atmos PPM;0;1013.25;11.1012;175576.406;9045913.165;192.558;176089.028;9045633.904;78.939;583.897;583.754
CND_180_2;05/09/2026 10:01;" 299° 00' 01.20811""";"  79° 34' 24.23551""";553.864;Atmos PPM;0;1013.25;11.1012;175612.643;9045898.025;179.195;176089.028;9045633.904;78.939;544.768;544.704
CND_210_3;05/09/2026 10:01;" 302° 54' 02.24762""";"  78° 03' 47.34793""";629.47;Atmos PPM;0;1013.25;11.1012;175571.989;9045968.461;209.16;176089.028;9045633.904;78.939;616.02;615.839
CND_200_3;05/09/2026 10:01;" 303° 25' 05.81375""";"  78° 15' 54.56194""";598.437;Atmos PPM;0;1013.25;11.1012;175600.011;9045956.635;200.674;176089.028;9045633.904;78.939;586.052;585.912
CND_200_8;05/09/2026 10:01;" 303° 25' 04.11349""";"  78° 15' 53.75944""";598.437;Atmos PPM;0;1013.25;11.1012;175600.009;9045956.63;200.677;176089.028;9045633.904;78.939;586.05;585.911
CND_190_4;05/09/2026 10:01;" 304° 23' 49.92266""";"  78° 35' 21.59616""";568.316;Atmos PPM;0;1013.25;11.1012;175629.396;9045948.645;191.396;176089.028;9045633.904;78.939;557.187;557.067
CND_200_4;05/09/2026 10:01;" 309° 34' 03.20877""";"  77° 58' 12.63993""";577.862;Atmos PPM;0;1013.25;11.1012;175653.395;9045993.937;199.399;176089.028;9045633.904;78.939;565.267;565.155
CND_1505;05/09/2026 10:01;" 310° 59' 43.59381""";"  79° 10' 44.99904""";381.65;Atmos PPM;0;1013.25;11.1012;175806.122;9045879.833;150.599;176089.028;9045633.904;78.939;374.89;374.855
CND_210_4;05/09/2026 10:01;" 311° 21' 26.04684""";"  77° 25' 47.70163""";600.879;Atmos PPM;0;1013.25;11.1012;175648.863;9046021.444;209.734;176089.028;9045633.904;78.939;586.567;586.458
CND_190_5;05/09/2026 10:01;" 312° 12' 19.66827""";"  78° 10' 53.08406""";542.238;Atmos PPM;0;1013.25;11.1012;175695.927;9045990.475;190.016;176089.028;9045633.904;78.939;530.796;530.728
CND_25;05/09/2026 10:02;" 313° 23' 19.93053""";"  82° 24' 44.69864""";237.06;Atmos PPM;0;1013.25;11.1012;175918.279;9045795.338;110.245;176089.028;9045633.904;78.939;235.096;234.981
CND_29;05/09/2026 10:02;" 313° 30' 27.60940""";"  80° 52' 44.98510""";264.294;Atmos PPM;0;1013.25;11.1012;175899.783;9045813.57;120.839;176089.028;9045633.904;78.939;261.111;260.947
CND_200_5;05/09/2026 10:02;" 316° 06' 25.22622""";"  77° 35' 27.03375""";562.267;Atmos PPM;0;1013.25;11.1012;175708.352;9046029.648;199.786;176089.028;9045633.904;78.939;549.185;549.115
CND_1401;05/09/2026 10:02;" 317° 46' 19.78873""";"  79° 41' 13.54900""";345.464;Atmos PPM;0;1013.25;11.1012;175860.625;9045885.594;140.793;176089.028;9045633.904;78.939;340.026;339.876
CND_1602;05/09/2026 10:02;" 317° 50' 30.98262""";"  78° 12' 01.94159""";403.377;Atmos PPM;0;1013.25;11.1012;175824.042;9045926.623;161.435;176089.028;9045633.904;78.939;394.845;394.844
CND_1504;05/09/2026 10:03;" 320° 45' 25.00943""";"  78° 43' 32.47761""";370.088;Atmos PPM;0;1013.25;11.1012;175859.453;9045915.008;151.303;176089.028;9045633.904;78.939;362.974;362.938
CND_210_5;05/09/2026 10:03;" 320° 50' 25.92579""";"  77° 01' 22.01028""";587.596;Atmos PPM;0;1013.25;11.1012;175727.499;9046077.9;210.914;176089.028;9045633.904;78.939;572.641;572.57
CND_190_6;05/09/2026 10:03;" 321° 21' 27.87313""";"  77° 52' 41.31962""";529.233;Atmos PPM;0;1013.25;11.1012;175765.958;9046038.066;190.092;176089.028;9045633.904;78.939;517.464;517.418
CND_26;05/09/2026 10:03;" 321° 48' 34.60039""";"  82° 11' 28.71983""";231.313;Atmos PPM;0;1013.25;11.1012;175947.357;9045814.03;110.37;176089.028;9045633.904;78.939;229.307;229.164
CND_30;05/09/2026 10:03;" 323° 47' 13.57479""";"  80° 41' 06.28862""";257.39;Atmos PPM;0;1013.25;11.1012;175938.991;9045838.844;120.605;176089.028;9045633.904;78.939;254.209;253.991
CND_1402;05/09/2026 10:03;" 325° 03' 34.15747""";"  79° 32' 24.95334""";340.05;Atmos PPM;0;1013.25;11.1012;175897.536;9045908.037;140.681;176089.028;9045633.904;78.939;334.538;334.392
CND_200_6;05/09/2026 10:03;" 325° 15' 04.68842""";"  77° 24' 58.50371""";553.591;Atmos PPM;0;1013.25;11.1012;175781.12;9046077.854;199.568;176089.028;9045633.904;78.939;540.325;540.276
CND_1603;05/09/2026 10:04;" 325° 30' 39.01202""";"  78° 11' 55.94312""";397.915;Atmos PPM;0;1013.25;11.1012;175868.503;9045954.958;160.329;176089.028;9045633.904;78.939;389.496;389.495
CND_210_6;05/09/2026 10:04;" 328° 34' 39.74237""";"  76° 54' 36.29839""";582.155;Atmos PPM;0;1013.25;11.1012;175793.463;9046117.787;210.808;176089.028;9045633.904;78.939;567.059;567.011
CND_1503;05/09/2026 10:04;" 328° 44' 19.71408""";"  78° 43' 03.75534""";367.858;Atmos PPM;0;1013.25;11.1012;175901.851;9045942.286;150.917;176089.028;9045633.904;78.939;360.776;360.741
CND_34;05/09/2026 10:04;" 330° 33' 57.12915""";"  80° 30' 50.15992""";315.763;Atmos PPM;0;1013.25;11.1012;175936.003;9045905.156;130.986;176089.028;9045633.904;78.939;311.606;311.439
CND_200_7;05/09/2026 10:05;" 332° 03' 33.31719""";"  77° 26' 35.44128""";554.822;Atmos PPM;0;1013.25;11.1012;175835.328;9046112.335;199.582;176089.028;9045633.904;78.939;541.571;541.535
CND_1604;05/09/2026 10:05;" 332° 27' 36.28962""";"  78° 10' 03.54659""";397.114;Atmos PPM;0;1013.25;11.1012;175909.351;9045978.546;160.377;176089.028;9045633.904;78.939;388.706;388.667
CND_27;05/09/2026 10:05;" 332° 40' 54.84500""";"  82° 13' 53.39066""";231.131;Atmos PPM;0;1013.25;11.1012;175983.948;9045837.379;110.185;176089.028;9045633.904;78.939;229.13;229.006
CND_22;05/09/2026 10:05;" 334° 37' 15.19271""";"  80° 44' 17.03994""";259.96;Atmos PPM;0;1013.25;11.1012;175979.082;9045865.719;120.784;176089.028;9045633.904;78.939;256.724;256.566
CND_210_7;05/09/2026 10:05;" 337° 51' 19.10797""";"  77° 09' 28.67798""";585.001;Atmos PPM;0;1013.25;11.1012;175874.081;9046162.201;208.986;176089.028;9045633.904;78.939;570.387;570.35
CND_1803;05/09/2026 10:07;" 348° 01' 16.16485""";"  78° 12' 09.01441""";498.573;Atmos PPM;0;1013.25;11.1012;175987.778;9046111.314;180.89;176089.028;9045633.904;78.939;488.054;488.028
CND_23;05/09/2026 10:07;" 348° 36' 45.46574""";"  78° 49' 29.13347""";391.407;Atmos PPM;0;1013.25;11.1012;176013.247;9046010.329;154.808;176089.028;9045633.904;78.939;383.951;383.977
CND_20;05/09/2026 10:08;" 359° 04' 46.03151""";"  83° 57' 02.28681""";203.551;Atmos PPM;0;1013.25;11.1012;176085.793;9045836.293;100.393;176089.028;9045633.904;78.939;202.449;202.414
CND_18;05/09/2026 10:08;"   0° 50' 58.39534""";"  86° 10' 52.42195""";178.31;Atmos PPM;0;1013.25;11.1012;176091.681;9045811.796;90.817;176089.028;9045633.904;78.939;177.925;177.911
CND_17;05/09/2026 10:08;"  11° 43' 29.84826""";"  86° 38' 52.36488""";208.077;Atmos PPM;0;1013.25;11.1012;176131.256;9045837.284;91.109;176089.028;9045633.904;78.939;207.753;207.718
CND_30002;05/09/2026 12:00;" 289° 14' 40.94652""";"  79° 29' 09.34685""";723.074;Atmos PPM;0;1013.25;11.1012;175417.863;9045868.279;210.918;176089.028;9045633.904;78.939;710.915;710.911
CND_30003;05/09/2026 12:00;" 290° 56' 10.98763""";"  79° 32' 52.39794""";674.095;Atmos PPM;0;1013.25;11.1012;175469.924;9045870.827;201.259;176089.028;9045633.904;78.939;662.894;662.89
CND_30004;05/09/2026 12:00;" 291° 25' 41.21393""";"  79° 53' 03.56301""";637.675;Atmos PPM;0;1013.25;11.1012;175504.695;9045863.289;190.965;176089.028;9045633.904;78.939;627.75;627.744
CND_170_1;05/09/2026 12:00;" 298° 32' 38.71858""";"  79° 40' 32.07762""";508.766;Atmos PPM;0;1013.25;11.1012;175649.37;9045873.105;170.138;176089.028;9045633.904;78.939;500.548;500.516
CND_190_3;05/09/2026 12:00;" 298° 34' 30.58097""";"  78° 59' 21.70365""";594.719;Atmos PPM;0;1013.25;11.1012;175576.404;9045913.164;192.548;176089.028;9045633.904;78.939;583.897;583.754
CND_180_2;05/09/2026 12:01;" 298° 59' 58.08045""";"  79° 34' 24.59304""";553.864;Atmos PPM;0;1013.25;11.1012;175612.639;9045898.018;179.194;176089.028;9045633.904;78.939;544.768;544.704
CND_210_3;05/09/2026 12:01;" 302° 53' 57.64670""";"  78° 03' 49.31828""";629.47;Atmos PPM;0;1013.25;11.1012;175571.981;9045968.45;209.154;176089.028;9045633.904;78.939;616.02;615.84
CND_200_8;05/09/2026 12:01;" 303° 25' 01.35715""";"  78° 15' 53.96064""";598.437;Atmos PPM;0;1013.25;11.1012;175600.004;9045956.624;200.676;176089.028;9045633.904;78.939;586.05;585.911
CND_200_3;05/09/2026 12:01;" 303° 24' 59.24078""";"  78° 15' 55.02606""";598.437;Atmos PPM;0;1013.25;11.1012;175600.001;9045956.619;200.673;176089.028;9045633.904;78.939;586.052;585.912
CND_190_4;05/09/2026 12:01;" 304° 23' 44.35069""";"  78° 35' 22.34194""";568.316;Atmos PPM;0;1013.25;11.1012;175629.387;9045948.633;191.394;176089.028;9045633.904;78.939;557.187;557.067
CND_200_4;05/09/2026 12:01;" 309° 34' 01.17176""";"  77° 58' 10.87205""";577.861;Atmos PPM;0;1013.25;11.1012;175653.393;9045993.932;199.404;176089.028;9045633.904;78.939;565.267;565.153
CND_1505;05/09/2026 12:01;" 310° 59' 40.64177""";"  79° 10' 46.23389""";381.65;Atmos PPM;0;1013.25;11.1012;175806.119;9045879.829;150.597;176089.028;9045633.904;78.939;374.89;374.856
CND_210_4;05/09/2026 12:01;" 311° 21' 23.52090""";"  77° 25' 45.99248""";600.878;Atmos PPM;0;1013.25;11.1012;175648.86;9046021.438;209.739;176089.028;9045633.904;78.939;586.567;586.456
CND_190_5;05/09/2026 12:02;" 312° 12' 17.84987""";"  78° 10' 53.03589""";542.238;Atmos PPM;0;1013.25;11.1012;175695.924;9045990.472;190.016;176089.028;9045633.904;78.939;530.796;530.727
CND_25;05/09/2026 12:02;" 313° 23' 17.43650""";"  82° 24' 51.89721""";237.06;Atmos PPM;0;1013.25;11.1012;175918.277;9045795.336;110.236;176089.028;9045633.904;78.939;235.096;234.982
CND_29;05/09/2026 12:02;" 313° 30' 21.88775""";"  80° 52' 44.45049""";264.294;Atmos PPM;0;1013.25;11.1012;175899.778;9045813.564;120.84;176089.028;9045633.904;78.939;261.111;260.947
CND_200_5;05/09/2026 12:02;" 316° 06' 25.40956""";"  77° 35' 29.03309""";562.267;Atmos PPM;0;1013.25;11.1012;175708.352;9046029.649;199.781;176089.028;9045633.904;78.939;549.185;549.116
CND_1401;05/09/2026 12:02;" 317° 46' 10.55254""";"  79° 41' 10.31035""";345.464;Atmos PPM;0;1013.25;11.1012;175860.615;9045885.583;140.799;176089.028;9045633.904;78.939;340.026;339.875
CND_1602;05/09/2026 12:03;" 317° 50' 31.12481""";"  78° 12' 04.48393""";403.377;Atmos PPM;0;1013.25;11.1012;175824.042;9045926.623;161.43;176089.028;9045633.904;78.939;394.845;394.845
CND_1504;05/09/2026 12:03;" 320° 45' 20.44033""";"  78° 43' 32.03607""";370.087;Atmos PPM;0;1013.25;11.1012;175859.448;9045915.002;151.303;176089.028;9045633.904;78.939;362.974;362.937
CND_210_5;05/09/2026 12:03;" 320° 50' 20.82087""";"  77° 01' 25.26587""";587.595;Atmos PPM;0;1013.25;11.1012;175727.487;9046077.893;210.905;176089.028;9045633.904;78.939;572.641;572.571
CND_190_6;05/09/2026 12:03;" 321° 21' 18.20199""";"  77° 52' 42.96938""";529.232;Atmos PPM;0;1013.25;11.1012;175765.939;9046038.051;190.087;176089.028;9045633.904;78.939;517.464;517.418
CND_26;05/09/2026 12:03;" 321° 48' 32.25702""";"  82° 11' 27.18181""";231.313;Atmos PPM;0;1013.25;11.1012;175947.355;9045814.028;110.372;176089.028;9045633.904;78.939;229.307;229.164
CND_30;05/09/2026 12:03;" 323° 47' 06.97575""";"  80° 41' 08.96486""";257.39;Atmos PPM;0;1013.25;11.1012;175938.984;9045838.839;120.601;176089.028;9045633.904;78.939;254.209;253.991
CND_1402;05/09/2026 12:04;" 325° 03' 27.40718""";"  79° 32' 26.13580""";340.05;Atmos PPM;0;1013.25;11.1012;175897.527;9045908.032;140.679;176089.028;9045633.904;78.939;334.538;334.393
CND_200_6;05/09/2026 12:04;" 325° 15' 00.90611""";"  77° 24' 58.70883""";553.59;Atmos PPM;0;1013.25;11.1012;175781.112;9046077.848;199.567;176089.028;9045633.904;78.939;540.325;540.276
CND_1603;05/09/2026 12:04;" 325° 30' 36.53718""";"  78° 11' 54.38006""";397.915;Atmos PPM;0;1013.25;11.1012;175868.5;9045954.954;160.332;176089.028;9045633.904;78.939;389.496;389.494
CND_210_6;05/09/2026 12:04;" 328° 34' 39.81295""";"  76° 54' 36.23430""";582.154;Atmos PPM;0;1013.25;11.1012;175793.463;9046117.786;210.807;176089.028;9045633.904;78.939;567.059;567.009
CND_1503;05/09/2026 12:04;" 328° 44' 16.44631""";"  78° 43' 03.60882""";367.858;Atmos PPM;0;1013.25;11.1012;175901.846;9045942.282;150.917;176089.028;9045633.904;78.939;360.776;360.741
CND_34;05/09/2026 12:04;" 330° 33' 55.51848""";"  80° 30' 48.76080""";315.763;Atmos PPM;0;1013.25;11.1012;175936.001;9045905.155;130.988;176089.028;9045633.904;78.939;311.606;311.439
CND_200_7;05/09/2026 12:05;" 332° 03' 32.08879""";"  77° 26' 35.93278""";554.821;Atmos PPM;0;1013.25;11.1012;175835.325;9046112.333;199.58;176089.028;9045633.904;78.939;541.571;541.534
CND_1604;05/09/2026 12:05;" 332° 27' 37.50894""";"  78° 10' 04.56744""";397.114;Atmos PPM;0;1013.25;11.1012;175909.353;9045978.547;160.375;176089.028;9045633.904;78.939;388.706;388.667
CND_27;05/09/2026 12:05;" 332° 40' 56.09558""";"  82° 13' 53.97738""";231.13;Atmos PPM;0;1013.25;11.1012;175983.949;9045837.379;110.184;176089.028;9045633.904;78.939;229.13;229.005
CND_22;05/09/2026 12:05;" 334° 37' 06.51663""";"  80° 44' 23.44958""";259.959;Atmos PPM;0;1013.25;11.1012;175979.072;9045865.715;120.776;176089.028;9045633.904;78.939;256.724;256.567
CND_210_7;05/09/2026 12:06;" 337° 51' 17.44698""";"  77° 09' 29.70572""";585;Atmos PPM;0;1013.25;11.1012;175874.077;9046162.199;208.983;176089.028;9045633.904;78.939;570.387;570.35
CND_1803;05/09/2026 12:08;" 348° 01' 12.89185""";"  78° 12' 09.33883""";498.573;Atmos PPM;0;1013.25;11.1012;175987.77;9046111.312;180.889;176089.028;9045633.904;78.939;488.054;488.028
CND_23;05/09/2026 12:08;" 348° 36' 40.82600""";"  78° 49' 29.47977""";391.407;Atmos PPM;0;1013.25;11.1012;176013.239;9046010.327;154.807;176089.028;9045633.904;78.939;383.951;383.976
CND_1901;05/09/2026 12:08;" 350° 13' 35.39711""";"  77° 55' 49.17673""";536.181;Atmos PPM;0;1013.25;11.1012;176000.068;9046150.615;191.074;176089.028;9045633.904;78.939;524.343;524.313
CND_20;05/09/2026 12:08;" 359° 04' 42.75797""";"  83° 57' 03.12577""";203.551;Atmos PPM;0;1013.25;11.1012;176085.79;9045836.293;100.392;176089.028;9045633.904;78.939;202.449;202.414
CND_18;05/09/2026 12:08;"   0° 50' 56.88284""";"  86° 11' 03.29363""";178.309;Atmos PPM;0;1013.25;11.1012;176091.68;9045811.796;90.807;176089.028;9045633.904;78.939;177.925;177.912
CND_17;05/09/2026 12:09;"  11° 43' 24.91797""";"  86° 38' 58.25546""";208.076;Atmos PPM;0;1013.25;11.1012;176131.252;9045837.285;91.103;176089.028;9045633.904;78.939;207.753;207.717
CND_30002;05/09/2026 14:00;" 289° 14' 38.57472""";"  79° 29' 01.72842""";723.073;Atmos PPM;0;1013.25;11.1012;175417.865;9045868.27;210.944;176089.028;9045633.904;78.939;710.915;710.906
CND_30003;05/09/2026 14:00;" 290° 56' 10.36496""";"  79° 32' 52.65723""";674.095;Atmos PPM;0;1013.25;11.1012;175469.923;9045870.826;201.258;176089.028;9045633.904;78.939;662.894;662.89
CND_30004;05/09/2026 14:00;" 291° 25' 39.85061""";"  79° 53' 00.43314""";637.675;Atmos PPM;0;1013.25;11.1012;175504.695;9045863.285;190.974;176089.028;9045633.904;78.939;627.75;627.743
CND_170_1;05/09/2026 14:00;" 298° 32' 38.44718""";"  79° 40' 27.59817""";508.767;Atmos PPM;0;1013.25;11.1012;175649.372;9045873.104;170.149;176089.028;9045633.904;78.939;500.548;500.514
CND_190_3;05/09/2026 14:00;" 298° 34' 26.53649""";"  78° 59' 21.38087""";594.72;Atmos PPM;0;1013.25;11.1012;175576.398;9045913.154;192.55;176089.028;9045633.904;78.939;583.897;583.755
CND_180_2;05/09/2026 14:01;" 298° 59' 55.73616""";"  79° 34' 28.37720""";553.864;Atmos PPM;0;1013.25;11.1012;175612.634;9045898.013;179.184;176089.028;9045633.904;78.939;544.768;544.706
CND_210_3;05/09/2026 14:01;" 302° 53' 57.54810""";"  78° 03' 50.49166""";629.469;Atmos PPM;0;1013.25;11.1012;175571.981;9045968.45;209.151;176089.028;9045633.904;78.939;616.02;615.84
CND_200_3;05/09/2026 14:01;" 303° 25' 00.67802""";"  78° 15' 54.16858""";598.437;Atmos PPM;0;1013.25;11.1012;175600.003;9045956.622;200.675;176089.028;9045633.904;78.939;586.052;585.911
CND_200_8;05/09/2026 14:01;" 303° 25' 00.04458""";"  78° 15' 53.37014""";598.437;Atmos PPM;0;1013.25;11.1012;175600.003;9045956.621;200.678;176089.028;9045633.904;78.939;586.05;585.911
CND_190_4;05/09/2026 14:01;" 304° 23' 43.30965""";"  78° 35' 25.27052""";568.316;Atmos PPM;0;1013.25;11.1012;175629.384;9045948.631;191.386;176089.028;9045633.904;78.939;557.187;557.069
CND_200_4;05/09/2026 14:01;" 309° 34' 00.08674""";"  77° 58' 12.69238""";577.861;Atmos PPM;0;1013.25;11.1012;175653.39;9045993.93;199.399;176089.028;9045633.904;78.939;565.267;565.154
CND_1505;05/09/2026 14:01;" 310° 59' 39.81765""";"  79° 10' 45.83467""";381.65;Atmos PPM;0;1013.25;11.1012;175806.118;9045879.828;150.598;176089.028;9045633.904;78.939;374.89;374.856
CND_210_4;05/09/2026 14:01;" 311° 21' 20.18913""";"  77° 25' 48.62047""";600.878;Atmos PPM;0;1013.25;11.1012;175648.852;9046021.432;209.731;176089.028;9045633.904;78.939;586.567;586.457
CND_190_5;05/09/2026 14:02;" 312° 12' 17.55766""";"  78° 10' 57.43805""";542.237;Atmos PPM;0;1013.25;11.1012;175695.922;9045990.473;190.005;176089.028;9045633.904;78.939;530.796;530.73
CND_25;05/09/2026 14:02;" 313° 23' 16.18431""";"  82° 24' 48.30331""";237.06;Atmos PPM;0;1013.25;11.1012;175918.276;9045795.335;110.241;176089.028;9045633.904;78.939;235.096;234.981
CND_29;05/09/2026 14:02;" 313° 30' 25.60704""";"  80° 52' 44.33289""";264.294;Atmos PPM;0;1013.25;11.1012;175899.781;9045813.568;120.84;176089.028;9045633.904;78.939;261.111;260.947
CND_1504;05/09/2026 14:03;" 320° 45' 21.19543""";"  78° 43' 34.24784""";370.087;Atmos PPM;0;1013.25;11.1012;175859.448;9045915.004;151.299;176089.028;9045633.904;78.939;362.974;362.938
CND_210_5;05/09/2026 14:03;" 320° 50' 20.02760""";"  77° 01' 22.68694""";587.595;Atmos PPM;0;1013.25;11.1012;175727.486;9046077.89;210.912;176089.028;9045633.904;78.939;572.641;572.57
CND_190_6;05/09/2026 14:03;" 321° 21' 22.39841""";"  77° 52' 43.51977""";529.232;Atmos PPM;0;1013.25;11.1012;175765.947;9046038.058;190.086;176089.028;9045633.904;78.939;517.464;517.418
CND_26;05/09/2026 14:03;" 321° 48' 34.12014""";"  82° 11' 28.30727""";231.313;Atmos PPM;0;1013.25;11.1012;175947.356;9045814.03;110.371;176089.028;9045633.904;78.939;229.307;229.164
CND_30;05/09/2026 14:03;" 323° 47' 11.46290""";"  80° 41' 09.83338""";257.389;Atmos PPM;0;1013.25;11.1012;175938.989;9045838.843;120.6;176089.028;9045633.904;78.939;254.209;253.991
CND_1402;05/09/2026 14:04;" 325° 03' 29.72942""";"  79° 32' 26.55331""";340.05;Atmos PPM;0;1013.25;11.1012;175897.53;9045908.034;140.678;176089.028;9045633.904;78.939;334.538;334.393
CND_200_6;05/09/2026 14:04;" 325° 15' 02.09461""";"  77° 24' 58.81350""";553.59;Atmos PPM;0;1013.25;11.1012;175781.114;9046077.85;199.567;176089.028;9045633.904;78.939;540.325;540.276
CND_1603;05/09/2026 14:04;" 325° 30' 36.30202""";"  78° 11' 57.10332""";397.915;Atmos PPM;0;1013.25;11.1012;175868.499;9045954.955;160.327;176089.028;9045633.904;78.939;389.496;389.495
CND_210_6;05/09/2026 14:04;" 328° 34' 36.67224""";"  76° 54' 39.52057""";582.155;Atmos PPM;0;1013.25;11.1012;175793.455;9046117.783;210.799;176089.028;9045633.904;78.939;567.059;567.012
CND_1503;05/09/2026 14:04;" 328° 44' 14.65630""";"  78° 43' 03.07059""";367.858;Atmos PPM;0;1013.25;11.1012;175901.844;9045942.281;150.918;176089.028;9045633.904;78.939;360.776;360.741
CND_34;05/09/2026 14:05;" 330° 33' 50.97402""";"  80° 30' 43.95364""";315.763;Atmos PPM;0;1013.25;11.1012;175935.996;9045905.15;130.995;176089.028;9045633.904;78.939;311.606;311.437
CND_200_7;05/09/2026 14:05;" 332° 03' 31.36424""";"  77° 26' 36.99622""";554.821;Atmos PPM;0;1013.25;11.1012;175835.323;9046112.333;199.577;176089.028;9045633.904;78.939;541.571;541.535
CND_1604;05/09/2026 14:05;" 332° 27' 33.45620""";"  78° 10' 04.37491""";397.114;Atmos PPM;0;1013.25;11.1012;175909.346;9045978.544;160.376;176089.028;9045633.904;78.939;388.706;388.667
CND_27;05/09/2026 14:05;" 332° 40' 53.60040""";"  82° 13' 55.97996""";231.131;Atmos PPM;0;1013.25;11.1012;175983.946;9045837.378;110.182;176089.028;9045633.904;78.939;229.13;229.006
CND_22;05/09/2026 14:05;" 334° 37' 08.30707""";"  80° 44' 21.22111""";259.959;Atmos PPM;0;1013.25;11.1012;175979.074;9045865.715;120.778;176089.028;9045633.904;78.939;256.724;256.566
CND_1803;05/09/2026 14:07;" 348° 01' 14.09718""";"  78° 12' 08.25304""";498.573;Atmos PPM;0;1013.25;11.1012;175987.773;9046111.312;180.892;176089.028;9045633.904;78.939;488.054;488.027
CND_23;05/09/2026 14:07;" 348° 36' 43.61137""";"  78° 49' 28.55308""";391.407;Atmos PPM;0;1013.25;11.1012;176013.244;9046010.327;154.809;176089.028;9045633.904;78.939;383.951;383.976
CND_1901;05/09/2026 14:08;" 350° 13' 35.09208""";"  77° 55' 49.24049""";536.181;Atmos PPM;0;1013.25;11.1012;176000.067;9046150.615;191.074;176089.028;9045633.904;78.939;524.343;524.313
CND_20;05/09/2026 14:08;" 359° 04' 41.27724""";"  83° 57' 04.31127""";203.551;Atmos PPM;0;1013.25;11.1012;176085.789;9045836.293;100.391;176089.028;9045633.904;78.939;202.449;202.414
CND_18;05/09/2026 14:08;"   0° 50' 56.37492""";"  86° 10' 52.61118""";178.31;Atmos PPM;0;1013.25;11.1012;176091.679;9045811.796;90.817;176089.028;9045633.904;78.939;177.925;177.911
CND_17;05/09/2026 14:08;"  11° 43' 27.50662""";"  86° 38' 53.88103""";208.076;Atmos PPM;0;1013.25;11.1012;176131.254;9045837.284;91.107;176089.028;9045633.904;78.939;207.753;207.717
CND_30002;05/09/2026 16:00;" 289° 14' 40.70373""";"  79° 29' 02.49996""";723.074;Atmos PPM;0;1013.25;11.1012;175417.867;9045868.277;210.941;176089.028;9045633.904;78.939;710.915;710.906
CND_30003;05/09/2026 16:00;" 290° 56' 10.50886""";"  79° 32' 50.40194""";674.095;Atmos PPM;0;1013.25;11.1012;175469.924;9045870.826;201.266;176089.028;9045633.904;78.939;662.894;662.889
CND_30004;05/09/2026 16:00;" 291° 25' 40.97271""";"  79° 53' 01.02005""";637.676;Atmos PPM;0;1013.25;11.1012;175504.696;9045863.288;190.973;176089.028;9045633.904;78.939;627.75;627.743
CND_170_1;05/09/2026 16:00;" 298° 32' 37.23004""";"  79° 40' 28.12624""";508.767;Atmos PPM;0;1013.25;11.1012;175649.37;9045873.101;170.148;176089.028;9045633.904;78.939;500.548;500.514
CND_190_3;05/09/2026 16:00;" 298° 34' 27.03958""";"  78° 59' 19.59661""";594.72;Atmos PPM;0;1013.25;11.1012;175576.399;9045913.155;192.555;176089.028;9045633.904;78.939;583.897;583.754
CND_180_2;05/09/2026 16:01;" 298° 59' 56.93177""";"  79° 34' 26.71629""";553.865;Atmos PPM;0;1013.25;11.1012;175612.637;9045898.016;179.189;176089.028;9045633.904;78.939;544.768;544.705
CND_210_3;05/09/2026 16:01;" 302° 53' 56.00484""";"  78° 03' 48.54023""";629.47;Atmos PPM;0;1013.25;11.1012;175571.979;9045968.446;209.157;176089.028;9045633.904;78.939;616.02;615.84
CND_200_8;05/09/2026 16:01;" 303° 24' 59.89165""";"  78° 15' 55.43788""";598.437;Atmos PPM;0;1013.25;11.1012;175600.001;9045956.621;200.672;176089.028;9045633.904;78.939;586.05;585.912
CND_200_3;05/09/2026 16:01;" 303° 25' 00.06148""";"  78° 15' 54.13417""";598.437;Atmos PPM;0;1013.25;11.1012;175600.002;9045956.621;200.676;176089.028;9045633.904;78.939;586.052;585.911
CND_190_4;05/09/2026 16:01;" 304° 23' 41.14812""";"  78° 35' 25.75819""";568.316;Atmos PPM;0;1013.25;11.1012;175629.381;9045948.626;191.384;176089.028;9045633.904;78.939;557.187;557.069
CND_200_4;05/09/2026 16:01;" 309° 33' 59.06436""";"  77° 58' 14.05361""";577.861;Atmos PPM;0;1013.25;11.1012;175653.388;9045993.929;199.395;176089.028;9045633.904;78.939;565.267;565.155
CND_1505;05/09/2026 16:01;" 310° 59' 38.69659""";"  79° 10' 45.71060""";381.65;Atmos PPM;0;1013.25;11.1012;175806.116;9045879.826;150.598;176089.028;9045633.904;78.939;374.89;374.856
CND_210_4;05/09/2026 16:01;" 311° 21' 20.70276""";"  77° 25' 48.00100""";600.878;Atmos PPM;0;1013.25;11.1012;175648.853;9046021.433;209.733;176089.028;9045633.904;78.939;586.567;586.457
CND_190_5;05/09/2026 16:02;" 312° 12' 14.49133""";"  78° 10' 54.33700""";542.237;Atmos PPM;0;1013.25;11.1012;175695.917;9045990.466;190.013;176089.028;9045633.904;78.939;530.796;530.728
CND_25;05/09/2026 16:02;" 313° 23' 15.32767""";"  82° 24' 41.51019""";237.061;Atmos PPM;0;1013.25;11.1012;175918.276;9045795.334;110.248;176089.028;9045633.904;78.939;235.096;234.98
CND_200_5;05/09/2026 16:02;" 316° 06' 20.95694""";"  77° 35' 28.53021""";562.266;Atmos PPM;0;1013.25;11.1012;175708.344;9046029.641;199.782;176089.028;9045633.904;78.939;549.185;549.115
CND_1401;05/09/2026 16:03;" 317° 46' 07.47280""";"  79° 41' 12.30205""";345.464;Atmos PPM;0;1013.25;11.1012;175860.611;9045885.58;140.795;176089.028;9045633.904;78.939;340.026;339.875
CND_1504;05/09/2026 16:03;" 320° 45' 19.24432""";"  78° 43' 33.96045""";370.087;Atmos PPM;0;1013.25;11.1012;175859.445;9045915.001;151.3;176089.028;9045633.904;78.939;362.974;362.938
CND_210_5;05/09/2026 16:03;" 320° 50' 19.36630""";"  77° 01' 25.28436""";587.595;Atmos PPM;0;1013.25;11.1012;175727.484;9046077.89;210.905;176089.028;9045633.904;78.939;572.641;572.571
CND_190_6;05/09/2026 16:03;" 321° 21' 18.32650""";"  77° 52' 43.14842""";529.232;Atmos PPM;0;1013.25;11.1012;175765.939;9046038.051;190.087;176089.028;9045633.904;78.939;517.464;517.418
CND_26;05/09/2026 16:03;" 321° 48' 30.50005""";"  82° 11' 27.08975""";231.313;Atmos PPM;0;1013.25;11.1012;175947.353;9045814.027;110.372;176089.028;9045633.904;78.939;229.307;229.164
CND_30;05/09/2026 16:04;" 323° 47' 09.38262""";"  80° 41' 08.34071""";257.39;Atmos PPM;0;1013.25;11.1012;175938.986;9045838.841;120.602;176089.028;9045633.904;78.939;254.209;253.991
CND_1402;05/09/2026 16:04;" 325° 03' 26.40599""";"  79° 32' 27.44780""";340.05;Atmos PPM;0;1013.25;11.1012;175897.526;9045908.031;140.677;176089.028;9045633.904;78.939;334.538;334.393
CND_200_6;05/09/2026 16:04;" 325° 15' 00.50558""";"  77° 25' 00.04821""";553.591;Atmos PPM;0;1013.25;11.1012;175781.11;9046077.848;199.564;176089.028;9045633.904;78.939;540.325;540.277
CND_1603;05/09/2026 16:05;" 325° 30' 38.63256""";"  78° 11' 59.59106""";397.915;Atmos PPM;0;1013.25;11.1012;175868.502;9045954.958;160.322;176089.028;9045633.904;78.939;389.496;389.496
CND_210_6;05/09/2026 16:05;" 328° 34' 37.38041""";"  76° 54' 38.84122""";582.155;Atmos PPM;0;1013.25;11.1012;175793.456;9046117.784;210.8;176089.028;9045633.904;78.939;567.059;567.012
CND_1503;05/09/2026 16:05;" 328° 44' 12.65745""";"  78° 43' 02.97961""";367.859;Atmos PPM;0;1013.25;11.1012;175901.84;9045942.279;150.918;176089.028;9045633.904;78.939;360.776;360.741
CND_34;05/09/2026 16:05;" 330° 33' 53.03406""";"  80° 30' 49.92196""";315.763;Atmos PPM;0;1013.25;11.1012;175935.997;9045905.153;130.986;176089.028;9045633.904;78.939;311.606;311.439
CND_200_7;05/09/2026 16:05;" 332° 03' 29.18529""";"  77° 26' 35.38182""";554.822;Atmos PPM;0;1013.25;11.1012;175835.318;9046112.33;199.582;176089.028;9045633.904;78.939;541.571;541.535
CND_1604;05/09/2026 16:05;" 332° 27' 32.35832""";"  78° 10' 06.59709""";397.114;Atmos PPM;0;1013.25;11.1012;175909.344;9045978.544;160.371;176089.028;9045633.904;78.939;388.706;388.668
CND_27;05/09/2026 16:05;" 332° 40' 52.66511""";"  82° 13' 55.89008""";231.131;Atmos PPM;0;1013.25;11.1012;175983.945;9045837.378;110.182;176089.028;9045633.904;78.939;229.13;229.006
CND_22;05/09/2026 16:06;" 334° 37' 06.94225""";"  80° 44' 17.86904""";259.96;Atmos PPM;0;1013.25;11.1012;175979.073;9045865.714;120.783;176089.028;9045633.904;78.939;256.724;256.566
CND_1803;05/09/2026 16:08;" 348° 01' 11.47813""";"  78° 12' 07.80520""";498.573;Atmos PPM;0;1013.25;11.1012;175987.767;9046111.311;180.893;176089.028;9045633.904;78.939;488.054;488.027
CND_23;05/09/2026 16:08;" 348° 36' 41.75422""";"  78° 49' 26.93037""";391.407;Atmos PPM;0;1013.25;11.1012;176013.24;9046010.326;154.812;176089.028;9045633.904;78.939;383.951;383.975
CND_20;05/09/2026 16:08;" 359° 04' 40.79813""";"  83° 57' 00.60084""";203.551;Atmos PPM;0;1013.25;11.1012;176085.788;9045836.292;100.395;176089.028;9045633.904;78.939;202.449;202.414
CND_18;05/09/2026 16:08;"   0° 50' 55.97067""";"  86° 10' 45.16781""";178.31;Atmos PPM;0;1013.25;11.1012;176091.679;9045811.795;90.823;176089.028;9045633.904;78.939;177.925;177.911
CND_17;05/09/2026 16:08;"  11° 43' 25.53682""";"  86° 38' 53.60850""";208.076;Atmos PPM;0;1013.25;11.1012;176131.252;9045837.285;91.107;176089.028;9045633.904;78.939;207.753;207.717
CND_30002;05/09/2026 18:00;" 289° 14' 45.43925""";"  79° 28' 58.94218""";723.074;Atmos PPM;0;1013.25;11.1012;175417.874;9045868.292;210.954;176089.028;9045633.904;78.939;710.915;710.905
CND_30003;05/09/2026 18:00;" 290° 56' 13.25825""";"  79° 32' 49.06998""";674.096;Atmos PPM;0;1013.25;11.1012;175469.928;9045870.834;201.27;176089.028;9045633.904;78.939;662.894;662.888
CND_30004;05/09/2026 18:00;" 291° 25' 45.84312""";"  79° 52' 55.69959""";637.676;Atmos PPM;0;1013.25;11.1012;175504.703;9045863.301;190.989;176089.028;9045633.904;78.939;627.75;627.741
CND_170_1;05/09/2026 18:00;" 298° 32' 41.90909""";"  79° 40' 25.01119""";508.767;Atmos PPM;0;1013.25;11.1012;175649.376;9045873.111;170.155;176089.028;9045633.904;78.939;500.548;500.513
CND_190_3;05/09/2026 18:01;" 298° 34' 32.01329""";"  78° 59' 19.09651""";594.72;Atmos PPM;0;1013.25;11.1012;175576.407;9045913.167;192.556;176089.028;9045633.904;78.939;583.897;583.754
CND_180_2;05/09/2026 18:01;" 298° 59' 59.77316""";"  79° 34' 23.07371""";553.865;Atmos PPM;0;1013.25;11.1012;175612.641;9045898.021;179.199;176089.028;9045633.904;78.939;544.768;544.704
CND_210_3;05/09/2026 18:01;" 302° 54' 02.90716""";"  78° 03' 52.22288""";629.47;Atmos PPM;0;1013.25;11.1012;175571.988;9045968.465;209.146;176089.028;9045633.904;78.939;616.02;615.842
CND_200_8;05/09/2026 18:01;" 303° 25' 03.03045""";"  78° 15' 53.96670""";598.438;Atmos PPM;0;1013.25;11.1012;175600.007;9045956.628;200.676;176089.028;9045633.904;78.939;586.05;585.912
CND_200_3;05/09/2026 18:01;" 303° 25' 02.68187""";"  78° 15' 54.50670""";598.437;Atmos PPM;0;1013.25;11.1012;175600.006;9045956.627;200.674;176089.028;9045633.904;78.939;586.052;585.912
CND_190_4;05/09/2026 18:01;" 304° 23' 47.52771""";"  78° 35' 21.65200""";568.316;Atmos PPM;0;1013.25;11.1012;175629.392;9045948.64;191.396;176089.028;9045633.904;78.939;557.187;557.067
CND_200_4;05/09/2026 18:01;" 309° 34' 03.91053""";"  77° 58' 12.46649""";577.861;Atmos PPM;0;1013.25;11.1012;175653.397;9045993.938;199.4;176089.028;9045633.904;78.939;565.267;565.154
CND_1505;05/09/2026 18:01;" 310° 59' 44.21881""";"  79° 10' 44.66823""";381.65;Atmos PPM;0;1013.25;11.1012;175806.123;9045879.834;150.6;176089.028;9045633.904;78.939;374.89;374.855
CND_210_4;05/09/2026 18:02;" 311° 21' 25.00759""";"  77° 25' 47.52598""";600.879;Atmos PPM;0;1013.25;11.1012;175648.861;9046021.442;209.734;176089.028;9045633.904;78.939;586.567;586.457
CND_190_5;05/09/2026 18:02;" 312° 12' 18.56482""";"  78° 10' 52.88322""";542.238;Atmos PPM;0;1013.25;11.1012;175695.925;9045990.473;190.016;176089.028;9045633.904;78.939;530.796;530.727
CND_25;05/09/2026 18:02;" 313° 23' 13.44177""";"  82° 24' 41.76148""";237.061;Atmos PPM;0;1013.25;11.1012;175918.274;9045795.332;110.248;176089.028;9045633.904;78.939;235.096;234.981
CND_29;05/09/2026 18:02;" 313° 30' 27.32956""";"  80° 52' 47.65778""";264.294;Atmos PPM;0;1013.25;11.1012;175899.782;9045813.57;120.835;176089.028;9045633.904;78.939;261.111;260.948
CND_200_5;05/09/2026 18:02;" 316° 06' 24.59981""";"  77° 35' 26.98687""";562.268;Atmos PPM;0;1013.25;11.1012;175708.351;9046029.647;199.786;176089.028;9045633.904;78.939;549.185;549.115
CND_1401;05/09/2026 18:02;" 317° 46' 11.08423""";"  79° 41' 10.16341""";345.464;Atmos PPM;0;1013.25;11.1012;175860.615;9045885.584;140.799;176089.028;9045633.904;78.939;340.026;339.875
CND_1504;05/09/2026 18:03;" 320° 45' 23.98639""";"  78° 43' 32.64514""";370.088;Atmos PPM;0;1013.25;11.1012;175859.452;9045915.006;151.302;176089.028;9045633.904;78.939;362.974;362.938
CND_210_5;05/09/2026 18:03;" 320° 50' 22.64854""";"  77° 01' 26.16301""";587.595;Atmos PPM;0;1013.25;11.1012;175727.49;9046077.896;210.902;176089.028;9045633.904;78.939;572.641;572.572
CND_190_6;05/09/2026 18:03;" 321° 21' 22.40121""";"  77° 52' 42.31024""";529.232;Atmos PPM;0;1013.25;11.1012;175765.947;9046038.057;190.089;176089.028;9045633.904;78.939;517.464;517.418
CND_26;05/09/2026 18:03;" 321° 48' 34.07053""";"  82° 11' 22.01052""";231.313;Atmos PPM;0;1013.25;11.1012;175947.357;9045814.029;110.378;176089.028;9045633.904;78.939;229.307;229.163
CND_30;05/09/2026 18:03;" 323° 47' 15.36445""";"  80° 41' 08.24998""";257.39;Atmos PPM;0;1013.25;11.1012;175938.992;9045838.846;120.602;176089.028;9045633.904;78.939;254.209;253.992
CND_1402;05/09/2026 18:04;" 325° 03' 30.91092""";"  79° 32' 25.32572""";340.05;Atmos PPM;0;1013.25;11.1012;175897.532;9045908.035;140.68;176089.028;9045633.904;78.939;334.538;334.393
CND_200_6;05/09/2026 18:04;" 325° 15' 03.98600""";"  77° 24' 58.30322""";553.591;Atmos PPM;0;1013.25;11.1012;175781.118;9046077.853;199.568;176089.028;9045633.904;78.939;540.325;540.276
CND_1603;05/09/2026 18:04;" 325° 30' 42.82568""";"  78° 11' 54.67819""";397.915;Atmos PPM;0;1013.25;11.1012;175868.51;9045954.962;160.332;176089.028;9045633.904;78.939;389.496;389.495
CND_210_6;05/09/2026 18:04;" 328° 34' 39.79385""";"  76° 54' 35.87838""";582.155;Atmos PPM;0;1013.25;11.1012;175793.463;9046117.786;210.809;176089.028;9045633.904;78.939;567.059;567.01
CND_1503;05/09/2026 18:04;" 328° 44' 16.98831""";"  78° 43' 04.81682""";367.859;Atmos PPM;0;1013.25;11.1012;175901.847;9045942.284;150.915;176089.028;9045633.904;78.939;360.776;360.742
CND_34;05/09/2026 18:04;" 330° 34' 03.13198""";"  80° 30' 51.87951""";315.764;Atmos PPM;0;1013.25;11.1012;175936.01;9045905.162;130.983;176089.028;9045633.904;78.939;311.606;311.44
CND_200_7;05/09/2026 18:04;" 332° 03' 32.99802""";"  77° 26' 35.79589""";554.822;Atmos PPM;0;1013.25;11.1012;175835.327;9046112.335;199.581;176089.028;9045633.904;78.939;541.571;541.535
CND_1803;05/09/2026 18:06;" 348° 01' 16.97325""";"  78° 12' 08.24560""";498.574;Atmos PPM;0;1013.25;11.1012;175987.78;9046111.314;180.892;176089.028;9045633.904;78.939;488.054;488.028
CND_23;05/09/2026 18:06;" 348° 36' 46.70182""";"  78° 49' 28.76288""";391.407;Atmos PPM;0;1013.25;11.1012;176013.249;9046010.329;154.809;176089.028;9045633.904;78.939;383.951;383.976
CND_20;05/09/2026 18:07;" 359° 04' 45.27649""";"  83° 57' 01.80686""";203.551;Atmos PPM;0;1013.25;11.1012;176085.793;9045836.293;100.394;176089.028;9045633.904;78.939;202.449;202.414
CND_18;05/09/2026 18:07;"   0° 51' 00.39809""";"  86° 10' 44.55275""";178.31;Atmos PPM;0;1013.25;11.1012;176091.683;9045811.796;90.824;176089.028;9045633.904;78.939;177.925;177.911
CND_17;05/09/2026 18:07;"  11° 43' 28.81630""";"  86° 38' 52.34578""";208.077;Atmos PPM;0;1013.25;11.1012;176131.255;9045837.285;91.109;176089.028;9045633.904;78.939;207.753;207.718
CND_30002;05/09/2026 20:00;" 289° 14' 45.30308""";"  79° 28' 59.03150""";723.074;Atmos PPM;0;1013.25;11.1012;175417.874;9045868.291;210.954;176089.028;9045633.904;78.939;710.915;710.905
CND_30003;05/09/2026 20:00;" 290° 56' 13.28932""";"  79° 32' 49.82703""";674.096;Atmos PPM;0;1013.25;11.1012;175469.927;9045870.834;201.268;176089.028;9045633.904;78.939;662.894;662.889
CND_30004;05/09/2026 20:00;" 291° 25' 44.86521""";"  79° 52' 56.38083""";637.676;Atmos PPM;0;1013.25;11.1012;175504.702;9045863.299;190.987;176089.028;9045633.904;78.939;627.75;627.742
CND_170_1;05/09/2026 20:01;" 298° 32' 41.31934""";"  79° 40' 28.42583""";508.767;Atmos PPM;0;1013.25;11.1012;175649.374;9045873.11;170.147;176089.028;9045633.904;78.939;500.548;500.515
CND_190_3;05/09/2026 20:01;" 298° 34' 30.93471""";"  78° 59' 22.29592""";594.72;Atmos PPM;0;1013.25;11.1012;175576.403;9045913.165;192.547;176089.028;9045633.904;78.939;583.897;583.756
CND_180_2;05/09/2026 20:01;" 299° 00' 00.37244""";"  79° 34' 25.68523""";553.865;Atmos PPM;0;1013.25;11.1012;175612.641;9045898.023;179.192;176089.028;9045633.904;78.939;544.768;544.705
CND_210_3;05/09/2026 20:01;" 302° 54' 00.48119""";"  78° 03' 49.94595""";629.47;Atmos PPM;0;1013.25;11.1012;175571.985;9045968.458;209.153;176089.028;9045633.904;78.939;616.02;615.841
CND_200_8;05/09/2026 20:01;" 303° 25' 04.19584""";"  78° 15' 53.75570""";598.438;Atmos PPM;0;1013.25;11.1012;175600.009;9045956.631;200.677;176089.028;9045633.904;78.939;586.05;585.912
CND_200_3;05/09/2026 20:01;" 303° 25' 03.00030""";"  78° 15' 53.15218""";598.438;Atmos PPM;0;1013.25;11.1012;175600.007;9045956.628;200.678;176089.028;9045633.904;78.939;586.052;585.911
CND_190_4;05/09/2026 20:01;" 304° 23' 47.18156""";"  78° 35' 21.46280""";568.316;Atmos PPM;0;1013.25;11.1012;175629.392;9045948.639;191.396;176089.028;9045633.904;78.939;557.187;557.067
CND_200_4;05/09/2026 20:02;" 309° 34' 03.51671""";"  77° 58' 11.74045""";577.861;Atmos PPM;0;1013.25;11.1012;175653.397;9045993.937;199.402;176089.028;9045633.904;78.939;565.267;565.154
CND_1505;05/09/2026 20:02;" 310° 59' 42.40607""";"  79° 10' 42.82021""";381.65;Atmos PPM;0;1013.25;11.1012;175806.121;9045879.831;150.603;176089.028;9045633.904;78.939;374.89;374.855
CND_190_5;05/09/2026 20:02;" 312° 12' 19.06401""";"  78° 10' 52.57728""";542.238;Atmos PPM;0;1013.25;11.1012;175695.926;9045990.474;190.017;176089.028;9045633.904;78.939;530.796;530.728
CND_25;05/09/2026 20:02;" 313° 23' 17.66857""";"  82° 24' 39.39903""";237.061;Atmos PPM;0;1013.25;11.1012;175918.278;9045795.336;110.251;176089.028;9045633.904;78.939;235.096;234.98
CND_29;05/09/2026 20:03;" 313° 30' 27.43413""";"  80° 52' 43.76429""";264.294;Atmos PPM;0;1013.25;11.1012;175899.783;9045813.57;120.84;176089.028;9045633.904;78.939;261.111;260.948
CND_200_5;05/09/2026 20:03;" 316° 06' 24.82665""";"  77° 35' 26.87595""";562.268;Atmos PPM;0;1013.25;11.1012;175708.351;9046029.648;199.787;176089.028;9045633.904;78.939;549.185;549.115
CND_1401;05/09/2026 20:04;" 317° 46' 11.72284""";"  79° 41' 10.14263""";345.465;Atmos PPM;0;1013.25;11.1012;175860.616;9045885.585;140.799;176089.028;9045633.904;78.939;340.026;339.875
CND_1504;05/09/2026 20:04;" 320° 45' 23.00217""";"  78° 43' 32.35809""";370.088;Atmos PPM;0;1013.25;11.1012;175859.451;9045915.006;151.303;176089.028;9045633.904;78.939;362.974;362.938
CND_210_5;05/09/2026 20:04;" 320° 50' 24.70548""";"  77° 01' 24.15414""";587.595;Atmos PPM;0;1013.25;11.1012;175727.495;9046077.899;210.908;176089.028;9045633.904;78.939;572.641;572.571
CND_190_6;05/09/2026 20:04;" 321° 21' 24.61749""";"  77° 52' 41.94080""";529.233;Atmos PPM;0;1013.25;11.1012;175765.951;9046038.061;190.09;176089.028;9045633.904;78.939;517.464;517.418
CND_26;05/09/2026 20:04;" 321° 48' 36.07610""";"  82° 11' 24.50727""";231.313;Atmos PPM;0;1013.25;11.1012;175947.358;9045814.031;110.375;176089.028;9045633.904;78.939;229.307;229.164
CND_30;05/09/2026 20:05;" 323° 47' 16.88614""";"  80° 41' 09.40661""";257.39;Atmos PPM;0;1013.25;11.1012;175938.994;9045838.847;120.601;176089.028;9045633.904;78.939;254.209;253.992
CND_1402;05/09/2026 20:05;" 325° 03' 30.15570""";"  79° 32' 26.37259""";340.05;Atmos PPM;0;1013.25;11.1012;175897.531;9045908.034;140.679;176089.028;9045633.904;78.939;334.538;334.393
CND_200_6;05/09/2026 20:05;" 325° 15' 04.73062""";"  77° 24' 58.53255""";553.591;Atmos PPM;0;1013.25;11.1012;175781.12;9046077.854;199.568;176089.028;9045633.904;78.939;540.325;540.277
CND_210_6;05/09/2026 20:05;" 328° 34' 39.17800""";"  76° 54' 35.16505""";582.155;Atmos PPM;0;1013.25;11.1012;175793.462;9046117.785;210.811;176089.028;9045633.904;78.939;567.059;567.01
CND_1503;05/09/2026 20:06;" 328° 44' 18.31373""";"  78° 43' 02.69148""";367.859;Atmos PPM;0;1013.25;11.1012;175901.849;9045942.284;150.919;176089.028;9045633.904;78.939;360.776;360.741
CND_34;05/09/2026 20:06;" 330° 33' 56.39596""";"  80° 30' 48.19456""";315.764;Atmos PPM;0;1013.25;11.1012;175936.002;9045905.156;130.989;176089.028;9045633.904;78.939;311.606;311.439
CND_200_7;05/09/2026 20:06;" 332° 03' 33.36876""";"  77° 26' 34.66311""";554.822;Atmos PPM;0;1013.25;11.1012;175835.328;9046112.335;199.584;176089.028;9045633.904;78.939;541.571;541.535
CND_27;05/09/2026 20:06;" 332° 40' 56.36736""";"  82° 13' 56.07626""";231.131;Atmos PPM;0;1013.25;11.1012;175983.949;9045837.38;110.182;176089.028;9045633.904;78.939;229.13;229.006
CND_22;05/09/2026 20:06;" 334° 37' 15.15764""";"  80° 44' 23.14635""";259.96;Atmos PPM;0;1013.25;11.1012;175979.081;9045865.72;120.776;176089.028;9045633.904;78.939;256.724;256.567
CND_1803;05/09/2026 20:08;" 348° 01' 17.50811""";"  78° 12' 07.90159""";498.573;Atmos PPM;0;1013.25;11.1012;175987.781;9046111.314;180.893;176089.028;9045633.904;78.939;488.054;488.028
CND_23;05/09/2026 20:08;" 348° 36' 44.91653""";"  78° 49' 29.31327""";391.407;Atmos PPM;0;1013.25;11.1012;176013.246;9046010.329;154.808;176089.028;9045633.904;78.939;383.951;383.977
CND_20;05/09/2026 20:08;" 359° 04' 46.41810""";"  83° 57' 00.61741""";203.551;Atmos PPM;0;1013.25;11.1012;176085.794;9045836.293;100.395;176089.028;9045633.904;78.939;202.449;202.414
CND_18;05/09/2026 20:08;"   0° 51' 00.66222""";"  86° 10' 44.41723""";178.31;Atmos PPM;0;1013.25;11.1012;176091.683;9045811.796;90.824;176089.028;9045633.904;78.939;177.925;177.911
CND_17;05/09/2026 20:08;"  11° 43' 29.98137""";"  86° 38' 51.30806""";208.077;Atmos PPM;0;1013.25;11.1012;176131.257;9045837.284;91.11;176089.028;9045633.904;78.939;207.753;207.718
CND_30002;05/09/2026 22:00;" 289° 14' 45.39299""";"  79° 28' 58.20612""";723.074;Atmos PPM;0;1013.25;11.1012;175417.874;9045868.292;210.956;176089.028;9045633.904;78.939;710.915;710.904
CND_30003;05/09/2026 22:00;" 290° 56' 14.56677""";"  79° 32' 50.66376""";674.096;Atmos PPM;0;1013.25;11.1012;175469.928;9045870.838;201.265;176089.028;9045633.904;78.939;662.894;662.889
CND_30004;05/09/2026 22:00;" 291° 25' 44.23226""";"  79° 52' 57.08333""";637.676;Atmos PPM;0;1013.25;11.1012;175504.7;9045863.297;190.985;176089.028;9045633.904;78.939;627.75;627.742
CND_170_1;05/09/2026 22:00;" 298° 32' 41.25476""";"  79° 40' 29.93722""";508.767;Atmos PPM;0;1013.25;11.1012;175649.373;9045873.111;170.143;176089.028;9045633.904;78.939;500.548;500.516
CND_190_3;05/09/2026 22:01;" 298° 34' 31.07534""";"  78° 59' 20.40279""";594.72;Atmos PPM;0;1013.25;11.1012;175576.405;9045913.165;192.552;176089.028;9045633.904;78.939;583.897;583.755
CND_180_2;05/09/2026 22:01;" 298° 59' 59.69337""";"  79° 34' 23.20731""";553.865;Atmos PPM;0;1013.25;11.1012;175612.641;9045898.021;179.198;176089.028;9045633.904;78.939;544.768;544.704
CND_210_3;05/09/2026 22:01;" 302° 53' 59.55081""";"  78° 03' 49.05078""";629.47;Atmos PPM;0;1013.25;11.1012;175571.984;9045968.455;209.155;176089.028;9045633.904;78.939;616.02;615.84
CND_200_8;05/09/2026 22:01;" 303° 25' 04.03297""";"  78° 15' 52.28446""";598.437;Atmos PPM;0;1013.25;11.1012;175600.009;9045956.63;200.681;176089.028;9045633.904;78.939;586.05;585.91
CND_200_3;05/09/2026 22:01;" 303° 25' 04.27543""";"  78° 15' 53.14276""";598.437;Atmos PPM;0;1013.25;11.1012;175600.009;9045956.631;200.678;176089.028;9045633.904;78.939;586.052;585.911
CND_190_4;05/09/2026 22:01;" 304° 23' 46.93712""";"  78° 35' 21.78455""";568.316;Atmos PPM;0;1013.25;11.1012;175629.391;9045948.638;191.395;176089.028;9045633.904;78.939;557.187;557.067
CND_200_4;05/09/2026 22:01;" 309° 34' 04.18230""";"  77° 58' 11.63751""";577.861;Atmos PPM;0;1013.25;11.1012;175653.398;9045993.939;199.402;176089.028;9045633.904;78.939;565.267;565.153
CND_1505;05/09/2026 22:01;" 310° 59' 42.93121""";"  79° 10' 44.81797""";381.65;Atmos PPM;0;1013.25;11.1012;175806.122;9045879.832;150.599;176089.028;9045633.904;78.939;374.89;374.855
CND_210_4;05/09/2026 22:01;" 311° 21' 24.93346""";"  77° 25' 48.16232""";600.879;Atmos PPM;0;1013.25;11.1012;175648.861;9046021.442;209.733;176089.028;9045633.904;78.939;586.567;586.458
CND_190_5;05/09/2026 22:02;" 312° 12' 18.91364""";"  78° 10' 52.37649""";542.238;Atmos PPM;0;1013.25;11.1012;175695.926;9045990.474;190.018;176089.028;9045633.904;78.939;530.796;530.727
CND_25;05/09/2026 22:02;" 313° 23' 18.19306""";"  82° 24' 39.58285""";237.061;Atmos PPM;0;1013.25;11.1012;175918.278;9045795.336;110.251;176089.028;9045633.904;78.939;235.096;234.981
CND_29;05/09/2026 22:02;" 313° 30' 37.02395""";"  80° 52' 45.65494""";264.294;Atmos PPM;0;1013.25;11.1012;175899.791;9045813.579;120.838;176089.028;9045633.904;78.939;261.111;260.948
CND_200_5;05/09/2026 22:02;" 316° 06' 25.32242""";"  77° 35' 27.97114""";562.268;Atmos PPM;0;1013.25;11.1012;175708.352;9046029.649;199.784;176089.028;9045633.904;78.939;549.185;549.116
CND_1401;05/09/2026 22:02;" 317° 46' 10.62664""";"  79° 41' 09.11193""";345.464;Atmos PPM;0;1013.25;11.1012;175860.615;9045885.583;140.801;176089.028;9045633.904;78.939;340.026;339.875
CND_1504;05/09/2026 22:03;" 320° 45' 22.62733""";"  78° 43' 31.43589""";370.088;Atmos PPM;0;1013.25;11.1012;175859.45;9045915.005;151.304;176089.028;9045633.904;78.939;362.974;362.937
CND_210_5;05/09/2026 22:03;" 320° 50' 24.34319""";"  77° 01' 23.43338""";587.595;Atmos PPM;0;1013.25;11.1012;175727.495;9046077.898;210.91;176089.028;9045633.904;78.939;572.641;572.571
CND_190_6;05/09/2026 22:03;" 321° 21' 23.69121""";"  77° 52' 42.69995""";529.233;Atmos PPM;0;1013.25;11.1012;175765.949;9046038.06;190.088;176089.028;9045633.904;78.939;517.464;517.419
CND_26;05/09/2026 22:03;" 321° 48' 33.89673""";"  82° 11' 24.02896""";231.313;Atmos PPM;0;1013.25;11.1012;175947.356;9045814.03;110.375;176089.028;9045633.904;78.939;229.307;229.164
CND_30;05/09/2026 22:03;" 323° 47' 13.44043""";"  80° 41' 07.92215""";257.39;Atmos PPM;0;1013.25;11.1012;175938.99;9045838.844;120.603;176089.028;9045633.904;78.939;254.209;253.991
CND_1402;05/09/2026 22:04;" 325° 03' 30.80345""";"  79° 32' 26.48222""";340.051;Atmos PPM;0;1013.25;11.1012;175897.531;9045908.035;140.679;176089.028;9045633.904;78.939;334.538;334.393
CND_200_6;05/09/2026 22:04;" 325° 15' 04.44307""";"  77° 24' 58.35523""";553.591;Atmos PPM;0;1013.25;11.1012;175781.119;9046077.854;199.568;176089.028;9045633.904;78.939;540.325;540.277
CND_1603;05/09/2026 22:04;" 325° 30' 41.67267""";"  78° 11' 59.05532""";397.915;Atmos PPM;0;1013.25;11.1012;175868.507;9045954.962;160.323;176089.028;9045633.904;78.939;389.496;389.497
CND_210_6;05/09/2026 22:04;" 328° 34' 40.01873""";"  76° 54' 39.20181""";582.155;Atmos PPM;0;1013.25;11.1012;175793.462;9046117.788;210.799;176089.028;9045633.904;78.939;567.059;567.012
CND_1503;05/09/2026 22:05;" 328° 44' 17.75852""";"  78° 43' 01.56597""";367.859;Atmos PPM;0;1013.25;11.1012;175901.848;9045942.283;150.921;176089.028;9045633.904;78.939;360.776;360.741
CND_34;05/09/2026 22:05;" 330° 33' 56.78351""";"  80° 30' 48.30602""";315.764;Atmos PPM;0;1013.25;11.1012;175936.002;9045905.156;130.989;176089.028;9045633.904;78.939;311.606;311.439
CND_200_7;05/09/2026 22:05;" 332° 03' 32.84950""";"  77° 26' 34.98317""";554.822;Atmos PPM;0;1013.25;11.1012;175835.327;9046112.335;199.583;176089.028;9045633.904;78.939;541.571;541.535
CND_27;05/09/2026 22:05;" 332° 40' 57.05745""";"  82° 13' 55.15484""";231.131;Atmos PPM;0;1013.25;11.1012;175983.95;9045837.38;110.183;176089.028;9045633.904;78.939;229.13;229.006
CND_22;05/09/2026 22:05;" 334° 37' 14.12428""";"  80° 44' 23.84425""";259.96;Atmos PPM;0;1013.25;11.1012;175979.08;9045865.719;120.775;176089.028;9045633.904;78.939;256.724;256.567
CND_1803;05/09/2026 22:07;" 348° 01' 17.15065""";"  78° 12' 07.14070""";498.573;Atmos PPM;0;1013.25;11.1012;175987.78;9046111.314;180.895;176089.028;9045633.904;78.939;488.054;488.027
CND_23;05/09/2026 22:07;" 348° 36' 45.38816""";"  78° 49' 29.19806""";391.407;Atmos PPM;0;1013.25;11.1012;176013.247;9046010.329;154.808;176089.028;9045633.904;78.939;383.951;383.977
CND_20;05/09/2026 22:07;" 359° 04' 45.84422""";"  83° 57' 01.15231""";203.551;Atmos PPM;0;1013.25;11.1012;176085.793;9045836.293;100.394;176089.028;9045633.904;78.939;202.449;202.414
CND_18;05/09/2026 22:08;"   0° 51' 00.91025""";"  86° 10' 43.96780""";178.31;Atmos PPM;0;1013.25;11.1012;176091.683;9045811.796;90.824;176089.028;9045633.904;78.939;177.925;177.911
CND_17;05/09/2026 22:08;"  11° 43' 30.82173""";"  86° 38' 50.26497""";208.077;Atmos PPM;0;1013.25;11.1012;176131.257;9045837.284;91.111;176089.028;9045633.904;78.939;207.753;207.718
CND_30002;06/09/2026 00:00;" 289° 14' 45.19115""";"  79° 28' 58.88911""";723.075;Atmos PPM;0;1013.25;11.1012;175417.874;9045868.291;210.954;176089.028;9045633.904;78.939;710.915;710.905
CND_30003;06/09/2026 00:00;" 290° 56' 14.54308""";"  79° 32' 49.69606""";674.096;Atmos PPM;0;1013.25;11.1012;175469.929;9045870.838;201.268;176089.028;9045633.904;78.939;662.894;662.889
CND_30004;06/09/2026 00:00;" 291° 25' 44.04577""";"  79° 52' 55.17163""";637.677;Atmos PPM;0;1013.25;11.1012;175504.701;9045863.296;190.991;176089.028;9045633.904;78.939;627.75;627.741
CND_170_1;06/09/2026 00:00;" 298° 32' 42.88496""";"  79° 40' 28.41966""";508.767;Atmos PPM;0;1013.25;11.1012;175649.376;9045873.114;170.147;176089.028;9045633.904;78.939;500.548;500.515
CND_190_3;06/09/2026 00:00;" 298° 34' 29.98458""";"  78° 59' 19.34279""";594.72;Atmos PPM;0;1013.25;11.1012;175576.404;9045913.162;192.555;176089.028;9045633.904;78.939;583.897;583.754
CND_180_2;06/09/2026 00:01;" 298° 59' 59.17338""";"  79° 34' 22.70545""";553.865;Atmos PPM;0;1013.25;11.1012;175612.641;9045898.02;179.2;176089.028;9045633.904;78.939;544.768;544.704
CND_210_3;06/09/2026 00:01;" 302° 53' 59.55036""";"  78° 03' 49.52584""";629.47;Atmos PPM;0;1013.25;11.1012;175571.984;9045968.455;209.154;176089.028;9045633.904;78.939;616.02;615.84
CND_200_8;06/09/2026 00:01;" 303° 25' 03.79236""";"  78° 15' 52.77546""";598.438;Atmos PPM;0;1013.25;11.1012;175600.009;9045956.629;200.679;176089.028;9045633.904;78.939;586.05;585.911
CND_200_3;06/09/2026 00:01;" 303° 25' 03.18899""";"  78° 15' 51.92260""";598.437;Atmos PPM;0;1013.25;11.1012;175600.008;9045956.628;200.682;176089.028;9045633.904;78.939;586.052;585.91
CND_190_4;06/09/2026 00:01;" 304° 23' 46.27592""";"  78° 35' 19.74064""";568.316;Atmos PPM;0;1013.25;11.1012;175629.391;9045948.636;191.401;176089.028;9045633.904;78.939;557.187;557.066
CND_200_4;06/09/2026 00:01;" 309° 34' 03.21876""";"  77° 58' 10.69665""";577.861;Atmos PPM;0;1013.25;11.1012;175653.397;9045993.936;199.405;176089.028;9045633.904;78.939;565.267;565.153
CND_1505;06/09/2026 00:01;" 310° 59' 42.88002""";"  79° 10' 44.75728""";381.65;Atmos PPM;0;1013.25;11.1012;175806.121;9045879.832;150.6;176089.028;9045633.904;78.939;374.89;374.856
CND_210_4;06/09/2026 00:01;" 311° 21' 23.94065""";"  77° 25' 47.53453""";600.879;Atmos PPM;0;1013.25;11.1012;175648.859;9046021.44;209.734;176089.028;9045633.904;78.939;586.567;586.457
CND_190_5;06/09/2026 00:01;" 312° 12' 18.22822""";"  78° 10' 51.75253""";542.238;Atmos PPM;0;1013.25;11.1012;175695.925;9045990.472;190.019;176089.028;9045633.904;78.939;530.796;530.727
CND_25;06/09/2026 00:02;" 313° 23' 18.54276""";"  82° 24' 39.04712""";237.061;Atmos PPM;0;1013.25;11.1012;175918.279;9045795.336;110.251;176089.028;9045633.904;78.939;235.096;234.98
CND_29;06/09/2026 00:02;" 313° 30' 36.41166""";"  80° 52' 44.92831""";264.294;Atmos PPM;0;1013.25;11.1012;175899.79;9045813.578;120.839;176089.028;9045633.904;78.939;261.111;260.948
CND_200_5;06/09/2026 00:02;" 316° 06' 25.27653""";"  77° 35' 26.68524""";562.268;Atmos PPM;0;1013.25;11.1012;175708.352;9046029.649;199.787;176089.028;9045633.904;78.939;549.185;549.115
CND_1401;06/09/2026 00:02;" 317° 46' 10.75237""";"  79° 41' 08.60211""";345.464;Atmos PPM;0;1013.25;11.1012;175860.615;9045885.583;140.801;176089.028;9045633.904;78.939;340.026;339.875
CND_1504;06/09/2026 00:03;" 320° 45' 23.62713""";"  78° 43' 30.99621""";370.088;Atmos PPM;0;1013.25;11.1012;175859.452;9045915.006;151.305;176089.028;9045633.904;78.939;362.974;362.937
CND_210_5;06/09/2026 00:03;" 320° 50' 24.58200""";"  77° 01' 22.64647""";587.595;Atmos PPM;0;1013.25;11.1012;175727.496;9046077.898;210.912;176089.028;9045633.904;78.939;572.641;572.57
CND_190_6;06/09/2026 00:03;" 321° 21' 23.81246""";"  77° 52' 41.80587""";529.233;Atmos PPM;0;1013.25;11.1012;175765.949;9046038.06;190.091;176089.028;9045633.904;78.939;517.464;517.418
CND_26;06/09/2026 00:03;" 321° 48' 35.10424""";"  82° 11' 24.00809""";231.313;Atmos PPM;0;1013.25;11.1012;175947.357;9045814.03;110.375;176089.028;9045633.904;78.939;229.307;229.164
CND_30;06/09/2026 00:03;" 323° 47' 11.96789""";"  80° 41' 06.08880""";257.39;Atmos PPM;0;1013.25;11.1012;175938.989;9045838.843;120.605;176089.028;9045633.904;78.939;254.209;253.991
CND_1402;06/09/2026 00:03;" 325° 03' 32.55566""";"  79° 32' 26.99879""";340.051;Atmos PPM;0;1013.25;11.1012;175897.534;9045908.037;140.678;176089.028;9045633.904;78.939;334.538;334.393
CND_200_6;06/09/2026 00:03;" 325° 15' 03.58506""";"  77° 24' 58.29521""";553.591;Atmos PPM;0;1013.25;11.1012;175781.117;9046077.852;199.568;176089.028;9045633.904;78.939;540.325;540.277
CND_1603;06/09/2026 00:04;" 325° 30' 40.89997""";"  78° 11' 57.49714""";397.916;Atmos PPM;0;1013.25;11.1012;175868.506;9045954.961;160.326;176089.028;9045633.904;78.939;389.496;389.496
CND_210_6;06/09/2026 00:04;" 328° 34' 40.08173""";"  76° 54' 34.39872""";582.155;Atmos PPM;0;1013.25;11.1012;175793.464;9046117.786;210.813;176089.028;9045633.904;78.939;567.059;567.009
CND_1503;06/09/2026 00:04;" 328° 44' 16.61988""";"  78° 43' 01.08576""";367.859;Atmos PPM;0;1013.25;11.1012;175901.847;9045942.282;150.922;176089.028;9045633.904;78.939;360.776;360.741
CND_34;06/09/2026 00:04;" 330° 33' 56.46155""";"  80° 30' 48.10872""";315.764;Atmos PPM;0;1013.25;11.1012;175936.002;9045905.156;130.989;176089.028;9045633.904;78.939;311.606;311.439
CND_200_7;06/09/2026 00:04;" 332° 03' 31.54120""";"  77° 26' 33.66733""";554.822;Atmos PPM;0;1013.25;11.1012;175835.324;9046112.332;199.586;176089.028;9045633.904;78.939;541.571;541.534
CND_27;06/09/2026 00:04;" 332° 40' 56.42453""";"  82° 13' 54.50704""";231.131;Atmos PPM;0;1013.25;11.1012;175983.949;9045837.38;110.184;176089.028;9045633.904;78.939;229.13;229.006
CND_22;06/09/2026 00:05;" 334° 37' 14.47080""";"  80° 44' 22.12568""";259.96;Atmos PPM;0;1013.25;11.1012;175979.081;9045865.719;120.777;176089.028;9045633.904;78.939;256.724;256.567
CND_1803;06/09/2026 00:06;" 348° 01' 16.74554""";"  78° 12' 07.93055""";498.574;Atmos PPM;0;1013.25;11.1012;175987.779;9046111.314;180.893;176089.028;9045633.904;78.939;488.054;488.028
CND_23;06/09/2026 00:06;" 348° 36' 46.84600""";"  78° 49' 27.64529""";391.407;Atmos PPM;0;1013.25;11.1012;176013.25;9046010.329;154.811;176089.028;9045633.904;78.939;383.951;383.976
CND_20;06/09/2026 00:06;" 359° 04' 41.55982""";"  83° 57' 02.79732""";203.551;Atmos PPM;0;1013.25;11.1012;176085.789;9045836.293;100.393;176089.028;9045633.904;78.939;202.449;202.414
CND_18;06/09/2026 00:07;"   0° 51' 00.97799""";"  86° 10' 42.73192""";178.31;Atmos PPM;0;1013.25;11.1012;176091.683;9045811.795;90.825;176089.028;9045633.904;78.939;177.925;177.911
CND_30002;06/09/2026 02:00;" 289° 14' 44.82941""";"  79° 28' 59.86015""";723.074;Atmos PPM;0;1013.25;11.1012;175417.873;9045868.29;210.951;176089.028;9045633.904;78.939;710.915;710.906
CND_30003;06/09/2026 02:00;" 290° 56' 14.20937""";"  79° 32' 49.46585""";674.096;Atmos PPM;0;1013.25;11.1012;175469.929;9045870.837;201.269;176089.028;9045633.904;78.939;662.894;662.889
CND_30004;06/09/2026 02:00;" 291° 25' 43.97847""";"  79° 52' 55.42915""";637.676;Atmos PPM;0;1013.25;11.1012;175504.701;9045863.296;190.99;176089.028;9045633.904;78.939;627.75;627.741
CND_170_1;06/09/2026 02:00;" 298° 32' 42.50921""";"  79° 40' 29.12503""";508.767;Atmos PPM;0;1013.25;11.1012;175649.375;9045873.113;170.145;176089.028;9045633.904;78.939;500.548;500.515
CND_190_3;06/09/2026 02:00;" 298° 34' 31.07543""";"  78° 59' 20.32681""";594.72;Atmos PPM;0;1013.25;11.1012;175576.405;9045913.165;192.553;176089.028;9045633.904;78.939;583.897;583.755
CND_180_2;06/09/2026 02:01;" 298° 59' 59.41486""";"  79° 34' 23.32644""";553.865;Atmos PPM;0;1013.25;11.1012;175612.641;9045898.021;179.198;176089.028;9045633.904;78.939;544.768;544.704
CND_210_3;06/09/2026 02:01;" 302° 54' 01.00318""";"  78° 03' 49.79536""";629.47;Atmos PPM;0;1013.25;11.1012;175571.986;9045968.459;209.153;176089.028;9045633.904;78.939;616.02;615.84
CND_200_8;06/09/2026 02:01;" 303° 25' 03.55135""";"  78° 15' 53.09509""";598.437;Atmos PPM;0;1013.25;11.1012;175600.008;9045956.629;200.678;176089.028;9045633.904;78.939;586.05;585.911
CND_200_3;06/09/2026 02:01;" 303° 25' 03.16381""";"  78° 15' 52.12336""";598.437;Atmos PPM;0;1013.25;11.1012;175600.008;9045956.628;200.681;176089.028;9045633.904;78.939;586.052;585.91
CND_190_4;06/09/2026 02:01;" 304° 23' 46.30382""";"  78° 35' 20.13560""";568.316;Atmos PPM;0;1013.25;11.1012;175629.391;9045948.636;191.4;176089.028;9045633.904;78.939;557.187;557.066
CND_200_4;06/09/2026 02:01;" 309° 34' 02.94870""";"  77° 58' 10.58875""";577.861;Atmos PPM;0;1013.25;11.1012;175653.397;9045993.936;199.405;176089.028;9045633.904;78.939;565.267;565.153
CND_1505;06/09/2026 02:01;" 310° 59' 42.59791""";"  79° 10' 44.15241""";381.65;Atmos PPM;0;1013.25;11.1012;175806.121;9045879.832;150.601;176089.028;9045633.904;78.939;374.89;374.855
CND_210_4;06/09/2026 02:02;" 311° 21' 23.65600""";"  77° 25' 47.08773""";600.879;Atmos PPM;0;1013.25;11.1012;175648.859;9046021.439;209.736;176089.028;9045633.904;78.939;586.567;586.457
CND_190_5;06/09/2026 02:02;" 312° 12' 17.76407""";"  78° 10' 52.07493""";542.238;Atmos PPM;0;1013.25;11.1012;175695.924;9045990.472;190.019;176089.028;9045633.904;78.939;530.796;530.727
CND_25;06/09/2026 02:02;" 313° 23' 18.12409""";"  82° 24' 39.27711""";237.061;Atmos PPM;0;1013.25;11.1012;175918.278;9045795.336;110.251;176089.028;9045633.904;78.939;235.096;234.98
CND_29;06/09/2026 02:02;" 313° 30' 31.38387""";"  80° 52' 48.90575""";264.294;Atmos PPM;0;1013.25;11.1012;175899.785;9045813.574;120.834;176089.028;9045633.904;78.939;261.111;260.948
CND_200_5;06/09/2026 02:02;" 316° 06' 24.60897""";"  77° 35' 26.60825""";562.268;Atmos PPM;0;1013.25;11.1012;175708.351;9046029.647;199.787;176089.028;9045633.904;78.939;549.185;549.115
CND_1401;06/09/2026 02:02;" 317° 46' 10.91369""";"  79° 41' 08.76641""";345.464;Atmos PPM;0;1013.25;11.1012;175860.616;9045885.583;140.801;176089.028;9045633.904;78.939;340.026;339.875
CND_1504;06/09/2026 02:03;" 320° 45' 23.10929""";"  78° 43' 31.25148""";370.088;Atmos PPM;0;1013.25;11.1012;175859.451;9045915.005;151.305;176089.028;9045633.904;78.939;362.974;362.937
CND_210_5;06/09/2026 02:03;" 320° 50' 23.88292""";"  77° 01' 23.44531""";587.595;Atmos PPM;0;1013.25;11.1012;175727.494;9046077.897;210.91;176089.028;9045633.904;78.939;572.641;572.57
CND_190_6;06/09/2026 02:03;" 321° 21' 23.92636""";"  77° 52' 42.56195""";529.232;Atmos PPM;0;1013.25;11.1012;175765.95;9046038.06;190.089;176089.028;9045633.904;78.939;517.464;517.418
CND_26;06/09/2026 02:03;" 321° 48' 34.56129""";"  82° 11' 24.73056""";231.313;Atmos PPM;0;1013.25;11.1012;175947.357;9045814.03;110.375;176089.028;9045633.904;78.939;229.307;229.164
CND_30;06/09/2026 02:03;" 323° 47' 11.56035""";"  80° 41' 07.86901""";257.39;Atmos PPM;0;1013.25;11.1012;175938.989;9045838.843;120.603;176089.028;9045633.904;78.939;254.209;253.991
CND_1402;06/09/2026 02:03;" 325° 03' 32.33434""";"  79° 32' 28.73957""";340.05;Atmos PPM;0;1013.25;11.1012;175897.533;9045908.037;140.675;176089.028;9045633.904;78.939;334.538;334.393
CND_200_6;06/09/2026 02:04;" 325° 15' 03.76065""";"  77° 24' 58.43197""";553.591;Atmos PPM;0;1013.25;11.1012;175781.118;9046077.852;199.568;176089.028;9045633.904;78.939;540.325;540.276
CND_1603;06/09/2026 02:04;" 325° 30' 39.30316""";"  78° 11' 57.05024""";397.916;Atmos PPM;0;1013.25;11.1012;175868.503;9045954.959;160.327;176089.028;9045633.904;78.939;389.496;389.496
CND_210_6;06/09/2026 02:04;" 328° 34' 39.68366""";"  76° 54' 37.26426""";582.155;Atmos PPM;0;1013.25;11.1012;175793.462;9046117.787;210.805;176089.028;9045633.904;78.939;567.059;567.011
CND_1503;06/09/2026 02:04;" 328° 44' 17.28695""";"  78° 43' 01.88713""";367.859;Atmos PPM;0;1013.25;11.1012;175901.847;9045942.283;150.92;176089.028;9045633.904;78.939;360.776;360.741
CND_34;06/09/2026 02:04;" 330° 33' 56.12939""";"  80° 30' 48.03418""";315.764;Atmos PPM;0;1013.25;11.1012;175936.001;9045905.156;130.989;176089.028;9045633.904;78.939;311.606;311.439
CND_200_7;06/09/2026 02:04;" 332° 03' 31.73763""";"  77° 26' 34.60629""";554.822;Atmos PPM;0;1013.25;11.1012;175835.324;9046112.333;199.584;176089.028;9045633.904;78.939;541.571;541.534
CND_27;06/09/2026 02:05;" 332° 40' 55.82941""";"  82° 13' 54.78548""";231.131;Atmos PPM;0;1013.25;11.1012;175983.948;9045837.379;110.183;176089.028;9045633.904;78.939;229.13;229.006
CND_22;06/09/2026 02:05;" 334° 37' 12.85349""";"  80° 44' 22.67833""";259.96;Atmos PPM;0;1013.25;11.1012;175979.079;9045865.718;120.777;176089.028;9045633.904;78.939;256.724;256.567
CND_1803;06/09/2026 02:06;" 348° 01' 16.28384""";"  78° 12' 09.87884""";498.574;Atmos PPM;0;1013.25;11.1012;175987.778;9046111.315;180.888;176089.028;9045633.904;78.939;488.054;488.029
CND_23;06/09/2026 02:06;" 348° 36' 44.82281""";"  78° 49' 29.61462""";391.407;Atmos PPM;0;1013.25;11.1012;176013.246;9046010.329;154.807;176089.028;9045633.904;78.939;383.951;383.977
CND_30002;06/09/2026 04:00;" 289° 14' 45.57639""";"  79° 28' 57.45816""";723.074;Atmos PPM;0;1013.25;11.1012;175417.875;9045868.292;210.959;176089.028;9045633.904;78.939;710.915;710.904
CND_30003;06/09/2026 04:00;" 290° 56' 13.81353""";"  79° 32' 49.36482""";674.096;Atmos PPM;0;1013.25;11.1012;175469.929;9045870.835;201.269;176089.028;9045633.904;78.939;662.894;662.888
CND_30004;06/09/2026 04:00;" 291° 25' 44.55970""";"  79° 52' 55.75873""";637.676;Atmos PPM;0;1013.25;11.1012;175504.702;9045863.298;190.989;176089.028;9045633.904;78.939;627.75;627.741
CND_170_1;06/09/2026 04:00;" 298° 32' 42.96966""";"  79° 40' 28.03978""";508.767;Atmos PPM;0;1013.25;11.1012;175649.376;9045873.114;170.148;176089.028;9045633.904;78.939;500.548;500.515
CND_190_3;06/09/2026 04:00;" 298° 34' 31.00338""";"  78° 59' 21.29987""";594.72;Atmos PPM;0;1013.25;11.1012;175576.404;9045913.165;192.55;176089.028;9045633.904;78.939;583.897;583.755
CND_180_2;06/09/2026 04:01;" 298° 59' 58.84585""";"  79° 34' 22.60962""";553.865;Atmos PPM;0;1013.25;11.1012;175612.641;9045898.019;179.2;176089.028;9045633.904;78.939;544.768;544.703
CND_210_3;06/09/2026 04:01;" 302° 54' 00.14387""";"  78° 03' 48.67340""";629.469;Atmos PPM;0;1013.25;11.1012;175571.986;9045968.456;209.156;176089.028;9045633.904;78.939;616.02;615.839
CND_200_8;06/09/2026 04:01;" 303° 25' 02.98150""";"  78° 15' 52.51557""";598.437;Atmos PPM;0;1013.25;11.1012;175600.008;9045956.627;200.68;176089.028;9045633.904;78.939;586.05;585.91
CND_200_3;06/09/2026 04:01;" 303° 25' 02.86579""";"  78° 15' 51.51254""";598.437;Atmos PPM;0;1013.25;11.1012;175600.008;9045956.626;200.683;176089.028;9045633.904;78.939;586.052;585.91
CND_190_4;06/09/2026 04:01;" 304° 23' 46.36743""";"  78° 35' 19.02081""";568.316;Atmos PPM;0;1013.25;11.1012;175629.392;9045948.636;191.403;176089.028;9045633.904;78.939;557.187;557.065
CND_200_4;06/09/2026 04:01;" 309° 34' 03.25183""";"  77° 58' 10.38779""";577.861;Atmos PPM;0;1013.25;11.1012;175653.397;9045993.936;199.405;176089.028;9045633.904;78.939;565.267;565.152
CND_1505;06/09/2026 04:01;" 310° 59' 42.38273""";"  79° 10' 43.60404""";381.65;Atmos PPM;0;1013.25;11.1012;175806.121;9045879.831;150.602;176089.028;9045633.904;78.939;374.89;374.855
CND_210_4;06/09/2026 04:01;" 311° 21' 24.54988""";"  77° 25' 47.15767""";600.878;Atmos PPM;0;1013.25;11.1012;175648.861;9046021.44;209.735;176089.028;9045633.904;78.939;586.567;586.457
CND_190_5;06/09/2026 04:01;" 312° 12' 17.86604""";"  78° 10' 51.44896""";542.238;Atmos PPM;0;1013.25;11.1012;175695.924;9045990.471;190.02;176089.028;9045633.904;78.939;530.796;530.727
CND_25;06/09/2026 04:02;" 313° 23' 18.02050""";"  82° 24' 39.29669""";237.061;Atmos PPM;0;1013.25;11.1012;175918.278;9045795.336;110.251;176089.028;9045633.904;78.939;235.096;234.98
CND_29;06/09/2026 04:02;" 313° 30' 31.47912""";"  80° 52' 45.56118""";264.294;Atmos PPM;0;1013.25;11.1012;175899.786;9045813.574;120.838;176089.028;9045633.904;78.939;261.111;260.948
CND_200_5;06/09/2026 04:02;" 316° 06' 24.85392""";"  77° 35' 26.45292""";562.267;Atmos PPM;0;1013.25;11.1012;175708.352;9046029.647;199.788;176089.028;9045633.904;78.939;549.185;549.115
CND_1401;06/09/2026 04:02;" 317° 46' 11.20279""";"  79° 41' 08.44394""";345.464;Atmos PPM;0;1013.25;11.1012;175860.616;9045885.584;140.802;176089.028;9045633.904;78.939;340.026;339.874
CND_1504;06/09/2026 04:03;" 320° 45' 22.04959""";"  78° 43' 31.07508""";370.088;Atmos PPM;0;1013.25;11.1012;175859.45;9045915.004;151.305;176089.028;9045633.904;78.939;362.974;362.937
CND_210_5;06/09/2026 04:03;" 320° 50' 23.71969""";"  77° 01' 23.98228""";587.595;Atmos PPM;0;1013.25;11.1012;175727.493;9046077.897;210.908;176089.028;9045633.904;78.939;572.641;572.57
CND_190_6;06/09/2026 04:03;" 321° 21' 23.27616""";"  77° 52' 42.11262""";529.232;Atmos PPM;0;1013.25;11.1012;175765.949;9046038.059;190.09;176089.028;9045633.904;78.939;517.464;517.418
CND_26;06/09/2026 04:03;" 321° 48' 35.35675""";"  82° 11' 23.46635""";231.313;Atmos PPM;0;1013.25;11.1012;175947.358;9045814.03;110.376;176089.028;9045633.904;78.939;229.307;229.164
CND_30;06/09/2026 04:03;" 323° 47' 10.41641""";"  80° 41' 08.56484""";257.39;Atmos PPM;0;1013.25;11.1012;175938.987;9045838.842;120.602;176089.028;9045633.904;78.939;254.209;253.992
CND_1402;06/09/2026 04:03;" 325° 03' 31.92745""";"  79° 32' 27.03941""";340.05;Atmos PPM;0;1013.25;11.1012;175897.533;9045908.036;140.678;176089.028;9045633.904;78.939;334.538;334.393
CND_200_6;06/09/2026 04:03;" 325° 15' 03.45021""";"  77° 24' 58.30024""";553.591;Atmos PPM;0;1013.25;11.1012;175781.117;9046077.852;199.568;176089.028;9045633.904;78.939;540.325;540.276
CND_1603;06/09/2026 04:03;" 325° 30' 39.65910""";"  78° 11' 57.09936""";397.915;Atmos PPM;0;1013.25;11.1012;175868.504;9045954.959;160.327;176089.028;9045633.904;78.939;389.496;389.496
CND_210_6;06/09/2026 04:04;" 328° 34' 39.51557""";"  76° 54' 33.59673""";582.155;Atmos PPM;0;1013.25;11.1012;175793.463;9046117.784;210.815;176089.028;9045633.904;78.939;567.059;567.008
CND_1503;06/09/2026 04:04;" 328° 44' 16.17640""";"  78° 43' 01.12729""";367.859;Atmos PPM;0;1013.25;11.1012;175901.846;9045942.282;150.922;176089.028;9045633.904;78.939;360.776;360.741
CND_34;06/09/2026 04:04;" 330° 33' 56.19130""";"  80° 30' 47.18308""";315.764;Atmos PPM;0;1013.25;11.1012;175936.002;9045905.155;130.991;176089.028;9045633.904;78.939;311.606;311.439
CND_200_7;06/09/2026 04:04;" 332° 03' 31.58411""";"  77° 26' 33.59067""";554.822;Atmos PPM;0;1013.25;11.1012;175835.324;9046112.332;199.587;176089.028;9045633.904;78.939;541.571;541.534
CND_27;06/09/2026 04:04;" 332° 40' 56.71678""";"  82° 13' 54.94471""";231.131;Atmos PPM;0;1013.25;11.1012;175983.949;9045837.38;110.183;176089.028;9045633.904;78.939;229.13;229.006
CND_22;06/09/2026 04:05;" 334° 37' 11.05288""";"  80° 44' 19.66836""";259.959;Atmos PPM;0;1013.25;11.1012;175979.077;9045865.717;120.78;176089.028;9045633.904;78.939;256.724;256.566
CND_1803;06/09/2026 04:06;" 348° 01' 16.84632""";"  78° 12' 07.85368""";498.573;Atmos PPM;0;1013.25;11.1012;175987.779;9046111.314;180.893;176089.028;9045633.904;78.939;488.054;488.028
CND_23;06/09/2026 04:06;" 348° 36' 44.62437""";"  78° 49' 29.24039""";391.407;Atmos PPM;0;1013.25;11.1012;176013.245;9046010.328;154.808;176089.028;9045633.904;78.939;383.951;383.977
CND_20;06/09/2026 04:07;" 359° 04' 44.99813""";"  83° 57' 01.67488""";203.551;Atmos PPM;0;1013.25;11.1012;176085.792;9045836.293;100.394;176089.028;9045633.904;78.939;202.449;202.414
CND_17;06/09/2026 04:07;"  11° 43' 30.83237""";"  86° 38' 51.55643""";208.076;Atmos PPM;0;1013.25;11.1012;176131.257;9045837.284;91.11;176089.028;9045633.904;78.939;207.753;207.717
CND_30002;06/09/2026 06:00;" 289° 14' 45.20854""";"  79° 28' 59.29224""";723.074;Atmos PPM;0;1013.25;11.1012;175417.874;9045868.291;210.953;176089.028;9045633.904;78.939;710.915;710.905
CND_30003;06/09/2026 06:00;" 290° 56' 13.80812""";"  79° 32' 49.46005""";674.096;Atmos PPM;0;1013.25;11.1012;175469.928;9045870.835;201.269;176089.028;9045633.904;78.939;662.894;662.889
CND_30004;06/09/2026 06:00;" 291° 25' 43.81870""";"  79° 52' 55.96825""";637.676;Atmos PPM;0;1013.25;11.1012;175504.701;9045863.296;190.988;176089.028;9045633.904;78.939;627.75;627.742
CND_170_1;06/09/2026 06:00;" 298° 32' 41.30997""";"  79° 40' 27.27306""";508.767;Atmos PPM;0;1013.25;11.1012;175649.375;9045873.11;170.15;176089.028;9045633.904;78.939;500.548;500.514
CND_190_3;06/09/2026 06:01;" 298° 34' 30.31424""";"  78° 59' 20.24912""";594.72;Atmos PPM;0;1013.25;11.1012;175576.404;9045913.163;192.553;176089.028;9045633.904;78.939;583.897;583.754
CND_180_2;06/09/2026 06:01;" 298° 59' 58.97473""";"  79° 34' 22.78806""";553.865;Atmos PPM;0;1013.25;11.1012;175612.641;9045898.019;179.199;176089.028;9045633.904;78.939;544.768;544.704
CND_210_3;06/09/2026 06:01;" 302° 54' 00.08367""";"  78° 03' 49.53558""";629.469;Atmos PPM;0;1013.25;11.1012;175571.985;9045968.456;209.154;176089.028;9045633.904;78.939;616.02;615.84
CND_200_8;06/09/2026 06:01;" 303° 25' 02.88735""";"  78° 15' 52.63466""";598.437;Atmos PPM;0;1013.25;11.1012;175600.008;9045956.627;200.68;176089.028;9045633.904;78.939;586.05;585.91
CND_200_3;06/09/2026 06:01;" 303° 25' 02.75157""";"  78° 15' 51.41563""";598.437;Atmos PPM;0;1013.25;11.1012;175600.008;9045956.626;200.683;176089.028;9045633.904;78.939;586.052;585.91
CND_190_4;06/09/2026 06:01;" 304° 23' 46.28736""";"  78° 35' 20.29348""";568.316;Atmos PPM;0;1013.25;11.1012;175629.391;9045948.636;191.399;176089.028;9045633.904;78.939;557.187;557.066
CND_200_4;06/09/2026 06:01;" 309° 34' 03.31074""";"  77° 58' 11.58185""";577.861;Atmos PPM;0;1013.25;11.1012;175653.397;9045993.937;199.402;176089.028;9045633.904;78.939;565.267;565.153
CND_1505;06/09/2026 06:01;" 310° 59' 43.96684""";"  79° 10' 47.18726""";381.65;Atmos PPM;0;1013.25;11.1012;175806.122;9045879.834;150.595;176089.028;9045633.904;78.939;374.89;374.856
CND_210_4;06/09/2026 06:02;" 311° 21' 23.84218""";"  77° 25' 47.20426""";600.878;Atmos PPM;0;1013.25;11.1012;175648.86;9046021.439;209.735;176089.028;9045633.904;78.939;586.567;586.457
CND_190_5;06/09/2026 06:02;" 312° 12' 17.65814""";"  78° 10' 52.39185""";542.238;Atmos PPM;0;1013.25;11.1012;175695.923;9045990.471;190.018;176089.028;9045633.904;78.939;530.796;530.727
CND_25;06/09/2026 06:02;" 313° 23' 18.97186""";"  82° 24' 42.36370""";237.061;Atmos PPM;0;1013.25;11.1012;175918.278;9045795.337;110.247;176089.028;9045633.904;78.939;235.096;234.981
CND_200_5;06/09/2026 06:02;" 316° 06' 24.82790""";"  77° 35' 27.05675""";562.267;Atmos PPM;0;1013.25;11.1012;175708.352;9046029.648;199.786;176089.028;9045633.904;78.939;549.185;549.115
CND_1401;06/09/2026 06:02;" 317° 46' 11.25771""";"  79° 41' 09.33551""";345.464;Atmos PPM;0;1013.25;11.1012;175860.616;9045885.584;140.8;176089.028;9045633.904;78.939;340.026;339.875
CND_1504;06/09/2026 06:03;" 320° 45' 23.44000""";"  78° 43' 31.05067""";370.088;Atmos PPM;0;1013.25;11.1012;175859.451;9045915.006;151.305;176089.028;9045633.904;78.939;362.974;362.937
CND_210_5;06/09/2026 06:03;" 320° 50' 23.97241""";"  77° 01' 23.10581""";587.595;Atmos PPM;0;1013.25;11.1012;175727.494;9046077.897;210.911;176089.028;9045633.904;78.939;572.641;572.57
CND_190_6;06/09/2026 06:03;" 321° 21' 23.92735""";"  77° 52' 42.17578""";529.233;Atmos PPM;0;1013.25;11.1012;175765.95;9046038.06;190.09;176089.028;9045633.904;78.939;517.464;517.418
CND_26;06/09/2026 06:03;" 321° 48' 35.00645""";"  82° 11' 24.65678""";231.313;Atmos PPM;0;1013.25;11.1012;175947.357;9045814.03;110.375;176089.028;9045633.904;78.939;229.307;229.164
CND_30;06/09/2026 06:03;" 323° 47' 11.63847""";"  80° 41' 07.75907""";257.39;Atmos PPM;0;1013.25;11.1012;175938.989;9045838.843;120.603;176089.028;9045633.904;78.939;254.209;253.991
CND_1402;06/09/2026 06:03;" 325° 03' 33.01417""";"  79° 32' 28.93708""";340.051;Atmos PPM;0;1013.25;11.1012;175897.534;9045908.038;140.675;176089.028;9045633.904;78.939;334.538;334.394
CND_200_6;06/09/2026 06:04;" 325° 15' 03.42063""";"  77° 24' 57.94560""";553.591;Atmos PPM;0;1013.25;11.1012;175781.117;9046077.852;199.569;176089.028;9045633.904;78.939;540.325;540.276
CND_1603;06/09/2026 06:04;" 325° 30' 41.21135""";"  78° 11' 57.53290""";397.915;Atmos PPM;0;1013.25;11.1012;175868.507;9045954.961;160.326;176089.028;9045633.904;78.939;389.496;389.496
CND_210_6;06/09/2026 06:04;" 328° 34' 39.14830""";"  76° 54' 34.09284""";582.155;Atmos PPM;0;1013.25;11.1012;175793.462;9046117.784;210.813;176089.028;9045633.904;78.939;567.059;567.009
CND_1503;06/09/2026 06:04;" 328° 44' 16.97251""";"  78° 43' 01.54728""";367.859;Atmos PPM;0;1013.25;11.1012;175901.847;9045942.283;150.921;176089.028;9045633.904;78.939;360.776;360.741
CND_34;06/09/2026 06:04;" 330° 33' 56.19118""";"  80° 30' 47.74150""";315.764;Atmos PPM;0;1013.25;11.1012;175936.002;9045905.156;130.99;176089.028;9045633.904;78.939;311.606;311.439
CND_200_7;06/09/2026 06:04;" 332° 03' 32.61086""";"  77° 26' 34.43559""";554.822;Atmos PPM;0;1013.25;11.1012;175835.326;9046112.334;199.584;176089.028;9045633.904;78.939;541.571;541.534
CND_27;06/09/2026 06:05;" 332° 40' 56.40021""";"  82° 13' 55.06381""";231.131;Atmos PPM;0;1013.25;11.1012;175983.949;9045837.38;110.183;176089.028;9045633.904;78.939;229.13;229.006
CND_22;06/09/2026 06:05;" 334° 37' 11.00589""";"  80° 44' 21.37866""";259.959;Atmos PPM;0;1013.25;11.1012;175979.077;9045865.717;120.778;176089.028;9045633.904;78.939;256.724;256.567
CND_1803;06/09/2026 06:06;" 348° 01' 16.83117""";"  78° 12' 08.51022""";498.574;Atmos PPM;0;1013.25;11.1012;175987.779;9046111.314;180.892;176089.028;9045633.904;78.939;488.054;488.028
CND_23;06/09/2026 06:06;" 348° 36' 45.86328""";"  78° 49' 28.54292""";391.407;Atmos PPM;0;1013.25;11.1012;176013.248;9046010.329;154.809;176089.028;9045633.904;78.939;383.951;383.977
CND_20;06/09/2026 06:07;" 359° 04' 45.42328""";"  83° 57' 02.26119""";203.551;Atmos PPM;0;1013.25;11.1012;176085.793;9045836.293;100.393;176089.028;9045633.904;78.939;202.449;202.414
CND_17;06/09/2026 06:07;"  11° 43' 30.50215""";"  86° 38' 51.21139""";208.076;Atmos PPM;0;1013.25;11.1012;176131.257;9045837.284;91.11;176089.028;9045633.904;78.939;207.753;207.717
CND_30003;06/09/2026 08:00;" 290° 56' 14.03088""";"  79° 32' 50.56814""";674.096;Atmos PPM;0;1013.25;11.1012;175469.928;9045870.836;201.265;176089.028;9045633.904;78.939;662.894;662.889
CND_30004;06/09/2026 08:00;" 291° 25' 43.95977""";"  79° 52' 56.95377""";637.677;Atmos PPM;0;1013.25;11.1012;175504.7;9045863.296;190.985;176089.028;9045633.904;78.939;627.75;627.742
CND_34;06/09/2026 08:03;" 330° 33' 55.51753""";"  80° 30' 48.07832""";315.764;Atmos PPM;0;1013.25;11.1012;175936.001;9045905.155;130.989;176089.028;9045633.904;78.939;311.606;311.439
CND_27;06/09/2026 08:04;" 332° 40' 56.43706""";"  82° 13' 55.13401""";231.131;Atmos PPM;0;1013.25;11.1012;175983.949;9045837.38;110.183;176089.028;9045633.904;78.939;229.13;229.006
CND_20;06/09/2026 08:06;" 359° 04' 43.64475""";"  83° 57' 01.62232""";203.551;Atmos PPM;0;1013.25;11.1012;176085.791;9045836.293;100.394;176089.028;9045633.904;78.939;202.449;202.414
CND_30002;06/09/2026 10:00;" 289° 14' 42.67067""";"  79° 29' 04.37350""";723.074;Atmos PPM;0;1013.25;11.1012;175417.868;9045868.284;210.935;176089.028;9045633.904;78.939;710.915;710.908
CND_30003;06/09/2026 10:00;" 290° 56' 13.34543""";"  79° 32' 52.67507""";674.095;Atmos PPM;0;1013.25;11.1012;175469.927;9045870.835;201.258;176089.028;9045633.904;78.939;662.894;662.89
CND_30004;06/09/2026 10:00;" 291° 25' 44.01691""";"  79° 53' 00.90846""";637.676;Atmos PPM;0;1013.25;11.1012;175504.699;9045863.297;190.973;176089.028;9045633.904;78.939;627.75;627.744
CND_170_1;06/09/2026 10:00;" 298° 32' 44.10102""";"  79° 40' 28.02403""";508.767;Atmos PPM;0;1013.25;11.1012;175649.378;9045873.116;170.148;176089.028;9045633.904;78.939;500.548;500.514
CND_190_3;06/09/2026 10:00;" 298° 34' 32.04218""";"  78° 59' 20.56037""";594.72;Atmos PPM;0;1013.25;11.1012;175576.406;9045913.167;192.552;176089.028;9045633.904;78.939;583.897;583.754
CND_180_2;06/09/2026 10:01;" 299° 00' 01.99396""";"  79° 34' 27.20862""";553.864;Atmos PPM;0;1013.25;11.1012;175612.643;9045898.027;179.188;176089.028;9045633.904;78.939;544.768;544.705
CND_210_3;06/09/2026 10:01;" 302° 54' 00.71839""";"  78° 03' 49.63061""";629.468;Atmos PPM;0;1013.25;11.1012;175571.987;9045968.457;209.153;176089.028;9045633.904;78.939;616.02;615.839
CND_200_8;06/09/2026 10:01;" 303° 25' 04.84514""";"  78° 15' 52.96228""";598.436;Atmos PPM;0;1013.25;11.1012;175600.011;9045956.631;200.679;176089.028;9045633.904;78.939;586.05;585.91
CND_200_3;06/09/2026 10:01;" 303° 25' 03.89859""";"  78° 15' 53.21500""";598.436;Atmos PPM;0;1013.25;11.1012;175600.009;9045956.629;200.678;176089.028;9045633.904;78.939;586.052;585.91
CND_190_4;06/09/2026 10:01;" 304° 23' 48.68863""";"  78° 35' 21.07904""";568.315;Atmos PPM;0;1013.25;11.1012;175629.395;9045948.641;191.397;176089.028;9045633.904;78.939;557.187;557.065
CND_200_4;06/09/2026 10:01;" 309° 34' 04.69590""";"  77° 58' 11.14268""";577.86;Atmos PPM;0;1013.25;11.1012;175653.4;9045993.939;199.403;176089.028;9045633.904;78.939;565.267;565.152
CND_1505;06/09/2026 10:01;" 310° 59' 44.90598""";"  79° 10' 47.52622""";381.65;Atmos PPM;0;1013.25;11.1012;175806.124;9045879.835;150.594;176089.028;9045633.904;78.939;374.89;374.856
CND_210_4;06/09/2026 10:01;" 311° 21' 27.62183""";"  77° 25' 47.09982""";600.878;Atmos PPM;0;1013.25;11.1012;175648.867;9046021.446;209.735;176089.028;9045633.904;78.939;586.567;586.456
CND_190_5;06/09/2026 10:01;" 312° 12' 21.76853""";"  78° 10' 53.67006""";542.237;Atmos PPM;0;1013.25;11.1012;175695.931;9045990.479;190.014;176089.028;9045633.904;78.939;530.796;530.727
CND_25;06/09/2026 10:02;" 313° 23' 20.14092""";"  82° 24' 41.41938""";237.06;Atmos PPM;0;1013.25;11.1012;175918.28;9045795.338;110.248;176089.028;9045633.904;78.939;235.096;234.98
CND_32;06/09/2026 10:02;" 314° 18' 33.34444""";"  79° 48' 41.00713""";290.794;Atmos PPM;0;1013.25;11.1012;175884.244;9045833.843;130.383;176089.028;9045633.904;78.939;286.496;286.203
CND_200_5;06/09/2026 10:02;" 316° 06' 26.44968""";"  77° 35' 25.19624""";562.266;Atmos PPM;0;1013.25;11.1012;175708.356;9046029.649;199.791;176089.028;9045633.904;78.939;549.185;549.113
CND_1401;06/09/2026 10:02;" 317° 46' 13.89120""";"  79° 41' 11.37194""";345.464;Atmos PPM;0;1013.25;11.1012;175860.619;9045885.587;140.797;176089.028;9045633.904;78.939;340.026;339.875
CND_1602;06/09/2026 10:03;" 317° 50' 29.48493""";"  78° 12' 04.42865""";403.377;Atmos PPM;0;1013.25;11.1012;175824.04;9045926.621;161.43;176089.028;9045633.904;78.939;394.845;394.844
CND_1504;06/09/2026 10:03;" 320° 45' 24.22143""";"  78° 43' 31.93887""";370.087;Atmos PPM;0;1013.25;11.1012;175859.453;9045915.006;151.303;176089.028;9045633.904;78.939;362.974;362.937
CND_210_5;06/09/2026 10:03;" 320° 50' 23.68171""";"  77° 01' 21.76402""";587.595;Atmos PPM;0;1013.25;11.1012;175727.494;9046077.896;210.914;176089.028;9045633.904;78.939;572.641;572.569
CND_190_6;06/09/2026 10:03;" 321° 21' 24.95026""";"  77° 52' 40.49136""";529.232;Atmos PPM;0;1013.25;11.1012;175765.953;9046038.06;190.094;176089.028;9045633.904;78.939;517.464;517.416
CND_1402;06/09/2026 10:04;" 325° 03' 32.94706""";"  79° 32' 27.75908""";340.05;Atmos PPM;0;1013.25;11.1012;175897.534;9045908.037;140.676;176089.028;9045633.904;78.939;334.538;334.393
CND_200_6;06/09/2026 10:04;" 325° 15' 05.35744""";"  77° 24' 56.91730""";553.59;Atmos PPM;0;1013.25;11.1012;175781.122;9046077.854;199.572;176089.028;9045633.904;78.939;540.325;540.275
CND_1603;06/09/2026 10:04;" 325° 30' 42.09429""";"  78° 11' 55.50622""";397.915;Atmos PPM;0;1013.25;11.1012;175868.509;9045954.961;160.33;176089.028;9045633.904;78.939;389.496;389.495
CND_210_6;06/09/2026 10:04;" 328° 34' 40.89819""";"  76° 54' 34.25805""";582.154;Atmos PPM;0;1013.25;11.1012;175793.467;9046117.786;210.813;176089.028;9045633.904;78.939;567.059;567.008
CND_1503;06/09/2026 10:05;" 328° 44' 18.54983""";"  78° 43' 01.45947""";367.858;Atmos PPM;0;1013.25;11.1012;175901.85;9045942.284;150.921;176089.028;9045633.904;78.939;360.776;360.74
CND_34;06/09/2026 10:05;" 330° 33' 57.37186""";"  80° 30' 47.74727""";315.763;Atmos PPM;0;1013.25;11.1012;175936.003;9045905.156;130.99;176089.028;9045633.904;78.939;311.606;311.439
CND_200_7;06/09/2026 10:05;" 332° 03' 32.39193""";"  77° 26' 36.25317""";554.821;Atmos PPM;0;1013.25;11.1012;175835.326;9046112.334;199.579;176089.028;9045633.904;78.939;541.571;541.534
CND_1604;06/09/2026 10:05;" 332° 27' 35.81064""";"  78° 10' 03.28571""";397.113;Atmos PPM;0;1013.25;11.1012;175909.35;9045978.545;160.377;176089.028;9045633.904;78.939;388.706;388.666
CND_27;06/09/2026 10:05;" 332° 40' 55.57492""";"  82° 13' 57.16513""";231.131;Atmos PPM;0;1013.25;11.1012;175983.948;9045837.379;110.181;176089.028;9045633.904;78.939;229.13;229.006
CND_22;06/09/2026 10:06;" 334° 37' 11.39251""";"  80° 44' 18.01971""";259.959;Atmos PPM;0;1013.25;11.1012;175979.078;9045865.717;120.782;176089.028;9045633.904;78.939;256.724;256.566
CND_1403;06/09/2026 10:06;" 335° 13' 51.77343""";"  79° 30' 35.77302""";347.084;Atmos PPM;0;1013.25;11.1012;175946.073;9045943.796;142.139;176089.028;9045633.904;78.939;341.371;341.275
CND_28;06/09/2026 10:07;" 344° 33' 03.47615""";"  82° 31' 32.02631""";242.804;Atmos PPM;0;1013.25;11.1012;176024.92;9045865.949;110.528;176089.028;9045633.904;78.939;240.784;240.737
CND_1803;06/09/2026 10:07;" 348° 01' 17.83907""";"  78° 12' 10.09269""";498.573;Atmos PPM;0;1013.25;11.1012;175987.782;9046111.315;180.888;176089.028;9045633.904;78.939;488.054;488.029
CND_23;06/09/2026 10:08;" 348° 36' 46.40926""";"  78° 49' 27.04601""";391.407;Atmos PPM;0;1013.25;11.1012;176013.249;9046010.328;154.812;176089.028;9045633.904;78.939;383.951;383.976
CND_20;06/09/2026 10:08;" 359° 04' 45.39455""";"  83° 57' 02.64422""";203.551;Atmos PPM;0;1013.25;11.1012;176085.793;9045836.293;100.393;176089.028;9045633.904;78.939;202.449;202.414
CND_30002;06/09/2026 12:00;" 289° 14' 42.18759""";"  79° 29' 03.54165""";723.073;Atmos PPM;0;1013.25;11.1012;175417.869;9045868.282;210.938;176089.028;9045633.904;78.939;710.915;710.907
CND_30003;06/09/2026 12:00;" 290° 56' 11.71500""";"  79° 32' 53.29691""";674.095;Atmos PPM;0;1013.25;11.1012;175469.924;9045870.83;201.256;176089.028;9045633.904;78.939;662.894;662.89
CND_30004;06/09/2026 12:00;" 291° 25' 42.12824""";"  79° 52' 59.77090""";637.675;Atmos PPM;0;1013.25;11.1012;175504.698;9045863.291;190.976;176089.028;9045633.904;78.939;627.75;627.742
CND_170_1;06/09/2026 12:00;" 298° 32' 39.74596""";"  79° 40' 25.67373""";508.766;Atmos PPM;0;1013.25;11.1012;175649.374;9045873.106;170.154;176089.028;9045633.904;78.939;500.548;500.513
CND_190_3;06/09/2026 12:00;" 298° 34' 28.71702""";"  78° 59' 20.34719""";594.719;Atmos PPM;0;1013.25;11.1012;175576.402;9045913.159;192.552;176089.028;9045633.904;78.939;583.897;583.754
CND_180_2;06/09/2026 12:01;" 298° 59' 59.40155""";"  79° 34' 23.90648""";553.864;Atmos PPM;0;1013.25;11.1012;175612.641;9045898.02;179.196;176089.028;9045633.904;78.939;544.768;544.703
CND_210_3;06/09/2026 12:01;" 302° 54' 00.15701""";"  78° 03' 50.05453""";629.468;Atmos PPM;0;1013.25;11.1012;175571.986;9045968.456;209.152;176089.028;9045633.904;78.939;616.02;615.839
CND_200_3;06/09/2026 12:01;" 303° 25' 03.67952""";"  78° 15' 55.84042""";598.436;Atmos PPM;0;1013.25;11.1012;175600.008;9045956.629;200.67;176089.028;9045633.904;78.939;586.052;585.911
CND_200_8;06/09/2026 12:01;" 303° 24' 59.52133""";"  78° 15' 54.30776""";598.436;Atmos PPM;0;1013.25;11.1012;175600.002;9045956.619;200.675;176089.028;9045633.904;78.939;586.05;585.91
CND_190_4;06/09/2026 12:01;" 304° 23' 46.07071""";"  78° 35' 23.63513""";568.315;Atmos PPM;0;1013.25;11.1012;175629.39;9045948.636;191.39;176089.028;9045633.904;78.939;557.187;557.067
CND_200_4;06/09/2026 12:01;" 309° 34' 03.49174""";"  77° 58' 10.99463""";577.86;Atmos PPM;0;1013.25;11.1012;175653.398;9045993.936;199.403;176089.028;9045633.904;78.939;565.267;565.152
CND_1505;06/09/2026 12:01;" 310° 59' 42.42309""";"  79° 10' 43.31283""";381.65;Atmos PPM;0;1013.25;11.1012;175806.122;9045879.831;150.602;176089.028;9045633.904;78.939;374.89;374.854
CND_210_4;06/09/2026 12:01;" 311° 21' 25.13266""";"  77° 25' 48.31713""";600.877;Atmos PPM;0;1013.25;11.1012;175648.862;9046021.441;209.732;176089.028;9045633.904;78.939;586.567;586.456
CND_190_5;06/09/2026 12:02;" 312° 12' 18.55170""";"  78° 10' 51.85699""";542.236;Atmos PPM;0;1013.25;11.1012;175695.926;9045990.472;190.019;176089.028;9045633.904;78.939;530.796;530.726
CND_25;06/09/2026 12:02;" 313° 23' 18.45581""";"  82° 24' 39.96892""";237.06;Atmos PPM;0;1013.25;11.1012;175918.279;9045795.336;110.25;176089.028;9045633.904;78.939;235.096;234.98
CND_32;06/09/2026 12:02;" 314° 18' 30.17238""";"  79° 48' 43.05900""";290.794;Atmos PPM;0;1013.25;11.1012;175884.241;9045833.84;130.38;176089.028;9045633.904;78.939;286.496;286.203
CND_200_5;06/09/2026 12:02;" 316° 06' 22.90884""";"  77° 35' 25.87336""";562.267;Atmos PPM;0;1013.25;11.1012;175708.349;9046029.643;199.789;176089.028;9045633.904;78.939;549.185;549.114
CND_1401;06/09/2026 12:03;" 317° 46' 12.14887""";"  79° 41' 12.99115""";345.464;Atmos PPM;0;1013.25;11.1012;175860.616;9045885.585;140.794;176089.028;9045633.904;78.939;340.026;339.875
CND_1602;06/09/2026 12:03;" 317° 50' 28.68418""";"  78° 12' 05.28513""";403.377;Atmos PPM;0;1013.25;11.1012;175824.038;9045926.62;161.429;176089.028;9045633.904;78.939;394.845;394.845
CND_1504;06/09/2026 12:03;" 320° 45' 21.78709""";"  78° 43' 32.32483""";370.087;Atmos PPM;0;1013.25;11.1012;175859.45;9045915.003;151.303;176089.028;9045633.904;78.939;362.974;362.937
CND_210_5;06/09/2026 12:03;" 320° 50' 24.15350""";"  77° 01' 22.56583""";587.594;Atmos PPM;0;1013.25;11.1012;175727.496;9046077.896;210.912;176089.028;9045633.904;78.939;572.641;572.569
CND_190_6;06/09/2026 12:03;" 321° 21' 24.33431""";"  77° 52' 42.74818""";529.232;Atmos PPM;0;1013.25;11.1012;175765.951;9046038.06;190.088;176089.028;9045633.904;78.939;517.464;517.418
CND_1402;06/09/2026 12:03;" 325° 03' 29.82815""";"  79° 32' 28.65753""";340.05;Atmos PPM;0;1013.25;11.1012;175897.53;9045908.034;140.675;176089.028;9045633.904;78.939;334.538;334.393
CND_200_6;06/09/2026 12:04;" 325° 15' 04.46777""";"  77° 24' 58.88883""";553.59;Atmos PPM;0;1013.25;11.1012;175781.12;9046077.853;199.567;176089.028;9045633.904;78.939;540.325;540.276
CND_1603;06/09/2026 12:04;" 325° 30' 38.81507""";"  78° 11' 57.90193""";397.914;Atmos PPM;0;1013.25;11.1012;175868.503;9045954.958;160.325;176089.028;9045633.904;78.939;389.496;389.495
CND_210_6;06/09/2026 12:04;" 328° 34' 38.56601""";"  76° 54' 34.50197""";582.154;Atmos PPM;0;1013.25;11.1012;175793.461;9046117.782;210.812;176089.028;9045633.904;78.939;567.059;567.008
CND_1503;06/09/2026 12:04;" 328° 44' 15.92556""";"  78° 43' 02.28516""";367.858;Atmos PPM;0;1013.25;11.1012;175901.846;9045942.282;150.919;176089.028;9045633.904;78.939;360.776;360.741
CND_34;06/09/2026 12:04;" 330° 33' 55.24899""";"  80° 30' 50.56960""";315.763;Atmos PPM;0;1013.25;11.1012;175936;9045905.155;130.985;176089.028;9045633.904;78.939;311.606;311.439
CND_200_7;06/09/2026 12:04;" 332° 03' 31.62029""";"  77° 26' 35.07979""";554.821;Atmos PPM;0;1013.25;11.1012;175835.324;9046112.332;199.582;176089.028;9045633.904;78.939;541.571;541.534
CND_1604;06/09/2026 12:04;" 332° 27' 33.10349""";"  78° 10' 04.80719""";397.113;Atmos PPM;0;1013.25;11.1012;175909.345;9045978.543;160.375;176089.028;9045633.904;78.939;388.706;388.666
CND_27;06/09/2026 12:05;" 332° 40' 57.66505""";"  82° 13' 55.89817""";231.131;Atmos PPM;0;1013.25;11.1012;175983.95;9045837.38;110.182;176089.028;9045633.904;78.939;229.13;229.006
CND_22;06/09/2026 12:05;" 334° 37' 09.59208""";"  80° 44' 17.38888""";259.959;Atmos PPM;0;1013.25;11.1012;175979.076;9045865.716;120.783;176089.028;9045633.904;78.939;256.724;256.566
CND_1403;06/09/2026 12:05;" 335° 13' 49.90568""";"  79° 30' 35.89434""";347.084;Atmos PPM;0;1013.25;11.1012;175946.071;9045943.795;142.139;176089.028;9045633.904;78.939;341.371;341.275
CND_28;06/09/2026 12:06;" 344° 33' 00.95561""";"  82° 31' 31.72048""";242.804;Atmos PPM;0;1013.25;11.1012;176024.917;9045865.948;110.528;176089.028;9045633.904;78.939;240.784;240.737
CND_1803;06/09/2026 12:06;" 348° 01' 17.31441""";"  78° 12' 08.58839""";498.573;Atmos PPM;0;1013.25;11.1012;175987.781;9046111.314;180.891;176089.028;9045633.904;78.939;488.054;488.028
CND_23;06/09/2026 12:06;" 348° 36' 45.49120""";"  78° 49' 27.12967""";391.407;Atmos PPM;0;1013.25;11.1012;176013.247;9046010.328;154.812;176089.028;9045633.904;78.939;383.951;383.975
CND_20;06/09/2026 12:07;" 359° 04' 44.84385""";"  83° 57' 02.42575""";203.55;Atmos PPM;0;1013.25;11.1012;176085.792;9045836.292;100.393;176089.028;9045633.904;78.939;202.449;202.414
CND_30002;06/09/2026 14:00;" 289° 14' 45.12841""";"  79° 29' 00.00120""";723.073;Atmos PPM;0;1013.25;11.1012;175417.874;9045868.291;210.95;176089.028;9045633.904;78.939;710.915;710.904
CND_30003;06/09/2026 14:00;" 290° 56' 15.14983""";"  79° 32' 49.54327""";674.095;Atmos PPM;0;1013.25;11.1012;175469.931;9045870.839;201.268;176089.028;9045633.904;78.939;662.894;662.888
CND_30004;06/09/2026 14:00;" 291° 25' 45.31417""";"  79° 52' 56.63672""";637.675;Atmos PPM;0;1013.25;11.1012;175504.703;9045863.3;190.986;176089.028;9045633.904;78.939;627.75;627.741
CND_170_1;06/09/2026 14:00;" 298° 32' 41.57931""";"  79° 40' 25.83508""";508.766;Atmos PPM;0;1013.25;11.1012;175649.376;9045873.11;170.153;176089.028;9045633.904;78.939;500.548;500.513
CND_190_3;06/09/2026 14:00;" 298° 34' 30.57989""";"  78° 59' 18.73072""";594.719;Atmos PPM;0;1013.25;11.1012;175576.406;9045913.163;192.557;176089.028;9045633.904;78.939;583.897;583.753
CND_180_2;06/09/2026 14:01;" 299° 00' 00.13748""";"  79° 34' 22.44605""";553.864;Atmos PPM;0;1013.25;11.1012;175612.643;9045898.022;179.2;176089.028;9045633.904;78.939;544.768;544.703
CND_210_3;06/09/2026 14:01;" 302° 54' 00.54302""";"  78° 03' 48.33780""";629.468;Atmos PPM;0;1013.25;11.1012;175571.987;9045968.456;209.157;176089.028;9045633.904;78.939;616.02;615.838
CND_200_8;06/09/2026 14:01;" 303° 25' 03.97556""";"  78° 15' 53.15752""";598.436;Atmos PPM;0;1013.25;11.1012;175600.01;9045956.629;200.678;176089.028;9045633.904;78.939;586.05;585.91
CND_200_3;06/09/2026 14:01;" 303° 25' 03.59700""";"  78° 15' 53.20935""";598.436;Atmos PPM;0;1013.25;11.1012;175600.009;9045956.628;200.678;176089.028;9045633.904;78.939;586.052;585.91
CND_190_4;06/09/2026 14:01;" 304° 23' 48.01318""";"  78° 35' 20.91719""";568.315;Atmos PPM;0;1013.25;11.1012;175629.395;9045948.64;191.397;176089.028;9045633.904;78.939;557.187;557.065
CND_200_4;06/09/2026 14:01;" 309° 34' 04.15935""";"  77° 58' 10.12017""";577.86;Atmos PPM;0;1013.25;11.1012;175653.4;9045993.937;199.406;176089.028;9045633.904;78.939;565.267;565.151
CND_1505;06/09/2026 14:01;" 310° 59' 42.73837""";"  79° 10' 43.39224""";381.649;Atmos PPM;0;1013.25;11.1012;175806.122;9045879.831;150.602;176089.028;9045633.904;78.939;374.89;374.854
CND_210_4;06/09/2026 14:01;" 311° 21' 23.96805""";"  77° 25' 45.62959""";600.877;Atmos PPM;0;1013.25;11.1012;175648.861;9046021.438;209.74;176089.028;9045633.904;78.939;586.567;586.455
CND_190_5;06/09/2026 14:01;" 312° 12' 19.21401""";"  78° 10' 51.17593""";542.236;Atmos PPM;0;1013.25;11.1012;175695.928;9045990.473;190.021;176089.028;9045633.904;78.939;530.796;530.725
CND_25;06/09/2026 14:02;" 313° 23' 18.80238""";"  82° 24' 41.18178""";237.06;Atmos PPM;0;1013.25;11.1012;175918.279;9045795.337;110.249;176089.028;9045633.904;78.939;235.096;234.98
CND_32;06/09/2026 14:02;" 314° 18' 32.22393""";"  79° 48' 42.22593""";290.794;Atmos PPM;0;1013.25;11.1012;175884.243;9045833.842;130.381;176089.028;9045633.904;78.939;286.496;286.203
CND_200_5;06/09/2026 14:02;" 316° 06' 25.85011""";"  77° 35' 26.18028""";562.266;Atmos PPM;0;1013.25;11.1012;175708.355;9046029.648;199.788;176089.028;9045633.904;78.939;549.185;549.113
CND_1401;06/09/2026 14:02;" 317° 46' 13.35740""";"  79° 41' 09.61214""";345.464;Atmos PPM;0;1013.25;11.1012;175860.619;9045885.586;140.8;176089.028;9045633.904;78.939;340.026;339.874
CND_1602;06/09/2026 14:03;" 317° 50' 29.48998""";"  78° 12' 04.28635""";403.377;Atmos PPM;0;1013.25;11.1012;175824.04;9045926.621;161.43;176089.028;9045633.904;78.939;394.845;394.844
CND_1504;06/09/2026 14:03;" 320° 45' 24.18546""";"  78° 43' 31.78824""";370.087;Atmos PPM;0;1013.25;11.1012;175859.453;9045915.006;151.304;176089.028;9045633.904;78.939;362.974;362.937
CND_210_5;06/09/2026 14:03;" 320° 50' 25.16311""";"  77° 01' 23.17312""";587.594;Atmos PPM;0;1013.25;11.1012;175727.497;9046077.898;210.91;176089.028;9045633.904;78.939;572.641;572.569
CND_190_6;06/09/2026 14:03;" 321° 21' 24.57212""";"  77° 52' 41.24610""";529.232;Atmos PPM;0;1013.25;11.1012;175765.952;9046038.06;190.092;176089.028;9045633.904;78.939;517.464;517.417
CND_1402;06/09/2026 14:03;" 325° 03' 34.26011""";"  79° 32' 27.55666""";340.05;Atmos PPM;0;1013.25;11.1012;175897.536;9045908.038;140.677;176089.028;9045633.904;78.939;334.538;334.393
CND_200_6;06/09/2026 14:04;" 325° 15' 03.94598""";"  77° 24' 57.67525""";553.589;Atmos PPM;0;1013.25;11.1012;175781.119;9046077.851;199.57;176089.028;9045633.904;78.939;540.325;540.275
CND_1603;06/09/2026 14:04;" 325° 30' 40.54574""";"  78° 11' 57.91032""";397.914;Atmos PPM;0;1013.25;11.1012;175868.506;9045954.959;160.325;176089.028;9045633.904;78.939;389.496;389.495
CND_210_6;06/09/2026 14:04;" 328° 34' 40.50647""";"  76° 54' 34.71774""";582.154;Atmos PPM;0;1013.25;11.1012;175793.466;9046117.786;210.812;176089.028;9045633.904;78.939;567.059;567.008
CND_1503;06/09/2026 14:04;" 328° 44' 17.22010""";"  78° 43' 00.96327""";367.858;Atmos PPM;0;1013.25;11.1012;175901.848;9045942.282;150.922;176089.028;9045633.904;78.939;360.776;360.74
CND_34;06/09/2026 14:04;" 330° 33' 56.38909""";"  80° 30' 48.91814""";315.763;Atmos PPM;0;1013.25;11.1012;175936.002;9045905.155;130.988;176089.028;9045633.904;78.939;311.606;311.439
CND_200_7;06/09/2026 14:04;" 332° 03' 32.83037""";"  77° 26' 34.81145""";554.822;Atmos PPM;0;1013.25;11.1012;175835.327;9046112.334;199.583;176089.028;9045633.904;78.939;541.571;541.534
CND_1604;06/09/2026 14:04;" 332° 27' 35.11445""";"  78° 10' 04.48447""";397.114;Atmos PPM;0;1013.25;11.1012;175909.349;9045978.545;160.375;176089.028;9045633.904;78.939;388.706;388.667
CND_27;06/09/2026 14:05;" 332° 40' 56.51258""";"  82° 13' 54.78480""";231.131;Atmos PPM;0;1013.25;11.1012;175983.949;9045837.379;110.183;176089.028;9045633.904;78.939;229.13;229.006
CND_22;06/09/2026 14:05;" 334° 37' 11.64880""";"  80° 44' 16.49478""";259.959;Atmos PPM;0;1013.25;11.1012;175979.078;9045865.716;120.784;176089.028;9045633.904;78.939;256.724;256.565
CND_1403;06/09/2026 14:05;" 335° 13' 51.12087""";"  79° 30' 36.76021""";347.083;Atmos PPM;0;1013.25;11.1012;175946.073;9045943.796;142.137;176089.028;9045633.904;78.939;341.371;341.275
CND_28;06/09/2026 14:06;" 344° 33' 02.24224""";"  82° 31' 29.15715""";242.804;Atmos PPM;0;1013.25;11.1012;176024.919;9045865.948;110.531;176089.028;9045633.904;78.939;240.784;240.737
CND_1803;06/09/2026 14:07;" 348° 01' 18.60949""";"  78° 12' 07.15672""";498.573;Atmos PPM;0;1013.25;11.1012;175987.784;9046111.314;180.895;176089.028;9045633.904;78.939;488.054;488.027
CND_23;06/09/2026 14:07;" 348° 36' 46.24598""";"  78° 49' 28.60962""";391.407;Atmos PPM;0;1013.25;11.1012;176013.249;9046010.328;154.809;176089.028;9045633.904;78.939;383.951;383.976
CND_20;06/09/2026 14:07;" 359° 04' 46.21180""";"  83° 57' 01.37233""";203.55;Atmos PPM;0;1013.25;11.1012;176085.793;9045836.292;100.394;176089.028;9045633.904;78.939;202.449;202.414
CND_30002;06/09/2026 16:00;" 289° 14' 45.19105""";"  79° 28' 59.69217""";723.073;Atmos PPM;0;1013.25;11.1012;175417.874;9045868.291;210.951;176089.028;9045633.904;78.939;710.915;710.904
CND_30003;06/09/2026 16:00;" 290° 56' 13.90566""";"  79° 32' 49.55292""";674.095;Atmos PPM;0;1013.25;11.1012;175469.929;9045870.835;201.268;176089.028;9045633.904;78.939;662.894;662.888
CND_30004;06/09/2026 16:00;" 291° 25' 44.77367""";"  79° 52' 55.26568""";637.676;Atmos PPM;0;1013.25;11.1012;175504.703;9045863.298;190.99;176089.028;9045633.904;78.939;627.75;627.74
CND_170_1;06/09/2026 16:00;" 298° 32' 41.34497""";"  79° 40' 26.96176""";508.766;Atmos PPM;0;1013.25;11.1012;175649.375;9045873.11;170.15;176089.028;9045633.904;78.939;500.548;500.513
CND_190_3;06/09/2026 16:01;" 298° 34' 30.72360""";"  78° 59' 18.87691""";594.719;Atmos PPM;0;1013.25;11.1012;175576.406;9045913.163;192.556;176089.028;9045633.904;78.939;583.897;583.753
CND_180_2;06/09/2026 16:01;" 299° 00' 00.01652""";"  79° 34' 23.42405""";553.864;Atmos PPM;0;1013.25;11.1012;175612.642;9045898.022;179.197;176089.028;9045633.904;78.939;544.768;544.703
CND_210_3;06/09/2026 16:01;" 302° 54' 00.10038""";"  78° 03' 47.37502""";629.468;Atmos PPM;0;1013.25;11.1012;175571.987;9045968.455;209.16;176089.028;9045633.904;78.939;616.02;615.837
CND_200_3;06/09/2026 16:01;" 303° 25' 04.80165""";"  78° 15' 53.02393""";598.436;Atmos PPM;0;1013.25;11.1012;175600.011;9045956.631;200.678;176089.028;9045633.904;78.939;586.052;585.909
CND_200_8;06/09/2026 16:01;" 303° 25' 04.64772""";"  78° 15' 52.86532""";598.436;Atmos PPM;0;1013.25;11.1012;175600.011;9045956.63;200.679;176089.028;9045633.904;78.939;586.05;585.909
CND_190_4;06/09/2026 16:01;" 304° 23' 47.15007""";"  78° 35' 20.38314""";568.315;Atmos PPM;0;1013.25;11.1012;175629.393;9045948.637;191.399;176089.028;9045633.904;78.939;557.187;557.065
CND_200_4;06/09/2026 16:01;" 309° 34' 03.41250""";"  77° 58' 10.48112""";577.86;Atmos PPM;0;1013.25;11.1012;175653.398;9045993.936;199.405;176089.028;9045633.904;78.939;565.267;565.151
CND_1505;06/09/2026 16:01;" 310° 59' 43.32511""";"  79° 10' 43.52922""";381.65;Atmos PPM;0;1013.25;11.1012;175806.123;9045879.832;150.602;176089.028;9045633.904;78.939;374.89;374.855
CND_210_4;06/09/2026 16:01;" 311° 21' 24.66410""";"  77° 25' 47.00390""";600.877;Atmos PPM;0;1013.25;11.1012;175648.862;9046021.44;209.736;176089.028;9045633.904;78.939;586.567;586.456
CND_190_5;06/09/2026 16:02;" 312° 12' 19.50567""";"  78° 10' 52.45977""";542.236;Atmos PPM;0;1013.25;11.1012;175695.928;9045990.474;190.017;176089.028;9045633.904;78.939;530.796;530.726
CND_25;06/09/2026 16:02;" 313° 23' 18.58551""";"  82° 24' 39.55216""";237.06;Atmos PPM;0;1013.25;11.1012;175918.279;9045795.336;110.251;176089.028;9045633.904;78.939;235.096;234.98
CND_32;06/09/2026 16:02;" 314° 18' 32.49558""";"  79° 48' 42.90807""";290.794;Atmos PPM;0;1013.25;11.1012;175884.243;9045833.843;130.38;176089.028;9045633.904;78.939;286.496;286.203
CND_200_5;06/09/2026 16:02;" 316° 06' 25.81429""";"  77° 35' 25.68835""";562.266;Atmos PPM;0;1013.25;11.1012;175708.355;9046029.648;199.789;176089.028;9045633.904;78.939;549.185;549.113
CND_1401;06/09/2026 16:02;" 317° 46' 10.79309""";"  79° 41' 06.17676""";345.464;Atmos PPM;0;1013.25;11.1012;175860.616;9045885.583;140.805;176089.028;9045633.904;78.939;340.026;339.874
CND_1602;06/09/2026 16:03;" 317° 50' 32.70594""";"  78° 12' 03.37726""";403.377;Atmos PPM;0;1013.25;11.1012;175824.045;9045926.625;161.432;176089.028;9045633.904;78.939;394.845;394.844
CND_1504;06/09/2026 16:03;" 320° 45' 23.39646""";"  78° 43' 32.20125""";370.087;Atmos PPM;0;1013.25;11.1012;175859.452;9045915.005;151.303;176089.028;9045633.904;78.939;362.974;362.937
CND_210_5;06/09/2026 16:03;" 320° 50' 24.50097""";"  77° 01' 22.76387""";587.594;Atmos PPM;0;1013.25;11.1012;175727.496;9046077.897;210.912;176089.028;9045633.904;78.939;572.641;572.569
CND_190_6;06/09/2026 16:03;" 321° 21' 24.28576""";"  77° 52' 42.93984""";529.232;Atmos PPM;0;1013.25;11.1012;175765.951;9046038.06;190.087;176089.028;9045633.904;78.939;517.464;517.418
CND_1402;06/09/2026 16:04;" 325° 03' 30.87408""";"  79° 32' 25.85504""";340.05;Atmos PPM;0;1013.25;11.1012;175897.532;9045908.035;140.679;176089.028;9045633.904;78.939;334.538;334.392
CND_200_6;06/09/2026 16:04;" 325° 15' 04.65449""";"  77° 24' 57.69826""";553.59;Atmos PPM;0;1013.25;11.1012;175781.121;9046077.852;199.57;176089.028;9045633.904;78.939;540.325;540.275
CND_1603;06/09/2026 16:04;" 325° 30' 40.16594""";"  78° 11' 57.65826""";397.915;Atmos PPM;0;1013.25;11.1012;175868.505;9045954.959;160.326;176089.028;9045633.904;78.939;389.496;389.495
CND_210_6;06/09/2026 16:04;" 328° 34' 39.72987""";"  76° 54' 34.43465""";582.154;Atmos PPM;0;1013.25;11.1012;175793.464;9046117.784;210.812;176089.028;9045633.904;78.939;567.059;567.008
CND_1503;06/09/2026 16:04;" 328° 44' 16.54354""";"  78° 43' 00.52327""";367.858;Atmos PPM;0;1013.25;11.1012;175901.847;9045942.281;150.922;176089.028;9045633.904;78.939;360.776;360.74
CND_34;06/09/2026 16:04;" 330° 33' 56.26717""";"  80° 30' 48.57615""";315.763;Atmos PPM;0;1013.25;11.1012;175936.002;9045905.155;130.988;176089.028;9045633.904;78.939;311.606;311.439
CND_200_7;06/09/2026 16:04;" 332° 03' 33.18969""";"  77° 26' 35.28194""";554.821;Atmos PPM;0;1013.25;11.1012;175835.328;9046112.334;199.582;176089.028;9045633.904;78.939;541.571;541.534
CND_1604;06/09/2026 16:05;" 332° 27' 33.53971""";"  78° 10' 04.49956""";397.114;Atmos PPM;0;1013.25;11.1012;175909.346;9045978.544;160.375;176089.028;9045633.904;78.939;388.706;388.667
CND_27;06/09/2026 16:05;" 332° 40' 55.54780""";"  82° 13' 55.51863""";231.131;Atmos PPM;0;1013.25;11.1012;175983.948;9045837.379;110.182;176089.028;9045633.904;78.939;229.13;229.006
CND_22;06/09/2026 16:05;" 334° 37' 11.91143""";"  80° 44' 18.61726""";259.959;Atmos PPM;0;1013.25;11.1012;175979.078;9045865.717;120.782;176089.028;9045633.904;78.939;256.724;256.566
CND_1403;06/09/2026 16:05;" 335° 13' 50.66994""";"  79° 30' 37.88759""";347.084;Atmos PPM;0;1013.25;11.1012;175946.072;9045943.796;142.135;176089.028;9045633.904;78.939;341.371;341.276
CND_28;06/09/2026 16:06;" 344° 33' 00.83005""";"  82° 31' 30.03795""";242.804;Atmos PPM;0;1013.25;11.1012;176024.917;9045865.947;110.53;176089.028;9045633.904;78.939;240.784;240.737
CND_23;06/09/2026 16:06;" 348° 36' 45.15594""";"  78° 49' 28.07890""";391.407;Atmos PPM;0;1013.25;11.1012;176013.247;9046010.328;154.81;176089.028;9045633.904;78.939;383.951;383.976
CND_30002;06/09/2026 18:00;" 289° 14' 44.67054""";"  79° 29' 00.38763""";723.074;Atmos PPM;0;1013.25;11.1012;175417.872;9045868.29;210.949;176089.028;9045633.904;78.939;710.915;710.905
CND_30003;06/09/2026 18:00;" 290° 56' 14.12238""";"  79° 32' 49.26326""";674.096;Atmos PPM;0;1013.25;11.1012;175469.929;9045870.836;201.269;176089.028;9045633.904;78.939;662.894;662.888
CND_30004;06/09/2026 18:00;" 291° 25' 44.37364""";"  79° 52' 55.08315""";637.676;Atmos PPM;0;1013.25;11.1012;175504.702;9045863.297;190.991;176089.028;9045633.904;78.939;627.75;627.74
CND_170_1;06/09/2026 18:00;" 298° 32' 41.89515""";"  79° 40' 26.57524""";508.767;Atmos PPM;0;1013.25;11.1012;175649.376;9045873.111;170.151;176089.028;9045633.904;78.939;500.548;500.514
CND_190_3;06/09/2026 18:00;" 298° 34' 31.40141""";"  78° 59' 20.54243""";594.719;Atmos PPM;0;1013.25;11.1012;175576.406;9045913.165;192.552;176089.028;9045633.904;78.939;583.897;583.754
CND_180_2;06/09/2026 18:01;" 298° 59' 59.47014""";"  79° 34' 23.30393""";553.864;Atmos PPM;0;1013.25;11.1012;175612.642;9045898.02;179.198;176089.028;9045633.904;78.939;544.768;544.703
CND_210_3;06/09/2026 18:01;" 302° 54' 00.14710""";"  78° 03' 48.12353""";629.468;Atmos PPM;0;1013.25;11.1012;175571.987;9045968.455;209.158;176089.028;9045633.904;78.939;616.02;615.838
CND_200_8;06/09/2026 18:01;" 303° 25' 03.97287""";"  78° 15' 53.41545""";598.436;Atmos PPM;0;1013.25;11.1012;175600.01;9045956.629;200.677;176089.028;9045633.904;78.939;586.05;585.91
CND_200_3;06/09/2026 18:01;" 303° 25' 03.68796""";"  78° 15' 52.69202""";598.436;Atmos PPM;0;1013.25;11.1012;175600.01;9045956.628;200.679;176089.028;9045633.904;78.939;586.052;585.909
CND_190_4;06/09/2026 18:01;" 304° 23' 47.12234""";"  78° 35' 21.63880""";568.315;Atmos PPM;0;1013.25;11.1012;175629.392;9045948.638;191.395;176089.028;9045633.904;78.939;557.187;557.066
CND_200_4;06/09/2026 18:01;" 309° 34' 03.86029""";"  77° 58' 10.53387""";577.86;Atmos PPM;0;1013.25;11.1012;175653.399;9045993.937;199.405;176089.028;9045633.904;78.939;565.267;565.152
CND_1505;06/09/2026 18:01;" 310° 59' 43.26525""";"  79° 10' 43.79524""";381.65;Atmos PPM;0;1013.25;11.1012;175806.122;9045879.832;150.601;176089.028;9045633.904;78.939;374.89;374.855
CND_210_4;06/09/2026 18:01;" 311° 21' 25.41369""";"  77° 25' 46.75966""";600.877;Atmos PPM;0;1013.25;11.1012;175648.864;9046021.441;209.736;176089.028;9045633.904;78.939;586.567;586.455
CND_190_5;06/09/2026 18:02;" 312° 12' 18.93721""";"  78° 10' 52.32751""";542.237;Atmos PPM;0;1013.25;11.1012;175695.926;9045990.473;190.018;176089.028;9045633.904;78.939;530.796;530.726
CND_25;06/09/2026 18:02;" 313° 23' 19.08780""";"  82° 24' 39.51718""";237.061;Atmos PPM;0;1013.25;11.1012;175918.279;9045795.337;110.251;176089.028;9045633.904;78.939;235.096;234.98
CND_32;06/09/2026 18:02;" 314° 18' 33.00181""";"  79° 48' 42.96366""";290.794;Atmos PPM;0;1013.25;11.1012;175884.244;9045833.843;130.38;176089.028;9045633.904;78.939;286.496;286.203
CND_200_5;06/09/2026 18:02;" 316° 06' 25.29314""";"  77° 35' 27.22235""";562.267;Atmos PPM;0;1013.25;11.1012;175708.353;9046029.648;199.785;176089.028;9045633.904;78.939;549.185;549.115
CND_1602;06/09/2026 18:02;" 317° 50' 29.44375""";"  78° 12' 05.47191""";403.377;Atmos PPM;0;1013.25;11.1012;175824.039;9045926.622;161.428;176089.028;9045633.904;78.939;394.845;394.845
CND_1504;06/09/2026 18:02;" 320° 45' 23.52084""";"  78° 43' 32.22432""";370.087;Atmos PPM;0;1013.25;11.1012;175859.452;9045915.006;151.303;176089.028;9045633.904;78.939;362.974;362.937
CND_210_5;06/09/2026 18:03;" 320° 50' 24.33769""";"  77° 01' 23.27522""";587.594;Atmos PPM;0;1013.25;11.1012;175727.496;9046077.897;210.91;176089.028;9045633.904;78.939;572.641;572.569
CND_190_6;06/09/2026 18:03;" 321° 21' 24.32453""";"  77° 52' 42.64944""";529.232;Atmos PPM;0;1013.25;11.1012;175765.951;9046038.06;190.088;176089.028;9045633.904;78.939;517.464;517.418
CND_1402;06/09/2026 18:04;" 325° 03' 32.02746""";"  79° 32' 26.97058""";340.05;Atmos PPM;0;1013.25;11.1012;175897.533;9045908.036;140.678;176089.028;9045633.904;78.939;334.538;334.393
CND_200_6;06/09/2026 18:04;" 325° 15' 03.70031""";"  77° 24' 57.82162""";553.59;Atmos PPM;0;1013.25;11.1012;175781.118;9046077.851;199.569;176089.028;9045633.904;78.939;540.325;540.275
CND_1603;06/09/2026 18:04;" 325° 30' 39.29719""";"  78° 11' 56.93546""";397.915;Atmos PPM;0;1013.25;11.1012;175868.504;9045954.958;160.327;176089.028;9045633.904;78.939;389.496;389.495
CND_210_6;06/09/2026 18:04;" 328° 34' 39.89901""";"  76° 54' 35.80702""";582.154;Atmos PPM;0;1013.25;11.1012;175793.464;9046117.785;210.809;176089.028;9045633.904;78.939;567.059;567.009
CND_1503;06/09/2026 18:04;" 328° 44' 17.71107""";"  78° 43' 01.83396""";367.858;Atmos PPM;0;1013.25;11.1012;175901.848;9045942.283;150.92;176089.028;9045633.904;78.939;360.776;360.74
CND_34;06/09/2026 18:04;" 330° 33' 57.56439""";"  80° 30' 48.85886""";315.763;Atmos PPM;0;1013.25;11.1012;175936.003;9045905.156;130.988;176089.028;9045633.904;78.939;311.606;311.439
CND_200_7;06/09/2026 18:05;" 332° 03' 32.43432""";"  77° 26' 34.93439""";554.821;Atmos PPM;0;1013.25;11.1012;175835.326;9046112.333;199.583;176089.028;9045633.904;78.939;541.571;541.534
CND_1604;06/09/2026 18:05;" 332° 27' 35.74984""";"  78° 10' 06.03158""";397.114;Atmos PPM;0;1013.25;11.1012;175909.35;9045978.546;160.372;176089.028;9045633.904;78.939;388.706;388.667
CND_22;06/09/2026 18:05;" 334° 37' 10.44369""";"  80° 44' 18.83073""";259.959;Atmos PPM;0;1013.25;11.1012;175979.077;9045865.716;120.781;176089.028;9045633.904;78.939;256.724;256.566
CND_1403;06/09/2026 18:05;" 335° 13' 50.73688""";"  79° 30' 38.64622""";347.084;Atmos PPM;0;1013.25;11.1012;175946.072;9045943.796;142.134;176089.028;9045633.904;78.939;341.371;341.276
CND_28;06/09/2026 18:06;" 344° 33' 00.60948""";"  82° 31' 31.18449""";242.804;Atmos PPM;0;1013.25;11.1012;176024.917;9045865.948;110.529;176089.028;9045633.904;78.939;240.784;240.737
CND_23;06/09/2026 18:07;" 348° 36' 46.86354""";"  78° 49' 29.90479""";391.407;Atmos PPM;0;1013.25;11.1012;176013.249;9046010.33;154.807;176089.028;9045633.904;78.939;383.951;383.977
CND_20;06/09/2026 18:07;" 359° 04' 44.07783""";"  83° 57' 01.83038""";203.551;Atmos PPM;0;1013.25;11.1012;176085.791;9045836.292;100.394;176089.028;9045633.904;78.939;202.449;202.414
CND_30002;06/09/2026 20:00;" 289° 14' 45.11836""";"  79° 28' 58.50356""";723.074;Atmos PPM;0;1013.25;11.1012;175417.874;9045868.291;210.955;176089.028;9045633.904;78.939;710.915;710.905
CND_30003;06/09/2026 20:00;" 290° 56' 14.26469""";"  79° 32' 49.04248""";674.096;Atmos PPM;0;1013.25;11.1012;175469.929;9045870.837;201.27;176089.028;9045633.904;78.939;662.894;662.888
CND_30004;06/09/2026 20:00;" 291° 25' 45.04726""";"  79° 52' 55.15094""";637.676;Atmos PPM;0;1013.25;11.1012;175504.702;9045863.299;190.991;176089.028;9045633.904;78.939;627.75;627.741
CND_170_1;06/09/2026 20:00;" 298° 32' 41.71232""";"  79° 40' 27.14441""";508.767;Atmos PPM;0;1013.25;11.1012;175649.376;9045873.111;170.15;176089.028;9045633.904;78.939;500.548;500.514
CND_190_3;06/09/2026 20:00;" 298° 34' 31.23323""";"  78° 59' 19.89623""";594.719;Atmos PPM;0;1013.25;11.1012;175576.406;9045913.165;192.554;176089.028;9045633.904;78.939;583.897;583.754
CND_180_2;06/09/2026 20:01;" 298° 59' 59.88046""";"  79° 34' 22.21460""";553.864;Atmos PPM;0;1013.25;11.1012;175612.642;9045898.021;179.201;176089.028;9045633.904;78.939;544.768;544.703
CND_210_3;06/09/2026 20:01;" 302° 54' 00.46418""";"  78° 03' 50.10429""";629.468;Atmos PPM;0;1013.25;11.1012;175571.986;9045968.457;209.152;176089.028;9045633.904;78.939;616.02;615.839
CND_200_8;06/09/2026 20:01;" 303° 25' 03.33054""";"  78° 15' 53.43848""";598.436;Atmos PPM;0;1013.25;11.1012;175600.009;9045956.628;200.677;176089.028;9045633.904;78.939;586.05;585.91
CND_200_3;06/09/2026 20:01;" 303° 25' 04.49067""";"  78° 15' 53.23871""";598.436;Atmos PPM;0;1013.25;11.1012;175600.011;9045956.63;200.678;176089.028;9045633.904;78.939;586.052;585.91
CND_190_4;06/09/2026 20:01;" 304° 23' 47.34952""";"  78° 35' 20.24028""";568.315;Atmos PPM;0;1013.25;11.1012;175629.393;9045948.638;191.399;176089.028;9045633.904;78.939;557.187;557.065
CND_200_4;06/09/2026 20:01;" 309° 34' 03.74834""";"  77° 58' 10.70221""";577.86;Atmos PPM;0;1013.25;11.1012;175653.399;9045993.937;199.404;176089.028;9045633.904;78.939;565.267;565.152
CND_1505;06/09/2026 20:01;" 310° 59' 43.46992""";"  79° 10' 44.11679""";381.65;Atmos PPM;0;1013.25;11.1012;175806.122;9045879.833;150.601;176089.028;9045633.904;78.939;374.89;374.855
CND_210_4;06/09/2026 20:01;" 311° 21' 25.54097""";"  77° 25' 46.80933""";600.877;Atmos PPM;0;1013.25;11.1012;175648.864;9046021.442;209.736;176089.028;9045633.904;78.939;586.567;586.456
CND_190_5;06/09/2026 20:02;" 312° 12' 18.95192""";"  78° 10' 52.59627""";542.237;Atmos PPM;0;1013.25;11.1012;175695.926;9045990.473;190.017;176089.028;9045633.904;78.939;530.796;530.727
CND_25;06/09/2026 20:02;" 313° 23' 19.17305""";"  82° 24' 40.52198""";237.06;Atmos PPM;0;1013.25;11.1012;175918.279;9045795.337;110.249;176089.028;9045633.904;78.939;235.096;234.98
CND_32;06/09/2026 20:02;" 314° 18' 32.57137""";"  79° 48' 42.85400""";290.794;Atmos PPM;0;1013.25;11.1012;175884.243;9045833.843;130.38;176089.028;9045633.904;78.939;286.496;286.203
CND_200_5;06/09/2026 20:02;" 316° 06' 24.88103""";"  77° 35' 26.72054""";562.267;Atmos PPM;0;1013.25;11.1012;175708.352;9046029.647;199.787;176089.028;9045633.904;78.939;549.185;549.114
CND_1401;06/09/2026 20:02;" 317° 46' 12.56466""";"  79° 41' 11.02588""";345.464;Atmos PPM;0;1013.25;11.1012;175860.617;9045885.586;140.797;176089.028;9045633.904;78.939;340.026;339.875
CND_1602;06/09/2026 20:03;" 317° 50' 30.31807""";"  78° 12' 03.64445""";403.377;Atmos PPM;0;1013.25;11.1012;175824.041;9045926.622;161.432;176089.028;9045633.904;78.939;394.845;394.844
CND_1504;06/09/2026 20:03;" 320° 45' 24.05488""";"  78° 43' 31.42814""";370.087;Atmos PPM;0;1013.25;11.1012;175859.453;9045915.006;151.304;176089.028;9045633.904;78.939;362.974;362.937
CND_210_5;06/09/2026 20:03;" 320° 50' 25.74457""";"  77° 01' 22.19516""";587.594;Atmos PPM;0;1013.25;11.1012;175727.499;9046077.899;210.913;176089.028;9045633.904;78.939;572.641;572.569
CND_190_6;06/09/2026 20:03;" 321° 21' 24.43773""";"  77° 52' 41.93738""";529.232;Atmos PPM;0;1013.25;11.1012;175765.951;9046038.06;190.09;176089.028;9045633.904;78.939;517.464;517.417
CND_1402;06/09/2026 20:04;" 325° 03' 30.09427""";"  79° 32' 26.19335""";340.05;Atmos PPM;0;1013.25;11.1012;175897.531;9045908.034;140.679;176089.028;9045633.904;78.939;334.538;334.393
CND_200_6;06/09/2026 20:04;" 325° 15' 03.93245""";"  77° 24' 58.19862""";553.59;Atmos PPM;0;1013.25;11.1012;175781.119;9046077.852;199.568;176089.028;9045633.904;78.939;540.325;540.276
CND_1603;06/09/2026 20:04;" 325° 30' 41.04507""";"  78° 11' 56.64442""";397.915;Atmos PPM;0;1013.25;11.1012;175868.507;9045954.96;160.328;176089.028;9045633.904;78.939;389.496;389.495
CND_210_6;06/09/2026 20:04;" 328° 34' 40.32332""";"  76° 54' 35.03482""";582.155;Atmos PPM;0;1013.25;11.1012;175793.465;9046117.786;210.811;176089.028;9045633.904;78.939;567.059;567.009
CND_1503;06/09/2026 20:04;" 328° 44' 17.76041""";"  78° 43' 02.65484""";367.858;Atmos PPM;0;1013.25;11.1012;175901.848;9045942.284;150.919;176089.028;9045633.904;78.939;360.776;360.741
CND_34;06/09/2026 20:05;" 330° 33' 56.05234""";"  80° 30' 47.43739""";315.764;Atmos PPM;0;1013.25;11.1012;175936.001;9045905.155;130.99;176089.028;9045633.904;78.939;311.606;311.439
CND_200_7;06/09/2026 20:05;" 332° 03' 32.76372""";"  77° 26' 35.81042""";554.822;Atmos PPM;0;1013.25;11.1012;175835.327;9046112.334;199.581;176089.028;9045633.904;78.939;541.571;541.535
CND_1604;06/09/2026 20:05;" 332° 27' 36.08963""";"  78° 10' 05.06649""";397.114;Atmos PPM;0;1013.25;11.1012;175909.35;9045978.546;160.374;176089.028;9045633.904;78.939;388.706;388.667
CND_27;06/09/2026 20:05;" 332° 40' 57.01974""";"  82° 13' 54.81106""";231.131;Atmos PPM;0;1013.25;11.1012;175983.95;9045837.38;110.183;176089.028;9045633.904;78.939;229.13;229.006
CND_22;06/09/2026 20:05;" 334° 37' 11.15763""";"  80° 44' 20.12194""";259.96;Atmos PPM;0;1013.25;11.1012;175979.077;9045865.717;120.78;176089.028;9045633.904;78.939;256.724;256.566
CND_1403;06/09/2026 20:06;" 335° 13' 49.86689""";"  79° 30' 39.29335""";347.084;Atmos PPM;0;1013.25;11.1012;175946.07;9045943.796;142.133;176089.028;9045633.904;78.939;341.371;341.277
CND_28;06/09/2026 20:07;" 344° 33' 01.49669""";"  82° 31' 30.25111""";242.805;Atmos PPM;0;1013.25;11.1012;176024.918;9045865.948;110.53;176089.028;9045633.904;78.939;240.784;240.737
CND_23;06/09/2026 20:07;" 348° 36' 45.40376""";"  78° 49' 29.82258""";391.407;Atmos PPM;0;1013.25;11.1012;176013.247;9046010.329;154.807;176089.028;9045633.904;78.939;383.951;383.977
CND_30002;06/09/2026 22:00;" 289° 14' 44.99594""";"  79° 28' 57.47012""";723.074;Atmos PPM;0;1013.25;11.1012;175417.874;9045868.29;210.959;176089.028;9045633.904;78.939;710.915;710.904
CND_30003;06/09/2026 22:00;" 290° 56' 14.13970""";"  79° 32' 48.86928""";674.096;Atmos PPM;0;1013.25;11.1012;175469.929;9045870.836;201.271;176089.028;9045633.904;78.939;662.894;662.888
CND_30004;06/09/2026 22:00;" 291° 25' 44.91629""";"  79° 52' 54.72037""";637.676;Atmos PPM;0;1013.25;11.1012;175504.702;9045863.299;190.992;176089.028;9045633.904;78.939;627.75;627.741
CND_170_1;06/09/2026 22:00;" 298° 32' 41.77853""";"  79° 40' 25.72021""";508.767;Atmos PPM;0;1013.25;11.1012;175649.376;9045873.111;170.154;176089.028;9045633.904;78.939;500.548;500.513
CND_190_3;06/09/2026 22:00;" 298° 34' 31.35790""";"  78° 59' 18.45444""";594.719;Atmos PPM;0;1013.25;11.1012;175576.407;9045913.165;192.558;176089.028;9045633.904;78.939;583.897;583.753
CND_180_2;06/09/2026 22:01;" 299° 00' 00.12161""";"  79° 34' 21.67332""";553.864;Atmos PPM;0;1013.25;11.1012;175612.643;9045898.022;179.202;176089.028;9045633.904;78.939;544.768;544.703
CND_210_3;06/09/2026 22:01;" 302° 54' 00.81467""";"  78° 03' 50.08290""";629.468;Atmos PPM;0;1013.25;11.1012;175571.987;9045968.458;209.152;176089.028;9045633.904;78.939;616.02;615.839
CND_200_8;06/09/2026 22:01;" 303° 25' 03.44135""";"  78° 15' 53.06196""";598.436;Atmos PPM;0;1013.25;11.1012;175600.009;9045956.628;200.678;176089.028;9045633.904;78.939;586.05;585.91
CND_200_3;06/09/2026 22:01;" 303° 25' 04.58082""";"  78° 15' 50.92636""";598.436;Atmos PPM;0;1013.25;11.1012;175600.012;9045956.63;200.684;176089.028;9045633.904;78.939;586.052;585.909
CND_190_4;06/09/2026 22:01;" 304° 23' 46.76557""";"  78° 35' 19.95808""";568.315;Atmos PPM;0;1013.25;11.1012;175629.393;9045948.637;191.4;176089.028;9045633.904;78.939;557.187;557.065
CND_200_4;06/09/2026 22:01;" 309° 34' 03.53371""";"  77° 58' 10.09727""";577.86;Atmos PPM;0;1013.25;11.1012;175653.398;9045993.936;199.406;176089.028;9045633.904;78.939;565.267;565.151
CND_1505;06/09/2026 22:01;" 310° 59' 42.80665""";"  79° 10' 42.76202""";381.65;Atmos PPM;0;1013.25;11.1012;175806.122;9045879.831;150.603;176089.028;9045633.904;78.939;374.89;374.855
CND_210_4;06/09/2026 22:01;" 311° 21' 24.85987""";"  77° 25' 46.40548""";600.878;Atmos PPM;0;1013.25;11.1012;175648.862;9046021.44;209.737;176089.028;9045633.904;78.939;586.567;586.456
CND_190_5;06/09/2026 22:01;" 312° 12' 19.54487""";"  78° 10' 53.56017""";542.237;Atmos PPM;0;1013.25;11.1012;175695.927;9045990.475;190.015;176089.028;9045633.904;78.939;530.796;530.727
CND_32;06/09/2026 22:02;" 314° 18' 31.75273""";"  79° 48' 41.72964""";290.794;Atmos PPM;0;1013.25;11.1012;175884.242;9045833.842;130.382;176089.028;9045633.904;78.939;286.496;286.203
CND_200_5;06/09/2026 22:02;" 316° 06' 24.14460""";"  77° 35' 26.10409""";562.267;Atmos PPM;0;1013.25;11.1012;175708.351;9046029.645;199.788;176089.028;9045633.904;78.939;549.185;549.114
CND_1602;06/09/2026 22:02;" 317° 50' 29.42128""";"  78° 12' 02.84116""";403.377;Atmos PPM;0;1013.25;11.1012;175824.04;9045926.621;161.433;176089.028;9045633.904;78.939;394.845;394.844
CND_1504;06/09/2026 22:03;" 320° 45' 22.57454""";"  78° 43' 31.78929""";370.087;Atmos PPM;0;1013.25;11.1012;175859.45;9045915.005;151.304;176089.028;9045633.904;78.939;362.974;362.937
CND_210_5;06/09/2026 22:03;" 320° 50' 24.66964""";"  77° 01' 21.68627""";587.594;Atmos PPM;0;1013.25;11.1012;175727.497;9046077.897;210.915;176089.028;9045633.904;78.939;572.641;572.568
CND_190_6;06/09/2026 22:03;" 321° 21' 23.60603""";"  77° 52' 41.94882""";529.232;Atmos PPM;0;1013.25;11.1012;175765.949;9046038.059;190.09;176089.028;9045633.904;78.939;517.464;517.418
CND_1402;06/09/2026 22:03;" 325° 03' 31.02145""";"  79° 32' 24.29599""";340.05;Atmos PPM;0;1013.25;11.1012;175897.532;9045908.035;140.682;176089.028;9045633.904;78.939;334.538;334.392
CND_200_6;06/09/2026 22:03;" 325° 15' 03.96855""";"  77° 24' 57.35717""";553.59;Atmos PPM;0;1013.25;11.1012;175781.119;9046077.851;199.571;176089.028;9045633.904;78.939;540.325;540.275
CND_1603;06/09/2026 22:03;" 325° 30' 40.64610""";"  78° 11' 55.09374""";397.915;Atmos PPM;0;1013.25;11.1012;175868.506;9045954.959;160.331;176089.028;9045633.904;78.939;389.496;389.495
CND_210_6;06/09/2026 22:03;" 328° 34' 40.14095""";"  76° 54' 34.04660""";582.154;Atmos PPM;0;1013.25;11.1012;175793.465;9046117.785;210.813;176089.028;9045633.904;78.939;567.059;567.008
CND_1503;06/09/2026 22:04;" 328° 44' 17.82113""";"  78° 43' 00.69741""";367.859;Atmos PPM;0;1013.25;11.1012;175901.849;9045942.283;150.922;176089.028;9045633.904;78.939;360.776;360.74
CND_34;06/09/2026 22:04;" 330° 33' 56.49453""";"  80° 30' 46.95136""";315.764;Atmos PPM;0;1013.25;11.1012;175936.002;9045905.155;130.991;176089.028;9045633.904;78.939;311.606;311.439
CND_200_7;06/09/2026 22:04;" 332° 03' 33.01653""";"  77° 26' 33.80535""";554.822;Atmos PPM;0;1013.25;11.1012;175835.328;9046112.334;199.586;176089.028;9045633.904;78.939;541.571;541.534
CND_1604;06/09/2026 22:04;" 332° 27' 32.94808""";"  78° 10' 06.97032""";397.114;Atmos PPM;0;1013.25;11.1012;175909.345;9045978.544;160.371;176089.028;9045633.904;78.939;388.706;388.668
CND_22;06/09/2026 22:04;" 334° 37' 11.62589""";"  80° 44' 16.79790""";259.96;Atmos PPM;0;1013.25;11.1012;175979.078;9045865.717;120.784;176089.028;9045633.904;78.939;256.724;256.566
CND_1403;06/09/2026 22:05;" 335° 13' 51.29049""";"  79° 30' 36.31762""";347.084;Atmos PPM;0;1013.25;11.1012;175946.073;9045943.796;142.138;176089.028;9045633.904;78.939;341.371;341.276
CND_28;06/09/2026 22:06;" 344° 33' 02.20008""";"  82° 31' 27.40803""";242.805;Atmos PPM;0;1013.25;11.1012;176024.919;9045865.948;110.533;176089.028;9045633.904;78.939;240.784;240.737
CND_23;06/09/2026 22:06;" 348° 36' 46.86708""";"  78° 49' 28.94927""";391.408;Atmos PPM;0;1013.25;11.1012;176013.249;9046010.33;154.808;176089.028;9045633.904;78.939;383.951;383.977
CND_30002;07/09/2026 00:00;" 289° 14' 45.23713""";"  79° 28' 58.51152""";723.074;Atmos PPM;0;1013.25;11.1012;175417.874;9045868.291;210.955;176089.028;9045633.904;78.939;710.915;710.905
CND_30003;07/09/2026 00:00;" 290° 56' 13.90808""";"  79° 32' 49.31392""";674.096;Atmos PPM;0;1013.25;11.1012;175469.928;9045870.836;201.269;176089.028;9045633.904;78.939;662.894;662.889
CND_30004;07/09/2026 00:00;" 291° 25' 43.97040""";"  79° 52' 54.85769""";637.676;Atmos PPM;0;1013.25;11.1012;175504.701;9045863.296;190.991;176089.028;9045633.904;78.939;627.75;627.741
CND_170_1;07/09/2026 00:00;" 298° 32' 41.89909""";"  79° 40' 26.81472""";508.767;Atmos PPM;0;1013.25;11.1012;175649.376;9045873.111;170.151;176089.028;9045633.904;78.939;500.548;500.514
CND_190_3;07/09/2026 00:00;" 298° 34' 30.72462""";"  78° 59' 19.29922""";594.719;Atmos PPM;0;1013.25;11.1012;175576.405;9045913.163;192.555;176089.028;9045633.904;78.939;583.897;583.753
CND_180_2;07/09/2026 00:01;" 298° 59' 59.53692""";"  79° 34' 21.60479""";553.864;Atmos PPM;0;1013.25;11.1012;175612.642;9045898.02;179.202;176089.028;9045633.904;78.939;544.768;544.703
CND_210_3;07/09/2026 00:01;" 302° 54' 01.01261""";"  78° 03' 49.06017""";629.468;Atmos PPM;0;1013.25;11.1012;175571.988;9045968.458;209.155;176089.028;9045633.904;78.939;616.02;615.838
CND_200_8;07/09/2026 00:01;" 303° 25' 03.15840""";"  78° 15' 52.98452""";598.436;Atmos PPM;0;1013.25;11.1012;175600.009;9045956.627;200.679;176089.028;9045633.904;78.939;586.05;585.91
CND_200_3;07/09/2026 00:01;" 303° 25' 04.10235""";"  78° 15' 51.95434""";598.436;Atmos PPM;0;1013.25;11.1012;175600.01;9045956.629;200.682;176089.028;9045633.904;78.939;586.052;585.909
CND_190_4;07/09/2026 00:01;" 304° 23' 46.69859""";"  78° 35' 19.97965""";568.315;Atmos PPM;0;1013.25;11.1012;175629.393;9045948.636;191.4;176089.028;9045633.904;78.939;557.187;557.065
CND_200_4;07/09/2026 00:01;" 309° 34' 03.30234""";"  77° 58' 10.31828""";577.86;Atmos PPM;0;1013.25;11.1012;175653.398;9045993.936;199.405;176089.028;9045633.904;78.939;565.267;565.152
CND_1505;07/09/2026 00:01;" 310° 59' 43.25094""";"  79° 10' 43.14820""";381.65;Atmos PPM;0;1013.25;11.1012;175806.122;9045879.832;150.602;176089.028;9045633.904;78.939;374.89;374.855
CND_210_4;07/09/2026 00:01;" 311° 21' 25.14795""";"  77° 25' 46.46680""";600.877;Atmos PPM;0;1013.25;11.1012;175648.863;9046021.441;209.737;176089.028;9045633.904;78.939;586.567;586.455
CND_190_5;07/09/2026 00:02;" 312° 12' 18.18777""";"  78° 10' 52.24927""";542.237;Atmos PPM;0;1013.25;11.1012;175695.925;9045990.472;190.018;176089.028;9045633.904;78.939;530.796;530.726
CND_32;07/09/2026 00:02;" 314° 18' 32.22910""";"  79° 48' 42.64962""";290.794;Atmos PPM;0;1013.25;11.1012;175884.243;9045833.842;130.381;176089.028;9045633.904;78.939;286.496;286.203
CND_200_5;07/09/2026 00:02;" 316° 06' 24.33069""";"  77° 35' 26.96167""";562.267;Atmos PPM;0;1013.25;11.1012;175708.351;9046029.646;199.786;176089.028;9045633.904;78.939;549.185;549.114
CND_1602;07/09/2026 00:02;" 317° 50' 29.56172""";"  78° 12' 03.17636""";403.377;Atmos PPM;0;1013.25;11.1012;175824.04;9045926.621;161.433;176089.028;9045633.904;78.939;394.845;394.844
CND_1504;07/09/2026 00:02;" 320° 45' 22.77577""";"  78° 43' 33.06622""";370.088;Atmos PPM;0;1013.25;11.1012;175859.45;9045915.005;151.302;176089.028;9045633.904;78.939;362.974;362.938
CND_210_5;07/09/2026 00:03;" 320° 50' 24.67119""";"  77° 01' 21.90061""";587.594;Atmos PPM;0;1013.25;11.1012;175727.497;9046077.897;210.914;176089.028;9045633.904;78.939;572.641;572.569
CND_190_6;07/09/2026 00:03;" 321° 21' 23.62051""";"  77° 52' 42.40776""";529.232;Atmos PPM;0;1013.25;11.1012;175765.949;9046038.059;190.089;176089.028;9045633.904;78.939;517.464;517.418
CND_1402;07/09/2026 00:03;" 325° 03' 31.69773""";"  79° 32' 25.64048""";340.05;Atmos PPM;0;1013.25;11.1012;175897.533;9045908.036;140.68;176089.028;9045633.904;78.939;334.538;334.393
CND_200_6;07/09/2026 00:03;" 325° 15' 03.64031""";"  77° 24' 57.76432""";553.59;Atmos PPM;0;1013.25;11.1012;175781.118;9046077.851;199.57;176089.028;9045633.904;78.939;540.325;540.276
CND_1603;07/09/2026 00:03;" 325° 30' 41.94951""";"  78° 11' 55.73152""";397.915;Atmos PPM;0;1013.25;11.1012;175868.508;9045954.961;160.33;176089.028;9045633.904;78.939;389.496;389.495
CND_210_6;07/09/2026 00:04;" 328° 34' 39.66944""";"  76° 54' 34.67198""";582.155;Atmos PPM;0;1013.25;11.1012;175793.463;9046117.785;210.812;176089.028;9045633.904;78.939;567.059;567.009
CND_1503;07/09/2026 00:04;" 328° 44' 17.37720""";"  78° 43' 01.30692""";367.859;Atmos PPM;0;1013.25;11.1012;175901.848;9045942.283;150.921;176089.028;9045633.904;78.939;360.776;360.741
CND_34;07/09/2026 00:04;" 330° 33' 56.05744""";"  80° 30' 46.89667""";315.764;Atmos PPM;0;1013.25;11.1012;175936.001;9045905.155;130.991;176089.028;9045633.904;78.939;311.606;311.439
CND_200_7;07/09/2026 00:04;" 332° 03' 32.73756""";"  77° 26' 34.66838""";554.822;Atmos PPM;0;1013.25;11.1012;175835.327;9046112.334;199.584;176089.028;9045633.904;78.939;541.571;541.534
CND_1604;07/09/2026 00:04;" 332° 27' 32.77105""";"  78° 10' 07.73518""";397.114;Atmos PPM;0;1013.25;11.1012;175909.344;9045978.544;160.369;176089.028;9045633.904;78.939;388.706;388.668
CND_22;07/09/2026 00:05;" 334° 37' 11.09046""";"  80° 44' 17.95553""";259.96;Atmos PPM;0;1013.25;11.1012;175979.077;9045865.717;120.782;176089.028;9045633.904;78.939;256.724;256.566
CND_1403;07/09/2026 00:05;" 335° 13' 50.36751""";"  79° 30' 37.22210""";347.084;Atmos PPM;0;1013.25;11.1012;175946.071;9045943.796;142.136;176089.028;9045633.904;78.939;341.371;341.276
CND_28;07/09/2026 00:06;" 344° 33' 02.40096""";"  82° 31' 30.72746""";242.804;Atmos PPM;0;1013.25;11.1012;176024.919;9045865.948;110.53;176089.028;9045633.904;78.939;240.784;240.737
CND_23;07/09/2026 00:06;" 348° 36' 46.61307""";"  78° 49' 30.32818""";391.408;Atmos PPM;0;1013.25;11.1012;176013.249;9046010.33;154.806;176089.028;9045633.904;78.939;383.951;383.977
CND_20;07/09/2026 00:07;" 359° 04' 45.32537""";"  83° 57' 01.89702""";203.551;Atmos PPM;0;1013.25;11.1012;176085.793;9045836.293;100.394;176089.028;9045633.904;78.939;202.449;202.414
CND_30002;07/09/2026 02:00;" 289° 14' 44.76764""";"  79° 28' 59.00150""";723.074;Atmos PPM;0;1013.25;11.1012;175417.873;9045868.29;210.954;176089.028;9045633.904;78.939;710.915;710.905
CND_30003;07/09/2026 02:00;" 290° 56' 14.19250""";"  79° 32' 48.86725""";674.096;Atmos PPM;0;1013.25;11.1012;175469.929;9045870.836;201.271;176089.028;9045633.904;78.939;662.894;662.888
CND_30004;07/09/2026 02:00;" 291° 25' 44.28376""";"  79° 52' 55.34035""";637.676;Atmos PPM;0;1013.25;11.1012;175504.702;9045863.297;190.99;176089.028;9045633.904;78.939;627.75;627.741
CND_170_1;07/09/2026 02:00;" 298° 32' 41.94130""";"  79° 40' 25.78218""";508.767;Atmos PPM;0;1013.25;11.1012;175649.376;9045873.111;170.153;176089.028;9045633.904;78.939;500.548;500.514
CND_190_3;07/09/2026 02:00;" 298° 34' 31.60752""";"  78° 59' 19.67101""";594.719;Atmos PPM;0;1013.25;11.1012;175576.406;9045913.166;192.554;176089.028;9045633.904;78.939;583.897;583.754
CND_180_2;07/09/2026 02:00;" 299° 00' 00.37540""";"  79° 34' 22.25700""";553.864;Atmos PPM;0;1013.25;11.1012;175612.643;9045898.022;179.201;176089.028;9045633.904;78.939;544.768;544.703
CND_210_3;07/09/2026 02:01;" 302° 54' 00.16452""";"  78° 03' 49.98102""";629.468;Atmos PPM;0;1013.25;11.1012;175571.986;9045968.456;209.152;176089.028;9045633.904;78.939;616.02;615.839
CND_200_8;07/09/2026 02:01;" 303° 25' 02.90625""";"  78° 15' 53.75987""";598.436;Atmos PPM;0;1013.25;11.1012;175600.008;9045956.627;200.676;176089.028;9045633.904;78.939;586.05;585.91
CND_200_3;07/09/2026 02:01;" 303° 25' 04.46291""";"  78° 15' 52.64779""";598.436;Atmos PPM;0;1013.25;11.1012;175600.011;9045956.63;200.679;176089.028;9045633.904;78.939;586.052;585.909
CND_190_4;07/09/2026 02:01;" 304° 23' 46.94282""";"  78° 35' 19.76295""";568.315;Atmos PPM;0;1013.25;11.1012;175629.393;9045948.637;191.401;176089.028;9045633.904;78.939;557.187;557.065
CND_200_4;07/09/2026 02:01;" 309° 34' 03.04897""";"  77° 58' 10.42992""";577.86;Atmos PPM;0;1013.25;11.1012;175653.398;9045993.935;199.405;176089.028;9045633.904;78.939;565.267;565.151
CND_1505;07/09/2026 02:01;" 310° 59' 43.41217""";"  79° 10' 44.22771""";381.65;Atmos PPM;0;1013.25;11.1012;175806.122;9045879.832;150.6;176089.028;9045633.904;78.939;374.89;374.855
CND_210_4;07/09/2026 02:01;" 311° 21' 24.68914""";"  77° 25' 46.78775""";600.877;Atmos PPM;0;1013.25;11.1012;175648.862;9046021.44;209.736;176089.028;9045633.904;78.939;586.567;586.455
CND_190_5;07/09/2026 02:01;" 312° 12' 18.60154""";"  78° 10' 51.91479""";542.237;Atmos PPM;0;1013.25;11.1012;175695.926;9045990.472;190.019;176089.028;9045633.904;78.939;530.796;530.726
CND_32;07/09/2026 02:02;" 314° 18' 32.82875""";"  79° 48' 42.43348""";290.794;Atmos PPM;0;1013.25;11.1012;175884.243;9045833.843;130.381;176089.028;9045633.904;78.939;286.496;286.203
CND_200_5;07/09/2026 02:02;" 316° 06' 24.86763""";"  77° 35' 26.49679""";562.266;Atmos PPM;0;1013.25;11.1012;175708.353;9046029.647;199.787;176089.028;9045633.904;78.939;549.185;549.114
CND_1602;07/09/2026 02:02;" 317° 50' 29.37855""";"  78° 12' 02.78943""";403.377;Atmos PPM;0;1013.25;11.1012;175824.04;9045926.621;161.433;176089.028;9045633.904;78.939;394.845;394.844
CND_1504;07/09/2026 02:02;" 320° 45' 23.35774""";"  78° 43' 32.57606""";370.087;Atmos PPM;0;1013.25;11.1012;175859.451;9045915.006;151.302;176089.028;9045633.904;78.939;362.974;362.937
CND_210_5;07/09/2026 02:03;" 320° 50' 25.18218""";"  77° 01' 22.73144""";587.594;Atmos PPM;0;1013.25;11.1012;175727.498;9046077.898;210.912;176089.028;9045633.904;78.939;572.641;572.569
CND_190_6;07/09/2026 02:03;" 321° 21' 23.95379""";"  77° 52' 42.23128""";529.232;Atmos PPM;0;1013.25;11.1012;175765.95;9046038.06;190.089;176089.028;9045633.904;78.939;517.464;517.418
CND_1402;07/09/2026 02:03;" 325° 03' 31.28092""";"  79° 32' 25.83913""";340.05;Atmos PPM;0;1013.25;11.1012;175897.532;9045908.035;140.68;176089.028;9045633.904;78.939;334.538;334.393
CND_200_6;07/09/2026 02:03;" 325° 15' 03.71833""";"  77° 24' 57.38520""";553.59;Atmos PPM;0;1013.25;11.1012;175781.118;9046077.851;199.571;176089.028;9045633.904;78.939;540.325;540.275
CND_1603;07/09/2026 02:03;" 325° 30' 40.39376""";"  78° 11' 55.63066""";397.915;Atmos PPM;0;1013.25;11.1012;175868.506;9045954.959;160.33;176089.028;9045633.904;78.939;389.496;389.495
CND_210_6;07/09/2026 02:04;" 328° 34' 39.89722""";"  76° 54' 34.89127""";582.154;Atmos PPM;0;1013.25;11.1012;175793.464;9046117.785;210.811;176089.028;9045633.904;78.939;567.059;567.009
CND_1503;07/09/2026 02:04;" 328° 44' 17.37421""";"  78° 43' 00.39951""";367.858;Atmos PPM;0;1013.25;11.1012;175901.848;9045942.283;150.923;176089.028;9045633.904;78.939;360.776;360.74
CND_34;07/09/2026 02:04;" 330° 33' 56.10175""";"  80° 30' 47.40076""";315.764;Atmos PPM;0;1013.25;11.1012;175936.002;9045905.155;130.99;176089.028;9045633.904;78.939;311.606;311.439
CND_200_7;07/09/2026 02:04;" 332° 03' 32.49723""";"  77° 26' 34.28788""";554.822;Atmos PPM;0;1013.25;11.1012;175835.326;9046112.333;199.585;176089.028;9045633.904;78.939;541.571;541.534
CND_1604;07/09/2026 02:04;" 332° 27' 35.47330""";"  78° 10' 06.03777""";397.114;Atmos PPM;0;1013.25;11.1012;175909.349;9045978.546;160.372;176089.028;9045633.904;78.939;388.706;388.667
CND_22;07/09/2026 02:05;" 334° 37' 10.63311""";"  80° 44' 16.89618""";259.96;Atmos PPM;0;1013.25;11.1012;175979.077;9045865.716;120.784;176089.028;9045633.904;78.939;256.724;256.566
CND_1403;07/09/2026 02:05;" 335° 13' 51.20723""";"  79° 30' 37.38117""";347.084;Atmos PPM;0;1013.25;11.1012;175946.072;9045943.796;142.136;176089.028;9045633.904;78.939;341.371;341.276
CND_28;07/09/2026 02:06;" 344° 33' 02.40917""";"  82° 31' 29.23287""";242.805;Atmos PPM;0;1013.25;11.1012;176024.919;9045865.948;110.531;176089.028;9045633.904;78.939;240.784;240.737
CND_23;07/09/2026 02:06;" 348° 36' 46.59153""";"  78° 49' 29.92454""";391.407;Atmos PPM;0;1013.25;11.1012;176013.249;9046010.33;154.806;176089.028;9045633.904;78.939;383.951;383.977
CND_20;07/09/2026 02:07;" 359° 04' 45.16263""";"  83° 57' 02.15420""";203.55;Atmos PPM;0;1013.25;11.1012;176085.792;9045836.292;100.393;176089.028;9045633.904;78.939;202.449;202.414
CND_30002;07/09/2026 04:00;" 289° 14' 45.51315""";"  79° 28' 58.67907""";723.074;Atmos PPM;0;1013.25;11.1012;175417.874;9045868.292;210.955;176089.028;9045633.904;78.939;710.915;710.905
CND_30003;07/09/2026 04:00;" 290° 56' 14.61288""";"  79° 32' 49.35401""";674.096;Atmos PPM;0;1013.25;11.1012;175469.929;9045870.838;201.269;176089.028;9045633.904;78.939;662.894;662.889
CND_30004;07/09/2026 04:00;" 291° 25' 44.88037""";"  79° 52' 55.27948""";637.676;Atmos PPM;0;1013.25;11.1012;175504.702;9045863.299;190.99;176089.028;9045633.904;78.939;627.75;627.741
CND_170_1;07/09/2026 04:00;" 298° 32' 41.92101""";"  79° 40' 25.47031""";508.767;Atmos PPM;0;1013.25;11.1012;175649.376;9045873.111;170.154;176089.028;9045633.904;78.939;500.548;500.513
CND_190_3;07/09/2026 04:00;" 298° 34' 30.62951""";"  78° 59' 19.90378""";594.719;Atmos PPM;0;1013.25;11.1012;175576.405;9045913.163;192.554;176089.028;9045633.904;78.939;583.897;583.754
CND_180_2;07/09/2026 04:01;" 299° 00' 00.70372""";"  79° 34' 22.28972""";553.864;Atmos PPM;0;1013.25;11.1012;175612.644;9045898.023;179.2;176089.028;9045633.904;78.939;544.768;544.703
CND_210_3;07/09/2026 04:01;" 302° 54' 00.41777""";"  78° 03' 49.76668""";629.468;Atmos PPM;0;1013.25;11.1012;175571.987;9045968.457;209.153;176089.028;9045633.904;78.939;616.02;615.839
CND_200_8;07/09/2026 04:01;" 303° 25' 03.59784""";"  78° 15' 52.09272""";598.436;Atmos PPM;0;1013.25;11.1012;175600.01;9045956.628;200.681;176089.028;9045633.904;78.939;586.05;585.909
CND_200_3;07/09/2026 04:01;" 303° 25' 05.24296""";"  78° 15' 52.25689""";598.436;Atmos PPM;0;1013.25;11.1012;175600.013;9045956.632;200.681;176089.028;9045633.904;78.939;586.052;585.909
CND_190_4;07/09/2026 04:01;" 304° 23' 46.99597""";"  78° 35' 19.91821""";568.315;Atmos PPM;0;1013.25;11.1012;175629.393;9045948.637;191.4;176089.028;9045633.904;78.939;557.187;557.065
CND_200_4;07/09/2026 04:01;" 309° 34' 04.07794""";"  77° 58' 10.10451""";577.86;Atmos PPM;0;1013.25;11.1012;175653.4;9045993.937;199.406;176089.028;9045633.904;78.939;565.267;565.151
CND_1505;07/09/2026 04:01;" 310° 59' 43.68547""";"  79° 10' 43.64129""";381.65;Atmos PPM;0;1013.25;11.1012;175806.123;9045879.833;150.602;176089.028;9045633.904;78.939;374.89;374.855
CND_210_4;07/09/2026 04:01;" 311° 21' 25.08807""";"  77° 25' 46.67821""";600.877;Atmos PPM;0;1013.25;11.1012;175648.863;9046021.441;209.737;176089.028;9045633.904;78.939;586.567;586.455
CND_190_5;07/09/2026 04:01;" 312° 12' 19.83715""";"  78° 10' 52.21768""";542.237;Atmos PPM;0;1013.25;11.1012;175695.928;9045990.475;190.018;176089.028;9045633.904;78.939;530.796;530.726
CND_25;07/09/2026 04:02;" 313° 23' 19.56939""";"  82° 24' 38.79947""";237.061;Atmos PPM;0;1013.25;11.1012;175918.28;9045795.337;110.251;176089.028;9045633.904;78.939;235.096;234.98
CND_32;07/09/2026 04:02;" 314° 18' 33.29854""";"  79° 48' 42.59039""";290.794;Atmos PPM;0;1013.25;11.1012;175884.244;9045833.843;130.381;176089.028;9045633.904;78.939;286.496;286.203
CND_200_5;07/09/2026 04:02;" 316° 06' 25.16339""";"  77° 35' 26.06588""";562.266;Atmos PPM;0;1013.25;11.1012;175708.353;9046029.647;199.788;176089.028;9045633.904;78.939;549.185;549.114
CND_1602;07/09/2026 04:02;" 317° 50' 29.76492""";"  78° 12' 03.48225""";403.377;Atmos PPM;0;1013.25;11.1012;175824.04;9045926.622;161.432;176089.028;9045633.904;78.939;394.845;394.844
CND_1504;07/09/2026 04:02;" 320° 45' 22.42500""";"  78° 43' 34.01670""";370.088;Atmos PPM;0;1013.25;11.1012;175859.45;9045915.005;151.3;176089.028;9045633.904;78.939;362.974;362.938
CND_210_5;07/09/2026 04:03;" 320° 50' 24.95142""";"  77° 01' 23.06283""";587.594;Atmos PPM;0;1013.25;11.1012;175727.497;9046077.898;210.911;176089.028;9045633.904;78.939;572.641;572.569
CND_190_6;07/09/2026 04:03;" 321° 21' 23.84340""";"  77° 52' 42.37872""";529.232;Atmos PPM;0;1013.25;11.1012;175765.95;9046038.06;190.089;176089.028;9045633.904;78.939;517.464;517.418
CND_1402;07/09/2026 04:03;" 325° 03' 31.46635""";"  79° 32' 25.82266""";340.05;Atmos PPM;0;1013.25;11.1012;175897.532;9045908.035;140.68;176089.028;9045633.904;78.939;334.538;334.393
CND_200_6;07/09/2026 04:03;" 325° 15' 04.13563""";"  77° 24' 57.83875""";553.59;Atmos PPM;0;1013.25;11.1012;175781.119;9046077.852;199.569;176089.028;9045633.904;78.939;540.325;540.275
CND_1603;07/09/2026 04:03;" 325° 30' 42.38498""";"  78° 11' 55.89192""";397.915;Atmos PPM;0;1013.25;11.1012;175868.509;9045954.961;160.329;176089.028;9045633.904;78.939;389.496;389.495
CND_210_6;07/09/2026 04:03;" 328° 34' 38.30157""";"  76° 54' 38.53388""";582.154;Atmos PPM;0;1013.25;11.1012;175793.459;9046117.785;210.801;176089.028;9045633.904;78.939;567.059;567.011
CND_1503;07/09/2026 04:04;" 328° 44' 17.30886""";"  78° 43' 00.31749""";367.858;Atmos PPM;0;1013.25;11.1012;175901.848;9045942.282;150.923;176089.028;9045633.904;78.939;360.776;360.74
CND_34;07/09/2026 04:04;" 330° 33' 56.41732""";"  80° 30' 47.23732""";315.764;Atmos PPM;0;1013.25;11.1012;175936.002;9045905.155;130.99;176089.028;9045633.904;78.939;311.606;311.439
CND_200_7;07/09/2026 04:04;" 332° 03' 32.63063""";"  77° 26' 33.10339""";554.822;Atmos PPM;0;1013.25;11.1012;175835.327;9046112.333;199.588;176089.028;9045633.904;78.939;541.571;541.533
CND_1604;07/09/2026 04:04;" 332° 27' 34.45557""";"  78° 10' 03.43930""";397.114;Atmos PPM;0;1013.25;11.1012;175909.348;9045978.544;160.377;176089.028;9045633.904;78.939;388.706;388.666
CND_22;07/09/2026 04:04;" 334° 37' 10.99362""";"  80° 44' 17.89239""";259.96;Atmos PPM;0;1013.25;11.1012;175979.077;9045865.717;120.783;176089.028;9045633.904;78.939;256.724;256.566
CND_1403;07/09/2026 04:04;" 335° 13' 50.74102""";"  79° 30' 37.72197""";347.084;Atmos PPM;0;1013.25;11.1012;175946.072;9045943.796;142.136;176089.028;9045633.904;78.939;341.371;341.276
CND_23;07/09/2026 04:06;" 348° 36' 47.05239""";"  78° 49' 29.14498""";391.408;Atmos PPM;0;1013.25;11.1012;176013.25;9046010.33;154.808;176089.028;9045633.904;78.939;383.951;383.977
CND_20;07/09/2026 04:06;" 359° 04' 45.54146""";"  83° 57' 02.44941""";203.551;Atmos PPM;0;1013.25;11.1012;176085.793;9045836.293;100.393;176089.028;9045633.904;78.939;202.449;202.414
CND_30002;07/09/2026 06:00;" 289° 14' 45.37610""";"  79° 28' 59.02517""";723.074;Atmos PPM;0;1013.25;11.1012;175417.874;9045868.292;210.954;176089.028;9045633.904;78.939;710.915;710.905
CND_30003;07/09/2026 06:00;" 290° 56' 15.05243""";"  79° 32' 49.54088""";674.096;Atmos PPM;0;1013.25;11.1012;175469.929;9045870.839;201.268;176089.028;9045633.904;78.939;662.894;662.889
CND_30004;07/09/2026 06:00;" 291° 25' 44.77828""";"  79° 52' 55.06499""";637.676;Atmos PPM;0;1013.25;11.1012;175504.702;9045863.298;190.991;176089.028;9045633.904;78.939;627.75;627.741
CND_170_1;07/09/2026 06:00;" 298° 32' 42.11692""";"  79° 40' 26.96120""";508.767;Atmos PPM;0;1013.25;11.1012;175649.376;9045873.111;170.151;176089.028;9045633.904;78.939;500.548;500.514
CND_190_3;07/09/2026 06:00;" 298° 34' 31.03846""";"  78° 59' 19.63420""";594.72;Atmos PPM;0;1013.25;11.1012;175576.405;9045913.164;192.554;176089.028;9045633.904;78.939;583.897;583.754
CND_180_2;07/09/2026 06:01;" 299° 00' 00.04346""";"  79° 34' 23.36539""";553.864;Atmos PPM;0;1013.25;11.1012;175612.642;9045898.022;179.198;176089.028;9045633.904;78.939;544.768;544.704
CND_210_3;07/09/2026 06:01;" 302° 54' 00.90092""";"  78° 03' 50.42041""";629.468;Atmos PPM;0;1013.25;11.1012;175571.987;9045968.458;209.151;176089.028;9045633.904;78.939;616.02;615.839
CND_200_8;07/09/2026 06:01;" 303° 25' 04.22832""";"  78° 15' 51.59737""";598.436;Atmos PPM;0;1013.25;11.1012;175600.011;9045956.629;200.682;176089.028;9045633.904;78.939;586.05;585.909
CND_200_3;07/09/2026 06:01;" 303° 25' 03.53132""";"  78° 15' 52.79334""";598.436;Atmos PPM;0;1013.25;11.1012;175600.009;9045956.628;200.679;176089.028;9045633.904;78.939;586.052;585.91
CND_190_4;07/09/2026 06:01;" 304° 23' 47.17199""";"  78° 35' 19.74700""";568.315;Atmos PPM;0;1013.25;11.1012;175629.393;9045948.638;191.401;176089.028;9045633.904;78.939;557.187;557.065
CND_200_4;07/09/2026 06:01;" 309° 34' 03.53190""";"  77° 58' 10.13053""";577.86;Atmos PPM;0;1013.25;11.1012;175653.399;9045993.936;199.406;176089.028;9045633.904;78.939;565.267;565.151
CND_1505;07/09/2026 06:01;" 310° 59' 43.99624""";"  79° 10' 43.59088""";381.65;Atmos PPM;0;1013.25;11.1012;175806.123;9045879.833;150.602;176089.028;9045633.904;78.939;374.89;374.855
CND_210_4;07/09/2026 06:01;" 311° 21' 24.97846""";"  77° 25' 46.83012""";600.877;Atmos PPM;0;1013.25;11.1012;175648.863;9046021.441;209.736;176089.028;9045633.904;78.939;586.567;586.456
CND_190_5;07/09/2026 06:01;" 312° 12' 19.32520""";"  78° 10' 52.42795""";542.237;Atmos PPM;0;1013.25;11.1012;175695.927;9045990.474;190.017;176089.028;9045633.904;78.939;530.796;530.726
CND_25;07/09/2026 06:02;" 313° 23' 19.35905""";"  82° 24' 38.07862""";237.061;Atmos PPM;0;1013.25;11.1012;175918.279;9045795.337;110.252;176089.028;9045633.904;78.939;235.096;234.98
CND_32;07/09/2026 06:02;" 314° 18' 32.61363""";"  79° 48' 42.37289""";290.794;Atmos PPM;0;1013.25;11.1012;175884.243;9045833.843;130.381;176089.028;9045633.904;78.939;286.496;286.203
CND_200_5;07/09/2026 06:02;" 316° 06' 25.07133""";"  77° 35' 24.93107""";562.267;Atmos PPM;0;1013.25;11.1012;175708.353;9046029.647;199.792;176089.028;9045633.904;78.939;549.185;549.113
CND_1401;07/09/2026 06:02;" 317° 46' 15.49726""";"  79° 41' 03.87548""";345.465;Atmos PPM;0;1013.25;11.1012;175860.622;9045885.588;140.809;176089.028;9045633.904;78.939;340.026;339.873
CND_1602;07/09/2026 06:03;" 317° 50' 29.69618""";"  78° 12' 05.28295""";403.377;Atmos PPM;0;1013.25;11.1012;175824.04;9045926.622;161.429;176089.028;9045633.904;78.939;394.845;394.845
CND_1504;07/09/2026 06:03;" 320° 45' 22.56180""";"  78° 43' 33.82834""";370.088;Atmos PPM;0;1013.25;11.1012;175859.45;9045915.005;151.3;176089.028;9045633.904;78.939;362.974;362.938
CND_210_5;07/09/2026 06:03;" 320° 50' 24.16377""";"  77° 01' 23.21047""";587.594;Atmos PPM;0;1013.25;11.1012;175727.495;9046077.897;210.91;176089.028;9045633.904;78.939;572.641;572.569
CND_190_6;07/09/2026 06:03;" 321° 21' 24.81666""";"  77° 52' 41.73500""";529.232;Atmos PPM;0;1013.25;11.1012;175765.952;9046038.061;190.091;176089.028;9045633.904;78.939;517.464;517.417
CND_200_6;07/09/2026 06:04;" 325° 15' 04.24263""";"  77° 24' 57.02326""";553.59;Atmos PPM;0;1013.25;11.1012;175781.12;9046077.852;199.572;176089.028;9045633.904;78.939;540.325;540.275
CND_1603;07/09/2026 06:04;" 325° 30' 41.78637""";"  78° 11' 55.96621""";397.915;Atmos PPM;0;1013.25;11.1012;175868.508;9045954.96;160.329;176089.028;9045633.904;78.939;389.496;389.495
CND_210_6;07/09/2026 06:04;" 328° 34' 39.77658""";"  76° 54' 35.01940""";582.154;Atmos PPM;0;1013.25;11.1012;175793.464;9046117.785;210.811;176089.028;9045633.904;78.939;567.059;567.009
CND_1503;07/09/2026 06:04;" 328° 44' 18.04304""";"  78° 43' 00.97173""";367.859;Atmos PPM;0;1013.25;11.1012;175901.849;9045942.283;150.922;176089.028;9045633.904;78.939;360.776;360.741
CND_34;07/09/2026 06:04;" 330° 33' 55.90118""";"  80° 30' 48.26412""";315.764;Atmos PPM;0;1013.25;11.1012;175936.001;9045905.155;130.989;176089.028;9045633.904;78.939;311.606;311.439
CND_200_7;07/09/2026 06:04;" 332° 03' 33.04868""";"  77° 26' 34.58926""";554.822;Atmos PPM;0;1013.25;11.1012;175835.328;9046112.334;199.584;176089.028;9045633.904;78.939;541.571;541.534
CND_1604;07/09/2026 06:05;" 332° 27' 35.62241""";"  78° 10' 06.06864""";397.114;Atmos PPM;0;1013.25;11.1012;175909.349;9045978.546;160.372;176089.028;9045633.904;78.939;388.706;388.668
CND_22;07/09/2026 06:05;" 334° 37' 10.74925""";"  80° 44' 17.13872""";259.96;Atmos PPM;0;1013.25;11.1012;175979.077;9045865.716;120.783;176089.028;9045633.904;78.939;256.724;256.566
CND_1403;07/09/2026 06:05;" 335° 13' 51.10928""";"  79° 30' 37.66121""";347.084;Atmos PPM;0;1013.25;11.1012;175946.072;9045943.796;142.136;176089.028;9045633.904;78.939;341.371;341.276
CND_23;07/09/2026 06:06;" 348° 36' 47.14333""";"  78° 49' 29.69481""";391.408;Atmos PPM;0;1013.25;11.1012;176013.25;9046010.33;154.807;176089.028;9045633.904;78.939;383.951;383.977
CND_20;07/09/2026 06:07;" 359° 04' 45.36608""";"  83° 57' 01.22242""";203.551;Atmos PPM;0;1013.25;11.1012;176085.793;9045836.292;100.394;176089.028;9045633.904;78.939;202.449;202.414
CND_30002;07/09/2026 08:00;" 289° 14' 47.05292""";"  79° 28' 59.22935""";723.074;Atmos PPM;0;1013.25;11.1012;175417.876;9045868.297;210.953;176089.028;9045633.904;78.939;710.915;710.904
CND_30003;07/09/2026 08:00;" 290° 56' 16.05720""";"  79° 32' 48.64535""";674.095;Atmos PPM;0;1013.25;11.1012;175469.932;9045870.842;201.271;176089.028;9045633.904;78.939;662.894;662.888
CND_30004;07/09/2026 08:00;" 291° 25' 46.04793""";"  79° 52' 55.18560""";637.676;Atmos PPM;0;1013.25;11.1012;175504.704;9045863.302;190.99;176089.028;9045633.904;78.939;627.75;627.741
CND_170_1;07/09/2026 08:00;" 298° 32' 43.69312""";"  79° 40' 27.34701""";508.767;Atmos PPM;0;1013.25;11.1012;175649.378;9045873.115;170.15;176089.028;9045633.904;78.939;500.548;500.514
CND_190_3;07/09/2026 08:00;" 298° 34' 33.60259""";"  78° 59' 18.86927""";594.719;Atmos PPM;0;1013.25;11.1012;175576.409;9045913.17;192.557;176089.028;9045633.904;78.939;583.897;583.753
CND_180_2;07/09/2026 08:01;" 299° 00' 02.71945""";"  79° 34' 24.23500""";553.864;Atmos PPM;0;1013.25;11.1012;175612.646;9045898.028;179.195;176089.028;9045633.904;78.939;544.768;544.703
CND_210_3;07/09/2026 08:01;" 302° 54' 02.08332""";"  78° 03' 48.26663""";629.468;Atmos PPM;0;1013.25;11.1012;175571.99;9045968.46;209.157;176089.028;9045633.904;78.939;616.02;615.838
CND_200_8;07/09/2026 08:01;" 303° 25' 06.11047""";"  78° 15' 51.11410""";598.436;Atmos PPM;0;1013.25;11.1012;175600.015;9045956.633;200.684;176089.028;9045633.904;78.939;586.05;585.908
CND_200_3;07/09/2026 08:01;" 303° 25' 04.54062""";"  78° 15' 49.36120""";598.436;Atmos PPM;0;1013.25;11.1012;175600.013;9045956.629;200.689;176089.028;9045633.904;78.939;586.052;585.907
CND_190_4;07/09/2026 08:01;" 304° 23' 48.71977""";"  78° 35' 17.81963""";568.315;Atmos PPM;0;1013.25;11.1012;175629.397;9045948.64;191.406;176089.028;9045633.904;78.939;557.187;557.063
CND_200_4;07/09/2026 08:01;" 309° 34' 05.58626""";"  77° 58' 08.54022""";577.86;Atmos PPM;0;1013.25;11.1012;175653.403;9045993.94;199.41;176089.028;9045633.904;78.939;565.267;565.15
CND_1505;07/09/2026 08:01;" 310° 59' 44.61612""";"  79° 10' 42.86684""";381.65;Atmos PPM;0;1013.25;11.1012;175806.124;9045879.834;150.603;176089.028;9045633.904;78.939;374.89;374.855
CND_210_4;07/09/2026 08:01;" 311° 21' 26.45851""";"  77° 25' 46.10409""";600.877;Atmos PPM;0;1013.25;11.1012;175648.866;9046021.443;209.738;176089.028;9045633.904;78.939;586.567;586.454
CND_190_5;07/09/2026 08:01;" 312° 12' 21.06327""";"  78° 10' 50.78090""";542.236;Atmos PPM;0;1013.25;11.1012;175695.931;9045990.476;190.022;176089.028;9045633.904;78.939;530.796;530.725
CND_25;07/09/2026 08:02;" 313° 23' 20.22089""";"  82° 24' 39.28036""";237.06;Atmos PPM;0;1013.25;11.1012;175918.28;9045795.338;110.251;176089.028;9045633.904;78.939;235.096;234.98
CND_32;07/09/2026 08:02;" 314° 18' 33.86823""";"  79° 48' 40.86111""";290.794;Atmos PPM;0;1013.25;11.1012;175884.245;9045833.844;130.383;176089.028;9045633.904;78.939;286.496;286.203
CND_200_5;07/09/2026 08:02;" 316° 06' 26.33145""";"  77° 35' 26.21404""";562.266;Atmos PPM;0;1013.25;11.1012;175708.356;9046029.649;199.788;176089.028;9045633.904;78.939;549.185;549.114
CND_1401;07/09/2026 08:03;" 317° 46' 13.75608""";"  79° 41' 09.41075""";345.464;Atmos PPM;0;1013.25;11.1012;175860.619;9045885.587;140.8;176089.028;9045633.904;78.939;340.026;339.875
CND_1602;07/09/2026 08:03;" 317° 50' 32.66743""";"  78° 12' 04.50593""";403.377;Atmos PPM;0;1013.25;11.1012;175824.044;9045926.626;161.43;176089.028;9045633.904;78.939;394.845;394.845
CND_1504;07/09/2026 08:03;" 320° 45' 24.10000""";"  78° 43' 31.71050""";370.087;Atmos PPM;0;1013.25;11.1012;175859.453;9045915.006;151.304;176089.028;9045633.904;78.939;362.974;362.937
CND_210_5;07/09/2026 08:03;" 320° 50' 25.58819""";"  77° 01' 23.98364""";587.594;Atmos PPM;0;1013.25;11.1012;175727.498;9046077.9;210.908;176089.028;9045633.904;78.939;572.641;572.57
CND_190_6;07/09/2026 08:03;" 321° 21' 25.34618""";"  77° 52' 41.58466""";529.232;Atmos PPM;0;1013.25;11.1012;175765.953;9046038.062;190.091;176089.028;9045633.904;78.939;517.464;517.418
CND_30;07/09/2026 08:03;" 323° 47' 13.99110""";"  80° 41' 08.41487""";257.39;Atmos PPM;0;1013.25;11.1012;175938.991;9045838.845;120.602;176089.028;9045633.904;78.939;254.209;253.992
CND_1402;07/09/2026 08:04;" 325° 03' 33.07289""";"  79° 32' 25.24460""";340.05;Atmos PPM;0;1013.25;11.1012;175897.535;9045908.037;140.68;176089.028;9045633.904;78.939;334.538;334.392
CND_200_6;07/09/2026 08:04;" 325° 15' 05.78648""";"  77° 24' 58.37836""";553.59;Atmos PPM;0;1013.25;11.1012;175781.123;9046077.855;199.568;176089.028;9045633.904;78.939;540.325;540.275
CND_1603;07/09/2026 08:04;" 325° 30' 43.41423""";"  78° 11' 55.48094""";397.915;Atmos PPM;0;1013.25;11.1012;175868.511;9045954.962;160.33;176089.028;9045633.904;78.939;389.496;389.495
CND_210_6;07/09/2026 08:04;" 328° 34' 40.99973""";"  76° 54' 35.22621""";582.154;Atmos PPM;0;1013.25;11.1012;175793.467;9046117.786;210.81;176089.028;9045633.904;78.939;567.059;567.008
CND_1503;07/09/2026 08:04;" 328° 44' 20.11857""";"  78° 43' 01.64858""";367.859;Atmos PPM;0;1013.25;11.1012;175901.852;9045942.285;150.921;176089.028;9045633.904;78.939;360.776;360.741
CND_34;07/09/2026 08:04;" 330° 33' 57.60437""";"  80° 30' 50.41238""";315.764;Atmos PPM;0;1013.25;11.1012;175936.003;9045905.157;130.986;176089.028;9045633.904;78.939;311.606;311.44
CND_200_7;07/09/2026 08:04;" 332° 03' 34.45459""";"  77° 26' 34.91010""";554.821;Atmos PPM;0;1013.25;11.1012;175835.331;9046112.336;199.583;176089.028;9045633.904;78.939;541.571;541.534
CND_1604;07/09/2026 08:05;" 332° 27' 36.30408""";"  78° 10' 04.76447""";397.114;Atmos PPM;0;1013.25;11.1012;175909.351;9045978.546;160.375;176089.028;9045633.904;78.939;388.706;388.667
CND_22;07/09/2026 08:05;" 334° 37' 13.94528""";"  80° 44' 16.61424""";259.959;Atmos PPM;0;1013.25;11.1012;175979.081;9045865.718;120.784;176089.028;9045633.904;78.939;256.724;256.566
CND_1403;07/09/2026 08:05;" 335° 13' 53.30491""";"  79° 30' 36.28816""";347.084;Atmos PPM;0;1013.25;11.1012;175946.076;9045943.797;142.138;176089.028;9045633.904;78.939;341.371;341.276
CND_1803;07/09/2026 08:07;" 348° 01' 18.07416""";"  78° 12' 10.03075""";498.573;Atmos PPM;0;1013.25;11.1012;175987.782;9046111.315;180.888;176089.028;9045633.904;78.939;488.054;488.029
CND_23;07/09/2026 08:07;" 348° 36' 44.82714""";"  78° 49' 27.54689""";391.407;Atmos PPM;0;1013.25;11.1012;176013.246;9046010.328;154.811;176089.028;9045633.904;78.939;383.951;383.976
CND_20;07/09/2026 08:07;" 359° 04' 46.74860""";"  83° 57' 02.43823""";203.551;Atmos PPM;0;1013.25;11.1012;176085.794;9045836.292;100.393;176089.028;9045633.904;78.939;202.449;202.414
CND_30002;07/09/2026 10:00;" 289° 14' 43.88782""";"  79° 29' 02.47753""";723.074;Atmos PPM;0;1013.25;11.1012;175417.87;9045868.287;210.942;176089.028;9045633.904;78.939;710.915;710.907
CND_30003;07/09/2026 10:00;" 290° 56' 13.82395""";"  79° 32' 48.70475""";674.096;Atmos PPM;0;1013.25;11.1012;175469.929;9045870.835;201.271;176089.028;9045633.904;78.939;662.894;662.888
CND_30004;07/09/2026 10:00;" 291° 25' 45.06637""";"  79° 52' 58.57523""";637.676;Atmos PPM;0;1013.25;11.1012;175504.701;9045863.3;190.98;176089.028;9045633.904;78.939;627.75;627.743
CND_170_1;07/09/2026 10:00;" 298° 32' 41.37852""";"  79° 40' 27.89313""";508.766;Atmos PPM;0;1013.25;11.1012;175649.375;9045873.11;170.148;176089.028;9045633.904;78.939;500.548;500.514
CND_190_3;07/09/2026 10:00;" 298° 34' 31.52869""";"  78° 59' 20.00232""";594.719;Atmos PPM;0;1013.25;11.1012;175576.407;9045913.165;192.553;176089.028;9045633.904;78.939;583.897;583.753
CND_180_2;07/09/2026 10:01;" 298° 59' 59.61494""";"  79° 34' 23.46071""";553.864;Atmos PPM;0;1013.25;11.1012;175612.642;9045898.021;179.197;176089.028;9045633.904;78.939;544.768;544.703
CND_210_3;07/09/2026 10:01;" 302° 53' 58.16825""";"  78° 03' 48.07611""";629.468;Atmos PPM;0;1013.25;11.1012;175571.984;9045968.45;209.158;176089.028;9045633.904;78.939;616.02;615.837
CND_200_3;07/09/2026 10:01;" 303° 25' 03.79493""";"  78° 15' 51.59188""";598.435;Atmos PPM;0;1013.25;11.1012;175600.011;9045956.628;200.682;176089.028;9045633.904;78.939;586.052;585.908
CND_200_8;07/09/2026 10:01;" 303° 25' 04.48738""";"  78° 15' 52.48602""";598.436;Atmos PPM;0;1013.25;11.1012;175600.011;9045956.63;200.68;176089.028;9045633.904;78.939;586.05;585.909
CND_190_4;07/09/2026 10:01;" 304° 23' 46.82643""";"  78° 35' 20.59789""";568.314;Atmos PPM;0;1013.25;11.1012;175629.393;9045948.637;191.398;176089.028;9045633.904;78.939;557.187;557.065
CND_200_4;07/09/2026 10:01;" 309° 34' 03.02022""";"  77° 58' 11.27531""";577.859;Atmos PPM;0;1013.25;11.1012;175653.398;9045993.935;199.403;176089.028;9045633.904;78.939;565.267;565.151
CND_1505;07/09/2026 10:01;" 310° 59' 43.00900""";"  79° 10' 42.83629""";381.65;Atmos PPM;0;1013.25;11.1012;175806.122;9045879.832;150.603;176089.028;9045633.904;78.939;374.89;374.855
CND_210_4;07/09/2026 10:01;" 311° 21' 25.21882""";"  77° 25' 46.88398""";600.877;Atmos PPM;0;1013.25;11.1012;175648.864;9046021.441;209.736;176089.028;9045633.904;78.939;586.567;586.455
CND_190_5;07/09/2026 10:01;" 312° 12' 19.27610""";"  78° 10' 51.38015""";542.236;Atmos PPM;0;1013.25;11.1012;175695.928;9045990.473;190.02;176089.028;9045633.904;78.939;530.796;530.725
CND_25;07/09/2026 10:02;" 313° 23' 19.45983""";"  82° 24' 38.84848""";237.06;Atmos PPM;0;1013.25;11.1012;175918.28;9045795.337;110.251;176089.028;9045633.904;78.939;235.096;234.98
CND_32;07/09/2026 10:02;" 314° 18' 33.49118""";"  79° 48' 42.51680""";290.794;Atmos PPM;0;1013.25;11.1012;175884.244;9045833.843;130.381;176089.028;9045633.904;78.939;286.496;286.203
CND_200_5;07/09/2026 10:02;" 316° 06' 26.28315""";"  77° 35' 26.32161""";562.266;Atmos PPM;0;1013.25;11.1012;175708.356;9046029.649;199.788;176089.028;9045633.904;78.939;549.185;549.113
CND_1401;07/09/2026 10:02;" 317° 46' 11.25306""";"  79° 41' 10.78939""";345.464;Atmos PPM;0;1013.25;11.1012;175860.616;9045885.584;140.798;176089.028;9045633.904;78.939;340.026;339.875
CND_1602;07/09/2026 10:03;" 317° 50' 29.65461""";"  78° 12' 01.95184""";403.377;Atmos PPM;0;1013.25;11.1012;175824.041;9045926.621;161.435;176089.028;9045633.904;78.939;394.845;394.843
CND_1504;07/09/2026 10:03;" 320° 45' 24.05256""";"  78° 43' 31.33637""";370.087;Atmos PPM;0;1013.25;11.1012;175859.453;9045915.006;151.305;176089.028;9045633.904;78.939;362.974;362.937
CND_210_5;07/09/2026 10:03;" 320° 50' 25.65957""";"  77° 01' 21.98821""";587.594;Atmos PPM;0;1013.25;11.1012;175727.499;9046077.899;210.914;176089.028;9045633.904;78.939;572.641;572.568
CND_190_6;07/09/2026 10:03;" 321° 21' 24.05361""";"  77° 52' 41.78148""";529.231;Atmos PPM;0;1013.25;11.1012;175765.951;9046038.059;190.09;176089.028;9045633.904;78.939;517.464;517.417
CND_30;07/09/2026 10:03;" 323° 47' 12.93787""";"  80° 41' 07.39382""";257.39;Atmos PPM;0;1013.25;11.1012;175938.99;9045838.844;120.603;176089.028;9045633.904;78.939;254.209;253.991
CND_1402;07/09/2026 10:03;" 325° 03' 34.58369""";"  79° 32' 25.06037""";340.05;Atmos PPM;0;1013.25;11.1012;175897.537;9045908.038;140.681;176089.028;9045633.904;78.939;334.538;334.392
CND_200_6;07/09/2026 10:04;" 325° 15' 04.59827""";"  77° 24' 57.96204""";553.59;Atmos PPM;0;1013.25;11.1012;175781.12;9046077.852;199.569;176089.028;9045633.904;78.939;540.325;540.275
CND_1603;07/09/2026 10:04;" 325° 30' 40.37429""";"  78° 11' 56.25250""";397.915;Atmos PPM;0;1013.25;11.1012;175868.506;9045954.959;160.328;176089.028;9045633.904;78.939;389.496;389.495
CND_210_6;07/09/2026 10:04;" 328° 34' 39.65660""";"  76° 54' 35.47354""";582.154;Atmos PPM;0;1013.25;11.1012;175793.463;9046117.785;210.809;176089.028;9045633.904;78.939;567.059;567.008
CND_1503;07/09/2026 10:04;" 328° 44' 17.77775""";"  78° 43' 02.17167""";367.858;Atmos PPM;0;1013.25;11.1012;175901.848;9045942.283;150.92;176089.028;9045633.904;78.939;360.776;360.741
CND_34;07/09/2026 10:04;" 330° 33' 56.88748""";"  80° 30' 50.32622""";315.763;Atmos PPM;0;1013.25;11.1012;175936.003;9045905.156;130.986;176089.028;9045633.904;78.939;311.606;311.439
CND_200_7;07/09/2026 10:04;" 332° 03' 33.35349""";"  77° 26' 34.40696""";554.821;Atmos PPM;0;1013.25;11.1012;175835.328;9046112.334;199.584;176089.028;9045633.904;78.939;541.571;541.534
CND_1604;07/09/2026 10:04;" 332° 27' 35.68554""";"  78° 10' 06.19497""";397.114;Atmos PPM;0;1013.25;11.1012;175909.349;9045978.546;160.372;176089.028;9045633.904;78.939;388.706;388.668
CND_22;07/09/2026 10:05;" 334° 37' 11.54990""";"  80° 44' 16.81553""";259.959;Atmos PPM;0;1013.25;11.1012;175979.078;9045865.716;120.784;176089.028;9045633.904;78.939;256.724;256.565
CND_1403;07/09/2026 10:05;" 335° 13' 51.71612""";"  79° 30' 37.10452""";347.084;Atmos PPM;0;1013.25;11.1012;175946.073;9045943.796;142.137;176089.028;9045633.904;78.939;341.371;341.276
CND_1803;07/09/2026 10:06;" 348° 01' 17.19871""";"  78° 12' 09.20258""";498.574;Atmos PPM;0;1013.25;11.1012;175987.78;9046111.315;180.89;176089.028;9045633.904;78.939;488.054;488.029
CND_23;07/09/2026 10:07;" 348° 36' 46.15561""";"  78° 49' 26.94617""";391.407;Atmos PPM;0;1013.25;11.1012;176013.248;9046010.328;154.812;176089.028;9045633.904;78.939;383.951;383.976
CND_20;07/09/2026 10:07;" 359° 04' 45.76853""";"  83° 57' 00.08436""";203.551;Atmos PPM;0;1013.25;11.1012;176085.793;9045836.292;100.395;176089.028;9045633.904;78.939;202.449;202.414
CND_30002;07/09/2026 12:00;" 289° 14' 43.03763""";"  79° 29' 04.09421""";723.073;Atmos PPM;0;1013.25;11.1012;175417.869;9045868.285;210.936;176089.028;9045633.904;78.939;710.915;710.907
CND_30003;07/09/2026 12:00;" 290° 56' 09.59574""";"  79° 32' 50.11449""";674.095;Atmos PPM;0;1013.25;11.1012;175469.924;9045870.823;201.266;176089.028;9045633.904;78.939;662.894;662.888
CND_30004;07/09/2026 12:00;" 291° 25' 45.10743""";"  79° 53' 01.89163""";637.675;Atmos PPM;0;1013.25;11.1012;175504.7;9045863.3;190.97;176089.028;9045633.904;78.939;627.75;627.743
CND_170_1;07/09/2026 12:00;" 298° 32' 38.54017""";"  79° 40' 29.82750""";508.766;Atmos PPM;0;1013.25;11.1012;175649.371;9045873.104;170.143;176089.028;9045633.904;78.939;500.548;500.514
CND_190_3;07/09/2026 12:01;" 298° 34' 27.99036""";"  78° 59' 18.76561""";594.718;Atmos PPM;0;1013.25;11.1012;175576.403;9045913.156;192.557;176089.028;9045633.904;78.939;583.897;583.752
CND_180_2;07/09/2026 12:01;" 298° 59' 58.88112""";"  79° 34' 24.03853""";553.863;Atmos PPM;0;1013.25;11.1012;175612.641;9045898.019;179.196;176089.028;9045633.904;78.939;544.768;544.703
CND_210_3;07/09/2026 12:01;" 302° 53' 59.19416""";"  78° 03' 48.60393""";629.468;Atmos PPM;0;1013.25;11.1012;175571.986;9045968.453;209.156;176089.028;9045633.904;78.939;616.02;615.838
CND_200_3;07/09/2026 12:01;" 303° 25' 02.21226""";"  78° 15' 54.79650""";598.435;Atmos PPM;0;1013.25;11.1012;175600.007;9045956.625;200.673;176089.028;9045633.904;78.939;586.052;585.91
CND_200_8;07/09/2026 12:01;" 303° 25' 02.24664""";"  78° 15' 51.54353""";598.434;Atmos PPM;0;1013.25;11.1012;175600.009;9045956.624;200.682;176089.028;9045633.904;78.939;586.05;585.907
CND_190_4;07/09/2026 12:01;" 304° 23' 44.63708""";"  78° 35' 21.11972""";568.314;Atmos PPM;0;1013.25;11.1012;175629.39;9045948.632;191.397;176089.028;9045633.904;78.939;557.187;557.064
CND_200_4;07/09/2026 12:01;" 309° 34' 00.04506""";"  77° 58' 11.46802""";577.859;Atmos PPM;0;1013.25;11.1012;175653.393;9045993.928;199.402;176089.028;9045633.904;78.939;565.267;565.151
CND_1505;07/09/2026 12:01;" 310° 59' 42.84437""";"  79° 10' 44.14006""";381.649;Atmos PPM;0;1013.25;11.1012;175806.122;9045879.831;150.601;176089.028;9045633.904;78.939;374.89;374.854
CND_210_4;07/09/2026 12:01;" 311° 21' 24.60545""";"  77° 25' 47.81087""";600.876;Atmos PPM;0;1013.25;11.1012;175648.862;9046021.439;209.733;176089.028;9045633.904;78.939;586.567;586.455
CND_190_5;07/09/2026 12:02;" 312° 12' 20.06517""";"  78° 10' 53.09248""";542.236;Atmos PPM;0;1013.25;11.1012;175695.929;9045990.475;190.016;176089.028;9045633.904;78.939;530.796;530.726
CND_25;07/09/2026 12:02;" 313° 23' 18.54562""";"  82° 24' 41.24060""";237.06;Atmos PPM;0;1013.25;11.1012;175918.279;9045795.336;110.249;176089.028;9045633.904;78.939;235.096;234.98
CND_32;07/09/2026 12:02;" 314° 18' 32.21188""";"  79° 48' 42.34846""";290.793;Atmos PPM;0;1013.25;11.1012;175884.243;9045833.842;130.381;176089.028;9045633.904;78.939;286.496;286.203
CND_200_5;07/09/2026 12:02;" 316° 06' 22.46397""";"  77° 35' 28.49411""";562.265;Atmos PPM;0;1013.25;11.1012;175708.348;9046029.642;199.782;176089.028;9045633.904;78.939;549.185;549.114
CND_1401;07/09/2026 12:03;" 317° 46' 09.30363""";"  79° 41' 10.94293""";345.464;Atmos PPM;0;1013.25;11.1012;175860.614;9045885.582;140.797;176089.028;9045633.904;78.939;340.026;339.875
CND_1602;07/09/2026 12:03;" 317° 50' 28.80167""";"  78° 12' 02.71487""";403.376;Atmos PPM;0;1013.25;11.1012;175824.04;9045926.62;161.433;176089.028;9045633.904;78.939;394.845;394.843
CND_1504;07/09/2026 12:03;" 320° 45' 21.29766""";"  78° 43' 32.25719""";370.087;Atmos PPM;0;1013.25;11.1012;175859.449;9045915.003;151.303;176089.028;9045633.904;78.939;362.974;362.937
CND_210_5;07/09/2026 12:03;" 320° 50' 19.67300""";"  77° 01' 24.12042""";587.593;Atmos PPM;0;1013.25;11.1012;175727.486;9046077.889;210.908;176089.028;9045633.904;78.939;572.641;572.569
CND_190_6;07/09/2026 12:03;" 321° 21' 21.60135""";"  77° 52' 41.69482""";529.231;Atmos PPM;0;1013.25;11.1012;175765.946;9046038.055;190.091;176089.028;9045633.904;78.939;517.464;517.417
CND_1402;07/09/2026 12:04;" 325° 03' 27.83186""";"  79° 32' 31.69274""";340.05;Atmos PPM;0;1013.25;11.1012;175897.527;9045908.033;140.67;176089.028;9045633.904;78.939;334.538;334.394
CND_200_6;07/09/2026 12:04;" 325° 15' 01.37017""";"  77° 24' 57.82175""";553.589;Atmos PPM;0;1013.25;11.1012;175781.114;9046077.847;199.569;176089.028;9045633.904;78.939;540.325;540.274
CND_1603;07/09/2026 12:04;" 325° 30' 38.42443""";"  78° 11' 58.05176""";397.914;Atmos PPM;0;1013.25;11.1012;175868.503;9045954.957;160.325;176089.028;9045633.904;78.939;389.496;389.495
CND_210_6;07/09/2026 12:04;" 328° 34' 36.85987""";"  76° 54' 34.94475""";582.154;Atmos PPM;0;1013.25;11.1012;175793.457;9046117.78;210.811;176089.028;9045633.904;78.939;567.059;567.008
CND_1503;07/09/2026 12:04;" 328° 44' 16.02476""";"  78° 43' 04.39241""";367.858;Atmos PPM;0;1013.25;11.1012;175901.845;9045942.282;150.916;176089.028;9045633.904;78.939;360.776;360.741
CND_34;07/09/2026 12:05;" 330° 33' 54.76241""";"  80° 30' 51.29214""";315.763;Atmos PPM;0;1013.25;11.1012;175936;9045905.155;130.984;176089.028;9045633.904;78.939;311.606;311.439
CND_200_7;07/09/2026 12:05;" 332° 03' 30.51163""";"  77° 26' 35.04193""";554.821;Atmos PPM;0;1013.25;11.1012;175835.322;9046112.33;199.582;176089.028;9045633.904;78.939;541.571;541.533
CND_1604;07/09/2026 12:05;" 332° 27' 33.05277""";"  78° 10' 05.19799""";397.113;Atmos PPM;0;1013.25;11.1012;175909.345;9045978.543;160.374;176089.028;9045633.904;78.939;388.706;388.667
CND_22;07/09/2026 12:05;" 334° 37' 08.41474""";"  80° 44' 18.82043""";259.959;Atmos PPM;0;1013.25;11.1012;175979.075;9045865.715;120.781;176089.028;9045633.904;78.939;256.724;256.566
CND_1403;07/09/2026 12:05;" 335° 13' 50.55237""";"  79° 30' 38.43464""";347.083;Atmos PPM;0;1013.25;11.1012;175946.072;9045943.796;142.134;176089.028;9045633.904;78.939;341.371;341.276
CND_1803;07/09/2026 12:07;" 348° 01' 14.38088""";"  78° 12' 08.90245""";498.573;Atmos PPM;0;1013.25;11.1012;175987.774;9046111.313;180.89;176089.028;9045633.904;78.939;488.054;488.028
CND_23;07/09/2026 12:07;" 348° 36' 42.88772""";"  78° 49' 28.29179""";391.407;Atmos PPM;0;1013.25;11.1012;176013.242;9046010.327;154.809;176089.028;9045633.904;78.939;383.951;383.976
CND_20;07/09/2026 12:07;" 359° 04' 41.92083""";"  83° 57' 02.24889""";203.55;Atmos PPM;0;1013.25;11.1012;176085.789;9045836.292;100.393;176089.028;9045633.904;78.939;202.449;202.414
CND_30002;07/09/2026 14:00;" 289° 14' 42.86299""";"  79° 29' 06.79669""";723.073;Atmos PPM;0;1013.25;11.1012;175417.868;9045868.285;210.926;176089.028;9045633.904;78.939;710.915;710.908
CND_30003;07/09/2026 14:00;" 290° 56' 11.78011""";"  79° 32' 53.04087""";674.095;Atmos PPM;0;1013.25;11.1012;175469.925;9045870.83;201.257;176089.028;9045633.904;78.939;662.894;662.89
CND_30004;07/09/2026 14:00;" 291° 25' 44.79167""";"  79° 53' 02.54973""";637.675;Atmos PPM;0;1013.25;11.1012;175504.7;9045863.299;190.968;176089.028;9045633.904;78.939;627.75;627.744
CND_170_1;07/09/2026 14:00;" 298° 32' 37.78886""";"  79° 40' 26.20316""";508.766;Atmos PPM;0;1013.25;11.1012;175649.372;9045873.102;170.152;176089.028;9045633.904;78.939;500.548;500.513
CND_190_3;07/09/2026 14:00;" 298° 34' 25.83306""";"  78° 59' 20.04672""";594.718;Atmos PPM;0;1013.25;11.1012;175576.399;9045913.151;192.553;176089.028;9045633.904;78.939;583.897;583.753
CND_180_2;07/09/2026 14:01;" 298° 59' 56.44029""";"  79° 34' 24.62499""";553.864;Atmos PPM;0;1013.25;11.1012;175612.637;9045898.014;179.194;176089.028;9045633.904;78.939;544.768;544.703
CND_210_3;07/09/2026 14:01;" 302° 53' 56.07990""";"  78° 03' 50.18025""";629.467;Atmos PPM;0;1013.25;11.1012;175571.98;9045968.445;209.151;176089.028;9045633.904;78.939;616.02;615.838
CND_200_3;07/09/2026 14:01;" 303° 25' 00.23769""";"  78° 15' 52.78722""";598.435;Atmos PPM;0;1013.25;11.1012;175600.005;9045956.619;200.679;176089.028;9045633.904;78.939;586.052;585.908
CND_200_8;07/09/2026 14:01;" 303° 25' 01.87538""";"  78° 15' 54.88204""";598.434;Atmos PPM;0;1013.25;11.1012;175600.007;9045956.624;200.673;176089.028;9045633.904;78.939;586.05;585.909
CND_190_4;07/09/2026 14:01;" 304° 23' 43.85182""";"  78° 35' 21.79236""";568.313;Atmos PPM;0;1013.25;11.1012;175629.389;9045948.63;191.395;176089.028;9045633.904;78.939;557.187;557.064
CND_200_4;07/09/2026 14:01;" 309° 34' 01.86354""";"  77° 58' 06.78945""";577.859;Atmos PPM;0;1013.25;11.1012;175653.398;9045993.93;199.415;176089.028;9045633.904;78.939;565.267;565.148
CND_1505;07/09/2026 14:01;" 310° 59' 39.87497""";"  79° 10' 42.81437""";381.649;Atmos PPM;0;1013.25;11.1012;175806.119;9045879.827;150.603;176089.028;9045633.904;78.939;374.89;374.854
CND_210_4;07/09/2026 14:01;" 311° 21' 24.18865""";"  77° 25' 47.97706""";600.876;Atmos PPM;0;1013.25;11.1012;175648.862;9046021.438;209.733;176089.028;9045633.904;78.939;586.567;586.455
CND_190_5;07/09/2026 14:01;" 312° 12' 16.58851""";"  78° 10' 51.73804""";542.236;Atmos PPM;0;1013.25;11.1012;175695.923;9045990.468;190.019;176089.028;9045633.904;78.939;530.796;530.725
CND_25;07/09/2026 14:02;" 313° 23' 13.00806""";"  82° 24' 42.11703""";237.06;Atmos PPM;0;1013.25;11.1012;175918.274;9045795.332;110.248;176089.028;9045633.904;78.939;235.096;234.98
CND_29;07/09/2026 14:02;" 313° 30' 19.81189""";"  80° 52' 45.89442""";264.293;Atmos PPM;0;1013.25;11.1012;175899.776;9045813.563;120.838;176089.028;9045633.904;78.939;261.111;260.947
CND_32;07/09/2026 14:02;" 314° 18' 30.99918""";"  79° 48' 42.73455""";290.794;Atmos PPM;0;1013.25;11.1012;175884.242;9045833.841;130.38;176089.028;9045633.904;78.939;286.496;286.203
CND_200_5;07/09/2026 14:02;" 316° 06' 22.72277""";"  77° 35' 24.38346""";562.265;Atmos PPM;0;1013.25;11.1012;175708.35;9046029.641;199.793;176089.028;9045633.904;78.939;549.185;549.112
CND_1602;07/09/2026 14:03;" 317° 50' 25.91316""";"  78° 12' 04.98042""";403.377;Atmos PPM;0;1013.25;11.1012;175824.035;9045926.617;161.429;176089.028;9045633.904;78.939;394.845;394.844
CND_1504;07/09/2026 14:03;" 320° 45' 22.74034""";"  78° 43' 33.75391""";370.087;Atmos PPM;0;1013.25;11.1012;175859.45;9045915.005;151.3;176089.028;9045633.904;78.939;362.974;362.937
CND_210_5;07/09/2026 14:03;" 320° 50' 21.90028""";"  77° 01' 22.33438""";587.593;Atmos PPM;0;1013.25;11.1012;175727.491;9046077.892;210.913;176089.028;9045633.904;78.939;572.641;572.567
CND_190_6;07/09/2026 14:03;" 321° 21' 20.49759""";"  77° 52' 42.03073""";529.231;Atmos PPM;0;1013.25;11.1012;175765.944;9046038.053;190.09;176089.028;9045633.904;78.939;517.464;517.416
CND_30;07/09/2026 14:03;" 323° 47' 08.61081""";"  80° 41' 12.29265""";257.389;Atmos PPM;0;1013.25;11.1012;175938.985;9045838.841;120.597;176089.028;9045633.904;78.939;254.209;253.992
CND_1402;07/09/2026 14:04;" 325° 03' 27.08183""";"  79° 32' 25.28031""";340.05;Atmos PPM;0;1013.25;11.1012;175897.527;9045908.031;140.68;176089.028;9045633.904;78.939;334.538;334.392
CND_200_6;07/09/2026 14:04;" 325° 15' 00.41273""";"  77° 24' 59.92240""";553.589;Atmos PPM;0;1013.25;11.1012;175781.111;9046077.847;199.564;176089.028;9045633.904;78.939;540.325;540.275
CND_1603;07/09/2026 14:04;" 325° 30' 39.42287""";"  78° 11' 57.18203""";397.914;Atmos PPM;0;1013.25;11.1012;175868.504;9045954.958;160.327;176089.028;9045633.904;78.939;389.496;389.495
CND_210_6;07/09/2026 14:04;" 328° 34' 35.69514""";"  76° 54' 34.92969""";582.153;Atmos PPM;0;1013.25;11.1012;175793.455;9046117.778;210.811;176089.028;9045633.904;78.939;567.059;567.008
CND_1503;07/09/2026 14:04;" 328° 44' 12.86811""";"  78° 43' 02.55495""";367.858;Atmos PPM;0;1013.25;11.1012;175901.841;9045942.279;150.919;176089.028;9045633.904;78.939;360.776;360.741
CND_34;07/09/2026 14:04;" 330° 33' 53.58418""";"  80° 30' 47.35961""";315.763;Atmos PPM;0;1013.25;11.1012;175935.999;9045905.153;130.99;176089.028;9045633.904;78.939;311.606;311.438
CND_200_7;07/09/2026 14:05;" 332° 03' 31.11836""";"  77° 26' 33.74521""";554.821;Atmos PPM;0;1013.25;11.1012;175835.324;9046112.33;199.586;176089.028;9045633.904;78.939;541.571;541.532
CND_1604;07/09/2026 14:05;" 332° 27' 30.24305""";"  78° 10' 06.70265""";397.113;Atmos PPM;0;1013.25;11.1012;175909.34;9045978.541;160.371;176089.028;9045633.904;78.939;388.706;388.667
CND_22;07/09/2026 14:05;" 334° 37' 06.01317""";"  80° 44' 15.07425""";259.959;Atmos PPM;0;1013.25;11.1012;175979.072;9045865.713;120.786;176089.028;9045633.904;78.939;256.724;256.565
CND_1403;07/09/2026 14:05;" 335° 13' 48.22363""";"  79° 30' 37.35050""";347.083;Atmos PPM;0;1013.25;11.1012;175946.068;9045943.793;142.136;176089.028;9045633.904;78.939;341.371;341.275
CND_1803;07/09/2026 14:07;" 348° 01' 12.71693""";"  78° 12' 08.25872""";498.573;Atmos PPM;0;1013.25;11.1012;175987.77;9046111.312;180.892;176089.028;9045633.904;78.939;488.054;488.027
CND_23;07/09/2026 14:07;" 348° 36' 41.78450""";"  78° 49' 26.81850""";391.406;Atmos PPM;0;1013.25;11.1012;176013.241;9046010.326;154.812;176089.028;9045633.904;78.939;383.951;383.975
CND_20;07/09/2026 14:07;" 359° 04' 41.01392""";"  83° 57' 01.97002""";203.55;Atmos PPM;0;1013.25;11.1012;176085.788;9045836.292;100.393;176089.028;9045633.904;78.939;202.449;202.413
CND_30002;07/09/2026 18:00;" 289° 14' 45.33526""";"  79° 28' 58.80658""";723.074;Atmos PPM;0;1013.25;11.1012;175417.875;9045868.291;210.954;176089.028;9045633.904;78.939;710.915;710.904
CND_30003;07/09/2026 18:00;" 290° 56' 13.92130""";"  79° 32' 48.37704""";674.095;Atmos PPM;0;1013.25;11.1012;175469.929;9045870.835;201.272;176089.028;9045633.904;78.939;662.894;662.887
CND_30004;07/09/2026 18:00;" 291° 25' 45.06778""";"  79° 52' 56.33536""";637.675;Atmos PPM;0;1013.25;11.1012;175504.703;9045863.299;190.987;176089.028;9045633.904;78.939;627.75;627.741
CND_170_1;07/09/2026 18:00;" 298° 32' 41.30153""";"  79° 40' 27.21590""";508.766;Atmos PPM;0;1013.25;11.1012;175649.375;9045873.11;170.15;176089.028;9045633.904;78.939;500.548;500.514
CND_190_3;07/09/2026 18:00;" 298° 34' 31.48997""";"  78° 59' 20.25987""";594.718;Atmos PPM;0;1013.25;11.1012;175576.407;9045913.165;192.552;176089.028;9045633.904;78.939;583.897;583.753
CND_180_2;07/09/2026 18:01;" 299° 00' 00.60659""";"  79° 34' 22.83485""";553.863;Atmos PPM;0;1013.25;11.1012;175612.644;9045898.023;179.199;176089.028;9045633.904;78.939;544.768;544.702
CND_210_3;07/09/2026 18:01;" 302° 54' 00.47695""";"  78° 03' 49.58089""";629.467;Atmos PPM;0;1013.25;11.1012;175571.988;9045968.456;209.153;176089.028;9045633.904;78.939;616.02;615.837
CND_200_8;07/09/2026 18:01;" 303° 25' 03.42392""";"  78° 15' 52.84570""";598.435;Atmos PPM;0;1013.25;11.1012;175600.01;9045956.627;200.679;176089.028;9045633.904;78.939;586.05;585.908
CND_200_3;07/09/2026 18:01;" 303° 25' 04.02153""";"  78° 15' 52.83671""";598.435;Atmos PPM;0;1013.25;11.1012;175600.011;9045956.628;200.679;176089.028;9045633.904;78.939;586.052;585.908
CND_190_4;07/09/2026 18:01;" 304° 23' 47.00636""";"  78° 35' 20.62294""";568.313;Atmos PPM;0;1013.25;11.1012;175629.394;9045948.637;191.398;176089.028;9045633.904;78.939;557.187;557.064
CND_200_4;07/09/2026 18:01;" 309° 34' 03.68495""";"  77° 58' 11.21914""";577.859;Atmos PPM;0;1013.25;11.1012;175653.399;9045993.936;199.403;176089.028;9045633.904;78.939;565.267;565.151
CND_1505;07/09/2026 18:01;" 310° 59' 43.18882""";"  79° 10' 42.67794""";381.65;Atmos PPM;0;1013.25;11.1012;175806.123;9045879.832;150.603;176089.028;9045633.904;78.939;374.89;374.854
CND_210_4;07/09/2026 18:01;" 311° 21' 24.99001""";"  77° 25' 47.32207""";600.876;Atmos PPM;0;1013.25;11.1012;175648.864;9046021.44;209.734;176089.028;9045633.904;78.939;586.567;586.454
CND_190_5;07/09/2026 18:01;" 312° 12' 19.85055""";"  78° 10' 52.75118""";542.236;Atmos PPM;0;1013.25;11.1012;175695.929;9045990.474;190.016;176089.028;9045633.904;78.939;530.796;530.726
CND_25;07/09/2026 18:02;" 313° 23' 18.91070""";"  82° 24' 41.47428""";237.061;Atmos PPM;0;1013.25;11.1012;175918.279;9045795.337;110.248;176089.028;9045633.904;78.939;235.096;234.981
CND_32;07/09/2026 18:02;" 314° 18' 33.45321""";"  79° 48' 43.07188""";290.794;Atmos PPM;0;1013.25;11.1012;175884.244;9045833.843;130.38;176089.028;9045633.904;78.939;286.496;286.203
CND_200_5;07/09/2026 18:02;" 316° 06' 25.54530""";"  77° 35' 27.76497""";562.265;Atmos PPM;0;1013.25;11.1012;175708.354;9046029.648;199.784;176089.028;9045633.904;78.939;549.185;549.114
CND_1401;07/09/2026 18:03;" 317° 46' 13.48343""";"  79° 41' 10.58839""";345.464;Atmos PPM;0;1013.25;11.1012;175860.618;9045885.587;140.798;176089.028;9045633.904;78.939;340.026;339.875
CND_1602;07/09/2026 18:03;" 317° 50' 28.85146""";"  78° 12' 03.01517""";403.376;Atmos PPM;0;1013.25;11.1012;175824.04;9045926.62;161.433;176089.028;9045633.904;78.939;394.845;394.843
CND_1504;07/09/2026 18:03;" 320° 45' 23.32957""";"  78° 43' 32.47216""";370.087;Atmos PPM;0;1013.25;11.1012;175859.452;9045915.005;151.302;176089.028;9045633.904;78.939;362.974;362.937
CND_210_5;07/09/2026 18:03;" 320° 50' 25.27433""";"  77° 01' 23.56436""";587.593;Atmos PPM;0;1013.25;11.1012;175727.498;9046077.898;210.909;176089.028;9045633.904;78.939;572.641;572.568
CND_190_6;07/09/2026 18:04;" 321° 21' 24.20975""";"  77° 52' 42.83116""";529.231;Atmos PPM;0;1013.25;11.1012;175765.951;9046038.06;190.088;176089.028;9045633.904;78.939;517.464;517.417
CND_1402;07/09/2026 18:04;" 325° 03' 31.63511""";"  79° 32' 26.01933""";340.05;Atmos PPM;0;1013.25;11.1012;175897.533;9045908.035;140.679;176089.028;9045633.904;78.939;334.538;334.393
CND_200_6;07/09/2026 18:04;" 325° 15' 03.83876""";"  77° 24' 58.93952""";553.589;Atmos PPM;0;1013.25;11.1012;175781.119;9046077.852;199.566;176089.028;9045633.904;78.939;540.325;540.275
CND_1603;07/09/2026 18:05;" 325° 30' 41.97037""";"  78° 11' 57.62162""";397.914;Atmos PPM;0;1013.25;11.1012;175868.508;9045954.961;160.326;176089.028;9045633.904;78.939;389.496;389.495
CND_210_6;07/09/2026 18:05;" 328° 34' 40.53529""";"  76° 54' 34.90216""";582.153;Atmos PPM;0;1013.25;11.1012;175793.466;9046117.785;210.811;176089.028;9045633.904;78.939;567.059;567.008
CND_1503;07/09/2026 18:05;" 328° 44' 17.86432""";"  78° 43' 01.65043""";367.858;Atmos PPM;0;1013.25;11.1012;175901.849;9045942.283;150.921;176089.028;9045633.904;78.939;360.776;360.74
CND_34;07/09/2026 18:05;" 330° 33' 56.15229""";"  80° 30' 48.73932""";315.763;Atmos PPM;0;1013.25;11.1012;175936.002;9045905.155;130.988;176089.028;9045633.904;78.939;311.606;311.439
CND_200_7;07/09/2026 18:05;" 332° 03' 33.80124""";"  77° 26' 34.74035""";554.821;Atmos PPM;0;1013.25;11.1012;175835.33;9046112.335;199.583;176089.028;9045633.904;78.939;541.571;541.533
CND_1604;07/09/2026 18:05;" 332° 27' 36.33474""";"  78° 10' 05.87334""";397.114;Atmos PPM;0;1013.25;11.1012;175909.351;9045978.546;160.373;176089.028;9045633.904;78.939;388.706;388.667
CND_22;07/09/2026 18:06;" 334° 37' 11.49867""";"  80° 44' 18.61474""";259.959;Atmos PPM;0;1013.25;11.1012;175979.078;9045865.717;120.782;176089.028;9045633.904;78.939;256.724;256.566
CND_1403;07/09/2026 18:06;" 335° 13' 51.37197""";"  79° 30' 38.62446""";347.084;Atmos PPM;0;1013.25;11.1012;175946.073;9045943.796;142.134;176089.028;9045633.904;78.939;341.371;341.276
CND_23;07/09/2026 18:07;" 348° 36' 46.37046""";"  78° 49' 29.02175""";391.407;Atmos PPM;0;1013.25;11.1012;176013.249;9046010.329;154.808;176089.028;9045633.904;78.939;383.951;383.977
CND_20;07/09/2026 18:08;" 359° 04' 45.92985""";"  83° 57' 02.44983""";203.55;Atmos PPM;0;1013.25;11.1012;176085.793;9045836.292;100.393;176089.028;9045633.904;78.939;202.449;202.414
CND_30002;07/09/2026 20:00;" 289° 14' 45.58826""";"  79° 29' 00.83581""";723.074;Atmos PPM;0;1013.25;11.1012;175417.874;9045868.293;210.947;176089.028;9045633.904;78.939;710.915;710.905
CND_30003;07/09/2026 20:00;" 290° 56' 14.10731""";"  79° 32' 49.27987""";674.096;Atmos PPM;0;1013.25;11.1012;175469.929;9045870.836;201.269;176089.028;9045633.904;78.939;662.894;662.888
CND_30004;07/09/2026 20:00;" 291° 25' 43.92224""";"  79° 52' 56.11676""";637.676;Atmos PPM;0;1013.25;11.1012;175504.701;9045863.296;190.988;176089.028;9045633.904;78.939;627.75;627.741
CND_170_1;07/09/2026 20:00;" 298° 32' 40.44703""";"  79° 40' 27.49218""";508.766;Atmos PPM;0;1013.25;11.1012;175649.374;9045873.108;170.149;176089.028;9045633.904;78.939;500.548;500.514
CND_190_3;07/09/2026 20:00;" 298° 34' 32.06874""";"  78° 59' 20.63973""";594.719;Atmos PPM;0;1013.25;11.1012;175576.407;9045913.167;192.551;176089.028;9045633.904;78.939;583.897;583.753
CND_180_2;07/09/2026 20:01;" 299° 00' 00.39793""";"  79° 34' 25.70970""";553.863;Atmos PPM;0;1013.25;11.1012;175612.642;9045898.023;179.191;176089.028;9045633.904;78.939;544.768;544.704
CND_210_3;07/09/2026 20:01;" 302° 54' 00.21853""";"  78° 03' 51.04019""";629.467;Atmos PPM;0;1013.25;11.1012;175571.986;9045968.456;209.149;176089.028;9045633.904;78.939;616.02;615.839
CND_200_8;07/09/2026 20:01;" 303° 25' 04.15712""";"  78° 15' 53.98429""";598.435;Atmos PPM;0;1013.25;11.1012;175600.011;9045956.629;200.675;176089.028;9045633.904;78.939;586.05;585.909
CND_200_3;07/09/2026 20:01;" 303° 25' 03.75144""";"  78° 15' 54.57290""";598.435;Atmos PPM;0;1013.25;11.1012;175600.01;9045956.628;200.674;176089.028;9045633.904;78.939;586.052;585.909
CND_190_4;07/09/2026 20:01;" 304° 23' 46.95090""";"  78° 35' 21.99394""";568.314;Atmos PPM;0;1013.25;11.1012;175629.393;9045948.637;191.394;176089.028;9045633.904;78.939;557.187;557.065
CND_200_4;07/09/2026 20:01;" 309° 34' 03.58143""";"  77° 58' 11.65965""";577.859;Atmos PPM;0;1013.25;11.1012;175653.399;9045993.936;199.401;176089.028;9045633.904;78.939;565.267;565.151
CND_1505;07/09/2026 20:01;" 310° 59' 43.02923""";"  79° 10' 44.00332""";381.65;Atmos PPM;0;1013.25;11.1012;175806.122;9045879.832;150.601;176089.028;9045633.904;78.939;374.89;374.855
CND_210_4;07/09/2026 20:01;" 311° 21' 25.42568""";"  77° 25' 48.12597""";600.876;Atmos PPM;0;1013.25;11.1012;175648.864;9046021.441;209.732;176089.028;9045633.904;78.939;586.567;586.455
CND_190_5;07/09/2026 20:02;" 312° 12' 19.24912""";"  78° 10' 52.91648""";542.236;Atmos PPM;0;1013.25;11.1012;175695.927;9045990.473;190.016;176089.028;9045633.904;78.939;530.796;530.726
CND_25;07/09/2026 20:02;" 313° 23' 17.99503""";"  82° 24' 39.96600""";237.06;Atmos PPM;0;1013.25;11.1012;175918.278;9045795.336;110.25;176089.028;9045633.904;78.939;235.096;234.98
CND_32;07/09/2026 20:02;" 314° 18' 32.78384""";"  79° 48' 43.53247""";290.794;Atmos PPM;0;1013.25;11.1012;175884.243;9045833.843;130.379;176089.028;9045633.904;78.939;286.496;286.203
CND_200_5;07/09/2026 20:02;" 316° 06' 25.14676""";"  77° 35' 26.57137""";562.266;Atmos PPM;0;1013.25;11.1012;175708.354;9046029.647;199.787;176089.028;9045633.904;78.939;549.185;549.113
CND_1602;07/09/2026 20:03;" 317° 50' 29.42766""";"  78° 12' 04.34100""";403.377;Atmos PPM;0;1013.25;11.1012;175824.04;9045926.621;161.43;176089.028;9045633.904;78.939;394.845;394.844
CND_1504;07/09/2026 20:03;" 320° 45' 23.01393""";"  78° 43' 32.31675""";370.087;Atmos PPM;0;1013.25;11.1012;175859.451;9045915.005;151.303;176089.028;9045633.904;78.939;362.974;362.937
CND_210_5;07/09/2026 20:03;" 320° 50' 24.66676""";"  77° 01' 24.43075""";587.593;Atmos PPM;0;1013.25;11.1012;175727.496;9046077.898;210.907;176089.028;9045633.904;78.939;572.641;572.569
CND_190_6;07/09/2026 20:03;" 321° 21' 24.72820""";"  77° 52' 42.43148""";529.231;Atmos PPM;0;1013.25;11.1012;175765.952;9046038.06;190.089;176089.028;9045633.904;78.939;517.464;517.417
CND_1402;07/09/2026 20:04;" 325° 03' 31.05678""";"  79° 32' 26.27763""";340.05;Atmos PPM;0;1013.25;11.1012;175897.532;9045908.035;140.679;176089.028;9045633.904;78.939;334.538;334.392
CND_200_6;07/09/2026 20:04;" 325° 15' 04.20974""";"  77° 24' 58.45565""";553.589;Atmos PPM;0;1013.25;11.1012;175781.12;9046077.852;199.568;176089.028;9045633.904;78.939;540.325;540.275
CND_1603;07/09/2026 20:04;" 325° 30' 41.44281""";"  78° 11' 57.24285""";397.914;Atmos PPM;0;1013.25;11.1012;175868.507;9045954.96;160.327;176089.028;9045633.904;78.939;389.496;389.495
CND_210_6;07/09/2026 20:04;" 328° 34' 39.47895""";"  76° 54' 36.24949""";582.154;Atmos PPM;0;1013.25;11.1012;175793.463;9046117.785;210.807;176089.028;9045633.904;78.939;567.059;567.009
CND_1503;07/09/2026 20:04;" 328° 44' 17.70938""";"  78° 43' 01.24960""";367.858;Atmos PPM;0;1013.25;11.1012;175901.848;9045942.283;150.921;176089.028;9045633.904;78.939;360.776;360.74
CND_34;07/09/2026 20:04;" 330° 33' 56.46975""";"  80° 30' 47.65853""";315.764;Atmos PPM;0;1013.25;11.1012;175936.002;9045905.155;130.99;176089.028;9045633.904;78.939;311.606;311.439
CND_200_7;07/09/2026 20:04;" 332° 03' 32.79043""";"  77° 26' 35.30381""";554.821;Atmos PPM;0;1013.25;11.1012;175835.327;9046112.334;199.582;176089.028;9045633.904;78.939;541.571;541.534
CND_1604;07/09/2026 20:05;" 332° 27' 35.81651""";"  78° 10' 05.77651""";397.114;Atmos PPM;0;1013.25;11.1012;175909.35;9045978.546;160.373;176089.028;9045633.904;78.939;388.706;388.667
CND_22;07/09/2026 20:05;" 334° 37' 10.88272""";"  80° 44' 18.11179""";259.959;Atmos PPM;0;1013.25;11.1012;175979.077;9045865.716;120.782;176089.028;9045633.904;78.939;256.724;256.566
CND_1403;07/09/2026 20:05;" 335° 13' 50.31657""";"  79° 30' 37.48599""";347.084;Atmos PPM;0;1013.25;11.1012;175946.071;9045943.796;142.136;176089.028;9045633.904;78.939;341.371;341.276
CND_23;07/09/2026 20:07;" 348° 36' 45.86803""";"  78° 49' 31.40820""";391.407;Atmos PPM;0;1013.25;11.1012;176013.248;9046010.33;154.804;176089.028;9045633.904;78.939;383.951;383.978
CND_20;07/09/2026 20:07;" 359° 04' 45.42079""";"  83° 57' 02.98517""";203.55;Atmos PPM;0;1013.25;11.1012;176085.793;9045836.292;100.392;176089.028;9045633.904;78.939;202.449;202.414
CND_30002;07/09/2026 22:00;" 289° 14' 45.15216""";"  79° 28' 59.45704""";723.074;Atmos PPM;0;1013.25;11.1012;175417.874;9045868.291;210.952;176089.028;9045633.904;78.939;710.915;710.905
CND_30003;07/09/2026 22:00;" 290° 56' 13.82743""";"  79° 32' 50.40743""";674.096;Atmos PPM;0;1013.25;11.1012;175469.928;9045870.836;201.266;176089.028;9045633.904;78.939;662.894;662.889
CND_30004;07/09/2026 22:00;" 291° 25' 44.07316""";"  79° 52' 55.91821""";637.676;Atmos PPM;0;1013.25;11.1012;175504.701;9045863.296;190.988;176089.028;9045633.904;78.939;627.75;627.741
CND_170_1;07/09/2026 22:00;" 298° 32' 40.70113""";"  79° 40' 27.95621""";508.766;Atmos PPM;0;1013.25;11.1012;175649.374;9045873.109;170.148;176089.028;9045633.904;78.939;500.548;500.514
CND_190_3;07/09/2026 22:00;" 298° 34' 30.88259""";"  78° 59' 20.19653""";594.719;Atmos PPM;0;1013.25;11.1012;175576.406;9045913.164;192.553;176089.028;9045633.904;78.939;583.897;583.753
CND_180_2;07/09/2026 22:01;" 299° 00' 00.02636""";"  79° 34' 25.02317""";553.864;Atmos PPM;0;1013.25;11.1012;175612.642;9045898.022;179.193;176089.028;9045633.904;78.939;544.768;544.704
CND_210_3;07/09/2026 22:01;" 302° 53' 59.92726""";"  78° 03' 50.79291""";629.467;Atmos PPM;0;1013.25;11.1012;175571.986;9045968.455;209.149;176089.028;9045633.904;78.939;616.02;615.838
CND_200_8;07/09/2026 22:01;" 303° 25' 03.89550""";"  78° 15' 54.29612""";598.435;Atmos PPM;0;1013.25;11.1012;175600.01;9045956.629;200.675;176089.028;9045633.904;78.939;586.05;585.909
CND_200_3;07/09/2026 22:01;" 303° 25' 04.33188""";"  78° 15' 53.64175""";598.435;Atmos PPM;0;1013.25;11.1012;175600.011;9045956.629;200.676;176089.028;9045633.904;78.939;586.052;585.909
CND_190_4;07/09/2026 22:01;" 304° 23' 47.02946""";"  78° 35' 21.96437""";568.314;Atmos PPM;0;1013.25;11.1012;175629.393;9045948.637;191.394;176089.028;9045633.904;78.939;557.187;557.065
CND_200_4;07/09/2026 22:01;" 309° 34' 03.41333""";"  77° 58' 11.77920""";577.859;Atmos PPM;0;1013.25;11.1012;175653.398;9045993.936;199.401;176089.028;9045633.904;78.939;565.267;565.151
CND_1505;07/09/2026 22:01;" 310° 59' 43.00856""";"  79° 10' 43.54829""";381.65;Atmos PPM;0;1013.25;11.1012;175806.122;9045879.832;150.602;176089.028;9045633.904;78.939;374.89;374.855
CND_210_4;07/09/2026 22:01;" 311° 21' 24.60741""";"  77° 25' 47.73191""";600.876;Atmos PPM;0;1013.25;11.1012;175648.863;9046021.439;209.733;176089.028;9045633.904;78.939;586.567;586.455
CND_190_5;07/09/2026 22:02;" 312° 12' 18.91657""";"  78° 10' 53.14370""";542.236;Atmos PPM;0;1013.25;11.1012;175695.927;9045990.473;190.015;176089.028;9045633.904;78.939;530.796;530.726
CND_25;07/09/2026 22:02;" 313° 23' 18.23759""";"  82° 24' 39.96115""";237.061;Atmos PPM;0;1013.25;11.1012;175918.278;9045795.336;110.25;176089.028;9045633.904;78.939;235.096;234.98
CND_32;07/09/2026 22:02;" 314° 18' 32.24288""";"  79° 48' 43.32212""";290.794;Atmos PPM;0;1013.25;11.1012;175884.243;9045833.842;130.38;176089.028;9045633.904;78.939;286.496;286.203
CND_200_5;07/09/2026 22:02;" 316° 06' 25.09500""";"  77° 35' 26.99057""";562.266;Atmos PPM;0;1013.25;11.1012;175708.353;9046029.647;199.786;176089.028;9045633.904;78.939;549.185;549.113
CND_1602;07/09/2026 22:02;" 317° 50' 29.60153""";"  78° 12' 04.01945""";403.377;Atmos PPM;0;1013.25;11.1012;175824.04;9045926.621;161.431;176089.028;9045633.904;78.939;394.845;394.844
CND_1504;07/09/2026 22:03;" 320° 45' 22.84678""";"  78° 43' 32.19958""";370.087;Atmos PPM;0;1013.25;11.1012;175859.451;9045915.005;151.303;176089.028;9045633.904;78.939;362.974;362.937
CND_210_5;07/09/2026 22:03;" 320° 50' 24.55764""";"  77° 01' 23.55790""";587.593;Atmos PPM;0;1013.25;11.1012;175727.496;9046077.897;210.909;176089.028;9045633.904;78.939;572.641;572.569
CND_190_6;07/09/2026 22:03;" 321° 21' 24.02632""";"  77° 52' 42.80704""";529.231;Atmos PPM;0;1013.25;11.1012;175765.95;9046038.059;190.088;176089.028;9045633.904;78.939;517.464;517.417
CND_1402;07/09/2026 22:03;" 325° 03' 31.13743""";"  79° 32' 26.08362""";340.05;Atmos PPM;0;1013.25;11.1012;175897.532;9045908.035;140.679;176089.028;9045633.904;78.939;334.538;334.393
CND_200_6;07/09/2026 22:04;" 325° 15' 03.58671""";"  77° 24' 58.22556""";553.589;Atmos PPM;0;1013.25;11.1012;175781.118;9046077.851;199.568;176089.028;9045633.904;78.939;540.325;540.275
CND_1603;07/09/2026 22:04;" 325° 30' 40.94085""";"  78° 11' 56.95217""";397.914;Atmos PPM;0;1013.25;11.1012;175868.507;9045954.96;160.327;176089.028;9045633.904;78.939;389.496;389.495
CND_210_6;07/09/2026 22:04;" 328° 34' 39.43756""";"  76° 54' 34.94662""";582.153;Atmos PPM;0;1013.25;11.1012;175793.463;9046117.784;210.811;176089.028;9045633.904;78.939;567.059;567.008
CND_1503;07/09/2026 22:04;" 328° 44' 17.43926""";"  78° 43' 00.74855""";367.858;Atmos PPM;0;1013.25;11.1012;175901.848;9045942.282;150.922;176089.028;9045633.904;78.939;360.776;360.74
CND_34;07/09/2026 22:04;" 330° 33' 55.59675""";"  80° 30' 47.13002""";315.764;Atmos PPM;0;1013.25;11.1012;175936.001;9045905.155;130.991;176089.028;9045633.904;78.939;311.606;311.439
CND_200_7;07/09/2026 22:04;" 332° 03' 32.64547""";"  77° 26' 36.54111""";554.821;Atmos PPM;0;1013.25;11.1012;175835.326;9046112.334;199.579;176089.028;9045633.904;78.939;541.571;541.535
CND_1604;07/09/2026 22:05;" 332° 27' 35.80807""";"  78° 10' 05.95839""";397.114;Atmos PPM;0;1013.25;11.1012;175909.35;9045978.546;160.372;176089.028;9045633.904;78.939;388.706;388.667
CND_22;07/09/2026 22:05;" 334° 37' 10.85945""";"  80° 44' 17.45864""";259.96;Atmos PPM;0;1013.25;11.1012;175979.077;9045865.716;120.783;176089.028;9045633.904;78.939;256.724;256.566
CND_1403;07/09/2026 22:05;" 335° 13' 50.96094""";"  79° 30' 37.17276""";347.084;Atmos PPM;0;1013.25;11.1012;175946.072;9045943.796;142.137;176089.028;9045633.904;78.939;341.371;341.276
CND_1803;07/09/2026 22:07;" 348° 01' 16.74762""";"  78° 12' 11.27680""";498.573;Atmos PPM;0;1013.25;11.1012;175987.779;9046111.315;180.885;176089.028;9045633.904;78.939;488.054;488.029
CND_23;07/09/2026 22:07;" 348° 36' 44.10816""";"  78° 49' 30.62776""";391.407;Atmos PPM;0;1013.25;11.1012;176013.244;9046010.329;154.805;176089.028;9045633.904;78.939;383.951;383.977
CND_20;07/09/2026 22:07;" 359° 04' 45.37040""";"  83° 57' 01.61527""";203.55;Atmos PPM;0;1013.25;11.1012;176085.793;9045836.292;100.394;176089.028;9045633.904;78.939;202.449;202.414
CND_30002;08/09/2026 00:00;" 289° 14' 45.14059""";"  79° 28' 59.82359""";723.074;Atmos PPM;0;1013.25;11.1012;175417.874;9045868.291;210.951;176089.028;9045633.904;78.939;710.915;710.905
CND_30003;08/09/2026 00:00;" 290° 56' 13.69019""";"  79° 32' 49.69184""";674.096;Atmos PPM;0;1013.25;11.1012;175469.928;9045870.835;201.268;176089.028;9045633.904;78.939;662.894;662.889
CND_30004;08/09/2026 00:00;" 291° 25' 44.27451""";"  79° 52' 56.71907""";637.676;Atmos PPM;0;1013.25;11.1012;175504.701;9045863.297;190.986;176089.028;9045633.904;78.939;627.75;627.741
CND_170_1;08/09/2026 00:00;" 298° 32' 40.91374""";"  79° 40' 27.92419""";508.766;Atmos PPM;0;1013.25;11.1012;175649.374;9045873.109;170.148;176089.028;9045633.904;78.939;500.548;500.514
CND_190_3;08/09/2026 00:01;" 298° 34' 30.70195""";"  78° 59' 20.25575""";594.718;Atmos PPM;0;1013.25;11.1012;175576.406;9045913.163;192.552;176089.028;9045633.904;78.939;583.897;583.753
CND_180_2;08/09/2026 00:01;" 298° 59' 59.70545""";"  79° 34' 23.32098""";553.864;Atmos PPM;0;1013.25;11.1012;175612.642;9045898.021;179.198;176089.028;9045633.904;78.939;544.768;544.703
CND_210_3;08/09/2026 00:01;" 302° 53' 59.74826""";"  78° 03' 50.76121""";629.467;Atmos PPM;0;1013.25;11.1012;175571.986;9045968.455;209.15;176089.028;9045633.904;78.939;616.02;615.838
CND_200_8;08/09/2026 00:01;" 303° 25' 03.21387""";"  78° 15' 53.00791""";598.435;Atmos PPM;0;1013.25;11.1012;175600.01;9045956.627;200.678;176089.028;9045633.904;78.939;586.05;585.908
CND_200_3;08/09/2026 00:01;" 303° 25' 03.17889""";"  78° 15' 52.91258""";598.435;Atmos PPM;0;1013.25;11.1012;175600.01;9045956.626;200.678;176089.028;9045633.904;78.939;586.052;585.908
CND_190_4;08/09/2026 00:01;" 304° 23' 47.03017""";"  78° 35' 21.63735""";568.314;Atmos PPM;0;1013.25;11.1012;175629.393;9045948.637;191.395;176089.028;9045633.904;78.939;557.187;557.065
CND_200_4;08/09/2026 00:01;" 309° 34' 03.58619""";"  77° 58' 10.97274""";577.859;Atmos PPM;0;1013.25;11.1012;175653.399;9045993.936;199.403;176089.028;9045633.904;78.939;565.267;565.151
CND_1505;08/09/2026 00:01;" 310° 59' 42.90371""";"  79° 10' 43.23518""";381.65;Atmos PPM;0;1013.25;11.1012;175806.122;9045879.831;150.602;176089.028;9045633.904;78.939;374.89;374.855
CND_210_4;08/09/2026 00:01;" 311° 21' 24.48725""";"  77° 25' 48.10353""";600.876;Atmos PPM;0;1013.25;11.1012;175648.862;9046021.439;209.732;176089.028;9045633.904;78.939;586.567;586.455
CND_190_5;08/09/2026 00:02;" 312° 12' 18.55725""";"  78° 10' 52.86295""";542.236;Atmos PPM;0;1013.25;11.1012;175695.926;9045990.472;190.016;176089.028;9045633.904;78.939;530.796;530.726
CND_25;08/09/2026 00:02;" 313° 23' 18.49985""";"  82° 24' 40.46556""";237.061;Atmos PPM;0;1013.25;11.1012;175918.279;9045795.336;110.25;176089.028;9045633.904;78.939;235.096;234.98
CND_32;08/09/2026 00:02;" 314° 18' 31.77625""";"  79° 48' 42.52064""";290.794;Atmos PPM;0;1013.25;11.1012;175884.242;9045833.842;130.381;176089.028;9045633.904;78.939;286.496;286.203
CND_200_5;08/09/2026 00:02;" 316° 06' 24.39068""";"  77° 35' 27.31426""";562.266;Atmos PPM;0;1013.25;11.1012;175708.352;9046029.646;199.785;176089.028;9045633.904;78.939;549.185;549.114
CND_1602;08/09/2026 00:02;" 317° 50' 28.64444""";"  78° 12' 03.82745""";403.377;Atmos PPM;0;1013.25;11.1012;175824.039;9045926.62;161.431;176089.028;9045633.904;78.939;394.845;394.844
CND_1504;08/09/2026 00:03;" 320° 45' 22.77376""";"  78° 43' 32.24396""";370.087;Atmos PPM;0;1013.25;11.1012;175859.451;9045915.005;151.303;176089.028;9045633.904;78.939;362.974;362.937
CND_210_5;08/09/2026 00:03;" 320° 50' 24.54717""";"  77° 01' 23.97717""";587.593;Atmos PPM;0;1013.25;11.1012;175727.496;9046077.897;210.908;176089.028;9045633.904;78.939;572.641;572.569
CND_190_6;08/09/2026 00:03;" 321° 21' 23.35962""";"  77° 52' 42.40262""";529.231;Atmos PPM;0;1013.25;11.1012;175765.949;9046038.058;190.089;176089.028;9045633.904;78.939;517.464;517.417
CND_1402;08/09/2026 00:03;" 325° 03' 31.01547""";"  79° 32' 25.76093""";340.05;Atmos PPM;0;1013.25;11.1012;175897.532;9045908.035;140.68;176089.028;9045633.904;78.939;334.538;334.392
CND_200_6;08/09/2026 00:04;" 325° 15' 03.93556""";"  77° 24' 58.84486""";553.589;Atmos PPM;0;1013.25;11.1012;175781.119;9046077.851;199.567;176089.028;9045633.904;78.939;540.325;540.275
CND_1603;08/09/2026 00:04;" 325° 30' 39.87503""";"  78° 11' 57.05703""";397.914;Atmos PPM;0;1013.25;11.1012;175868.505;9045954.958;160.327;176089.028;9045633.904;78.939;389.496;389.495
CND_210_6;08/09/2026 00:04;" 328° 34' 40.15257""";"  76° 54' 36.89361""";582.154;Atmos PPM;0;1013.25;11.1012;175793.464;9046117.786;210.805;176089.028;9045633.904;78.939;567.059;567.009
CND_1503;08/09/2026 00:04;" 328° 44' 17.70001""";"  78° 43' 01.30286""";367.858;Atmos PPM;0;1013.25;11.1012;175901.848;9045942.283;150.921;176089.028;9045633.904;78.939;360.776;360.74
CND_34;08/09/2026 00:04;" 330° 33' 56.74742""";"  80° 30' 47.72581""";315.764;Atmos PPM;0;1013.25;11.1012;175936.002;9045905.156;130.99;176089.028;9045633.904;78.939;311.606;311.439
CND_200_7;08/09/2026 00:04;" 332° 03' 32.01569""";"  77° 26' 36.26529""";554.821;Atmos PPM;0;1013.25;11.1012;175835.325;9046112.333;199.579;176089.028;9045633.904;78.939;541.571;541.534
CND_1604;08/09/2026 00:04;" 332° 27' 35.19908""";"  78° 10' 05.71693""";397.113;Atmos PPM;0;1013.25;11.1012;175909.349;9045978.545;160.373;176089.028;9045633.904;78.939;388.706;388.667
CND_22;08/09/2026 00:05;" 334° 37' 10.13872""";"  80° 44' 18.11637""";259.959;Atmos PPM;0;1013.25;11.1012;175979.076;9045865.716;120.782;176089.028;9045633.904;78.939;256.724;256.566
CND_1403;08/09/2026 00:05;" 335° 13' 51.10247""";"  79° 30' 37.21894""";347.084;Atmos PPM;0;1013.25;11.1012;175946.072;9045943.796;142.136;176089.028;9045633.904;78.939;341.371;341.276
CND_23;08/09/2026 00:07;" 348° 36' 46.68225""";"  78° 49' 29.39490""";391.407;Atmos PPM;0;1013.25;11.1012;176013.249;9046010.33;154.807;176089.028;9045633.904;78.939;383.951;383.977
CND_30002;08/09/2026 02:00;" 289° 14' 44.90599""";"  79° 29' 00.86624""";723.074;Atmos PPM;0;1013.25;11.1012;175417.873;9045868.29;210.947;176089.028;9045633.904;78.939;710.915;710.905
CND_30003;08/09/2026 02:00;" 290° 56' 14.43548""";"  79° 32' 50.27078""";674.095;Atmos PPM;0;1013.25;11.1012;175469.929;9045870.837;201.266;176089.028;9045633.904;78.939;662.894;662.889
CND_30004;08/09/2026 02:00;" 291° 25' 43.59919""";"  79° 52' 56.89214""";637.676;Atmos PPM;0;1013.25;11.1012;175504.7;9045863.295;190.985;176089.028;9045633.904;78.939;627.75;627.741
CND_170_1;08/09/2026 02:00;" 298° 32' 41.27269""";"  79° 40' 27.83177""";508.766;Atmos PPM;0;1013.25;11.1012;175649.375;9045873.11;170.148;176089.028;9045633.904;78.939;500.548;500.514
CND_190_3;08/09/2026 02:00;" 298° 34' 29.78519""";"  78° 59' 20.69511""";594.718;Atmos PPM;0;1013.25;11.1012;175576.404;9045913.161;192.551;176089.028;9045633.904;78.939;583.897;583.753
CND_180_2;08/09/2026 02:01;" 299° 00' 00.03592""";"  79° 34' 23.95250""";553.863;Atmos PPM;0;1013.25;11.1012;175612.643;9045898.022;179.196;176089.028;9045633.904;78.939;544.768;544.703
CND_210_3;08/09/2026 02:01;" 302° 54' 00.14203""";"  78° 03' 49.92567""";629.467;Atmos PPM;0;1013.25;11.1012;175571.987;9045968.455;209.152;176089.028;9045633.904;78.939;616.02;615.837
CND_200_8;08/09/2026 02:01;" 303° 25' 03.69410""";"  78° 15' 53.94137""";598.434;Atmos PPM;0;1013.25;11.1012;175600.01;9045956.628;200.675;176089.028;9045633.904;78.939;586.05;585.909
CND_200_3;08/09/2026 02:01;" 303° 25' 03.66143""";"  78° 15' 53.86202""";598.434;Atmos PPM;0;1013.25;11.1012;175600.01;9045956.628;200.676;176089.028;9045633.904;78.939;586.052;585.909
CND_190_4;08/09/2026 02:01;" 304° 23' 47.10450""";"  78° 35' 20.63780""";568.313;Atmos PPM;0;1013.25;11.1012;175629.394;9045948.637;191.398;176089.028;9045633.904;78.939;557.187;557.064
CND_200_4;08/09/2026 02:01;" 309° 34' 02.48181""";"  77° 58' 11.25247""";577.859;Atmos PPM;0;1013.25;11.1012;175653.397;9045993.933;199.402;176089.028;9045633.904;78.939;565.267;565.151
CND_1505;08/09/2026 02:01;" 310° 59' 42.63798""";"  79° 10' 43.47297""";381.65;Atmos PPM;0;1013.25;11.1012;175806.122;9045879.831;150.602;176089.028;9045633.904;78.939;374.89;374.855
CND_210_4;08/09/2026 02:01;" 311° 21' 24.39722""";"  77° 25' 47.18292""";600.876;Atmos PPM;0;1013.25;11.1012;175648.863;9046021.438;209.735;176089.028;9045633.904;78.939;586.567;586.454
CND_190_5;08/09/2026 02:01;" 312° 12' 19.53941""";"  78° 10' 52.64038""";542.236;Atmos PPM;0;1013.25;11.1012;175695.928;9045990.474;190.017;176089.028;9045633.904;78.939;530.796;530.725
CND_25;08/09/2026 02:02;" 313° 23' 19.03879""";"  82° 24' 38.95386""";237.061;Atmos PPM;0;1013.25;11.1012;175918.279;9045795.337;110.251;176089.028;9045633.904;78.939;235.096;234.98
CND_32;08/09/2026 02:02;" 314° 18' 32.32959""";"  79° 48' 43.74313""";290.794;Atmos PPM;0;1013.25;11.1012;175884.243;9045833.842;130.379;176089.028;9045633.904;78.939;286.496;286.203
CND_200_5;08/09/2026 02:02;" 316° 06' 24.18826""";"  77° 35' 27.44533""";562.265;Atmos PPM;0;1013.25;11.1012;175708.352;9046029.645;199.785;176089.028;9045633.904;78.939;549.185;549.114
CND_1602;08/09/2026 02:02;" 317° 50' 29.47582""";"  78° 12' 03.58169""";403.376;Atmos PPM;0;1013.25;11.1012;175824.04;9045926.621;161.432;176089.028;9045633.904;78.939;394.845;394.844
CND_1504;08/09/2026 02:03;" 320° 45' 21.93777""";"  78° 43' 32.86436""";370.087;Atmos PPM;0;1013.25;11.1012;175859.449;9045915.004;151.302;176089.028;9045633.904;78.939;362.974;362.937
CND_210_5;08/09/2026 02:03;" 320° 50' 24.43134""";"  77° 01' 23.78836""";587.593;Atmos PPM;0;1013.25;11.1012;175727.496;9046077.897;210.908;176089.028;9045633.904;78.939;572.641;572.568
CND_190_6;08/09/2026 02:03;" 321° 21' 23.85270""";"  77° 52' 42.82352""";529.231;Atmos PPM;0;1013.25;11.1012;175765.95;9046038.059;190.088;176089.028;9045633.904;78.939;517.464;517.417
CND_1402;08/09/2026 02:03;" 325° 03' 30.55286""";"  79° 32' 26.18133""";340.05;Atmos PPM;0;1013.25;11.1012;175897.531;9045908.034;140.679;176089.028;9045633.904;78.939;334.538;334.393
CND_200_6;08/09/2026 02:03;" 325° 15' 03.20377""";"  77° 24' 59.05608""";553.589;Atmos PPM;0;1013.25;11.1012;175781.117;9046077.85;199.566;176089.028;9045633.904;78.939;540.325;540.275
CND_1603;08/09/2026 02:04;" 325° 30' 41.36143""";"  78° 11' 56.93097""";397.914;Atmos PPM;0;1013.25;11.1012;175868.507;9045954.96;160.327;176089.028;9045633.904;78.939;389.496;389.495
CND_210_6;08/09/2026 02:04;" 328° 34' 39.02062""";"  76° 54' 35.93918""";582.153;Atmos PPM;0;1013.25;11.1012;175793.462;9046117.783;210.808;176089.028;9045633.904;78.939;567.059;567.008
CND_1503;08/09/2026 02:04;" 328° 44' 20.68934""";"  78° 43' 03.11517""";367.858;Atmos PPM;0;1013.25;11.1012;175901.853;9045942.286;150.918;176089.028;9045633.904;78.939;360.776;360.741
CND_200_7;08/09/2026 02:04;" 332° 03' 34.54105""";"  77° 26' 35.43537""";554.821;Atmos PPM;0;1013.25;11.1012;175835.331;9046112.336;199.581;176089.028;9045633.904;78.939;541.571;541.534
CND_1604;08/09/2026 02:05;" 332° 27' 37.14273""";"  78° 10' 06.66524""";397.113;Atmos PPM;0;1013.25;11.1012;175909.352;9045978.547;160.371;176089.028;9045633.904;78.939;388.706;388.667
CND_22;08/09/2026 02:05;" 334° 37' 07.20118""";"  80° 44' 17.55721""";259.959;Atmos PPM;0;1013.25;11.1012;175979.073;9045865.714;120.783;176089.028;9045633.904;78.939;256.724;256.566
CND_1403;08/09/2026 02:05;" 335° 13' 51.83285""";"  79° 30' 50.21601""";347.084;Atmos PPM;0;1013.25;11.1012;175946.072;9045943.8;142.115;176089.028;9045633.904;78.939;341.371;341.28
CND_23;08/09/2026 02:07;" 348° 36' 45.29956""";"  78° 49' 32.64498""";391.407;Atmos PPM;0;1013.25;11.1012;176013.246;9046010.33;154.801;176089.028;9045633.904;78.939;383.951;383.978
CND_30002;08/09/2026 04:00;" 289° 14' 44.65923""";"  79° 28' 59.13277""";723.074;Atmos PPM;0;1013.25;11.1012;175417.874;9045868.289;210.953;176089.028;9045633.904;78.939;710.915;710.904
CND_30003;08/09/2026 04:00;" 290° 56' 13.77206""";"  79° 32' 49.88022""";674.095;Atmos PPM;0;1013.25;11.1012;175469.928;9045870.835;201.267;176089.028;9045633.904;78.939;662.894;662.888
CND_30004;08/09/2026 04:00;" 291° 25' 44.37405""";"  79° 52' 58.41864""";637.676;Atmos PPM;0;1013.25;11.1012;175504.7;9045863.298;190.98;176089.028;9045633.904;78.939;627.75;627.742
CND_170_1;08/09/2026 04:00;" 298° 32' 40.64257""";"  79° 40' 27.19395""";508.766;Atmos PPM;0;1013.25;11.1012;175649.375;9045873.108;170.15;176089.028;9045633.904;78.939;500.548;500.514
CND_190_3;08/09/2026 04:00;" 298° 34' 31.03470""";"  78° 59' 19.85577""";594.718;Atmos PPM;0;1013.25;11.1012;175576.406;9045913.164;192.554;176089.028;9045633.904;78.939;583.897;583.752
CND_180_2;08/09/2026 04:01;" 298° 59' 59.81302""";"  79° 34' 22.59161""";553.864;Atmos PPM;0;1013.25;11.1012;175612.643;9045898.021;179.2;176089.028;9045633.904;78.939;544.768;544.702
CND_210_3;08/09/2026 04:01;" 302° 54' 00.93015""";"  78° 03' 50.30603""";629.467;Atmos PPM;0;1013.25;11.1012;175571.988;9045968.457;209.151;176089.028;9045633.904;78.939;616.02;615.838
CND_200_8;08/09/2026 04:01;" 303° 25' 03.97319""";"  78° 15' 52.64867""";598.434;Atmos PPM;0;1013.25;11.1012;175600.012;9045956.628;200.679;176089.028;9045633.904;78.939;586.05;585.908
CND_200_3;08/09/2026 04:01;" 303° 25' 03.11944""";"  78° 15' 52.31624""";598.434;Atmos PPM;0;1013.25;11.1012;175600.01;9045956.626;200.68;176089.028;9045633.904;78.939;586.052;585.908
CND_190_4;08/09/2026 04:01;" 304° 23' 47.04082""";"  78° 35' 20.01757""";568.313;Atmos PPM;0;1013.25;11.1012;175629.394;9045948.636;191.4;176089.028;9045633.904;78.939;557.187;557.063
CND_200_4;08/09/2026 04:01;" 309° 34' 03.18959""";"  77° 58' 10.32249""";577.858;Atmos PPM;0;1013.25;11.1012;175653.399;9045993.934;199.405;176089.028;9045633.904;78.939;565.267;565.15
CND_1505;08/09/2026 04:01;" 310° 59' 43.09873""";"  79° 10' 43.45135""";381.65;Atmos PPM;0;1013.25;11.1012;175806.122;9045879.832;150.602;176089.028;9045633.904;78.939;374.89;374.855
CND_210_4;08/09/2026 04:01;" 311° 21' 24.11716""";"  77° 25' 47.01374""";600.876;Atmos PPM;0;1013.25;11.1012;175648.862;9046021.438;209.735;176089.028;9045633.904;78.939;586.567;586.454
CND_190_5;08/09/2026 04:02;" 312° 12' 18.52876""";"  78° 10' 52.60953""";542.236;Atmos PPM;0;1013.25;11.1012;175695.926;9045990.472;190.017;176089.028;9045633.904;78.939;530.796;530.725
CND_25;08/09/2026 04:02;" 313° 23' 18.45394""";"  82° 24' 38.24140""";237.061;Atmos PPM;0;1013.25;11.1012;175918.279;9045795.336;110.252;176089.028;9045633.904;78.939;235.096;234.98
CND_32;08/09/2026 04:02;" 314° 18' 32.04405""";"  79° 48' 43.14178""";290.794;Atmos PPM;0;1013.25;11.1012;175884.243;9045833.842;130.38;176089.028;9045633.904;78.939;286.496;286.203
CND_200_5;08/09/2026 04:02;" 316° 06' 25.08126""";"  77° 35' 27.07058""";562.265;Atmos PPM;0;1013.25;11.1012;175708.353;9046029.647;199.786;176089.028;9045633.904;78.939;549.185;549.113
CND_1602;08/09/2026 04:02;" 317° 50' 29.25744""";"  78° 12' 03.39126""";403.376;Atmos PPM;0;1013.25;11.1012;175824.04;9045926.62;161.432;176089.028;9045633.904;78.939;394.845;394.844
CND_1504;08/09/2026 04:03;" 320° 45' 22.30888""";"  78° 43' 32.36733""";370.087;Atmos PPM;0;1013.25;11.1012;175859.45;9045915.004;151.303;176089.028;9045633.904;78.939;362.974;362.937
CND_210_5;08/09/2026 04:03;" 320° 50' 24.32825""";"  77° 01' 23.65577""";587.593;Atmos PPM;0;1013.25;11.1012;175727.496;9046077.896;210.909;176089.028;9045633.904;78.939;572.641;572.568
CND_190_6;08/09/2026 04:03;" 321° 21' 23.32275""";"  77° 52' 42.18254""";529.231;Atmos PPM;0;1013.25;11.1012;175765.949;9046038.058;190.089;176089.028;9045633.904;78.939;517.464;517.417
CND_1402;08/09/2026 04:03;" 325° 03' 29.45216""";"  79° 32' 26.12686""";340.05;Atmos PPM;0;1013.25;11.1012;175897.53;9045908.033;140.679;176089.028;9045633.904;78.939;334.538;334.392
CND_200_6;08/09/2026 04:04;" 325° 15' 03.55802""";"  77° 24' 57.91946""";553.589;Atmos PPM;0;1013.25;11.1012;175781.118;9046077.85;199.569;176089.028;9045633.904;78.939;540.325;540.274
CND_1603;08/09/2026 04:04;" 325° 30' 39.92765""";"  78° 11' 57.36420""";397.914;Atmos PPM;0;1013.25;11.1012;175868.505;9045954.959;160.326;176089.028;9045633.904;78.939;389.496;389.495
CND_210_6;08/09/2026 04:04;" 328° 34' 38.92881""";"  76° 54' 34.92099""";582.153;Atmos PPM;0;1013.25;11.1012;175793.462;9046117.783;210.811;176089.028;9045633.904;78.939;567.059;567.008
CND_1503;08/09/2026 04:04;" 328° 44' 17.54586""";"  78° 43' 01.68226""";367.858;Atmos PPM;0;1013.25;11.1012;175901.848;9045942.283;150.92;176089.028;9045633.904;78.939;360.776;360.74
CND_34;08/09/2026 04:04;" 330° 33' 55.53827""";"  80° 30' 47.52702""";315.764;Atmos PPM;0;1013.25;11.1012;175936.001;9045905.155;130.99;176089.028;9045633.904;78.939;311.606;311.439
CND_200_7;08/09/2026 04:04;" 332° 03' 32.56483""";"  77° 26' 34.64440""";554.821;Atmos PPM;0;1013.25;11.1012;175835.327;9046112.333;199.584;176089.028;9045633.904;78.939;541.571;541.533
CND_1604;08/09/2026 04:04;" 332° 27' 36.09219""";"  78° 10' 06.02122""";397.114;Atmos PPM;0;1013.25;11.1012;175909.35;9045978.546;160.372;176089.028;9045633.904;78.939;388.706;388.667
CND_22;08/09/2026 04:05;" 334° 37' 11.19298""";"  80° 44' 18.30612""";259.959;Atmos PPM;0;1013.25;11.1012;175979.078;9045865.717;120.782;176089.028;9045633.904;78.939;256.724;256.566
CND_1403;08/09/2026 04:05;" 335° 13' 50.72319""";"  79° 30' 37.02140""";347.084;Atmos PPM;0;1013.25;11.1012;175946.072;9045943.796;142.137;176089.028;9045633.904;78.939;341.371;341.276
CND_23;08/09/2026 04:06;" 348° 36' 47.24385""";"  78° 49' 29.85520""";391.407;Atmos PPM;0;1013.25;11.1012;176013.25;9046010.33;154.807;176089.028;9045633.904;78.939;383.951;383.977
CND_30002;08/09/2026 06:00;" 289° 14' 45.08783""";"  79° 29' 00.07972""";723.074;Atmos PPM;0;1013.25;11.1012;175417.873;9045868.291;210.95;176089.028;9045633.904;78.939;710.915;710.905
CND_30003;08/09/2026 06:00;" 290° 56' 14.58038""";"  79° 32' 49.29927""";674.096;Atmos PPM;0;1013.25;11.1012;175469.929;9045870.838;201.269;176089.028;9045633.904;78.939;662.894;662.888
CND_30004;08/09/2026 06:00;" 291° 25' 44.66026""";"  79° 52' 55.72908""";637.676;Atmos PPM;0;1013.25;11.1012;175504.702;9045863.298;190.989;176089.028;9045633.904;78.939;627.75;627.741
CND_170_1;08/09/2026 06:00;" 298° 32' 41.39745""";"  79° 40' 27.30021""";508.766;Atmos PPM;0;1013.25;11.1012;175649.375;9045873.11;170.15;176089.028;9045633.904;78.939;500.548;500.514
CND_190_3;08/09/2026 06:00;" 298° 34' 31.06580""";"  78° 59' 20.33193""";594.719;Atmos PPM;0;1013.25;11.1012;175576.406;9045913.164;192.552;176089.028;9045633.904;78.939;583.897;583.753
CND_180_2;08/09/2026 06:01;" 298° 59' 59.44378""";"  79° 34' 23.50956""";553.864;Atmos PPM;0;1013.25;11.1012;175612.642;9045898.02;179.197;176089.028;9045633.904;78.939;544.768;544.703
CND_210_3;08/09/2026 06:01;" 302° 53' 59.98250""";"  78° 03' 49.35942""";629.467;Atmos PPM;0;1013.25;11.1012;175571.987;9045968.455;209.154;176089.028;9045633.904;78.939;616.02;615.837
CND_200_8;08/09/2026 06:01;" 303° 25' 03.44445""";"  78° 15' 53.08301""";598.434;Atmos PPM;0;1013.25;11.1012;175600.01;9045956.627;200.678;176089.028;9045633.904;78.939;586.05;585.908
CND_200_3;08/09/2026 06:01;" 303° 25' 03.65680""";"  78° 15' 52.64968""";598.435;Atmos PPM;0;1013.25;11.1012;175600.011;9045956.627;200.679;176089.028;9045633.904;78.939;586.052;585.908
CND_190_4;08/09/2026 06:01;" 304° 23' 46.89931""";"  78° 35' 20.14683""";568.313;Atmos PPM;0;1013.25;11.1012;175629.394;9045948.636;191.399;176089.028;9045633.904;78.939;557.187;557.063
CND_200_4;08/09/2026 06:01;" 309° 34' 02.93854""";"  77° 58' 10.41477""";577.858;Atmos PPM;0;1013.25;11.1012;175653.399;9045993.934;199.405;176089.028;9045633.904;78.939;565.267;565.15
CND_1505;08/09/2026 06:01;" 310° 59' 43.11263""";"  79° 10' 44.08499""";381.65;Atmos PPM;0;1013.25;11.1012;175806.122;9045879.832;150.601;176089.028;9045633.904;78.939;374.89;374.855
CND_210_4;08/09/2026 06:01;" 311° 21' 24.05772""";"  77° 25' 47.44324""";600.876;Atmos PPM;0;1013.25;11.1012;175648.862;9046021.438;209.734;176089.028;9045633.904;78.939;586.567;586.454
CND_190_5;08/09/2026 06:01;" 312° 12' 19.01257""";"  78° 10' 53.12063""";542.236;Atmos PPM;0;1013.25;11.1012;175695.927;9045990.473;190.015;176089.028;9045633.904;78.939;530.796;530.726
CND_32;08/09/2026 06:02;" 314° 18' 32.92708""";"  79° 48' 43.54953""";290.794;Atmos PPM;0;1013.25;11.1012;175884.243;9045833.843;130.379;176089.028;9045633.904;78.939;286.496;286.203
CND_200_5;08/09/2026 06:02;" 316° 06' 24.50649""";"  77° 35' 27.69583""";562.265;Atmos PPM;0;1013.25;11.1012;175708.352;9046029.646;199.784;176089.028;9045633.904;78.939;549.185;549.114
CND_1401;08/09/2026 06:03;" 317° 46' 11.81899""";"  79° 41' 09.58282""";345.464;Atmos PPM;0;1013.25;11.1012;175860.616;9045885.585;140.8;176089.028;9045633.904;78.939;340.026;339.875
CND_1504;08/09/2026 06:03;" 320° 45' 23.17317""";"  78° 43' 32.91554""";370.087;Atmos PPM;0;1013.25;11.1012;175859.451;9045915.006;151.302;176089.028;9045633.904;78.939;362.974;362.937
CND_210_5;08/09/2026 06:03;" 320° 50' 24.71395""";"  77° 01' 22.51918""";587.593;Atmos PPM;0;1013.25;11.1012;175727.497;9046077.897;210.912;176089.028;9045633.904;78.939;572.641;572.568
CND_190_6;08/09/2026 06:03;" 321° 21' 23.67879""";"  77° 52' 42.64557""";529.231;Atmos PPM;0;1013.25;11.1012;175765.95;9046038.059;190.088;176089.028;9045633.904;78.939;517.464;517.417
CND_1402;08/09/2026 06:04;" 325° 03' 31.59631""";"  79° 32' 26.01441""";340.05;Atmos PPM;0;1013.25;11.1012;175897.533;9045908.035;140.679;176089.028;9045633.904;78.939;334.538;334.393
CND_200_6;08/09/2026 06:04;" 325° 15' 04.32585""";"  77° 24' 58.83614""";553.589;Atmos PPM;0;1013.25;11.1012;175781.12;9046077.852;199.567;176089.028;9045633.904;78.939;540.325;540.275
CND_1603;08/09/2026 06:04;" 325° 30' 40.65831""";"  78° 11' 55.98354""";397.915;Atmos PPM;0;1013.25;11.1012;175868.506;9045954.959;160.329;176089.028;9045633.904;78.939;389.496;389.495
CND_210_6;08/09/2026 06:04;" 328° 34' 39.45362""";"  76° 54' 35.04168""";582.154;Atmos PPM;0;1013.25;11.1012;175793.463;9046117.784;210.811;176089.028;9045633.904;78.939;567.059;567.008
CND_1503;08/09/2026 06:04;" 328° 44' 17.49081""";"  78° 43' 01.21035""";367.858;Atmos PPM;0;1013.25;11.1012;175901.848;9045942.283;150.921;176089.028;9045633.904;78.939;360.776;360.74
CND_34;08/09/2026 06:04;" 330° 33' 55.86460""";"  80° 30' 47.96103""";315.764;Atmos PPM;0;1013.25;11.1012;175936.001;9045905.155;130.989;176089.028;9045633.904;78.939;311.606;311.439
CND_200_7;08/09/2026 06:04;" 332° 03' 32.11440""";"  77° 26' 34.95277""";554.821;Atmos PPM;0;1013.25;11.1012;175835.325;9046112.333;199.583;176089.028;9045633.904;78.939;541.571;541.534
CND_1604;08/09/2026 06:05;" 332° 27' 35.85167""";"  78° 10' 05.18272""";397.114;Atmos PPM;0;1013.25;11.1012;175909.35;9045978.546;160.374;176089.028;9045633.904;78.939;388.706;388.667
CND_22;08/09/2026 06:05;" 334° 37' 10.96685""";"  80° 44' 17.77484""";259.959;Atmos PPM;0;1013.25;11.1012;175979.077;9045865.716;120.783;176089.028;9045633.904;78.939;256.724;256.566
CND_1403;08/09/2026 06:05;" 335° 13' 50.92065""";"  79° 30' 36.69157""";347.084;Atmos PPM;0;1013.25;11.1012;175946.072;9045943.796;142.137;176089.028;9045633.904;78.939;341.371;341.276
CND_23;08/09/2026 06:07;" 348° 36' 46.57032""";"  78° 49' 29.76687""";391.408;Atmos PPM;0;1013.25;11.1012;176013.249;9046010.33;154.807;176089.028;9045633.904;78.939;383.951;383.978
CND_30002;08/09/2026 08:00;" 289° 14' 48.06615""";"  79° 28' 57.36856""";723.074;Atmos PPM;0;1013.25;11.1012;175417.879;9045868.3;210.959;176089.028;9045633.904;78.939;710.915;710.903
CND_30003;08/09/2026 08:00;" 290° 56' 18.82028""";"  79° 32' 47.54057""";674.095;Atmos PPM;0;1013.25;11.1012;175469.936;9045870.85;201.275;176089.028;9045633.904;78.939;662.894;662.887
CND_30004;08/09/2026 08:00;" 291° 25' 47.53787""";"  79° 52' 56.60649""";637.675;Atmos PPM;0;1013.25;11.1012;175504.705;9045863.306;190.986;176089.028;9045633.904;78.939;627.75;627.741
CND_170_1;08/09/2026 08:00;" 298° 32' 43.78295""";"  79° 40' 26.63793""";508.766;Atmos PPM;0;1013.25;11.1012;175649.378;9045873.115;170.151;176089.028;9045633.904;78.939;500.548;500.513
CND_190_3;08/09/2026 08:00;" 298° 34' 33.19217""";"  78° 59' 17.34602""";594.718;Atmos PPM;0;1013.25;11.1012;175576.411;9045913.169;192.561;176089.028;9045633.904;78.939;583.897;583.751
CND_180_2;08/09/2026 08:01;" 299° 00' 03.40706""";"  79° 34' 22.87921""";553.863;Atmos PPM;0;1013.25;11.1012;175612.647;9045898.029;179.199;176089.028;9045633.904;78.939;544.768;544.702
CND_210_3;08/09/2026 08:01;" 302° 54' 01.89672""";"  78° 03' 50.10531""";629.466;Atmos PPM;0;1013.25;11.1012;175571.99;9045968.459;209.151;176089.028;9045633.904;78.939;616.02;615.837
CND_200_8;08/09/2026 08:01;" 303° 25' 05.91188""";"  78° 15' 51.45529""";598.434;Atmos PPM;0;1013.25;11.1012;175600.016;9045956.632;200.682;176089.028;9045633.904;78.939;586.05;585.907
CND_200_3;08/09/2026 08:01;" 303° 25' 07.03592""";"  78° 15' 50.60084""";598.434;Atmos PPM;0;1013.25;11.1012;175600.018;9045956.634;200.685;176089.028;9045633.904;78.939;586.052;585.906
CND_190_4;08/09/2026 08:01;" 304° 23' 48.49628""";"  78° 35' 18.95335""";568.313;Atmos PPM;0;1013.25;11.1012;175629.397;9045948.639;191.402;176089.028;9045633.904;78.939;557.187;557.062
CND_200_4;08/09/2026 08:01;" 309° 34' 06.65202""";"  77° 58' 09.13932""";577.858;Atmos PPM;0;1013.25;11.1012;175653.406;9045993.941;199.408;176089.028;9045633.904;78.939;565.267;565.149
CND_1505;08/09/2026 08:01;" 310° 59' 45.40364""";"  79° 10' 42.23989""";381.649;Atmos PPM;0;1013.25;11.1012;175806.126;9045879.834;150.604;176089.028;9045633.904;78.939;374.89;374.854
CND_210_4;08/09/2026 08:01;" 311° 21' 27.26622""";"  77° 25' 45.96986""";600.875;Atmos PPM;0;1013.25;11.1012;175648.869;9046021.444;209.738;176089.028;9045633.904;78.939;586.567;586.453
CND_190_5;08/09/2026 08:02;" 312° 12' 21.51099""";"  78° 10' 49.19814""";542.235;Atmos PPM;0;1013.25;11.1012;175695.933;9045990.476;190.025;176089.028;9045633.904;78.939;530.796;530.723
CND_32;08/09/2026 08:02;" 314° 18' 36.79940""";"  79° 48' 39.89620""";290.794;Atmos PPM;0;1013.25;11.1012;175884.248;9045833.846;130.384;176089.028;9045633.904;78.939;286.496;286.202
CND_200_5;08/09/2026 08:02;" 316° 06' 27.96078""";"  77° 35' 24.72155""";562.265;Atmos PPM;0;1013.25;11.1012;175708.36;9046029.651;199.792;176089.028;9045633.904;78.939;549.185;549.111
CND_1401;08/09/2026 08:03;" 317° 46' 15.13289""";"  79° 41' 09.19722""";345.464;Atmos PPM;0;1013.25;11.1012;175860.621;9045885.588;140.8;176089.028;9045633.904;78.939;340.026;339.874
CND_1602;08/09/2026 08:03;" 317° 50' 34.52222""";"  78° 12' 04.49158""";403.376;Atmos PPM;0;1013.25;11.1012;175824.047;9045926.627;161.43;176089.028;9045633.904;78.939;394.845;394.844
CND_1504;08/09/2026 08:03;" 320° 45' 26.79322""";"  78° 43' 32.26153""";370.087;Atmos PPM;0;1013.25;11.1012;175859.456;9045915.009;151.303;176089.028;9045633.904;78.939;362.974;362.937
CND_210_5;08/09/2026 08:03;" 320° 50' 28.13043""";"  77° 01' 22.98566""";587.592;Atmos PPM;0;1013.25;11.1012;175727.505;9046077.902;210.911;176089.028;9045633.904;78.939;572.641;572.567
CND_190_6;08/09/2026 08:03;" 321° 21' 28.75424""";"  77° 52' 40.62368""";529.231;Atmos PPM;0;1013.25;11.1012;175765.961;9046038.065;190.093;176089.028;9045633.904;78.939;517.464;517.415
CND_1402;08/09/2026 08:04;" 325° 03' 34.87150""";"  79° 32' 23.56253""";340.05;Atmos PPM;0;1013.25;11.1012;175897.538;9045908.038;140.683;176089.028;9045633.904;78.939;334.538;334.392
CND_200_6;08/09/2026 08:04;" 325° 15' 07.38631""";"  77° 24' 55.98215""";553.588;Atmos PPM;0;1013.25;11.1012;175781.128;9046077.855;199.574;176089.028;9045633.904;78.939;540.325;540.273
CND_1603;08/09/2026 08:04;" 325° 30' 44.23479""";"  78° 11' 55.28229""";397.914;Atmos PPM;0;1013.25;11.1012;175868.512;9045954.963;160.33;176089.028;9045633.904;78.939;389.496;389.494
CND_210_6;08/09/2026 08:04;" 328° 34' 43.91184""";"  76° 54' 32.34079""";582.154;Atmos PPM;0;1013.25;11.1012;175793.474;9046117.789;210.818;176089.028;9045633.904;78.939;567.059;567.007
CND_1503;08/09/2026 08:05;" 328° 44' 20.26541""";"  78° 42' 58.88853""";367.858;Atmos PPM;0;1013.25;11.1012;175901.853;9045942.284;150.925;176089.028;9045633.904;78.939;360.776;360.739
CND_34;08/09/2026 08:05;" 330° 34' 00.67886""";"  80° 30' 46.86028""";315.763;Atmos PPM;0;1013.25;11.1012;175936.008;9045905.158;130.991;176089.028;9045633.904;78.939;311.606;311.438
CND_200_7;08/09/2026 08:05;" 332° 03' 36.31982""";"  77° 26' 34.35771""";554.821;Atmos PPM;0;1013.25;11.1012;175835.336;9046112.337;199.584;176089.028;9045633.904;78.939;541.571;541.533
CND_22;08/09/2026 08:06;" 334° 37' 13.66897""";"  80° 44' 17.22877""";259.959;Atmos PPM;0;1013.25;11.1012;175979.08;9045865.718;120.783;176089.028;9045633.904;78.939;256.724;256.566
CND_1403;08/09/2026 08:06;" 335° 13' 54.14073""";"  79° 30' 36.42656""";347.084;Atmos PPM;0;1013.25;11.1012;175946.077;9045943.798;142.138;176089.028;9045633.904;78.939;341.371;341.276
CND_1803;08/09/2026 08:08;" 348° 01' 19.26041""";"  78° 12' 09.62027""";498.573;Atmos PPM;0;1013.25;11.1012;175987.785;9046111.315;180.889;176089.028;9045633.904;78.939;488.054;488.028
CND_23;08/09/2026 08:08;" 348° 36' 48.10405""";"  78° 49' 29.76949""";391.407;Atmos PPM;0;1013.25;11.1012;176013.252;9046010.33;154.807;176089.028;9045633.904;78.939;383.951;383.977
CND_30002;08/09/2026 10:00;" 289° 14' 44.59005""";"  79° 29' 02.70405""";723.073;Atmos PPM;0;1013.25;11.1012;175417.872;9045868.289;210.941;176089.028;9045633.904;78.939;710.915;710.906
CND_30003;08/09/2026 10:00;" 290° 56' 17.06029""";"  79° 32' 53.19033""";674.095;Atmos PPM;0;1013.25;11.1012;175469.931;9045870.846;201.256;176089.028;9045633.904;78.939;662.894;662.89
CND_30004;08/09/2026 10:00;" 291° 25' 45.77306""";"  79° 52' 59.35015""";637.675;Atmos PPM;0;1013.25;11.1012;175504.703;9045863.301;190.977;176089.028;9045633.904;78.939;627.75;627.742
CND_170_1;08/09/2026 10:00;" 298° 32' 42.51431""";"  79° 40' 26.69553""";508.766;Atmos PPM;0;1013.25;11.1012;175649.377;9045873.112;170.151;176089.028;9045633.904;78.939;500.548;500.513
CND_190_3;08/09/2026 10:00;" 298° 34' 31.08856""";"  78° 59' 21.49921""";594.718;Atmos PPM;0;1013.25;11.1012;175576.406;9045913.164;192.549;176089.028;9045633.904;78.939;583.897;583.753
CND_180_2;08/09/2026 10:01;" 298° 59' 59.94337""";"  79° 34' 24.72202""";553.863;Atmos PPM;0;1013.25;11.1012;175612.643;9045898.021;179.194;176089.028;9045633.904;78.939;544.768;544.703
CND_210_3;08/09/2026 10:01;" 302° 54' 01.29687""";"  78° 03' 46.99687""";629.466;Atmos PPM;0;1013.25;11.1012;175571.991;9045968.457;209.161;176089.028;9045633.904;78.939;616.02;615.835
CND_200_8;08/09/2026 10:01;" 303° 25' 05.36003""";"  78° 15' 51.59163""";598.433;Atmos PPM;0;1013.25;11.1012;175600.015;9045956.63;200.682;176089.028;9045633.904;78.939;586.05;585.906
CND_200_3;08/09/2026 10:01;" 303° 25' 06.63401""";"  78° 15' 51.23595""";598.434;Atmos PPM;0;1013.25;11.1012;175600.017;9045956.634;200.683;176089.028;9045633.904;78.939;586.052;585.907
CND_190_4;08/09/2026 10:01;" 304° 23' 51.68745""";"  78° 35' 22.32167""";568.312;Atmos PPM;0;1013.25;11.1012;175629.401;9045948.647;191.393;176089.028;9045633.904;78.939;557.187;557.064
CND_200_4;08/09/2026 10:01;" 309° 34' 04.94915""";"  77° 58' 10.61147""";577.858;Atmos PPM;0;1013.25;11.1012;175653.403;9045993.938;199.404;176089.028;9045633.904;78.939;565.267;565.149
CND_1505;08/09/2026 10:01;" 310° 59' 42.87903""";"  79° 10' 45.79222""";381.649;Atmos PPM;0;1013.25;11.1012;175806.122;9045879.832;150.597;176089.028;9045633.904;78.939;374.89;374.855
CND_210_4;08/09/2026 10:01;" 311° 21' 27.42391""";"  77° 25' 46.21158""";600.875;Atmos PPM;0;1013.25;11.1012;175648.869;9046021.444;209.737;176089.028;9045633.904;78.939;586.567;586.453
CND_190_5;08/09/2026 10:01;" 312° 12' 19.51293""";"  78° 10' 49.78929""";542.235;Atmos PPM;0;1013.25;11.1012;175695.93;9045990.472;190.024;176089.028;9045633.904;78.939;530.796;530.723
CND_32;08/09/2026 10:02;" 314° 18' 34.24296""";"  79° 48' 44.91335""";290.793;Atmos PPM;0;1013.25;11.1012;175884.245;9045833.844;130.377;176089.028;9045633.904;78.939;286.496;286.203
CND_200_5;08/09/2026 10:02;" 316° 06' 28.61042""";"  77° 35' 29.42925""";562.264;Atmos PPM;0;1013.25;11.1012;175708.36;9046029.654;199.779;176089.028;9045633.904;78.939;549.185;549.114
CND_1602;08/09/2026 10:03;" 317° 50' 29.40814""";"  78° 12' 02.41654""";403.376;Atmos PPM;0;1013.25;11.1012;175824.041;9045926.62;161.434;176089.028;9045633.904;78.939;394.845;394.843
CND_1504;08/09/2026 10:03;" 320° 45' 26.91477""";"  78° 43' 33.11874""";370.087;Atmos PPM;0;1013.25;11.1012;175859.456;9045915.009;151.301;176089.028;9045633.904;78.939;362.974;362.937
CND_210_5;08/09/2026 10:03;" 320° 50' 24.60643""";"  77° 01' 24.19284""";587.592;Atmos PPM;0;1013.25;11.1012;175727.497;9046077.897;210.907;176089.028;9045633.904;78.939;572.641;572.568
CND_190_6;08/09/2026 10:03;" 321° 21' 26.26660""";"  77° 52' 41.75262""";529.231;Atmos PPM;0;1013.25;11.1012;175765.955;9046038.062;190.09;176089.028;9045633.904;78.939;517.464;517.416
CND_1402;08/09/2026 10:04;" 325° 03' 32.11770""";"  79° 32' 25.07494""";340.05;Atmos PPM;0;1013.25;11.1012;175897.534;9045908.035;140.681;176089.028;9045633.904;78.939;334.538;334.392
CND_200_6;08/09/2026 10:04;" 325° 15' 05.69139""";"  77° 24' 58.51483""";553.589;Atmos PPM;0;1013.25;11.1012;175781.123;9046077.854;199.567;176089.028;9045633.904;78.939;540.325;540.275
CND_1603;08/09/2026 10:04;" 325° 30' 42.03640""";"  78° 11' 59.56432""";397.914;Atmos PPM;0;1013.25;11.1012;175868.508;9045954.961;160.322;176089.028;9045633.904;78.939;389.496;389.495
CND_210_6;08/09/2026 10:04;" 328° 34' 38.84534""";"  76° 54' 34.07187""";582.152;Atmos PPM;0;1013.25;11.1012;175793.463;9046117.781;210.813;176089.028;9045633.904;78.939;567.059;567.006
CND_1503;08/09/2026 10:04;" 328° 44' 18.75142""";"  78° 43' 02.18484""";367.858;Atmos PPM;0;1013.25;11.1012;175901.85;9045942.284;150.92;176089.028;9045633.904;78.939;360.776;360.74
CND_34;08/09/2026 10:04;" 330° 33' 57.87220""";"  80° 30' 49.28403""";315.763;Atmos PPM;0;1013.25;11.1012;175936.004;9045905.156;130.987;176089.028;9045633.904;78.939;311.606;311.439
CND_200_7;08/09/2026 10:05;" 332° 03' 35.85216""";"  77° 26' 35.63706""";554.821;Atmos PPM;0;1013.25;11.1012;175835.334;9046112.337;199.581;176089.028;9045633.904;78.939;541.571;541.534
CND_1604;08/09/2026 10:05;" 332° 27' 34.48609""";"  78° 10' 03.22990""";397.113;Atmos PPM;0;1013.25;11.1012;175909.348;9045978.543;160.378;176089.028;9045633.904;78.939;388.706;388.666
CND_22;08/09/2026 10:05;" 334° 37' 10.90526""";"  80° 44' 19.87496""";259.959;Atmos PPM;0;1013.25;11.1012;175979.077;9045865.716;120.78;176089.028;9045633.904;78.939;256.724;256.566
CND_1403;08/09/2026 10:05;" 335° 13' 53.02255""";"  79° 30' 38.45945""";347.083;Atmos PPM;0;1013.25;11.1012;175946.075;9045943.797;142.134;176089.028;9045633.904;78.939;341.371;341.276
CND_1803;08/09/2026 10:07;" 348° 01' 18.11133""";"  78° 12' 10.12922""";498.573;Atmos PPM;0;1013.25;11.1012;175987.782;9046111.315;180.888;176089.028;9045633.904;78.939;488.054;488.028
CND_23;08/09/2026 10:07;" 348° 36' 45.41034""";"  78° 49' 27.90215""";391.407;Atmos PPM;0;1013.25;11.1012;176013.247;9046010.328;154.81;176089.028;9045633.904;78.939;383.951;383.976
CND_30002;08/09/2026 12:00;" 289° 14' 45.59904""";"  79° 29' 01.92038""";723.073;Atmos PPM;0;1013.25;11.1012;175417.874;9045868.292;210.943;176089.028;9045633.904;78.939;710.915;710.905
CND_30003;08/09/2026 12:00;" 290° 56' 17.98522""";"  79° 32' 54.22277""";674.095;Atmos PPM;0;1013.25;11.1012;175469.931;9045870.849;201.253;176089.028;9045633.904;78.939;662.894;662.89
CND_30004;08/09/2026 12:00;" 291° 25' 44.08727""";"  79° 52' 59.55716""";637.675;Atmos PPM;0;1013.25;11.1012;175504.7;9045863.297;190.977;176089.028;9045633.904;78.939;627.75;627.742
CND_170_1;08/09/2026 12:00;" 298° 32' 41.65808""";"  79° 40' 27.59586""";508.766;Atmos PPM;0;1013.25;11.1012;175649.376;9045873.11;170.149;176089.028;9045633.904;78.939;500.548;500.514
CND_190_3;08/09/2026 12:00;" 298° 34' 29.33518""";"  78° 59' 18.90600""";594.718;Atmos PPM;0;1013.25;11.1012;175576.405;9045913.159;192.556;176089.028;9045633.904;78.939;583.897;583.751
CND_180_2;08/09/2026 12:01;" 298° 59' 59.52601""";"  79° 34' 23.62569""";553.863;Atmos PPM;0;1013.25;11.1012;175612.643;9045898.02;179.197;176089.028;9045633.904;78.939;544.768;544.702
CND_210_3;08/09/2026 12:01;" 302° 53' 59.97575""";"  78° 03' 48.33306""";629.466;Atmos PPM;0;1013.25;11.1012;175571.989;9045968.454;209.157;176089.028;9045633.904;78.939;616.02;615.835
CND_200_8;08/09/2026 12:01;" 303° 25' 03.23944""";"  78° 15' 52.14828""";598.434;Atmos PPM;0;1013.25;11.1012;175600.011;9045956.626;200.68;176089.028;9045633.904;78.939;586.05;585.907
CND_200_3;08/09/2026 12:01;" 303° 25' 04.46070""";"  78° 15' 52.05804""";598.433;Atmos PPM;0;1013.25;11.1012;175600.013;9045956.629;200.681;176089.028;9045633.904;78.939;586.052;585.907
CND_190_4;08/09/2026 12:01;" 304° 23' 47.19945""";"  78° 35' 20.23084""";568.313;Atmos PPM;0;1013.25;11.1012;175629.395;9045948.636;191.399;176089.028;9045633.904;78.939;557.187;557.063
CND_200_4;08/09/2026 12:01;" 309° 34' 03.29301""";"  77° 58' 10.68703""";577.858;Atmos PPM;0;1013.25;11.1012;175653.4;9045993.934;199.404;176089.028;9045633.904;78.939;565.267;565.149
CND_1505;08/09/2026 12:01;" 310° 59' 44.87760""";"  79° 10' 44.56477""";381.649;Atmos PPM;0;1013.25;11.1012;175806.125;9045879.834;150.6;176089.028;9045633.904;78.939;374.89;374.854
CND_210_4;08/09/2026 12:01;" 311° 21' 24.77638""";"  77° 25' 47.74533""";600.875;Atmos PPM;0;1013.25;11.1012;175648.864;9046021.439;209.733;176089.028;9045633.904;78.939;586.567;586.453
CND_190_5;08/09/2026 12:01;" 312° 12' 19.80314""";"  78° 10' 52.62898""";542.235;Atmos PPM;0;1013.25;11.1012;175695.929;9045990.474;190.017;176089.028;9045633.904;78.939;530.796;530.724
CND_32;08/09/2026 12:02;" 314° 18' 34.08662""";"  79° 48' 43.31345""";290.794;Atmos PPM;0;1013.25;11.1012;175884.245;9045833.844;130.38;176089.028;9045633.904;78.939;286.496;286.203
CND_200_5;08/09/2026 12:02;" 316° 06' 24.70493""";"  77° 35' 24.23063""";562.265;Atmos PPM;0;1013.25;11.1012;175708.354;9046029.644;199.793;176089.028;9045633.904;78.939;549.185;549.111
CND_1602;08/09/2026 12:03;" 317° 50' 29.73729""";"  78° 12' 02.57568""";403.376;Atmos PPM;0;1013.25;11.1012;175824.041;9045926.621;161.434;176089.028;9045633.904;78.939;394.845;394.843
CND_1504;08/09/2026 12:03;" 320° 45' 25.47775""";"  78° 43' 31.58867""";370.087;Atmos PPM;0;1013.25;11.1012;175859.455;9045915.007;151.304;176089.028;9045633.904;78.939;362.974;362.937
CND_210_5;08/09/2026 12:03;" 320° 50' 25.96125""";"  77° 01' 24.12605""";587.592;Atmos PPM;0;1013.25;11.1012;175727.5;9046077.899;210.907;176089.028;9045633.904;78.939;572.641;572.568
CND_190_6;08/09/2026 12:03;" 321° 21' 24.29042""";"  77° 52' 43.64215""";529.231;Atmos PPM;0;1013.25;11.1012;175765.951;9046038.06;190.085;176089.028;9045633.904;78.939;517.464;517.417
CND_30;08/09/2026 12:04;" 323° 47' 12.29687""";"  80° 41' 08.75218""";257.39;Atmos PPM;0;1013.25;11.1012;175938.989;9045838.843;120.602;176089.028;9045633.904;78.939;254.209;253.991
CND_1402;08/09/2026 12:04;" 325° 03' 31.81523""";"  79° 32' 27.10155""";340.05;Atmos PPM;0;1013.25;11.1012;175897.533;9045908.036;140.677;176089.028;9045633.904;78.939;334.538;334.392
CND_200_6;08/09/2026 12:04;" 325° 15' 05.53110""";"  77° 24' 57.00217""";553.588;Atmos PPM;0;1013.25;11.1012;175781.123;9046077.852;199.571;176089.028;9045633.904;78.939;540.325;540.273
CND_1603;08/09/2026 12:04;" 325° 30' 40.53261""";"  78° 11' 55.05521""";397.914;Atmos PPM;0;1013.25;11.1012;175868.507;9045954.958;160.331;176089.028;9045633.904;78.939;389.496;389.494
CND_210_6;08/09/2026 12:04;" 328° 34' 41.33733""";"  76° 54' 35.42855""";582.153;Atmos PPM;0;1013.25;11.1012;175793.468;9046117.786;210.809;176089.028;9045633.904;78.939;567.059;567.007
CND_1503;08/09/2026 12:04;" 328° 44' 16.76277""";"  78° 43' 01.17862""";367.858;Atmos PPM;0;1013.25;11.1012;175901.847;9045942.282;150.921;176089.028;9045633.904;78.939;360.776;360.74
CND_34;08/09/2026 12:05;" 330° 33' 57.36961""";"  80° 30' 48.79250""";315.763;Atmos PPM;0;1013.25;11.1012;175936.004;9045905.156;130.988;176089.028;9045633.904;78.939;311.606;311.438
CND_200_7;08/09/2026 12:05;" 332° 03' 32.93266""";"  77° 26' 33.68342""";554.821;Atmos PPM;0;1013.25;11.1012;175835.328;9046112.333;199.586;176089.028;9045633.904;78.939;541.571;541.532
CND_1604;08/09/2026 12:05;" 332° 27' 35.79210""";"  78° 10' 03.81231""";397.113;Atmos PPM;0;1013.25;11.1012;175909.35;9045978.545;160.376;176089.028;9045633.904;78.939;388.706;388.666
CND_22;08/09/2026 12:05;" 334° 37' 11.55252""";"  80° 44' 18.06650""";259.959;Atmos PPM;0;1013.25;11.1012;175979.078;9045865.717;120.782;176089.028;9045633.904;78.939;256.724;256.566
CND_1403;08/09/2026 12:05;" 335° 13' 51.47707""";"  79° 30' 39.17687""";347.084;Atmos PPM;0;1013.25;11.1012;175946.073;9045943.797;142.133;176089.028;9045633.904;78.939;341.371;341.276
CND_23;08/09/2026 12:07;" 348° 36' 45.57247""";"  78° 49' 27.99122""";391.407;Atmos PPM;0;1013.25;11.1012;176013.247;9046010.328;154.81;176089.028;9045633.904;78.939;383.951;383.976
CND_30002;08/09/2026 14:00;" 289° 14' 42.09457""";"  79° 29' 07.87903""";723.072;Atmos PPM;0;1013.25;11.1012;175417.867;9045868.282;210.923;176089.028;9045633.904;78.939;710.915;710.909
CND_30003;08/09/2026 14:00;" 290° 56' 11.48780""";"  79° 32' 52.04206""";674.095;Atmos PPM;0;1013.25;11.1012;175469.925;9045870.829;201.26;176089.028;9045633.904;78.939;662.894;662.889
CND_30004;08/09/2026 14:00;" 291° 25' 42.78377""";"  79° 53' 03.24457""";637.674;Atmos PPM;0;1013.25;11.1012;175504.697;9045863.294;190.966;176089.028;9045633.904;78.939;627.75;627.744
CND_170_1;08/09/2026 14:00;" 298° 32' 40.15346""";"  79° 40' 27.49402""";508.766;Atmos PPM;0;1013.25;11.1012;175649.374;9045873.107;170.149;176089.028;9045633.904;78.939;500.548;500.513
CND_190_3;08/09/2026 14:00;" 298° 34' 28.47956""";"  78° 59' 19.38158""";594.717;Atmos PPM;0;1013.25;11.1012;175576.404;9045913.157;192.555;176089.028;9045633.904;78.939;583.897;583.751
CND_180_2;08/09/2026 14:01;" 298° 59' 58.58442""";"  79° 34' 26.16836""";553.862;Atmos PPM;0;1013.25;11.1012;175612.641;9045898.018;179.19;176089.028;9045633.904;78.939;544.768;544.703
CND_210_3;08/09/2026 14:01;" 302° 53' 57.95006""";"  78° 03' 49.64605""";629.465;Atmos PPM;0;1013.25;11.1012;175571.985;9045968.449;209.153;176089.028;9045633.904;78.939;616.02;615.836
CND_200_8;08/09/2026 14:01;" 303° 25' 01.48671""";"  78° 15' 52.67554""";598.433;Atmos PPM;0;1013.25;11.1012;175600.009;9045956.622;200.679;176089.028;9045633.904;78.939;586.05;585.907
CND_200_3;08/09/2026 14:01;" 303° 25' 03.11600""";"  78° 15' 53.49718""";598.434;Atmos PPM;0;1013.25;11.1012;175600.01;9045956.626;200.677;176089.028;9045633.904;78.939;586.052;585.908
CND_190_4;08/09/2026 14:01;" 304° 23' 44.87023""";"  78° 35' 19.07708""";568.312;Atmos PPM;0;1013.25;11.1012;175629.393;9045948.631;191.402;176089.028;9045633.904;78.939;557.187;557.061
CND_200_4;08/09/2026 14:01;" 309° 34' 01.76017""";"  77° 58' 09.79790""";577.857;Atmos PPM;0;1013.25;11.1012;175653.398;9045993.93;199.406;176089.028;9045633.904;78.939;565.267;565.148
CND_1505;08/09/2026 14:01;" 310° 59' 41.62841""";"  79° 10' 44.02230""";381.649;Atmos PPM;0;1013.25;11.1012;175806.121;9045879.829;150.601;176089.028;9045633.904;78.939;374.89;374.854
CND_210_4;08/09/2026 14:01;" 311° 21' 24.38810""";"  77° 25' 46.63723""";600.874;Atmos PPM;0;1013.25;11.1012;175648.864;9046021.437;209.736;176089.028;9045633.904;78.939;586.567;586.452
CND_190_5;08/09/2026 14:01;" 312° 12' 20.08414""";"  78° 10' 52.71344""";542.235;Atmos PPM;0;1013.25;11.1012;175695.93;9045990.474;190.016;176089.028;9045633.904;78.939;530.796;530.724
CND_32;08/09/2026 14:02;" 314° 18' 31.62955""";"  79° 48' 41.35570""";290.794;Atmos PPM;0;1013.25;11.1012;175884.243;9045833.841;130.382;176089.028;9045633.904;78.939;286.496;286.202
CND_200_5;08/09/2026 14:02;" 316° 06' 22.76429""";"  77° 35' 26.56445""";562.264;Atmos PPM;0;1013.25;11.1012;175708.35;9046029.641;199.787;176089.028;9045633.904;78.939;549.185;549.112
CND_1401;08/09/2026 14:02;" 317° 46' 12.86381""";"  79° 41' 09.18009""";345.464;Atmos PPM;0;1013.25;11.1012;175860.618;9045885.585;140.8;176089.028;9045633.904;78.939;340.026;339.874
CND_1602;08/09/2026 14:03;" 317° 50' 27.10846""";"  78° 12' 06.38987""";403.376;Atmos PPM;0;1013.25;11.1012;175824.036;9045926.618;161.426;176089.028;9045633.904;78.939;394.845;394.844
CND_1504;08/09/2026 14:03;" 320° 45' 22.32652""";"  78° 43' 31.69549""";370.087;Atmos PPM;0;1013.25;11.1012;175859.451;9045915.004;151.304;176089.028;9045633.904;78.939;362.974;362.936
CND_210_5;08/09/2026 14:03;" 320° 50' 23.32477""";"  77° 01' 24.33364""";587.591;Atmos PPM;0;1013.25;11.1012;175727.495;9046077.894;210.907;176089.028;9045633.904;78.939;572.641;572.567
CND_190_6;08/09/2026 14:03;" 321° 21' 24.78705""";"  77° 52' 44.51773""";529.23;Atmos PPM;0;1013.25;11.1012;175765.952;9046038.06;190.083;176089.028;9045633.904;78.939;517.464;517.417
CND_30;08/09/2026 14:03;" 323° 47' 11.92082""";"  80° 41' 11.63256""";257.389;Atmos PPM;0;1013.25;11.1012;175938.989;9045838.843;120.598;176089.028;9045633.904;78.939;254.209;253.992
CND_1402;08/09/2026 14:03;" 325° 03' 29.16860""";"  79° 32' 28.48118""";340.05;Atmos PPM;0;1013.25;11.1012;175897.529;9045908.033;140.675;176089.028;9045633.904;78.939;334.538;334.393
CND_200_6;08/09/2026 14:04;" 325° 15' 02.58348""";"  77° 24' 58.69934""";553.588;Atmos PPM;0;1013.25;11.1012;175781.117;9046077.848;199.567;176089.028;9045633.904;78.939;540.325;540.274
CND_1603;08/09/2026 14:04;" 325° 30' 39.08961""";"  78° 11' 57.08168""";397.914;Atmos PPM;0;1013.25;11.1012;175868.504;9045954.957;160.327;176089.028;9045633.904;78.939;389.496;389.494
CND_210_6;08/09/2026 14:04;" 328° 34' 38.23824""";"  76° 54' 36.46834""";582.152;Atmos PPM;0;1013.25;11.1012;175793.461;9046117.782;210.806;176089.028;9045633.904;78.939;567.059;567.008
CND_1503;08/09/2026 14:04;" 328° 44' 17.36226""";"  78° 43' 03.15218""";367.858;Atmos PPM;0;1013.25;11.1012;175901.848;9045942.283;150.918;176089.028;9045633.904;78.939;360.776;360.74
CND_34;08/09/2026 14:04;" 330° 33' 56.47947""";"  80° 30' 48.00205""";315.763;Atmos PPM;0;1013.25;11.1012;175936.002;9045905.155;130.989;176089.028;9045633.904;78.939;311.606;311.438
CND_200_7;08/09/2026 14:04;" 332° 03' 32.66602""";"  77° 26' 35.62868""";554.82;Atmos PPM;0;1013.25;11.1012;175835.327;9046112.333;199.581;176089.028;9045633.904;78.939;541.571;541.533
CND_1604;08/09/2026 14:04;" 332° 27' 35.83899""";"  78° 10' 05.02440""";397.113;Atmos PPM;0;1013.25;11.1012;175909.35;9045978.545;160.374;176089.028;9045633.904;78.939;388.706;388.666
CND_22;08/09/2026 14:05;" 334° 37' 11.05886""";"  80° 44' 18.28427""";259.959;Atmos PPM;0;1013.25;11.1012;175979.078;9045865.716;120.782;176089.028;9045633.904;78.939;256.724;256.565
CND_1403;08/09/2026 14:05;" 335° 13' 50.62337""";"  79° 30' 38.35465""";347.083;Atmos PPM;0;1013.25;11.1012;175946.072;9045943.795;142.134;176089.028;9045633.904;78.939;341.371;341.276
CND_1803;08/09/2026 14:06;" 348° 01' 16.14832""";"  78° 12' 07.85863""";498.573;Atmos PPM;0;1013.25;11.1012;175987.778;9046111.313;180.893;176089.028;9045633.904;78.939;488.054;488.027
CND_23;08/09/2026 14:06;" 348° 36' 45.47515""";"  78° 49' 27.89569""";391.407;Atmos PPM;0;1013.25;11.1012;176013.247;9046010.328;154.81;176089.028;9045633.904;78.939;383.951;383.976
CND_30002;08/09/2026 16:00;" 289° 14' 43.58972""";"  79° 29' 03.29737""";723.073;Atmos PPM;0;1013.25;11.1012;175417.871;9045868.286;210.939;176089.028;9045633.904;78.939;710.915;710.906
CND_30003;08/09/2026 16:00;" 290° 56' 13.97965""";"  79° 32' 51.75982""";674.095;Atmos PPM;0;1013.25;11.1012;175469.928;9045870.836;201.261;176089.028;9045633.904;78.939;662.894;662.889
CND_30004;08/09/2026 16:00;" 291° 25' 45.49425""";"  79° 52' 59.84468""";637.675;Atmos PPM;0;1013.25;11.1012;175504.702;9045863.301;190.976;176089.028;9045633.904;78.939;627.75;627.742
CND_170_1;08/09/2026 16:00;" 298° 32' 40.80844""";"  79° 40' 27.98488""";508.765;Atmos PPM;0;1013.25;11.1012;175649.375;9045873.108;170.148;176089.028;9045633.904;78.939;500.548;500.513
CND_190_3;08/09/2026 16:00;" 298° 34' 31.89224""";"  78° 59' 21.49792""";594.717;Atmos PPM;0;1013.25;11.1012;175576.408;9045913.166;192.549;176089.028;9045633.904;78.939;583.897;583.752
CND_180_2;08/09/2026 16:01;" 299° 00' 00.55603""";"  79° 34' 24.95772""";553.862;Atmos PPM;0;1013.25;11.1012;175612.644;9045898.023;179.193;176089.028;9045633.904;78.939;544.768;544.702
CND_210_3;08/09/2026 16:01;" 302° 54' 00.32580""";"  78° 03' 51.27901""";629.465;Atmos PPM;0;1013.25;11.1012;175571.988;9045968.455;209.148;176089.028;9045633.904;78.939;616.02;615.837
CND_200_8;08/09/2026 16:01;" 303° 25' 05.14866""";"  78° 15' 54.93780""";598.433;Atmos PPM;0;1013.25;11.1012;175600.013;9045956.631;200.672;176089.028;9045633.904;78.939;586.05;585.908
CND_200_3;08/09/2026 16:01;" 303° 25' 04.26427""";"  78° 15' 54.29519""";598.433;Atmos PPM;0;1013.25;11.1012;175600.012;9045956.629;200.674;176089.028;9045633.904;78.939;586.052;585.908
CND_190_4;08/09/2026 16:01;" 304° 23' 47.34340""";"  78° 35' 20.89141""";568.312;Atmos PPM;0;1013.25;11.1012;175629.396;9045948.636;191.397;176089.028;9045633.904;78.939;557.187;557.062
CND_200_4;08/09/2026 16:01;" 309° 34' 04.66740""";"  77° 58' 12.41377""";577.857;Atmos PPM;0;1013.25;11.1012;175653.402;9045993.937;199.399;176089.028;9045633.904;78.939;565.267;565.15
CND_1505;08/09/2026 16:01;" 310° 59' 43.79712""";"  79° 10' 45.20412""";381.649;Atmos PPM;0;1013.25;11.1012;175806.123;9045879.833;150.599;176089.028;9045633.904;78.939;374.89;374.855
CND_210_4;08/09/2026 16:01;" 311° 21' 25.10105""";"  77° 25' 47.96961""";600.874;Atmos PPM;0;1013.25;11.1012;175648.865;9046021.439;209.732;176089.028;9045633.904;78.939;586.567;586.453
CND_190_5;08/09/2026 16:01;" 312° 12' 19.83256""";"  78° 10' 52.52317""";542.235;Atmos PPM;0;1013.25;11.1012;175695.93;9045990.473;190.017;176089.028;9045633.904;78.939;530.796;530.724
CND_32;08/09/2026 16:02;" 314° 18' 33.38771""";"  79° 48' 41.97097""";290.793;Atmos PPM;0;1013.25;11.1012;175884.244;9045833.843;130.382;176089.028;9045633.904;78.939;286.496;286.202
CND_200_5;08/09/2026 16:02;" 316° 06' 25.47355""";"  77° 35' 26.76957""";562.265;Atmos PPM;0;1013.25;11.1012;175708.355;9046029.647;199.786;176089.028;9045633.904;78.939;549.185;549.112
CND_1401;08/09/2026 16:03;" 317° 46' 12.78861""";"  79° 41' 08.34246""";345.464;Atmos PPM;0;1013.25;11.1012;175860.618;9045885.585;140.802;176089.028;9045633.904;78.939;340.026;339.874
CND_1602;08/09/2026 16:03;" 317° 50' 29.45736""";"  78° 12' 05.71673""";403.376;Atmos PPM;0;1013.25;11.1012;175824.04;9045926.621;161.428;176089.028;9045633.904;78.939;394.845;394.844
CND_1504;08/09/2026 16:03;" 320° 45' 23.78302""";"  78° 43' 31.64479""";370.087;Atmos PPM;0;1013.25;11.1012;175859.453;9045915.005;151.304;176089.028;9045633.904;78.939;362.974;362.936
CND_210_5;08/09/2026 16:03;" 320° 50' 24.65646""";"  77° 01' 22.78779""";587.592;Atmos PPM;0;1013.25;11.1012;175727.498;9046077.896;210.911;176089.028;9045633.904;78.939;572.641;572.566
CND_190_6;08/09/2026 16:03;" 321° 21' 24.40077""";"  77° 52' 42.24139""";529.23;Atmos PPM;0;1013.25;11.1012;175765.952;9046038.059;190.089;176089.028;9045633.904;78.939;517.464;517.416
CND_1402;08/09/2026 16:04;" 325° 03' 34.68180""";"  79° 32' 27.22396""";340.05;Atmos PPM;0;1013.25;11.1012;175897.537;9045908.038;140.677;176089.028;9045633.904;78.939;334.538;334.392
CND_200_6;08/09/2026 16:04;" 325° 15' 04.09674""";"  77° 24' 58.40013""";553.588;Atmos PPM;0;1013.25;11.1012;175781.12;9046077.851;199.568;176089.028;9045633.904;78.939;540.325;540.274
CND_1603;08/09/2026 16:04;" 325° 30' 40.47895""";"  78° 11' 56.78784""";397.914;Atmos PPM;0;1013.25;11.1012;175868.506;9045954.958;160.327;176089.028;9045633.904;78.939;389.496;389.494
CND_210_6;08/09/2026 16:04;" 328° 34' 39.85291""";"  76° 54' 36.09514""";582.152;Atmos PPM;0;1013.25;11.1012;175793.465;9046117.784;210.807;176089.028;9045633.904;78.939;567.059;567.007
CND_1503;08/09/2026 16:04;" 328° 44' 17.99255""";"  78° 43' 01.27099""";367.858;Atmos PPM;0;1013.25;11.1012;175901.849;9045942.283;150.921;176089.028;9045633.904;78.939;360.776;360.74
CND_34;08/09/2026 16:04;" 330° 33' 55.98613""";"  80° 30' 48.98767""";315.762;Atmos PPM;0;1013.25;11.1012;175936.002;9045905.154;130.988;176089.028;9045633.904;78.939;311.606;311.438
CND_200_7;08/09/2026 16:05;" 332° 03' 33.12251""";"  77° 26' 33.97003""";554.82;Atmos PPM;0;1013.25;11.1012;175835.329;9046112.333;199.585;176089.028;9045633.904;78.939;541.571;541.532
CND_1604;08/09/2026 16:05;" 332° 27' 36.47875""";"  78° 10' 05.77640""";397.113;Atmos PPM;0;1013.25;11.1012;175909.351;9045978.546;160.373;176089.028;9045633.904;78.939;388.706;388.666
CND_22;08/09/2026 16:05;" 334° 37' 11.72062""";"  80° 44' 18.72849""";259.959;Atmos PPM;0;1013.25;11.1012;175979.078;9045865.717;120.781;176089.028;9045633.904;78.939;256.724;256.565
CND_1403;08/09/2026 16:05;" 335° 13' 51.74257""";"  79° 30' 37.58671""";347.084;Atmos PPM;0;1013.25;11.1012;175946.073;9045943.796;142.136;176089.028;9045633.904;78.939;341.371;341.276
CND_1803;08/09/2026 16:07;" 348° 01' 18.01804""";"  78° 12' 09.63500""";498.573;Atmos PPM;0;1013.25;11.1012;175987.782;9046111.315;180.889;176089.028;9045633.904;78.939;488.054;488.028
CND_23;08/09/2026 16:07;" 348° 36' 45.73995""";"  78° 49' 28.75611""";391.406;Atmos PPM;0;1013.25;11.1012;176013.248;9046010.328;154.809;176089.028;9045633.904;78.939;383.951;383.976
CND_30002;08/09/2026 18:00;" 289° 14' 45.65685""";"  79° 29' 00.63718""";723.073;Atmos PPM;0;1013.25;11.1012;175417.874;9045868.293;210.948;176089.028;9045633.904;78.939;710.915;710.905
CND_30003;08/09/2026 18:00;" 290° 56' 14.15899""";"  79° 32' 50.62952""";674.095;Atmos PPM;0;1013.25;11.1012;175469.929;9045870.837;201.265;176089.028;9045633.904;78.939;662.894;662.889
CND_30004;08/09/2026 18:00;" 291° 25' 45.23983""";"  79° 52' 56.67173""";637.675;Atmos PPM;0;1013.25;11.1012;175504.703;9045863.3;190.986;176089.028;9045633.904;78.939;627.75;627.741
CND_170_1;08/09/2026 18:00;" 298° 32' 41.85279""";"  79° 40' 27.92599""";508.766;Atmos PPM;0;1013.25;11.1012;175649.376;9045873.111;170.148;176089.028;9045633.904;78.939;500.548;500.513
CND_190_3;08/09/2026 18:00;" 298° 34' 31.38471""";"  78° 59' 20.76464""";594.717;Atmos PPM;0;1013.25;11.1012;175576.407;9045913.165;192.551;176089.028;9045633.904;78.939;583.897;583.752
CND_180_2;08/09/2026 18:01;" 298° 59' 59.91166""";"  79° 34' 23.40147""";553.863;Atmos PPM;0;1013.25;11.1012;175612.643;9045898.021;179.197;176089.028;9045633.904;78.939;544.768;544.702
CND_210_3;08/09/2026 18:01;" 302° 54' 00.35223""";"  78° 03' 49.60764""";629.466;Atmos PPM;0;1013.25;11.1012;175571.989;9045968.455;209.153;176089.028;9045633.904;78.939;616.02;615.836
CND_200_8;08/09/2026 18:01;" 303° 25' 03.58872""";"  78° 15' 53.74179""";598.433;Atmos PPM;0;1013.25;11.1012;175600.011;9045956.627;200.676;176089.028;9045633.904;78.939;586.05;585.907
CND_200_3;08/09/2026 18:01;" 303° 25' 03.65740""";"  78° 15' 53.34999""";598.433;Atmos PPM;0;1013.25;11.1012;175600.011;9045956.627;200.677;176089.028;9045633.904;78.939;586.052;585.907
CND_190_4;08/09/2026 18:01;" 304° 23' 47.12792""";"  78° 35' 21.39334""";568.312;Atmos PPM;0;1013.25;11.1012;175629.395;9045948.637;191.396;176089.028;9045633.904;78.939;557.187;557.063
CND_200_4;08/09/2026 18:01;" 309° 34' 04.25793""";"  77° 58' 11.56115""";577.858;Atmos PPM;0;1013.25;11.1012;175653.401;9045993.937;199.401;176089.028;9045633.904;78.939;565.267;565.15
CND_1505;08/09/2026 18:01;" 310° 59' 43.25062""";"  79° 10' 45.49801""";381.649;Atmos PPM;0;1013.25;11.1012;175806.122;9045879.832;150.598;176089.028;9045633.904;78.939;374.89;374.855
CND_210_4;08/09/2026 18:01;" 311° 21' 25.79656""";"  77° 25' 47.45122""";600.875;Atmos PPM;0;1013.25;11.1012;175648.866;9046021.441;209.734;176089.028;9045633.904;78.939;586.567;586.453
CND_190_5;08/09/2026 18:02;" 312° 12' 20.05637""";"  78° 10' 53.27956""";542.235;Atmos PPM;0;1013.25;11.1012;175695.93;9045990.474;190.015;176089.028;9045633.904;78.939;530.796;530.725
CND_25;08/09/2026 18:02;" 313° 23' 19.37989""";"  82° 24' 40.78076""";237.06;Atmos PPM;0;1013.25;11.1012;175918.279;9045795.337;110.249;176089.028;9045633.904;78.939;235.096;234.98
CND_32;08/09/2026 18:02;" 314° 18' 33.34161""";"  79° 48' 43.83780""";290.794;Atmos PPM;0;1013.25;11.1012;175884.244;9045833.843;130.379;176089.028;9045633.904;78.939;286.496;286.203
CND_200_5;08/09/2026 18:02;" 316° 06' 24.73501""";"  77° 35' 27.76811""";562.265;Atmos PPM;0;1013.25;11.1012;175708.353;9046029.646;199.784;176089.028;9045633.904;78.939;549.185;549.113
CND_1602;08/09/2026 18:03;" 317° 50' 30.45653""";"  78° 12' 05.63822""";403.376;Atmos PPM;0;1013.25;11.1012;175824.041;9045926.622;161.428;176089.028;9045633.904;78.939;394.845;394.844
CND_1504;08/09/2026 18:03;" 320° 45' 23.03437""";"  78° 43' 32.97026""";370.087;Atmos PPM;0;1013.25;11.1012;175859.451;9045915.005;151.302;176089.028;9045633.904;78.939;362.974;362.937
CND_210_5;08/09/2026 18:03;" 320° 50' 25.25579""";"  77° 01' 24.21314""";587.592;Atmos PPM;0;1013.25;11.1012;175727.499;9046077.898;210.907;176089.028;9045633.904;78.939;572.641;572.568
CND_190_6;08/09/2026 18:03;" 321° 21' 24.63741""";"  77° 52' 42.72152""";529.231;Atmos PPM;0;1013.25;11.1012;175765.952;9046038.06;190.088;176089.028;9045633.904;78.939;517.464;517.416
CND_1402;08/09/2026 18:03;" 325° 03' 31.65650""";"  79° 32' 27.51043""";340.05;Atmos PPM;0;1013.25;11.1012;175897.533;9045908.036;140.677;176089.028;9045633.904;78.939;334.538;334.393
CND_200_6;08/09/2026 18:04;" 325° 15' 04.51862""";"  77° 24' 58.61164""";553.589;Atmos PPM;0;1013.25;11.1012;175781.12;9046077.852;199.567;176089.028;9045633.904;78.939;540.325;540.275
CND_1603;08/09/2026 18:04;" 325° 30' 41.46206""";"  78° 11' 56.76881""";397.914;Atmos PPM;0;1013.25;11.1012;175868.508;9045954.96;160.327;176089.028;9045633.904;78.939;389.496;389.494
CND_210_6;08/09/2026 18:04;" 328° 34' 39.86138""";"  76° 54' 35.79201""";582.153;Atmos PPM;0;1013.25;11.1012;175793.464;9046117.784;210.808;176089.028;9045633.904;78.939;567.059;567.008
CND_1503;08/09/2026 18:04;" 328° 44' 18.72290""";"  78° 43' 01.51181""";367.858;Atmos PPM;0;1013.25;11.1012;175901.85;9045942.284;150.921;176089.028;9045633.904;78.939;360.776;360.74
CND_34;08/09/2026 18:04;" 330° 33' 56.38802""";"  80° 30' 47.82485""";315.763;Atmos PPM;0;1013.25;11.1012;175936.002;9045905.155;130.989;176089.028;9045633.904;78.939;311.606;311.439
CND_200_7;08/09/2026 18:04;" 332° 03' 32.54388""";"  77° 26' 36.36264""";554.82;Atmos PPM;0;1013.25;11.1012;175835.326;9046112.333;199.579;176089.028;9045633.904;78.939;541.571;541.534
CND_1604;08/09/2026 18:04;" 332° 27' 33.32802""";"  78° 10' 07.42548""";397.113;Atmos PPM;0;1013.25;11.1012;175909.345;9045978.544;160.37;176089.028;9045633.904;78.939;388.706;388.667
CND_22;08/09/2026 18:05;" 334° 37' 11.48737""";"  80° 44' 19.02755""";259.959;Atmos PPM;0;1013.25;11.1012;175979.078;9045865.717;120.781;176089.028;9045633.904;78.939;256.724;256.566
CND_1403;08/09/2026 18:05;" 335° 13' 50.86298""";"  79° 30' 38.27811""";347.084;Atmos PPM;0;1013.25;11.1012;175946.072;9045943.796;142.135;176089.028;9045633.904;78.939;341.371;341.276
CND_23;08/09/2026 18:06;" 348° 36' 46.42199""";"  78° 49' 30.47237""";391.407;Atmos PPM;0;1013.25;11.1012;176013.249;9046010.33;154.805;176089.028;9045633.904;78.939;383.951;383.977
CND_30002;08/09/2026 20:00;" 289° 14' 44.99865""";"  79° 29' 00.69546""";723.073;Atmos PPM;0;1013.25;11.1012;175417.873;9045868.29;210.948;176089.028;9045633.904;78.939;710.915;710.905
CND_30003;08/09/2026 20:00;" 290° 56' 14.61703""";"  79° 32' 51.15097""";674.095;Atmos PPM;0;1013.25;11.1012;175469.929;9045870.838;201.263;176089.028;9045633.904;78.939;662.894;662.889
CND_30004;08/09/2026 20:00;" 291° 25' 44.78248""";"  79° 52' 58.02506""";637.676;Atmos PPM;0;1013.25;11.1012;175504.701;9045863.299;190.982;176089.028;9045633.904;78.939;627.75;627.742
CND_170_1;08/09/2026 20:00;" 298° 32' 41.35879""";"  79° 40' 27.39719""";508.766;Atmos PPM;0;1013.25;11.1012;175649.376;9045873.11;170.149;176089.028;9045633.904;78.939;500.548;500.513
CND_190_3;08/09/2026 20:00;" 298° 34' 31.81111""";"  78° 59' 20.56755""";594.718;Atmos PPM;0;1013.25;11.1012;175576.408;9045913.166;192.551;176089.028;9045633.904;78.939;583.897;583.752
CND_180_2;08/09/2026 20:01;" 299° 00' 00.24697""";"  79° 34' 24.31480""";553.863;Atmos PPM;0;1013.25;11.1012;175612.643;9045898.022;179.195;176089.028;9045633.904;78.939;544.768;544.703
CND_210_3;08/09/2026 20:01;" 302° 54' 00.71277""";"  78° 03' 51.08997""";629.466;Atmos PPM;0;1013.25;11.1012;175571.988;9045968.457;209.148;176089.028;9045633.904;78.939;616.02;615.837
CND_200_8;08/09/2026 20:01;" 303° 25' 04.02163""";"  78° 15' 54.70706""";598.433;Atmos PPM;0;1013.25;11.1012;175600.011;9045956.628;200.673;176089.028;9045633.904;78.939;586.05;585.908
CND_200_3;08/09/2026 20:01;" 303° 25' 02.97203""";"  78° 15' 53.66797""";598.434;Atmos PPM;0;1013.25;11.1012;175600.01;9045956.626;200.676;176089.028;9045633.904;78.939;586.052;585.908
CND_190_4;08/09/2026 20:01;" 304° 23' 47.89082""";"  78° 35' 21.20347""";568.312;Atmos PPM;0;1013.25;11.1012;175629.396;9045948.638;191.396;176089.028;9045633.904;78.939;557.187;557.063
CND_200_4;08/09/2026 20:01;" 309° 34' 03.24891""";"  77° 58' 11.35668""";577.857;Atmos PPM;0;1013.25;11.1012;175653.399;9045993.934;199.402;176089.028;9045633.904;78.939;565.267;565.15
CND_1505;08/09/2026 20:01;" 310° 59' 43.42102""";"  79° 10' 44.79848""";381.649;Atmos PPM;0;1013.25;11.1012;175806.123;9045879.832;150.599;176089.028;9045633.904;78.939;374.89;374.855
CND_210_4;08/09/2026 20:01;" 311° 21' 24.97568""";"  77° 25' 48.13129""";600.875;Atmos PPM;0;1013.25;11.1012;175648.864;9046021.439;209.732;176089.028;9045633.904;78.939;586.567;586.454
CND_190_5;08/09/2026 20:02;" 312° 12' 19.31319""";"  78° 10' 54.18951""";542.235;Atmos PPM;0;1013.25;11.1012;175695.928;9045990.473;190.013;176089.028;9045633.904;78.939;530.796;530.725
CND_25;08/09/2026 20:02;" 313° 23' 19.64435""";"  82° 24' 39.53475""";237.06;Atmos PPM;0;1013.25;11.1012;175918.28;9045795.337;110.251;176089.028;9045633.904;78.939;235.096;234.98
CND_32;08/09/2026 20:02;" 314° 18' 32.97212""";"  79° 48' 43.00702""";290.794;Atmos PPM;0;1013.25;11.1012;175884.244;9045833.843;130.38;176089.028;9045633.904;78.939;286.496;286.203
CND_200_5;08/09/2026 20:02;" 316° 06' 25.04953""";"  77° 35' 27.95081""";562.265;Atmos PPM;0;1013.25;11.1012;175708.354;9046029.646;199.783;176089.028;9045633.904;78.939;549.185;549.113
CND_1602;08/09/2026 20:02;" 317° 50' 29.20620""";"  78° 12' 05.98988""";403.376;Atmos PPM;0;1013.25;11.1012;175824.039;9045926.621;161.427;176089.028;9045633.904;78.939;394.845;394.845
CND_1504;08/09/2026 20:03;" 320° 45' 23.72651""";"  78° 43' 31.63810""";370.087;Atmos PPM;0;1013.25;11.1012;175859.452;9045915.006;151.304;176089.028;9045633.904;78.939;362.974;362.937
CND_210_5;08/09/2026 20:03;" 320° 50' 25.64475""";"  77° 01' 24.65557""";587.592;Atmos PPM;0;1013.25;11.1012;175727.499;9046077.899;210.906;176089.028;9045633.904;78.939;572.641;572.568
CND_190_6;08/09/2026 20:03;" 321° 21' 24.67362""";"  77° 52' 43.16623""";529.231;Atmos PPM;0;1013.25;11.1012;175765.952;9046038.06;190.087;176089.028;9045633.904;78.939;517.464;517.417
CND_1402;08/09/2026 20:03;" 325° 03' 30.65440""";"  79° 32' 27.69425""";340.05;Atmos PPM;0;1013.25;11.1012;175897.531;9045908.035;140.676;176089.028;9045633.904;78.939;334.538;334.393
CND_200_6;08/09/2026 20:03;" 325° 15' 04.30086""";"  77° 24' 58.56988""";553.588;Atmos PPM;0;1013.25;11.1012;175781.12;9046077.851;199.567;176089.028;9045633.904;78.939;540.325;540.274
CND_1603;08/09/2026 20:04;" 325° 30' 41.49802""";"  78° 11' 56.67699""";397.914;Atmos PPM;0;1013.25;11.1012;175868.508;9045954.96;160.328;176089.028;9045633.904;78.939;389.496;389.494
CND_210_6;08/09/2026 20:04;" 328° 34' 39.46738""";"  76° 54' 36.02436""";582.153;Atmos PPM;0;1013.25;11.1012;175793.463;9046117.784;210.808;176089.028;9045633.904;78.939;567.059;567.008
CND_1503;08/09/2026 20:04;" 328° 44' 18.48282""";"  78° 43' 01.09115""";367.858;Atmos PPM;0;1013.25;11.1012;175901.85;9045942.283;150.922;176089.028;9045633.904;78.939;360.776;360.74
CND_34;08/09/2026 20:04;" 330° 33' 56.41542""";"  80° 30' 46.99580""";315.763;Atmos PPM;0;1013.25;11.1012;175936.002;9045905.155;130.991;176089.028;9045633.904;78.939;311.606;311.439
CND_200_7;08/09/2026 20:04;" 332° 03' 33.23074""";"  77° 26' 35.80198""";554.821;Atmos PPM;0;1013.25;11.1012;175835.328;9046112.334;199.58;176089.028;9045633.904;78.939;541.571;541.534
CND_1604;08/09/2026 20:04;" 332° 27' 33.63227""";"  78° 10' 07.94591""";397.113;Atmos PPM;0;1013.25;11.1012;175909.346;9045978.545;160.369;176089.028;9045633.904;78.939;388.706;388.668
CND_1403;08/09/2026 20:05;" 335° 13' 51.33088""";"  79° 30' 37.72187""";347.084;Atmos PPM;0;1013.25;11.1012;175946.073;9045943.796;142.136;176089.028;9045633.904;78.939;341.371;341.276
CND_23;08/09/2026 20:06;" 348° 36' 46.57523""";"  78° 49' 30.17845""";391.407;Atmos PPM;0;1013.25;11.1012;176013.249;9046010.33;154.806;176089.028;9045633.904;78.939;383.951;383.977
CND_30002;08/09/2026 22:00;" 289° 14' 46.33104""";"  79° 29' 00.85555""";723.074;Atmos PPM;0;1013.25;11.1012;175417.875;9045868.295;210.947;176089.028;9045633.904;78.939;710.915;710.905
CND_30003;08/09/2026 22:00;" 290° 56' 14.10076""";"  79° 32' 49.50595""";674.095;Atmos PPM;0;1013.25;11.1012;175469.929;9045870.836;201.268;176089.028;9045633.904;78.939;662.894;662.888
CND_30004;08/09/2026 22:00;" 291° 25' 45.41290""";"  79° 52' 56.17081""";637.676;Atmos PPM;0;1013.25;11.1012;175504.703;9045863.3;190.987;176089.028;9045633.904;78.939;627.75;627.741
CND_170_1;08/09/2026 22:00;" 298° 32' 41.65220""";"  79° 40' 26.81032""";508.766;Atmos PPM;0;1013.25;11.1012;175649.376;9045873.11;170.151;176089.028;9045633.904;78.939;500.548;500.513
CND_190_3;08/09/2026 22:00;" 298° 34' 32.29514""";"  78° 59' 20.48485""";594.718;Atmos PPM;0;1013.25;11.1012;175576.408;9045913.167;192.552;176089.028;9045633.904;78.939;583.897;583.752
CND_180_2;08/09/2026 22:01;" 298° 59' 59.90455""";"  79° 34' 23.42769""";553.863;Atmos PPM;0;1013.25;11.1012;175612.643;9045898.021;179.197;176089.028;9045633.904;78.939;544.768;544.702
CND_210_3;08/09/2026 22:01;" 302° 53' 58.65145""";"  78° 03' 50.91833""";629.466;Atmos PPM;0;1013.25;11.1012;175571.985;9045968.451;209.149;176089.028;9045633.904;78.939;616.02;615.837
CND_200_8;08/09/2026 22:01;" 303° 25' 03.47248""";"  78° 15' 53.54485""";598.433;Atmos PPM;0;1013.25;11.1012;175600.011;9045956.627;200.676;176089.028;9045633.904;78.939;586.05;585.907
CND_200_3;08/09/2026 22:01;" 303° 25' 03.40682""";"  78° 15' 53.53516""";598.433;Atmos PPM;0;1013.25;11.1012;175600.011;9045956.626;200.676;176089.028;9045633.904;78.939;586.052;585.907
CND_190_4;08/09/2026 22:01;" 304° 23' 46.85700""";"  78° 35' 21.38591""";568.312;Atmos PPM;0;1013.25;11.1012;175629.394;9045948.636;191.396;176089.028;9045633.904;78.939;557.187;557.063
CND_200_4;08/09/2026 22:01;" 309° 34' 02.82106""";"  77° 58' 11.30542""";577.857;Atmos PPM;0;1013.25;11.1012;175653.399;9045993.933;199.402;176089.028;9045633.904;78.939;565.267;565.15
CND_1505;08/09/2026 22:01;" 310° 59' 44.71703""";"  79° 10' 45.18599""";381.65;Atmos PPM;0;1013.25;11.1012;175806.124;9045879.834;150.599;176089.028;9045633.904;78.939;374.89;374.855
CND_210_4;08/09/2026 22:01;" 311° 21' 25.04116""";"  77° 25' 47.76253""";600.875;Atmos PPM;0;1013.25;11.1012;175648.864;9046021.439;209.733;176089.028;9045633.904;78.939;586.567;586.453
CND_190_5;08/09/2026 22:02;" 312° 12' 19.13836""";"  78° 10' 51.98197""";542.235;Atmos PPM;0;1013.25;11.1012;175695.928;9045990.472;190.018;176089.028;9045633.904;78.939;530.796;530.725
CND_32;08/09/2026 22:02;" 314° 18' 36.26592""";"  79° 48' 41.58917""";290.794;Atmos PPM;0;1013.25;11.1012;175884.247;9045833.846;130.382;176089.028;9045633.904;78.939;286.496;286.203
CND_200_5;08/09/2026 22:02;" 316° 06' 23.85724""";"  77° 35' 28.32970""";562.265;Atmos PPM;0;1013.25;11.1012;175708.351;9046029.644;199.782;176089.028;9045633.904;78.939;549.185;549.113
CND_1602;08/09/2026 22:03;" 317° 50' 29.84798""";"  78° 12' 03.02957""";403.376;Atmos PPM;0;1013.25;11.1012;175824.041;9045926.621;161.433;176089.028;9045633.904;78.939;394.845;394.843
CND_1504;08/09/2026 22:03;" 320° 45' 22.95987""";"  78° 43' 32.95765""";370.087;Atmos PPM;0;1013.25;11.1012;175859.451;9045915.005;151.302;176089.028;9045633.904;78.939;362.974;362.937
CND_210_5;08/09/2026 22:03;" 320° 50' 25.04537""";"  77° 01' 23.62456""";587.592;Atmos PPM;0;1013.25;11.1012;175727.498;9046077.897;210.909;176089.028;9045633.904;78.939;572.641;572.568
CND_190_6;08/09/2026 22:03;" 321° 21' 24.75126""";"  77° 52' 41.89025""";529.231;Atmos PPM;0;1013.25;11.1012;175765.953;9046038.06;190.09;176089.028;9045633.904;78.939;517.464;517.416
CND_1402;08/09/2026 22:03;" 325° 03' 31.15260""";"  79° 32' 25.95568""";340.05;Atmos PPM;0;1013.25;11.1012;175897.532;9045908.035;140.679;176089.028;9045633.904;78.939;334.538;334.393
CND_200_6;08/09/2026 22:03;" 325° 15' 04.45444""";"  77° 24' 57.73606""";553.588;Atmos PPM;0;1013.25;11.1012;175781.121;9046077.851;199.569;176089.028;9045633.904;78.939;540.325;540.274
CND_1603;08/09/2026 22:04;" 325° 30' 39.41354""";"  78° 11' 57.94759""";397.914;Atmos PPM;0;1013.25;11.1012;175868.504;9045954.958;160.325;176089.028;9045633.904;78.939;389.496;389.495
CND_210_6;08/09/2026 22:04;" 328° 34' 40.19569""";"  76° 54' 34.41763""";582.153;Atmos PPM;0;1013.25;11.1012;175793.466;9046117.784;210.812;176089.028;9045633.904;78.939;567.059;567.007
CND_1503;08/09/2026 22:04;" 328° 44' 18.22172""";"  78° 43' 00.56748""";367.858;Atmos PPM;0;1013.25;11.1012;175901.849;9045942.283;150.922;176089.028;9045633.904;78.939;360.776;360.74
CND_34;08/09/2026 22:04;" 330° 33' 55.94616""";"  80° 30' 47.08472""";315.763;Atmos PPM;0;1013.25;11.1012;175936.002;9045905.155;130.991;176089.028;9045633.904;78.939;311.606;311.439
CND_200_7;08/09/2026 22:04;" 332° 03' 32.29879""";"  77° 26' 34.11578""";554.821;Atmos PPM;0;1013.25;11.1012;175835.326;9046112.332;199.585;176089.028;9045633.904;78.939;541.571;541.533
CND_1403;08/09/2026 22:05;" 335° 13' 51.56834""";"  79° 30' 37.76346""";347.084;Atmos PPM;0;1013.25;11.1012;175946.073;9045943.796;142.136;176089.028;9045633.904;78.939;341.371;341.276
CND_23;08/09/2026 22:06;" 348° 36' 45.52885""";"  78° 49' 29.68583""";391.407;Atmos PPM;0;1013.25;11.1012;176013.247;9046010.329;154.807;176089.028;9045633.904;78.939;383.951;383.977
CND_200_8;09/09/2026 00:50;" 303° 25' 04.05123""";"  78° 15' 54.97078""";598.433;Atmos PPM;0;1013.25;11.1012;175600.011;9045956.628;200.672;176089.028;9045633.904;78.939;586.05;585.908
CND_200_3;09/09/2026 00:51;" 303° 25' 03.44603""";"  78° 15' 53.08140""";598.433;Atmos PPM;0;1013.25;11.1012;175600.011;9045956.626;200.678;176089.028;9045633.904;78.939;586.052;585.907
CND_190_4;09/09/2026 00:51;" 304° 23' 46.35603""";"  78° 35' 20.77773""";568.312;Atmos PPM;0;1013.25;11.1012;175629.394;9045948.635;191.397;176089.028;9045633.904;78.939;557.187;557.063
CND_200_4;09/09/2026 00:51;" 309° 34' 03.00188""";"  77° 58' 11.70034""";577.857;Atmos PPM;0;1013.25;11.1012;175653.399;9045993.934;199.401;176089.028;9045633.904;78.939;565.267;565.15
CND_1505;09/09/2026 00:51;" 310° 59' 42.66786""";"  79° 10' 44.27056""";381.65;Atmos PPM;0;1013.25;11.1012;175806.122;9045879.831;150.6;176089.028;9045633.904;78.939;374.89;374.855
CND_210_4;09/09/2026 00:51;" 311° 21' 25.01991""";"  77° 25' 47.65485""";600.875;Atmos PPM;0;1013.25;11.1012;175648.864;9046021.439;209.733;176089.028;9045633.904;78.939;586.567;586.453
CND_190_5;09/09/2026 00:51;" 312° 12' 19.38848""";"  78° 10' 52.43733""";542.235;Atmos PPM;0;1013.25;11.1012;175695.929;9045990.473;190.017;176089.028;9045633.904;78.939;530.796;530.724
CND_32;09/09/2026 00:52;" 314° 18' 32.39326""";"  79° 48' 42.09762""";290.794;Atmos PPM;0;1013.25;11.1012;175884.243;9045833.842;130.381;176089.028;9045633.904;78.939;286.496;286.203
CND_200_5;09/09/2026 00:52;" 316° 06' 25.61629""";"  77° 35' 27.84266""";562.265;Atmos PPM;0;1013.25;11.1012;175708.355;9046029.647;199.783;176089.028;9045633.904;78.939;549.185;549.113
CND_210_5;09/09/2026 00:53;" 320° 50' 24.14152""";"  77° 01' 24.30058""";587.592;Atmos PPM;0;1013.25;11.1012;175727.496;9046077.895;210.907;176089.028;9045633.904;78.939;572.641;572.567
CND_190_6;09/09/2026 00:53;" 321° 21' 22.92828""";"  77° 52' 42.17431""";529.231;Atmos PPM;0;1013.25;11.1012;175765.949;9046038.057;190.089;176089.028;9045633.904;78.939;517.464;517.416
CND_200_6;09/09/2026 00:53;" 325° 15' 04.29876""";"  77° 24' 58.22072""";553.588;Atmos PPM;0;1013.25;11.1012;175781.12;9046077.851;199.568;176089.028;9045633.904;78.939;540.325;540.274
CND_210_6;09/09/2026 00:54;" 328° 34' 40.31456""";"  76° 54' 37.50599""";582.153;Atmos PPM;0;1013.25;11.1012;175793.465;9046117.786;210.804;176089.028;9045633.904;78.939;567.059;567.009
CND_34;09/09/2026 00:54;" 330° 33' 56.03097""";"  80° 30' 46.97735""";315.763;Atmos PPM;0;1013.25;11.1012;175936.002;9045905.155;130.991;176089.028;9045633.904;78.939;311.606;311.438
CND_1403;09/09/2026 00:55;" 335° 13' 53.36654""";"  79° 30' 38.95791""";347.084;Atmos PPM;0;1013.25;11.1012;175946.075;9045943.798;142.134;176089.028;9045633.904;78.939;341.371;341.276
CND_23;09/09/2026 00:57;" 348° 36' 44.13895""";"  78° 49' 32.08874""";391.408;Atmos PPM;0;1013.25;11.1012;176013.244;9046010.33;154.803;176089.028;9045633.904;78.939;383.951;383.978
CND_30002;09/09/2026 02:00;" 289° 14' 44.65441""";"  79° 29' 00.37626""";723.073;Atmos PPM;0;1013.25;11.1012;175417.873;9045868.289;210.949;176089.028;9045633.904;78.939;710.915;710.905
CND_30003;09/09/2026 02:00;" 290° 56' 14.16856""";"  79° 32' 49.94545""";674.095;Atmos PPM;0;1013.25;11.1012;175469.929;9045870.836;201.267;176089.028;9045633.904;78.939;662.894;662.888
CND_170_1;09/09/2026 02:00;" 298° 32' 40.70893""";"  79° 40' 27.24872""";508.766;Atmos PPM;0;1013.25;11.1012;175649.375;9045873.108;170.15;176089.028;9045633.904;78.939;500.548;500.514
CND_190_3;09/09/2026 02:00;" 298° 34' 31.16000""";"  78° 59' 21.16436""";594.717;Atmos PPM;0;1013.25;11.1012;175576.407;9045913.164;192.55;176089.028;9045633.904;78.939;583.897;583.753
CND_180_2;09/09/2026 02:01;" 298° 59' 59.14567""";"  79° 34' 24.49388""";553.863;Atmos PPM;0;1013.25;11.1012;175612.642;9045898.019;179.194;176089.028;9045633.904;78.939;544.768;544.703
CND_200_8;09/09/2026 02:01;" 303° 25' 04.12367""";"  78° 15' 55.35998""";598.433;Atmos PPM;0;1013.25;11.1012;175600.011;9045956.629;200.671;176089.028;9045633.904;78.939;586.05;585.908
CND_200_3;09/09/2026 02:01;" 303° 25' 03.69778""";"  78° 15' 54.86482""";598.433;Atmos PPM;0;1013.25;11.1012;175600.011;9045956.628;200.673;176089.028;9045633.904;78.939;586.052;585.908
CND_190_4;09/09/2026 02:01;" 304° 23' 46.71566""";"  78° 35' 21.00497""";568.312;Atmos PPM;0;1013.25;11.1012;175629.394;9045948.635;191.397;176089.028;9045633.904;78.939;557.187;557.063
CND_200_4;09/09/2026 02:01;" 309° 34' 02.99887""";"  77° 58' 12.33652""";577.857;Atmos PPM;0;1013.25;11.1012;175653.399;9045993.934;199.399;176089.028;9045633.904;78.939;565.267;565.15
CND_1505;09/09/2026 02:01;" 310° 59' 43.22010""";"  79° 10' 44.66918""";381.649;Atmos PPM;0;1013.25;11.1012;175806.122;9045879.832;150.6;176089.028;9045633.904;78.939;374.89;374.855
CND_210_4;09/09/2026 02:01;" 311° 21' 24.62534""";"  77° 25' 48.14588""";600.874;Atmos PPM;0;1013.25;11.1012;175648.864;9046021.438;209.732;176089.028;9045633.904;78.939;586.567;586.453
CND_190_5;09/09/2026 02:02;" 312° 12' 18.99274""";"  78° 10' 53.47118""";542.235;Atmos PPM;0;1013.25;11.1012;175695.928;9045990.472;190.014;176089.028;9045633.904;78.939;530.796;530.725
CND_32;09/09/2026 02:02;" 314° 18' 31.77836""";"  79° 48' 42.78386""";290.794;Atmos PPM;0;1013.25;11.1012;175884.242;9045833.842;130.38;176089.028;9045633.904;78.939;286.496;286.203
CND_200_5;09/09/2026 02:02;" 316° 06' 24.59490""";"  77° 35' 27.16309""";562.264;Atmos PPM;0;1013.25;11.1012;175708.353;9046029.645;199.785;176089.028;9045633.904;78.939;549.185;549.112
CND_1504;09/09/2026 02:03;" 320° 45' 22.66737""";"  78° 43' 32.51743""";370.087;Atmos PPM;0;1013.25;11.1012;175859.45;9045915.005;151.302;176089.028;9045633.904;78.939;362.974;362.937
CND_210_5;09/09/2026 02:03;" 320° 50' 25.13786""";"  77° 01' 24.53342""";587.592;Atmos PPM;0;1013.25;11.1012;175727.498;9046077.897;210.906;176089.028;9045633.904;78.939;572.641;572.568
CND_190_6;09/09/2026 02:03;" 321° 21' 23.16039""";"  77° 52' 42.51477""";529.231;Atmos PPM;0;1013.25;11.1012;175765.949;9046038.057;190.088;176089.028;9045633.904;78.939;517.464;517.416
CND_200_6;09/09/2026 02:03;" 325° 15' 04.89749""";"  77° 24' 58.22979""";553.588;Atmos PPM;0;1013.25;11.1012;175781.122;9046077.852;199.568;176089.028;9045633.904;78.939;540.325;540.274
CND_210_6;09/09/2026 02:04;" 328° 34' 38.96786""";"  76° 54' 42.34015""";582.153;Atmos PPM;0;1013.25;11.1012;175793.46;9046117.786;210.79;176089.028;9045633.904;78.939;567.059;567.012
CND_34;09/09/2026 02:04;" 330° 33' 55.71992""";"  80° 30' 47.35532""";315.763;Atmos PPM;0;1013.25;11.1012;175936.001;9045905.155;130.99;176089.028;9045633.904;78.939;311.606;311.439
CND_1403;09/09/2026 02:05;" 335° 13' 52.32527""";"  79° 30' 41.17078""";347.084;Atmos PPM;0;1013.25;11.1012;175946.074;9045943.798;142.13;176089.028;9045633.904;78.939;341.371;341.277
CND_23;09/09/2026 02:06;" 348° 36' 45.97714""";"  78° 49' 30.44570""";391.408;Atmos PPM;0;1013.25;11.1012;176013.248;9046010.33;154.806;176089.028;9045633.904;78.939;383.951;383.978
CND_30002;09/09/2026 04:00;" 289° 14' 44.49802""";"  79° 28' 59.61055""";723.074;Atmos PPM;0;1013.25;11.1012;175417.873;9045868.289;210.951;176089.028;9045633.904;78.939;710.915;710.904
CND_30003;09/09/2026 04:00;" 290° 56' 13.10596""";"  79° 32' 50.44550""";674.095;Atmos PPM;0;1013.25;11.1012;175469.927;9045870.833;201.265;176089.028;9045633.904;78.939;662.894;662.889
CND_30004;09/09/2026 04:00;" 291° 25' 43.37565""";"  79° 52' 56.26090""";637.676;Atmos PPM;0;1013.25;11.1012;175504.701;9045863.294;190.987;176089.028;9045633.904;78.939;627.75;627.741
CND_170_1;09/09/2026 04:00;" 298° 32' 40.67116""";"  79° 40' 26.56542""";508.766;Atmos PPM;0;1013.25;11.1012;175649.375;9045873.108;170.151;176089.028;9045633.904;78.939;500.548;500.513
CND_190_3;09/09/2026 04:00;" 298° 34' 30.48220""";"  78° 59' 20.91343""";594.717;Atmos PPM;0;1013.25;11.1012;175576.406;9045913.162;192.55;176089.028;9045633.904;78.939;583.897;583.752
CND_180_2;09/09/2026 04:01;" 298° 59' 59.28747""";"  79° 34' 23.26442""";553.863;Atmos PPM;0;1013.25;11.1012;175612.643;9045898.019;179.198;176089.028;9045633.904;78.939;544.768;544.702
CND_200_8;09/09/2026 04:01;" 303° 25' 04.26842""";"  78° 15' 55.99364""";598.433;Atmos PPM;0;1013.25;11.1012;175600.011;9045956.629;200.669;176089.028;9045633.904;78.939;586.05;585.909
CND_200_3;09/09/2026 04:01;" 303° 25' 04.01864""";"  78° 15' 55.65660""";598.433;Atmos PPM;0;1013.25;11.1012;175600.011;9045956.629;200.67;176089.028;9045633.904;78.939;586.052;585.909
CND_190_4;09/09/2026 04:01;" 304° 23' 46.46630""";"  78° 35' 21.97964""";568.312;Atmos PPM;0;1013.25;11.1012;175629.394;9045948.635;191.394;176089.028;9045633.904;78.939;557.187;557.063
CND_200_4;09/09/2026 04:01;" 309° 34' 03.23414""";"  77° 58' 11.97117""";577.857;Atmos PPM;0;1013.25;11.1012;175653.399;9045993.934;199.4;176089.028;9045633.904;78.939;565.267;565.15
CND_1505;09/09/2026 04:01;" 310° 59' 43.02912""";"  79° 10' 43.77111""";381.65;Atmos PPM;0;1013.25;11.1012;175806.122;9045879.832;150.601;176089.028;9045633.904;78.939;374.89;374.854
CND_210_4;09/09/2026 04:01;" 311° 21' 22.70031""";"  77° 25' 51.68378""";600.874;Atmos PPM;0;1013.25;11.1012;175648.858;9046021.436;209.722;176089.028;9045633.904;78.939;586.567;586.456
CND_190_5;09/09/2026 04:01;" 312° 12' 18.95554""";"  78° 10' 52.42943""";542.235;Atmos PPM;0;1013.25;11.1012;175695.928;9045990.472;190.017;176089.028;9045633.904;78.939;530.796;530.724
CND_32;09/09/2026 04:02;" 314° 18' 32.09764""";"  79° 48' 42.19090""";290.794;Atmos PPM;0;1013.25;11.1012;175884.243;9045833.842;130.381;176089.028;9045633.904;78.939;286.496;286.203
CND_200_5;09/09/2026 04:02;" 316° 06' 24.59398""";"  77° 35' 26.88862""";562.264;Atmos PPM;0;1013.25;11.1012;175708.353;9046029.645;199.786;176089.028;9045633.904;78.939;549.185;549.112
CND_1504;09/09/2026 04:02;" 320° 45' 23.14778""";"  78° 43' 33.12633""";370.087;Atmos PPM;0;1013.25;11.1012;175859.451;9045915.006;151.301;176089.028;9045633.904;78.939;362.974;362.937
CND_210_5;09/09/2026 04:03;" 320° 50' 24.08276""";"  77° 01' 26.23958""";587.592;Atmos PPM;0;1013.25;11.1012;175727.495;9046077.896;210.901;176089.028;9045633.904;78.939;572.641;572.569
CND_190_6;09/09/2026 04:03;" 321° 21' 22.35606""";"  77° 52' 42.65540""";529.231;Atmos PPM;0;1013.25;11.1012;175765.948;9046038.056;190.088;176089.028;9045633.904;78.939;517.464;517.416
CND_1402;09/09/2026 04:03;" 325° 03' 31.48552""";"  79° 32' 28.91276""";340.05;Atmos PPM;0;1013.25;11.1012;175897.532;9045908.036;140.675;176089.028;9045633.904;78.939;334.538;334.394
CND_200_6;09/09/2026 04:03;" 325° 15' 04.78006""";"  77° 25' 00.41627""";553.588;Atmos PPM;0;1013.25;11.1012;175781.121;9046077.853;199.562;176089.028;9045633.904;78.939;540.325;540.275
CND_210_6;09/09/2026 04:03;" 328° 34' 40.58482""";"  76° 54' 37.94593""";582.153;Atmos PPM;0;1013.25;11.1012;175793.465;9046117.786;210.802;176089.028;9045633.904;78.939;567.059;567.009
CND_1403;09/09/2026 04:04;" 335° 13' 52.11348""";"  79° 30' 39.96899""";347.084;Atmos PPM;0;1013.25;11.1012;175946.073;9045943.798;142.132;176089.028;9045633.904;78.939;341.371;341.277
CND_30002;09/09/2026 06:00;" 289° 14' 44.49095""";"  79° 28' 59.91670""";723.073;Atmos PPM;0;1013.25;11.1012;175417.873;9045868.289;210.95;176089.028;9045633.904;78.939;710.915;710.905
CND_30003;09/09/2026 06:00;" 290° 56' 13.66559""";"  79° 32' 49.26848""";674.095;Atmos PPM;0;1013.25;11.1012;175469.929;9045870.835;201.269;176089.028;9045633.904;78.939;662.894;662.888
CND_30004;09/09/2026 06:00;" 291° 25' 44.06786""";"  79° 52' 56.02659""";637.676;Atmos PPM;0;1013.25;11.1012;175504.701;9045863.296;190.988;176089.028;9045633.904;78.939;627.75;627.741
CND_170_1;09/09/2026 06:00;" 298° 32' 41.10094""";"  79° 40' 27.64025""";508.766;Atmos PPM;0;1013.25;11.1012;175649.375;9045873.109;170.149;176089.028;9045633.904;78.939;500.548;500.514
CND_190_3;09/09/2026 06:01;" 298° 34' 30.79136""";"  78° 59' 22.10809""";594.717;Atmos PPM;0;1013.25;11.1012;175576.406;9045913.163;192.547;176089.028;9045633.904;78.939;583.897;583.753
CND_180_2;09/09/2026 06:01;" 298° 59' 58.91396""";"  79° 34' 22.88971""";553.863;Atmos PPM;0;1013.25;11.1012;175612.642;9045898.018;179.199;176089.028;9045633.904;78.939;544.768;544.702
CND_210_3;09/09/2026 06:01;" 302° 54' 00.43522""";"  78° 03' 51.28575""";629.466;Atmos PPM;0;1013.25;11.1012;175571.988;9045968.456;209.148;176089.028;9045633.904;78.939;616.02;615.837
CND_200_8;09/09/2026 06:01;" 303° 25' 04.02806""";"  78° 15' 54.09768""";598.433;Atmos PPM;0;1013.25;11.1012;175600.012;9045956.628;200.675;176089.028;9045633.904;78.939;586.05;585.907
CND_200_3;09/09/2026 06:01;" 303° 25' 01.56240""";"  78° 15' 54.71677""";598.433;Atmos PPM;0;1013.25;11.1012;175600.007;9045956.623;200.673;176089.028;9045633.904;78.939;586.052;585.908
CND_190_4;09/09/2026 06:02;" 304° 23' 45.54784""";"  78° 35' 21.98636""";568.312;Atmos PPM;0;1013.25;11.1012;175629.392;9045948.633;191.394;176089.028;9045633.904;78.939;557.187;557.063
CND_200_4;09/09/2026 06:02;" 309° 34' 03.69512""";"  77° 58' 11.50080""";577.857;Atmos PPM;0;1013.25;11.1012;175653.4;9045993.935;199.401;176089.028;9045633.904;78.939;565.267;565.149
CND_1505;09/09/2026 06:02;" 310° 59' 42.30763""";"  79° 10' 45.51064""";381.65;Atmos PPM;0;1013.25;11.1012;175806.121;9045879.831;150.598;176089.028;9045633.904;78.939;374.89;374.855
CND_210_4;09/09/2026 06:02;" 311° 21' 28.47597""";"  77° 25' 51.55223""";600.874;Atmos PPM;0;1013.25;11.1012;175648.869;9046021.448;209.722;176089.028;9045633.904;78.939;586.567;586.456
CND_190_5;09/09/2026 06:02;" 312° 12' 18.72147""";"  78° 10' 53.38521""";542.235;Atmos PPM;0;1013.25;11.1012;175695.927;9045990.472;190.015;176089.028;9045633.904;78.939;530.796;530.725
CND_32;09/09/2026 06:02;" 314° 18' 31.94968""";"  79° 48' 42.43641""";290.794;Atmos PPM;0;1013.25;11.1012;175884.242;9045833.842;130.381;176089.028;9045633.904;78.939;286.496;286.203
CND_200_5;09/09/2026 06:03;" 316° 06' 26.98066""";"  77° 35' 26.72540""";562.265;Atmos PPM;0;1013.25;11.1012;175708.358;9046029.65;199.786;176089.028;9045633.904;78.939;549.185;549.112
CND_1602;09/09/2026 06:03;" 317° 50' 29.74065""";"  78° 12' 04.91189""";403.376;Atmos PPM;0;1013.25;11.1012;175824.04;9045926.621;161.429;176089.028;9045633.904;78.939;394.845;394.844
CND_1504;09/09/2026 06:03;" 320° 45' 22.57000""";"  78° 43' 32.46848""";370.087;Atmos PPM;0;1013.25;11.1012;175859.45;9045915.005;151.303;176089.028;9045633.904;78.939;362.974;362.937
CND_210_5;09/09/2026 06:03;" 320° 50' 24.24471""";"  77° 01' 25.28027""";587.592;Atmos PPM;0;1013.25;11.1012;175727.496;9046077.896;210.904;176089.028;9045633.904;78.939;572.641;572.568
CND_190_6;09/09/2026 06:03;" 321° 21' 23.80522""";"  77° 52' 42.83782""";529.231;Atmos PPM;0;1013.25;11.1012;175765.95;9046038.059;190.088;176089.028;9045633.904;78.939;517.464;517.417
CND_1402;09/09/2026 06:04;" 325° 03' 30.78081""";"  79° 32' 27.01633""";340.05;Atmos PPM;0;1013.25;11.1012;175897.531;9045908.035;140.678;176089.028;9045633.904;78.939;334.538;334.393
CND_200_6;09/09/2026 06:04;" 325° 15' 03.33903""";"  77° 24' 59.75714""";553.588;Atmos PPM;0;1013.25;11.1012;175781.118;9046077.85;199.564;176089.028;9045633.904;78.939;540.325;540.275
CND_1603;09/09/2026 06:04;" 325° 30' 38.47798""";"  78° 12' 02.00908""";397.914;Atmos PPM;0;1013.25;11.1012;175868.502;9045954.958;160.318;176089.028;9045633.904;78.939;389.496;389.497
CND_210_6;09/09/2026 06:04;" 328° 34' 39.98729""";"  76° 54' 38.08315""";582.153;Atmos PPM;0;1013.25;11.1012;175793.464;9046117.786;210.802;176089.028;9045633.904;78.939;567.059;567.009
CND_1503;09/09/2026 06:04;" 328° 44' 17.16940""";"  78° 43' 02.38956""";367.858;Atmos PPM;0;1013.25;11.1012;175901.848;9045942.283;150.919;176089.028;9045633.904;78.939;360.776;360.741
CND_200_7;09/09/2026 06:05;" 332° 03' 34.42048""";"  77° 26' 38.29220""";554.821;Atmos PPM;0;1013.25;11.1012;175835.33;9046112.337;199.574;176089.028;9045633.904;78.939;541.571;541.536
CND_1403;09/09/2026 06:05;" 335° 13' 50.15383""";"  79° 30' 38.79956""";347.084;Atmos PPM;0;1013.25;11.1012;175946.071;9045943.796;142.134;176089.028;9045633.904;78.939;341.371;341.276
CND_23;09/09/2026 06:07;" 348° 36' 45.12541""";"  78° 49' 28.64582""";391.408;Atmos PPM;0;1013.25;11.1012;176013.246;9046010.329;154.809;176089.028;9045633.904;78.939;383.951;383.977
CND_30002;09/09/2026 08:00;" 289° 14' 49.15488""";"  79° 29' 02.85670""";723.073;Atmos PPM;0;1013.25;11.1012;175417.877;9045868.304;210.94;176089.028;9045633.904;78.939;710.915;710.906
CND_30003;09/09/2026 08:00;" 290° 56' 17.28335""";"  79° 32' 49.64651""";674.095;Atmos PPM;0;1013.25;11.1012;175469.933;9045870.845;201.268;176089.028;9045633.904;78.939;662.894;662.887
CND_30004;09/09/2026 08:00;" 291° 25' 48.47347""";"  79° 52' 56.57782""";637.675;Atmos PPM;0;1013.25;11.1012;175504.707;9045863.309;190.986;176089.028;9045633.904;78.939;627.75;627.741
CND_170_1;09/09/2026 08:00;" 298° 32' 45.36459""";"  79° 40' 26.50364""";508.765;Atmos PPM;0;1013.25;11.1012;175649.381;9045873.118;170.151;176089.028;9045633.904;78.939;500.548;500.512
CND_190_3;09/09/2026 08:00;" 298° 34' 34.63418""";"  78° 59' 19.33611""";594.717;Atmos PPM;0;1013.25;11.1012;175576.412;9045913.172;192.555;176089.028;9045633.904;78.939;583.897;583.751
CND_180_2;09/09/2026 08:01;" 299° 00' 04.51653""";"  79° 34' 26.41596""";553.862;Atmos PPM;0;1013.25;11.1012;175612.648;9045898.032;179.189;176089.028;9045633.904;78.939;544.768;544.703
CND_210_3;09/09/2026 08:01;" 302° 53' 59.90857""";"  78° 03' 46.85180""";629.465;Atmos PPM;0;1013.25;11.1012;175571.99;9045968.453;209.161;176089.028;9045633.904;78.939;616.02;615.834
CND_200_8;09/09/2026 08:01;" 303° 25' 04.94538""";"  78° 15' 51.18940""";598.432;Atmos PPM;0;1013.25;11.1012;175600.015;9045956.629;200.683;176089.028;9045633.904;78.939;586.05;585.905
CND_200_3;09/09/2026 08:01;" 303° 25' 06.10996""";"  78° 15' 54.68361""";598.433;Atmos PPM;0;1013.25;11.1012;175600.015;9045956.633;200.673;176089.028;9045633.904;78.939;586.052;585.907
CND_190_4;09/09/2026 08:01;" 304° 23' 50.44503""";"  78° 35' 21.32283""";568.311;Atmos PPM;0;1013.25;11.1012;175629.401;9045948.643;191.396;176089.028;9045633.904;78.939;557.187;557.062
CND_200_4;09/09/2026 08:01;" 309° 34' 06.48811""";"  77° 58' 08.60995""";577.856;Atmos PPM;0;1013.25;11.1012;175653.407;9045993.939;199.409;176089.028;9045633.904;78.939;565.267;565.147
CND_1505;09/09/2026 08:02;" 310° 59' 44.15430""";"  79° 10' 42.23779""";381.649;Atmos PPM;0;1013.25;11.1012;175806.124;9045879.833;150.604;176089.028;9045633.904;78.939;374.89;374.854
CND_210_4;09/09/2026 08:02;" 311° 21' 27.31137""";"  77° 25' 45.30841""";600.874;Atmos PPM;0;1013.25;11.1012;175648.871;9046021.442;209.74;176089.028;9045633.904;78.939;586.567;586.451
CND_190_5;09/09/2026 08:02;" 312° 12' 20.50440""";"  78° 10' 51.46826""";542.234;Atmos PPM;0;1013.25;11.1012;175695.932;9045990.474;190.019;176089.028;9045633.904;78.939;530.796;530.723
CND_32;09/09/2026 08:02;" 314° 18' 36.21460""";"  79° 48' 42.24980""";290.794;Atmos PPM;0;1013.25;11.1012;175884.247;9045833.846;130.381;176089.028;9045633.904;78.939;286.496;286.203
CND_200_5;09/09/2026 08:03;" 316° 06' 27.66296""";"  77° 35' 23.98733""";562.264;Atmos PPM;0;1013.25;11.1012;175708.36;9046029.649;199.794;176089.028;9045633.904;78.939;549.185;549.11
CND_1602;09/09/2026 08:04;" 317° 50' 32.29099""";"  78° 12' 03.58259""";403.376;Atmos PPM;0;1013.25;11.1012;175824.045;9045926.624;161.432;176089.028;9045633.904;78.939;394.845;394.843
CND_1504;09/09/2026 08:04;" 320° 45' 26.63392""";"  78° 43' 31.93844""";370.087;Atmos PPM;0;1013.25;11.1012;175859.456;9045915.009;151.303;176089.028;9045633.904;78.939;362.974;362.937
CND_210_5;09/09/2026 08:04;" 320° 50' 26.69742""";"  77° 01' 22.40220""";587.591;Atmos PPM;0;1013.25;11.1012;175727.503;9046077.899;210.912;176089.028;9045633.904;78.939;572.641;572.566
CND_190_6;09/09/2026 08:04;" 321° 21' 27.29498""";"  77° 52' 41.96986""";529.23;Atmos PPM;0;1013.25;11.1012;175765.958;9046038.063;190.09;176089.028;9045633.904;78.939;517.464;517.415
CND_200_6;09/09/2026 08:05;" 325° 15' 09.16628""";"  77° 24' 57.12004""";553.588;Atmos PPM;0;1013.25;11.1012;175781.131;9046077.857;199.571;176089.028;9045633.904;78.939;540.325;540.273
CND_1603;09/09/2026 08:05;" 325° 30' 42.72676""";"  78° 11' 57.06377""";397.914;Atmos PPM;0;1013.25;11.1012;175868.51;9045954.961;160.327;176089.028;9045633.904;78.939;389.496;389.494
CND_210_6;09/09/2026 08:05;" 328° 34' 42.39112""";"  76° 54' 33.77654""";582.152;Atmos PPM;0;1013.25;11.1012;175793.471;9046117.786;210.814;176089.028;9045633.904;78.939;567.059;567.006
CND_1503;09/09/2026 08:05;" 328° 44' 20.54403""";"  78° 43' 01.66752""";367.858;Atmos PPM;0;1013.25;11.1012;175901.853;9045942.285;150.92;176089.028;9045633.904;78.939;360.776;360.74
CND_200_7;09/09/2026 08:05;" 332° 03' 35.27791""";"  77° 26' 33.53755""";554.82;Atmos PPM;0;1013.25;11.1012;175835.334;9046112.335;199.586;176089.028;9045633.904;78.939;541.571;541.532
CND_1604;09/09/2026 08:06;" 332° 27' 37.44428""";"  78° 10' 04.13293""";397.113;Atmos PPM;0;1013.25;11.1012;175909.353;9045978.546;160.376;176089.028;9045633.904;78.939;388.706;388.666
CND_1403;09/09/2026 08:06;" 335° 13' 55.25115""";"  79° 30' 39.25236""";347.084;Atmos PPM;0;1013.25;11.1012;175946.078;9045943.799;142.133;176089.028;9045633.904;78.939;341.371;341.276
CND_30002;09/09/2026 10:00;" 289° 14' 45.75734""";"  79° 29' 02.34209""";723.073;Atmos PPM;0;1013.25;11.1012;175417.874;9045868.293;210.942;176089.028;9045633.904;78.939;710.915;710.905
CND_30003;09/09/2026 10:00;" 290° 56' 16.95612""";"  79° 32' 50.47463""";674.095;Atmos PPM;0;1013.25;11.1012;175469.932;9045870.845;201.265;176089.028;9045633.904;78.939;662.894;662.888
CND_30004;09/09/2026 10:00;" 291° 25' 45.80632""";"  79° 53' 06.58997""";637.674;Atmos PPM;0;1013.25;11.1012;175504.699;9045863.303;190.955;176089.028;9045633.904;78.939;627.75;627.745
CND_170_1;09/09/2026 10:00;" 298° 32' 41.21280""";"  79° 40' 27.62669""";508.765;Atmos PPM;0;1013.25;11.1012;175649.376;9045873.109;170.149;176089.028;9045633.904;78.939;500.548;500.512
CND_190_3;09/09/2026 10:01;" 298° 34' 30.53455""";"  78° 59' 21.71846""";594.717;Atmos PPM;0;1013.25;11.1012;175576.406;9045913.162;192.548;176089.028;9045633.904;78.939;583.897;583.752
CND_180_2;09/09/2026 10:01;" 299° 00' 00.00976""";"  79° 34' 25.22822""";553.862;Atmos PPM;0;1013.25;11.1012;175612.643;9045898.021;179.192;176089.028;9045633.904;78.939;544.768;544.702
CND_210_3;09/09/2026 10:01;" 302° 54' 01.47312""";"  78° 03' 47.82813""";629.464;Atmos PPM;0;1013.25;11.1012;175571.992;9045968.457;209.158;176089.028;9045633.904;78.939;616.02;615.834
CND_200_8;09/09/2026 10:01;" 303° 25' 04.41501""";"  78° 15' 54.35822""";598.433;Atmos PPM;0;1013.25;11.1012;175600.013;9045956.629;200.674;176089.028;9045633.904;78.939;586.05;585.907
CND_200_3;09/09/2026 10:01;" 303° 25' 04.91671""";"  78° 15' 51.71918""";598.432;Atmos PPM;0;1013.25;11.1012;175600.015;9045956.629;200.681;176089.028;9045633.904;78.939;586.052;585.905
CND_190_4;09/09/2026 10:01;" 304° 23' 46.20331""";"  78° 35' 19.18890""";568.312;Atmos PPM;0;1013.25;11.1012;175629.395;9045948.633;191.401;176089.028;9045633.904;78.939;557.187;557.061
CND_200_4;09/09/2026 10:01;" 309° 34' 04.64733""";"  77° 58' 11.92567""";577.856;Atmos PPM;0;1013.25;11.1012;175653.403;9045993.937;199.4;176089.028;9045633.904;78.939;565.267;565.149
CND_1505;09/09/2026 10:01;" 310° 59' 44.83707""";"  79° 10' 45.98662""";381.649;Atmos PPM;0;1013.25;11.1012;175806.124;9045879.834;150.597;176089.028;9045633.904;78.939;374.89;374.855
CND_210_4;09/09/2026 10:01;" 311° 21' 25.76394""";"  77° 25' 46.69929""";600.873;Atmos PPM;0;1013.25;11.1012;175648.867;9046021.44;209.736;176089.028;9045633.904;78.939;586.567;586.451
CND_190_5;09/09/2026 10:02;" 312° 12' 20.00600""";"  78° 10' 55.56169""";542.234;Atmos PPM;0;1013.25;11.1012;175695.929;9045990.474;190.009;176089.028;9045633.904;78.939;530.796;530.725
CND_32;09/09/2026 10:02;" 314° 18' 33.33036""";"  79° 48' 43.97715""";290.793;Atmos PPM;0;1013.25;11.1012;175884.244;9045833.843;130.379;176089.028;9045633.904;78.939;286.496;286.203
CND_200_5;09/09/2026 10:02;" 316° 06' 25.76329""";"  77° 35' 27.49035""";562.263;Atmos PPM;0;1013.25;11.1012;175708.356;9046029.647;199.784;176089.028;9045633.904;78.939;549.185;549.112
CND_1602;09/09/2026 10:03;" 317° 50' 28.55267""";"  78° 12' 06.03842""";403.375;Atmos PPM;0;1013.25;11.1012;175824.039;9045926.62;161.427;176089.028;9045633.904;78.939;394.845;394.844
CND_1504;09/09/2026 10:03;" 320° 45' 27.07558""";"  78° 43' 33.97820""";370.087;Atmos PPM;0;1013.25;11.1012;175859.457;9045915.01;151.3;176089.028;9045633.904;78.939;362.974;362.937
CND_210_5;09/09/2026 10:03;" 320° 50' 25.62467""";"  77° 01' 23.76947""";587.591;Atmos PPM;0;1013.25;11.1012;175727.5;9046077.898;210.908;176089.028;9045633.904;78.939;572.641;572.567
CND_190_6;09/09/2026 10:03;" 321° 21' 26.83008""";"  77° 52' 45.46228""";529.23;Atmos PPM;0;1013.25;11.1012;175765.956;9046038.064;190.081;176089.028;9045633.904;78.939;517.464;517.418
CND_200_6;09/09/2026 10:04;" 325° 15' 02.88178""";"  77° 25' 00.88153""";553.587;Atmos PPM;0;1013.25;11.1012;175781.117;9046077.85;199.561;176089.028;9045633.904;78.939;540.325;540.275
CND_1603;09/09/2026 10:04;" 325° 30' 41.84105""";"  78° 11' 59.30305""";397.914;Atmos PPM;0;1013.25;11.1012;175868.508;9045954.961;160.323;176089.028;9045633.904;78.939;389.496;389.495
CND_210_6;09/09/2026 10:04;" 328° 34' 39.36328""";"  76° 54' 34.16109""";582.152;Atmos PPM;0;1013.25;11.1012;175793.464;9046117.782;210.813;176089.028;9045633.904;78.939;567.059;567.006
CND_1503;09/09/2026 10:05;" 328° 44' 20.53848""";"  78° 43' 04.81461""";367.858;Atmos PPM;0;1013.25;11.1012;175901.852;9045942.286;150.915;176089.028;9045633.904;78.939;360.776;360.741
CND_200_7;09/09/2026 10:05;" 332° 03' 32.84423""";"  77° 26' 32.99068""";554.82;Atmos PPM;0;1013.25;11.1012;175835.328;9046112.332;199.588;176089.028;9045633.904;78.939;541.571;541.532
CND_1604;09/09/2026 10:05;" 332° 27' 34.00316""";"  78° 10' 06.18647""";397.113;Atmos PPM;0;1013.25;11.1012;175909.347;9045978.544;160.372;176089.028;9045633.904;78.939;388.706;388.667
CND_1403;09/09/2026 10:05;" 335° 13' 53.08203""";"  79° 30' 40.41380""";347.083;Atmos PPM;0;1013.25;11.1012;175946.075;9045943.798;142.131;176089.028;9045633.904;78.939;341.371;341.276
CND_1803;09/09/2026 10:07;" 348° 01' 17.02619""";"  78° 12' 11.52627""";498.573;Atmos PPM;0;1013.25;11.1012;175987.78;9046111.315;180.884;176089.028;9045633.904;78.939;488.054;488.029
CND_23;09/09/2026 10:07;" 348° 36' 43.92686""";"  78° 49' 27.68858""";391.407;Atmos PPM;0;1013.25;11.1012;176013.244;9046010.328;154.811;176089.028;9045633.904;78.939;383.951;383.976
CND_30002;09/09/2026 12:00;" 289° 14' 42.56808""";"  79° 29' 08.34522""";723.072;Atmos PPM;0;1013.25;11.1012;175417.867;9045868.284;210.921;176089.028;9045633.904;78.939;710.915;710.908
CND_30003;09/09/2026 12:00;" 290° 56' 08.74409""";"  79° 32' 50.75411""";674.094;Atmos PPM;0;1013.25;11.1012;175469.923;9045870.82;201.264;176089.028;9045633.904;78.939;662.894;662.887
CND_30004;09/09/2026 12:00;" 291° 25' 44.53666""";"  79° 52' 59.66461""";637.674;Atmos PPM;0;1013.25;11.1012;175504.702;9045863.298;190.976;176089.028;9045633.904;78.939;627.75;627.741
CND_170_1;09/09/2026 12:00;" 298° 32' 39.14574""";"  79° 40' 29.67342""";508.765;Atmos PPM;0;1013.25;11.1012;175649.373;9045873.105;170.144;176089.028;9045633.904;78.939;500.548;500.513
CND_190_3;09/09/2026 12:01;" 298° 34' 29.49488""";"  78° 59' 24.51493""";594.716;Atmos PPM;0;1013.25;11.1012;175576.404;9045913.16;192.54;176089.028;9045633.904;78.939;583.897;583.753
CND_180_2;09/09/2026 12:01;" 298° 59' 56.08600""";"  79° 34' 23.95680""";553.861;Atmos PPM;0;1013.25;11.1012;175612.639;9045898.011;179.196;176089.028;9045633.904;78.939;544.768;544.701
CND_210_3;09/09/2026 12:01;" 302° 53' 58.97737""";"  78° 03' 54.09507""";629.464;Atmos PPM;0;1013.25;11.1012;175571.986;9045968.452;209.139;176089.028;9045633.904;78.939;616.02;615.837
CND_200_8;09/09/2026 12:01;" 303° 25' 02.39501""";"  78° 15' 55.37184""";598.432;Atmos PPM;0;1013.25;11.1012;175600.009;9045956.624;200.671;176089.028;9045633.904;78.939;586.05;585.908
CND_200_3;09/09/2026 12:01;" 303° 25' 01.56664""";"  78° 15' 55.86612""";598.431;Atmos PPM;0;1013.25;11.1012;175600.009;9045956.622;200.669;176089.028;9045633.904;78.939;586.052;585.907
CND_190_4;09/09/2026 12:01;" 304° 23' 47.26783""";"  78° 35' 22.61364""";568.311;Atmos PPM;0;1013.25;11.1012;175629.396;9045948.636;191.392;176089.028;9045633.904;78.939;557.187;557.062
CND_200_4;09/09/2026 12:01;" 309° 34' 00.98864""";"  77° 58' 13.07523""";577.856;Atmos PPM;0;1013.25;11.1012;175653.396;9045993.929;199.397;176089.028;9045633.904;78.939;565.267;565.149
CND_1505;09/09/2026 12:01;" 310° 59' 39.69316""";"  79° 10' 48.87039""";381.649;Atmos PPM;0;1013.25;11.1012;175806.118;9045879.828;150.592;176089.028;9045633.904;78.939;374.89;374.855
CND_210_4;09/09/2026 12:01;" 311° 21' 21.92432""";"  77° 25' 47.79034""";600.873;Atmos PPM;0;1013.25;11.1012;175648.86;9046021.431;209.732;176089.028;9045633.904;78.939;586.567;586.452
CND_190_5;09/09/2026 12:02;" 312° 12' 19.94934""";"  78° 10' 53.23956""";542.233;Atmos PPM;0;1013.25;11.1012;175695.93;9045990.473;190.015;176089.028;9045633.904;78.939;530.796;530.723
CND_32;09/09/2026 12:02;" 314° 18' 29.87001""";"  79° 48' 43.46948""";290.793;Atmos PPM;0;1013.25;11.1012;175884.241;9045833.84;130.379;176089.028;9045633.904;78.939;286.496;286.203
CND_200_5;09/09/2026 12:02;" 316° 06' 21.84988""";"  77° 35' 27.25541""";562.263;Atmos PPM;0;1013.25;11.1012;175708.349;9046029.639;199.785;176089.028;9045633.904;78.939;549.185;549.111
CND_1602;09/09/2026 12:03;" 317° 50' 25.59835""";"  78° 12' 05.78712""";403.376;Atmos PPM;0;1013.25;11.1012;175824.035;9045926.616;161.427;176089.028;9045633.904;78.939;394.845;394.844
CND_1504;09/09/2026 12:03;" 320° 45' 23.25402""";"  78° 43' 32.63961""";370.086;Atmos PPM;0;1013.25;11.1012;175859.452;9045915.005;151.302;176089.028;9045633.904;78.939;362.974;362.936
CND_210_5;09/09/2026 12:03;" 320° 50' 21.66309""";"  77° 01' 25.60369""";587.59;Atmos PPM;0;1013.25;11.1012;175727.491;9046077.891;210.903;176089.028;9045633.904;78.939;572.641;572.567
CND_190_6;09/09/2026 12:03;" 321° 21' 22.71588""";"  77° 52' 46.23550""";529.23;Atmos PPM;0;1013.25;11.1012;175765.948;9046038.058;190.079;176089.028;9045633.904;78.939;517.464;517.417
CND_30;09/09/2026 12:04;" 323° 47' 13.48919""";"  80° 41' 12.27894""";257.389;Atmos PPM;0;1013.25;11.1012;175938.99;9045838.844;120.597;176089.028;9045633.904;78.939;254.209;253.991
CND_1402;09/09/2026 12:04;" 325° 03' 28.19483""";"  79° 32' 28.61896""";340.05;Atmos PPM;0;1013.25;11.1012;175897.528;9045908.032;140.675;176089.028;9045633.904;78.939;334.538;334.393
CND_200_6;09/09/2026 12:04;" 325° 15' 03.89333""";"  77° 25' 00.50656""";553.587;Atmos PPM;0;1013.25;11.1012;175781.119;9046077.851;199.562;176089.028;9045633.904;78.939;540.325;540.274
CND_1603;09/09/2026 12:04;" 325° 30' 40.28009""";"  78° 11' 57.85613""";397.914;Atmos PPM;0;1013.25;11.1012;175868.506;9045954.959;160.325;176089.028;9045633.904;78.939;389.496;389.494
CND_210_6;09/09/2026 12:04;" 328° 34' 36.82891""";"  76° 54' 36.32909""";582.151;Atmos PPM;0;1013.25;11.1012;175793.458;9046117.779;210.807;176089.028;9045633.904;78.939;567.059;567.007
CND_1503;09/09/2026 12:05;" 328° 44' 15.68645""";"  78° 43' 03.82225""";367.858;Atmos PPM;0;1013.25;11.1012;175901.845;9045942.281;150.917;176089.028;9045633.904;78.939;360.776;360.74
CND_200_7;09/09/2026 12:05;" 332° 03' 31.02097""";"  77° 26' 35.59593""";554.819;Atmos PPM;0;1013.25;11.1012;175835.324;9046112.33;199.581;176089.028;9045633.904;78.939;541.571;541.533
CND_1604;09/09/2026 12:05;" 332° 27' 32.30122""";"  78° 10' 07.50021""";397.113;Atmos PPM;0;1013.25;11.1012;175909.344;9045978.543;160.369;176089.028;9045633.904;78.939;388.706;388.667
CND_1403;09/09/2026 12:06;" 335° 13' 50.59956""";"  79° 30' 40.54569""";347.083;Atmos PPM;0;1013.25;11.1012;175946.071;9045943.796;142.131;176089.028;9045633.904;78.939;341.371;341.276
CND_1803;09/09/2026 12:07;" 348° 01' 15.60248""";"  78° 12' 10.00201""";498.573;Atmos PPM;0;1013.25;11.1012;175987.776;9046111.314;180.888;176089.028;9045633.904;78.939;488.054;488.028
CND_23;09/09/2026 12:08;" 348° 36' 42.46638""";"  78° 49' 28.20721""";391.407;Atmos PPM;0;1013.25;11.1012;176013.242;9046010.327;154.81;176089.028;9045633.904;78.939;383.951;383.976
CND_30002;09/09/2026 14:00;" 289° 14' 42.65177""";"  79° 29' 07.00270""";723.072;Atmos PPM;0;1013.25;11.1012;175417.869;9045868.284;210.926;176089.028;9045633.904;78.939;710.915;710.907
CND_30003;09/09/2026 14:00;" 290° 56' 13.05989""";"  79° 32' 54.57008""";674.094;Atmos PPM;0;1013.25;11.1012;175469.926;9045870.834;201.252;176089.028;9045633.904;78.939;662.894;662.89
CND_30004;09/09/2026 14:00;" 291° 25' 43.24622""";"  79° 53' 02.16279""";637.674;Atmos PPM;0;1013.25;11.1012;175504.699;9045863.295;190.969;176089.028;9045633.904;78.939;627.75;627.743
CND_170_1;09/09/2026 14:01;" 298° 32' 39.77672""";"  79° 40' 28.32849""";508.765;Atmos PPM;0;1013.25;11.1012;175649.375;9045873.106;170.147;176089.028;9045633.904;78.939;500.548;500.512
CND_190_3;09/09/2026 14:01;" 298° 34' 29.31285""";"  78° 59' 20.72063""";594.716;Atmos PPM;0;1013.25;11.1012;175576.406;9045913.159;192.551;176089.028;9045633.904;78.939;583.897;583.751
CND_180_2;09/09/2026 14:01;" 298° 59' 57.27344""";"  79° 34' 28.35413""";553.861;Atmos PPM;0;1013.25;11.1012;175612.639;9045898.015;179.184;176089.028;9045633.904;78.939;544.768;544.703
CND_210_3;09/09/2026 14:01;" 302° 53' 58.31149""";"  78° 03' 51.23079""";629.464;Atmos PPM;0;1013.25;11.1012;175571.986;9045968.45;209.148;176089.028;9045633.904;78.939;616.02;615.836
CND_200_3;09/09/2026 14:01;" 303° 25' 01.71263""";"  78° 15' 53.82766""";598.431;Atmos PPM;0;1013.25;11.1012;175600.01;9045956.621;200.675;176089.028;9045633.904;78.939;586.052;585.906
CND_200_8;09/09/2026 14:01;" 303° 25' 02.45819""";"  78° 15' 54.60865""";598.432;Atmos PPM;0;1013.25;11.1012;175600.01;9045956.624;200.673;176089.028;9045633.904;78.939;586.05;585.906
CND_190_4;09/09/2026 14:01;" 304° 23' 46.03781""";"  78° 35' 22.65425""";568.31;Atmos PPM;0;1013.25;11.1012;175629.394;9045948.633;191.392;176089.028;9045633.904;78.939;557.187;557.062
CND_200_4;09/09/2026 14:02;" 309° 34' 01.03355""";"  77° 58' 10.27028""";577.856;Atmos PPM;0;1013.25;11.1012;175653.397;9045993.928;199.405;176089.028;9045633.904;78.939;565.267;565.147
CND_1505;09/09/2026 14:02;" 310° 59' 41.82224""";"  79° 10' 46.48309""";381.649;Atmos PPM;0;1013.25;11.1012;175806.121;9045879.83;150.596;176089.028;9045633.904;78.939;374.89;374.855
CND_210_4;09/09/2026 14:02;" 311° 21' 23.17602""";"  77° 25' 49.30874""";600.872;Atmos PPM;0;1013.25;11.1012;175648.862;9046021.435;209.728;176089.028;9045633.904;78.939;586.567;586.452
CND_190_5;09/09/2026 14:02;" 312° 12' 18.37156""";"  78° 10' 54.67623""";542.233;Atmos PPM;0;1013.25;11.1012;175695.927;9045990.471;190.011;176089.028;9045633.904;78.939;530.796;530.724
CND_32;09/09/2026 14:02;" 314° 18' 31.01048""";"  79° 48' 44.81553""";290.793;Atmos PPM;0;1013.25;11.1012;175884.242;9045833.841;130.378;176089.028;9045633.904;78.939;286.496;286.203
CND_200_5;09/09/2026 14:03;" 316° 06' 24.70131""";"  77° 35' 29.04539""";562.263;Atmos PPM;0;1013.25;11.1012;175708.354;9046029.645;199.78;176089.028;9045633.904;78.939;549.185;549.112
CND_1602;09/09/2026 14:03;" 317° 50' 27.07572""";"  78° 12' 06.19694""";403.375;Atmos PPM;0;1013.25;11.1012;175824.037;9045926.618;161.427;176089.028;9045633.904;78.939;394.845;394.844
CND_1504;09/09/2026 14:03;" 320° 45' 26.15467""";"  78° 43' 34.26413""";370.086;Atmos PPM;0;1013.25;11.1012;175859.456;9045915.008;151.299;176089.028;9045633.904;78.939;362.974;362.937
CND_210_5;09/09/2026 14:04;" 320° 50' 24.15274""";"  77° 01' 25.75410""";587.591;Atmos PPM;0;1013.25;11.1012;175727.496;9046077.895;210.903;176089.028;9045633.904;78.939;572.641;572.567
CND_190_6;09/09/2026 14:04;" 321° 21' 23.23159""";"  77° 52' 44.00870""";529.23;Atmos PPM;0;1013.25;11.1012;175765.95;9046038.057;190.084;176089.028;9045633.904;78.939;517.464;517.416
CND_1402;09/09/2026 14:04;" 325° 03' 26.70386""";"  79° 32' 28.12923""";340.049;Atmos PPM;0;1013.25;11.1012;175897.526;9045908.031;140.676;176089.028;9045633.904;78.939;334.538;334.392
CND_200_6;09/09/2026 14:04;" 325° 15' 02.04484""";"  77° 25' 01.83254""";553.587;Atmos PPM;0;1013.25;11.1012;175781.115;9046077.848;199.558;176089.028;9045633.904;78.939;540.325;540.274
CND_1603;09/09/2026 14:04;" 325° 30' 38.55227""";"  78° 11' 59.30889""";397.913;Atmos PPM;0;1013.25;11.1012;175868.503;9045954.957;160.322;176089.028;9045633.904;78.939;389.496;389.495
CND_210_6;09/09/2026 14:05;" 328° 34' 37.57253""";"  76° 54' 35.70145""";582.151;Atmos PPM;0;1013.25;11.1012;175793.46;9046117.779;210.808;176089.028;9045633.904;78.939;567.059;567.006
CND_1503;09/09/2026 14:05;" 328° 44' 15.69173""";"  78° 43' 05.22866""";367.857;Atmos PPM;0;1013.25;11.1012;175901.845;9045942.281;150.914;176089.028;9045633.904;78.939;360.776;360.741
CND_200_7;09/09/2026 14:05;" 332° 03' 29.78414""";"  77° 26' 32.96912""";554.819;Atmos PPM;0;1013.25;11.1012;175835.322;9046112.327;199.588;176089.028;9045633.904;78.939;541.571;541.531
CND_1604;09/09/2026 14:05;" 332° 27' 31.51620""";"  78° 10' 05.67418""";397.113;Atmos PPM;0;1013.25;11.1012;175909.343;9045978.541;160.373;176089.028;9045633.904;78.939;388.706;388.666
CND_1403;09/09/2026 14:06;" 335° 13' 49.68996""";"  79° 30' 40.52003""";347.083;Atmos PPM;0;1013.25;11.1012;175946.07;9045943.795;142.131;176089.028;9045633.904;78.939;341.371;341.276
CND_23;09/09/2026 14:08;" 348° 36' 43.08462""";"  78° 49' 28.66496""";391.406;Atmos PPM;0;1013.25;11.1012;176013.243;9046010.327;154.809;176089.028;9045633.904;78.939;383.951;383.975
CND_30002;09/09/2026 16:00;" 289° 14' 46.34059""";"  79° 29' 02.54640""";723.072;Atmos PPM;0;1013.25;11.1012;175417.875;9045868.295;210.941;176089.028;9045633.904;78.939;710.915;710.905
CND_30003;09/09/2026 16:00;" 290° 56' 14.63047""";"  79° 32' 52.26507""";674.094;Atmos PPM;0;1013.25;11.1012;175469.929;9045870.838;201.259;176089.028;9045633.904;78.939;662.894;662.889
CND_30004;09/09/2026 16:01;" 291° 25' 44.15364""";"  79° 52' 58.91192""";637.674;Atmos PPM;0;1013.25;11.1012;175504.701;9045863.297;190.979;176089.028;9045633.904;78.939;627.75;627.741
CND_170_1;09/09/2026 16:01;" 298° 32' 42.76221""";"  79° 40' 28.59918""";508.765;Atmos PPM;0;1013.25;11.1012;175649.378;9045873.112;170.146;176089.028;9045633.904;78.939;500.548;500.513
CND_190_3;09/09/2026 16:01;" 298° 34' 30.42882""";"  78° 59' 21.63891""";594.716;Atmos PPM;0;1013.25;11.1012;175576.407;9045913.162;192.548;176089.028;9045633.904;78.939;583.897;583.751
CND_180_2;09/09/2026 16:01;" 299° 00' 00.01552""";"  79° 34' 26.66208""";553.861;Atmos PPM;0;1013.25;11.1012;175612.643;9045898.021;179.188;176089.028;9045633.904;78.939;544.768;544.702
CND_210_3;09/09/2026 16:02;" 302° 54' 00.14409""";"  78° 03' 51.77425""";629.463;Atmos PPM;0;1013.25;11.1012;175571.989;9045968.454;209.146;176089.028;9045633.904;78.939;616.02;615.835
CND_200_3;09/09/2026 16:02;" 303° 25' 04.28814""";"  78° 15' 55.70102""";598.432;Atmos PPM;0;1013.25;11.1012;175600.013;9045956.628;200.67;176089.028;9045633.904;78.939;586.052;585.907
CND_200_8;09/09/2026 16:02;" 303° 25' 02.31734""";"  78° 15' 54.21406""";598.431;Atmos PPM;0;1013.25;11.1012;175600.011;9045956.623;200.674;176089.028;9045633.904;78.939;586.05;585.906
CND_190_4;09/09/2026 16:02;" 304° 23' 45.93829""";"  78° 35' 22.23144""";568.311;Atmos PPM;0;1013.25;11.1012;175629.394;9045948.633;191.393;176089.028;9045633.904;78.939;557.187;557.062
CND_200_4;09/09/2026 16:02;" 309° 34' 02.21114""";"  77° 58' 12.09681""";577.856;Atmos PPM;0;1013.25;11.1012;175653.399;9045993.931;199.399;176089.028;9045633.904;78.939;565.267;565.148
CND_1505;09/09/2026 16:03;" 310° 59' 43.24810""";"  79° 10' 45.68834""";381.649;Atmos PPM;0;1013.25;11.1012;175806.123;9045879.832;150.598;176089.028;9045633.904;78.939;374.89;374.854
CND_210_4;09/09/2026 16:03;" 311° 21' 23.50665""";"  77° 25' 49.05279""";600.872;Atmos PPM;0;1013.25;11.1012;175648.862;9046021.435;209.729;176089.028;9045633.904;78.939;586.567;586.452
CND_190_5;09/09/2026 16:03;" 312° 12' 17.39301""";"  78° 10' 53.71274""";542.234;Atmos PPM;0;1013.25;11.1012;175695.925;9045990.469;190.014;176089.028;9045633.904;78.939;530.796;530.724
CND_32;09/09/2026 16:03;" 314° 18' 32.19096""";"  79° 48' 43.39789""";290.793;Atmos PPM;0;1013.25;11.1012;175884.243;9045833.842;130.38;176089.028;9045633.904;78.939;286.496;286.203
CND_200_5;09/09/2026 16:04;" 316° 06' 23.54948""";"  77° 35' 28.46110""";562.263;Atmos PPM;0;1013.25;11.1012;175708.352;9046029.643;199.781;176089.028;9045633.904;78.939;549.185;549.112
CND_1602;09/09/2026 16:04;" 317° 50' 28.33261""";"  78° 12' 05.77343""";403.375;Atmos PPM;0;1013.25;11.1012;175824.039;9045926.619;161.427;176089.028;9045633.904;78.939;394.845;394.844
CND_1504;09/09/2026 16:04;" 320° 45' 26.09097""";"  78° 43' 31.00703""";370.086;Atmos PPM;0;1013.25;11.1012;175859.456;9045915.007;151.305;176089.028;9045633.904;78.939;362.974;362.936
CND_210_5;09/09/2026 16:05;" 320° 50' 24.85106""";"  77° 01' 24.97976""";587.59;Atmos PPM;0;1013.25;11.1012;175727.498;9046077.896;210.905;176089.028;9045633.904;78.939;572.641;572.567
CND_190_6;09/09/2026 16:05;" 321° 21' 24.27230""";"  77° 52' 42.83931""";529.229;Atmos PPM;0;1013.25;11.1012;175765.952;9046038.058;190.087;176089.028;9045633.904;78.939;517.464;517.415
CND_210_6;09/09/2026 16:06;" 328° 34' 39.10698""";"  76° 54' 36.43087""";582.151;Atmos PPM;0;1013.25;11.1012;175793.463;9046117.782;210.806;176089.028;9045633.904;78.939;567.059;567.006
CND_1503;09/09/2026 16:06;" 328° 44' 15.94808""";"  78° 43' 02.72195""";367.857;Atmos PPM;0;1013.25;11.1012;175901.846;9045942.281;150.918;176089.028;9045633.904;78.939;360.776;360.74
CND_200_7;09/09/2026 16:06;" 332° 03' 32.99246""";"  77° 26' 35.82789""";554.819;Atmos PPM;0;1013.25;11.1012;175835.328;9046112.333;199.58;176089.028;9045633.904;78.939;541.571;541.532
CND_1604;09/09/2026 16:07;" 332° 27' 34.51912""";"  78° 10' 06.76121""";397.113;Atmos PPM;0;1013.25;11.1012;175909.348;9045978.544;160.371;176089.028;9045633.904;78.939;388.706;388.667
CND_1403;09/09/2026 16:07;" 335° 13' 50.78726""";"  79° 30' 39.77910""";347.083;Atmos PPM;0;1013.25;11.1012;175946.072;9045943.796;142.132;176089.028;9045633.904;78.939;341.371;341.276
CND_1803;09/09/2026 16:09;" 348° 01' 17.71359""";"  78° 12' 08.95713""";498.572;Atmos PPM;0;1013.25;11.1012;175987.782;9046111.314;180.89;176089.028;9045633.904;78.939;488.054;488.027
CND_23;09/09/2026 16:09;" 348° 36' 45.73013""";"  78° 49' 27.45307""";391.406;Atmos PPM;0;1013.25;11.1012;176013.248;9046010.328;154.811;176089.028;9045633.904;78.939;383.951;383.975
CND_30002;09/09/2026 18:00;" 289° 14' 45.54625""";"  79° 29' 01.88443""";723.072;Atmos PPM;0;1013.25;11.1012;175417.874;9045868.292;210.943;176089.028;9045633.904;78.939;710.915;710.905
CND_30003;09/09/2026 18:00;" 290° 56' 14.80435""";"  79° 32' 50.63582""";674.095;Atmos PPM;0;1013.25;11.1012;175469.93;9045870.838;201.265;176089.028;9045633.904;78.939;662.894;662.888
CND_30004;09/09/2026 18:00;" 291° 25' 44.18795""";"  79° 52' 57.66886""";637.675;Atmos PPM;0;1013.25;11.1012;175504.702;9045863.297;190.983;176089.028;9045633.904;78.939;627.75;627.741
CND_170_1;09/09/2026 18:00;" 298° 32' 42.54274""";"  79° 40' 27.93122""";508.765;Atmos PPM;0;1013.25;11.1012;175649.377;9045873.112;170.148;176089.028;9045633.904;78.939;500.548;500.513
CND_190_3;09/09/2026 18:00;" 298° 34' 31.55109""";"  78° 59' 21.07775""";594.716;Atmos PPM;0;1013.25;11.1012;175576.408;9045913.165;192.55;176089.028;9045633.904;78.939;583.897;583.751
CND_180_2;09/09/2026 18:01;" 298° 59' 59.76542""";"  79° 34' 23.96424""";553.862;Atmos PPM;0;1013.25;11.1012;175612.644;9045898.02;179.196;176089.028;9045633.904;78.939;544.768;544.701
CND_210_3;09/09/2026 18:01;" 302° 53' 59.97819""";"  78° 03' 51.15432""";629.464;Atmos PPM;0;1013.25;11.1012;175571.989;9045968.454;209.148;176089.028;9045633.904;78.939;616.02;615.835
CND_200_8;09/09/2026 18:01;" 303° 25' 04.67706""";"  78° 15' 54.33872""";598.432;Atmos PPM;0;1013.25;11.1012;175600.014;9045956.629;200.674;176089.028;9045633.904;78.939;586.05;585.906
CND_200_3;09/09/2026 18:01;" 303° 25' 05.68176""";"  78° 15' 54.61280""";598.432;Atmos PPM;0;1013.25;11.1012;175600.015;9045956.631;200.673;176089.028;9045633.904;78.939;586.052;585.906
CND_190_4;09/09/2026 18:01;" 304° 23' 47.75854""";"  78° 35' 21.99939""";568.311;Atmos PPM;0;1013.25;11.1012;175629.397;9045948.637;191.394;176089.028;9045633.904;78.939;557.187;557.062
CND_200_4;09/09/2026 18:01;" 309° 34' 03.70449""";"  77° 58' 11.58603""";577.856;Atmos PPM;0;1013.25;11.1012;175653.401;9045993.934;199.401;176089.028;9045633.904;78.939;565.267;565.148
CND_1505;09/09/2026 18:01;" 310° 59' 44.09540""";"  79° 10' 45.40963""";381.649;Atmos PPM;0;1013.25;11.1012;175806.124;9045879.833;150.598;176089.028;9045633.904;78.939;374.89;374.854
CND_210_4;09/09/2026 18:01;" 311° 21' 25.71952""";"  77° 25' 47.84465""";600.873;Atmos PPM;0;1013.25;11.1012;175648.867;9046021.44;209.732;176089.028;9045633.904;78.939;586.567;586.452
CND_190_5;09/09/2026 18:02;" 312° 12' 20.15900""";"  78° 10' 53.31064""";542.234;Atmos PPM;0;1013.25;11.1012;175695.93;9045990.474;190.015;176089.028;9045633.904;78.939;530.796;530.724
CND_32;09/09/2026 18:02;" 314° 18' 32.65896""";"  79° 48' 42.57924""";290.794;Atmos PPM;0;1013.25;11.1012;175884.244;9045833.842;130.381;176089.028;9045633.904;78.939;286.496;286.203
CND_200_5;09/09/2026 18:03;" 316° 06' 24.30981""";"  77° 35' 28.02848""";562.263;Atmos PPM;0;1013.25;11.1012;175708.353;9046029.644;199.783;176089.028;9045633.904;78.939;549.185;549.112
CND_1602;09/09/2026 18:03;" 317° 50' 29.02792""";"  78° 12' 06.40402""";403.375;Atmos PPM;0;1013.25;11.1012;175824.039;9045926.62;161.426;176089.028;9045633.904;78.939;394.845;394.844
CND_1504;09/09/2026 18:03;" 320° 45' 26.56119""";"  78° 43' 32.30343""";370.087;Atmos PPM;0;1013.25;11.1012;175859.456;9045915.008;151.303;176089.028;9045633.904;78.939;362.974;362.936
CND_210_5;09/09/2026 18:03;" 320° 50' 24.84961""";"  77° 01' 24.80652""";587.59;Atmos PPM;0;1013.25;11.1012;175727.498;9046077.896;210.905;176089.028;9045633.904;78.939;572.641;572.566
CND_190_6;09/09/2026 18:03;" 321° 21' 24.02511""";"  77° 52' 42.85194""";529.23;Atmos PPM;0;1013.25;11.1012;175765.951;9046038.058;190.087;176089.028;9045633.904;78.939;517.464;517.416
CND_1402;09/09/2026 18:04;" 325° 03' 29.45848""";"  79° 32' 26.72102""";340.05;Atmos PPM;0;1013.25;11.1012;175897.53;9045908.033;140.678;176089.028;9045633.904;78.939;334.538;334.392
CND_200_6;09/09/2026 18:04;" 325° 15' 04.71900""";"  77° 25' 00.05916""";553.587;Atmos PPM;0;1013.25;11.1012;175781.121;9046077.852;199.563;176089.028;9045633.904;78.939;540.325;540.274
CND_1603;09/09/2026 18:04;" 325° 30' 39.84423""";"  78° 11' 57.89058""";397.914;Atmos PPM;0;1013.25;11.1012;175868.505;9045954.958;160.325;176089.028;9045633.904;78.939;389.496;389.494
CND_210_6;09/09/2026 18:04;" 328° 34' 39.66327""";"  76° 54' 36.27778""";582.151;Atmos PPM;0;1013.25;11.1012;175793.464;9046117.783;210.807;176089.028;9045633.904;78.939;567.059;567.007
CND_1503;09/09/2026 18:04;" 328° 44' 18.54172""";"  78° 43' 01.82691""";367.857;Atmos PPM;0;1013.25;11.1012;175901.85;9045942.283;150.92;176089.028;9045633.904;78.939;360.776;360.74
CND_200_7;09/09/2026 18:04;" 332° 03' 33.62686""";"  77° 26' 35.34778""";554.82;Atmos PPM;0;1013.25;11.1012;175835.33;9046112.334;199.581;176089.028;9045633.904;78.939;541.571;541.533
CND_1604;09/09/2026 18:05;" 332° 27' 34.01072""";"  78° 10' 06.98778""";397.113;Atmos PPM;0;1013.25;11.1012;175909.347;9045978.544;160.37;176089.028;9045633.904;78.939;388.706;388.667
CND_1403;09/09/2026 18:05;" 335° 13' 52.13606""";"  79° 30' 38.80516""";347.083;Atmos PPM;0;1013.25;11.1012;175946.074;9045943.797;142.134;176089.028;9045633.904;78.939;341.371;341.276
CND_23;09/09/2026 18:06;" 348° 36' 46.42009""";"  78° 49' 30.38485""";391.407;Atmos PPM;0;1013.25;11.1012;176013.249;9046010.329;154.806;176089.028;9045633.904;78.939;383.951;383.977
CND_30002;09/09/2026 20:00;" 289° 14' 45.93281""";"  79° 29' 00.49848""";723.073;Atmos PPM;0;1013.25;11.1012;175417.875;9045868.293;210.948;176089.028;9045633.904;78.939;710.915;710.904
CND_30003;09/09/2026 20:00;" 290° 56' 14.04815""";"  79° 32' 50.38870""";674.095;Atmos PPM;0;1013.25;11.1012;175469.929;9045870.836;201.266;176089.028;9045633.904;78.939;662.894;662.888
CND_30004;09/09/2026 20:00;" 291° 25' 44.78552""";"  79° 52' 57.22713""";637.675;Atmos PPM;0;1013.25;11.1012;175504.702;9045863.298;190.984;176089.028;9045633.904;78.939;627.75;627.741
CND_170_1;09/09/2026 20:00;" 298° 32' 41.94757""";"  79° 40' 28.07442""";508.765;Atmos PPM;0;1013.25;11.1012;175649.376;9045873.111;170.148;176089.028;9045633.904;78.939;500.548;500.513
CND_190_3;09/09/2026 20:00;" 298° 34' 32.13984""";"  78° 59' 21.71624""";594.717;Atmos PPM;0;1013.25;11.1012;175576.408;9045913.166;192.548;176089.028;9045633.904;78.939;583.897;583.752
CND_180_2;09/09/2026 20:01;" 298° 59' 59.90793""";"  79° 34' 24.86523""";553.862;Atmos PPM;0;1013.25;11.1012;175612.644;9045898.021;179.193;176089.028;9045633.904;78.939;544.768;544.702
CND_210_3;09/09/2026 20:01;" 302° 54' 00.50728""";"  78° 03' 51.22064""";629.464;Atmos PPM;0;1013.25;11.1012;175571.989;9045968.455;209.148;176089.028;9045633.904;78.939;616.02;615.836
CND_200_8;09/09/2026 20:01;" 303° 25' 03.16971""";"  78° 15' 53.77502""";598.432;Atmos PPM;0;1013.25;11.1012;175600.012;9045956.625;200.675;176089.028;9045633.904;78.939;586.05;585.906
CND_200_3;09/09/2026 20:01;" 303° 25' 03.24873""";"  78° 15' 54.11613""";598.432;Atmos PPM;0;1013.25;11.1012;175600.011;9045956.626;200.675;176089.028;9045633.904;78.939;586.052;585.906
CND_190_4;09/09/2026 20:01;" 304° 23' 47.25311""";"  78° 35' 21.62576""";568.311;Atmos PPM;0;1013.25;11.1012;175629.396;9045948.636;191.395;176089.028;9045633.904;78.939;557.187;557.062
CND_200_4;09/09/2026 20:01;" 309° 34' 03.99572""";"  77° 58' 11.26562""";577.856;Atmos PPM;0;1013.25;11.1012;175653.402;9045993.935;199.402;176089.028;9045633.904;78.939;565.267;565.148
CND_1505;09/09/2026 20:01;" 310° 59' 43.23933""";"  79° 10' 45.25324""";381.649;Atmos PPM;0;1013.25;11.1012;175806.123;9045879.832;150.598;176089.028;9045633.904;78.939;374.89;374.855
CND_210_4;09/09/2026 20:01;" 311° 21' 25.69311""";"  77° 25' 48.30521""";600.873;Atmos PPM;0;1013.25;11.1012;175648.867;9046021.44;209.731;176089.028;9045633.904;78.939;586.567;586.452
CND_190_5;09/09/2026 20:02;" 312° 12' 20.16614""";"  78° 10' 52.93314""";542.234;Atmos PPM;0;1013.25;11.1012;175695.931;9045990.474;190.016;176089.028;9045633.904;78.939;530.796;530.723
CND_32;09/09/2026 20:02;" 314° 18' 32.66068""";"  79° 48' 42.07831""";290.793;Atmos PPM;0;1013.25;11.1012;175884.244;9045833.842;130.381;176089.028;9045633.904;78.939;286.496;286.202
CND_200_5;09/09/2026 20:02;" 316° 06' 25.55552""";"  77° 35' 27.55420""";562.263;Atmos PPM;0;1013.25;11.1012;175708.356;9046029.646;199.784;176089.028;9045633.904;78.939;549.185;549.112
CND_1602;09/09/2026 20:02;" 317° 50' 27.92424""";"  78° 12' 05.99349""";403.375;Atmos PPM;0;1013.25;11.1012;175824.038;9045926.619;161.427;176089.028;9045633.904;78.939;394.845;394.844
CND_1504;09/09/2026 20:02;" 320° 45' 23.88528""";"  78° 43' 32.75595""";370.087;Atmos PPM;0;1013.25;11.1012;175859.453;9045915.006;151.302;176089.028;9045633.904;78.939;362.974;362.937
CND_210_5;09/09/2026 20:03;" 320° 50' 25.99354""";"  77° 01' 24.60202""";587.591;Atmos PPM;0;1013.25;11.1012;175727.501;9046077.898;210.906;176089.028;9045633.904;78.939;572.641;572.567
CND_190_6;09/09/2026 20:03;" 321° 21' 24.16007""";"  77° 52' 43.21447""";529.23;Atmos PPM;0;1013.25;11.1012;175765.951;9046038.059;190.086;176089.028;9045633.904;78.939;517.464;517.416
CND_1402;09/09/2026 20:03;" 325° 03' 31.58201""";"  79° 32' 27.96961""";340.05;Atmos PPM;0;1013.25;11.1012;175897.533;9045908.035;140.676;176089.028;9045633.904;78.939;334.538;334.393
CND_200_6;09/09/2026 20:03;" 325° 15' 04.38567""";"  77° 24' 58.25723""";553.587;Atmos PPM;0;1013.25;11.1012;175781.121;9046077.851;199.568;176089.028;9045633.904;78.939;540.325;540.273
CND_1603;09/09/2026 20:03;" 325° 30' 39.27666""";"  78° 11' 58.42583""";397.914;Atmos PPM;0;1013.25;11.1012;175868.504;9045954.958;160.324;176089.028;9045633.904;78.939;389.496;389.495
CND_210_6;09/09/2026 20:03;" 328° 34' 40.13423""";"  76° 54' 36.99468""";582.152;Atmos PPM;0;1013.25;11.1012;175793.465;9046117.784;210.805;176089.028;9045633.904;78.939;567.059;567.007
CND_1503;09/09/2026 20:04;" 328° 44' 16.67139""";"  78° 43' 01.50815""";367.858;Atmos PPM;0;1013.25;11.1012;175901.847;9045942.281;150.921;176089.028;9045633.904;78.939;360.776;360.74
CND_200_7;09/09/2026 20:04;" 332° 03' 32.10565""";"  77° 26' 35.21356""";554.82;Atmos PPM;0;1013.25;11.1012;175835.326;9046112.332;199.582;176089.028;9045633.904;78.939;541.571;541.533
CND_1604;09/09/2026 20:04;" 332° 27' 33.55094""";"  78° 10' 06.63299""";397.113;Atmos PPM;0;1013.25;11.1012;175909.346;9045978.544;160.371;176089.028;9045633.904;78.939;388.706;388.667
CND_1403;09/09/2026 20:04;" 335° 13' 51.84222""";"  79° 30' 39.00745""";347.083;Atmos PPM;0;1013.25;11.1012;175946.073;9045943.797;142.133;176089.028;9045633.904;78.939;341.371;341.276
CND_23;09/09/2026 20:06;" 348° 36' 46.94396""";"  78° 49' 30.45470""";391.407;Atmos PPM;0;1013.25;11.1012;176013.25;9046010.33;154.805;176089.028;9045633.904;78.939;383.951;383.977
CND_30002;09/09/2026 22:00;" 289° 14' 45.13258""";"  79° 28' 59.39468""";723.073;Atmos PPM;0;1013.25;11.1012;175417.875;9045868.291;210.952;176089.028;9045633.904;78.939;710.915;710.904
CND_30003;09/09/2026 22:00;" 290° 56' 13.84927""";"  79° 32' 49.65008""";674.095;Atmos PPM;0;1013.25;11.1012;175469.929;9045870.835;201.268;176089.028;9045633.904;78.939;662.894;662.888
CND_30004;09/09/2026 22:00;" 291° 25' 44.46099""";"  79° 52' 56.61250""";637.675;Atmos PPM;0;1013.25;11.1012;175504.702;9045863.297;190.986;176089.028;9045633.904;78.939;627.75;627.741
CND_170_1;09/09/2026 22:00;" 298° 32' 41.85032""";"  79° 40' 27.03047""";508.765;Atmos PPM;0;1013.25;11.1012;175649.377;9045873.11;170.15;176089.028;9045633.904;78.939;500.548;500.513
CND_190_3;09/09/2026 22:00;" 298° 34' 31.90564""";"  78° 59' 20.58810""";594.717;Atmos PPM;0;1013.25;11.1012;175576.409;9045913.165;192.551;176089.028;9045633.904;78.939;583.897;583.751
CND_180_2;09/09/2026 22:01;" 298° 59' 59.42479""";"  79° 34' 22.90199""";553.862;Atmos PPM;0;1013.25;11.1012;175612.643;9045898.019;179.198;176089.028;9045633.904;78.939;544.768;544.701
CND_210_3;09/09/2026 22:01;" 302° 53' 59.35830""";"  78° 03' 50.01519""";629.464;Atmos PPM;0;1013.25;11.1012;175571.988;9045968.452;209.151;176089.028;9045633.904;78.939;616.02;615.835
CND_200_8;09/09/2026 22:01;" 303° 25' 04.68588""";"  78° 15' 54.23474""";598.432;Atmos PPM;0;1013.25;11.1012;175600.014;9045956.629;200.674;176089.028;9045633.904;78.939;586.05;585.906
CND_200_3;09/09/2026 22:01;" 303° 25' 04.53340""";"  78° 15' 55.01205""";598.432;Atmos PPM;0;1013.25;11.1012;175600.013;9045956.629;200.672;176089.028;9045633.904;78.939;586.052;585.907
CND_190_4;09/09/2026 22:01;" 304° 23' 46.62531""";"  78° 35' 21.34070""";568.311;Atmos PPM;0;1013.25;11.1012;175629.395;9045948.635;191.395;176089.028;9045633.904;78.939;557.187;557.062
CND_200_4;09/09/2026 22:01;" 309° 34' 04.03637""";"  77° 58' 11.38234""";577.856;Atmos PPM;0;1013.25;11.1012;175653.402;9045993.935;199.401;176089.028;9045633.904;78.939;565.267;565.148
CND_1505;09/09/2026 22:01;" 310° 59' 43.70914""";"  79° 10' 45.48406""";381.649;Atmos PPM;0;1013.25;11.1012;175806.123;9045879.833;150.598;176089.028;9045633.904;78.939;374.89;374.855
CND_210_4;09/09/2026 22:01;" 311° 21' 24.38576""";"  77° 25' 47.46491""";600.873;Atmos PPM;0;1013.25;11.1012;175648.865;9046021.437;209.733;176089.028;9045633.904;78.939;586.567;586.452
CND_190_5;09/09/2026 22:01;" 312° 12' 19.58719""";"  78° 10' 53.37880""";542.234;Atmos PPM;0;1013.25;11.1012;175695.929;9045990.473;190.014;176089.028;9045633.904;78.939;530.796;530.724
CND_32;09/09/2026 22:02;" 314° 18' 33.58431""";"  79° 48' 42.46540""";290.794;Atmos PPM;0;1013.25;11.1012;175884.244;9045833.843;130.381;176089.028;9045633.904;78.939;286.496;286.203
CND_200_5;09/09/2026 22:02;" 316° 06' 25.93380""";"  77° 35' 27.68265""";562.264;Atmos PPM;0;1013.25;11.1012;175708.356;9046029.647;199.784;176089.028;9045633.904;78.939;549.185;549.112
CND_1602;09/09/2026 22:02;" 317° 50' 28.28370""";"  78° 12' 05.97260""";403.375;Atmos PPM;0;1013.25;11.1012;175824.039;9045926.619;161.427;176089.028;9045633.904;78.939;394.845;394.844
CND_1504;09/09/2026 22:03;" 320° 45' 23.14083""";"  78° 43' 31.78288""";370.087;Atmos PPM;0;1013.25;11.1012;175859.452;9045915.005;151.304;176089.028;9045633.904;78.939;362.974;362.936
CND_210_5;09/09/2026 22:03;" 320° 50' 25.48087""";"  77° 01' 24.09445""";587.591;Atmos PPM;0;1013.25;11.1012;175727.5;9046077.897;210.907;176089.028;9045633.904;78.939;572.641;572.567
CND_190_6;09/09/2026 22:03;" 321° 21' 25.16336""";"  77° 52' 42.53347""";529.23;Atmos PPM;0;1013.25;11.1012;175765.954;9046038.06;190.088;176089.028;9045633.904;78.939;517.464;517.416
CND_1402;09/09/2026 22:03;" 325° 03' 32.13823""";"  79° 32' 26.89666""";340.05;Atmos PPM;0;1013.25;11.1012;175897.534;9045908.036;140.678;176089.028;9045633.904;78.939;334.538;334.392
CND_200_6;09/09/2026 22:03;" 325° 15' 04.27996""";"  77° 24' 57.77568""";553.588;Atmos PPM;0;1013.25;11.1012;175781.121;9046077.85;199.569;176089.028;9045633.904;78.939;540.325;540.273
CND_1603;09/09/2026 22:03;" 325° 30' 39.49574""";"  78° 11' 58.24120""";397.914;Atmos PPM;0;1013.25;11.1012;175868.505;9045954.958;160.325;176089.028;9045633.904;78.939;389.496;389.494
CND_210_6;09/09/2026 22:04;" 328° 34' 40.12366""";"  76° 54' 35.15176""";582.152;Atmos PPM;0;1013.25;11.1012;175793.466;9046117.783;210.81;176089.028;9045633.904;78.939;567.059;567.006
CND_1503;09/09/2026 22:04;" 328° 44' 17.63531""";"  78° 43' 00.50705""";367.858;Atmos PPM;0;1013.25;11.1012;175901.849;9045942.282;150.922;176089.028;9045633.904;78.939;360.776;360.74
CND_200_7;09/09/2026 22:04;" 332° 03' 32.12572""";"  77° 26' 34.83228""";554.82;Atmos PPM;0;1013.25;11.1012;175835.326;9046112.332;199.583;176089.028;9045633.904;78.939;541.571;541.532
CND_1604;09/09/2026 22:04;" 332° 27' 33.09783""";"  78° 10' 05.79691""";397.113;Atmos PPM;0;1013.25;11.1012;175909.345;9045978.543;160.373;176089.028;9045633.904;78.939;388.706;388.666
CND_1403;09/09/2026 22:05;" 335° 13' 51.22284""";"  79° 30' 38.56912""";347.084;Atmos PPM;0;1013.25;11.1012;175946.072;9045943.796;142.134;176089.028;9045633.904;78.939;341.371;341.276
CND_23;09/09/2026 22:06;" 348° 36' 47.23116""";"  78° 49' 30.79913""";391.407;Atmos PPM;0;1013.25;11.1012;176013.25;9046010.33;154.805;176089.028;9045633.904;78.939;383.951;383.977
CND_30002;10/09/2026 00:00;" 289° 14' 45.76248""";"  79° 29' 01.23549""";723.073;Atmos PPM;0;1013.25;11.1012;175417.875;9045868.293;210.946;176089.028;9045633.904;78.939;710.915;710.905
CND_30003;10/09/2026 00:00;" 290° 56' 14.29523""";"  79° 32' 50.32110""";674.095;Atmos PPM;0;1013.25;11.1012;175469.929;9045870.837;201.266;176089.028;9045633.904;78.939;662.894;662.888
CND_30004;10/09/2026 00:00;" 291° 25' 43.99787""";"  79° 52' 55.85617""";637.675;Atmos PPM;0;1013.25;11.1012;175504.702;9045863.296;190.988;176089.028;9045633.904;78.939;627.75;627.74
CND_170_1;10/09/2026 00:00;" 298° 32' 43.34073""";"  79° 40' 27.81590""";508.766;Atmos PPM;0;1013.25;11.1012;175649.378;9045873.114;170.148;176089.028;9045633.904;78.939;500.548;500.513
CND_190_3;10/09/2026 00:00;" 298° 34' 30.48331""";"  78° 59' 20.75850""";594.716;Atmos PPM;0;1013.25;11.1012;175576.407;9045913.162;192.551;176089.028;9045633.904;78.939;583.897;583.751
CND_180_2;10/09/2026 00:01;" 298° 59' 59.41494""";"  79° 34' 23.32126""";553.862;Atmos PPM;0;1013.25;11.1012;175612.643;9045898.019;179.197;176089.028;9045633.904;78.939;544.768;544.701
CND_210_3;10/09/2026 00:01;" 302° 54' 00.44984""";"  78° 03' 50.93751""";629.464;Atmos PPM;0;1013.25;11.1012;175571.989;9045968.455;209.148;176089.028;9045633.904;78.939;616.02;615.835
CND_200_8;10/09/2026 00:01;" 303° 25' 03.17745""";"  78° 15' 54.65207""";598.432;Atmos PPM;0;1013.25;11.1012;175600.011;9045956.625;200.673;176089.028;9045633.904;78.939;586.05;585.906
CND_200_3;10/09/2026 00:01;" 303° 25' 04.07523""";"  78° 15' 53.99004""";598.432;Atmos PPM;0;1013.25;11.1012;175600.013;9045956.627;200.675;176089.028;9045633.904;78.939;586.052;585.906
CND_190_4;10/09/2026 00:01;" 304° 23' 46.07041""";"  78° 35' 22.38127""";568.311;Atmos PPM;0;1013.25;11.1012;175629.394;9045948.634;191.393;176089.028;9045633.904;78.939;557.187;557.062
CND_200_4;10/09/2026 00:01;" 309° 34' 03.50208""";"  77° 58' 11.35182""";577.856;Atmos PPM;0;1013.25;11.1012;175653.401;9045993.934;199.402;176089.028;9045633.904;78.939;565.267;565.148
CND_1505;10/09/2026 00:01;" 310° 59' 42.95795""";"  79° 10' 44.69765""";381.649;Atmos PPM;0;1013.25;11.1012;175806.122;9045879.831;150.599;176089.028;9045633.904;78.939;374.89;374.855
CND_210_4;10/09/2026 00:01;" 311° 21' 25.37804""";"  77° 25' 48.04465""";600.873;Atmos PPM;0;1013.25;11.1012;175648.866;9046021.439;209.732;176089.028;9045633.904;78.939;586.567;586.452
CND_190_5;10/09/2026 00:02;" 312° 12' 19.51067""";"  78° 10' 52.51957""";542.234;Atmos PPM;0;1013.25;11.1012;175695.93;9045990.472;190.017;176089.028;9045633.904;78.939;530.796;530.723
CND_32;10/09/2026 00:02;" 314° 18' 32.44674""";"  79° 48' 41.45336""";290.794;Atmos PPM;0;1013.25;11.1012;175884.243;9045833.842;130.382;176089.028;9045633.904;78.939;286.496;286.203
CND_200_5;10/09/2026 00:02;" 316° 06' 24.41977""";"  77° 35' 28.15555""";562.263;Atmos PPM;0;1013.25;11.1012;175708.353;9046029.644;199.782;176089.028;9045633.904;78.939;549.185;549.112
CND_1602;10/09/2026 00:02;" 317° 50' 27.45759""";"  78° 12' 06.05436""";403.375;Atmos PPM;0;1013.25;11.1012;175824.037;9045926.618;161.427;176089.028;9045633.904;78.939;394.845;394.844
CND_1504;10/09/2026 00:03;" 320° 45' 23.20309""";"  78° 43' 31.56028""";370.087;Atmos PPM;0;1013.25;11.1012;175859.452;9045915.005;151.304;176089.028;9045633.904;78.939;362.974;362.936
CND_210_5;10/09/2026 00:03;" 320° 50' 25.03337""";"  77° 01' 24.86460""";587.591;Atmos PPM;0;1013.25;11.1012;175727.499;9046077.896;210.905;176089.028;9045633.904;78.939;572.641;572.567
CND_190_6;10/09/2026 00:03;" 321° 21' 24.68816""";"  77° 52' 42.18696""";529.23;Atmos PPM;0;1013.25;11.1012;175765.953;9046038.059;190.089;176089.028;9045633.904;78.939;517.464;517.415
CND_1402;10/09/2026 00:03;" 325° 03' 31.21863""";"  79° 32' 26.62000""";340.05;Atmos PPM;0;1013.25;11.1012;175897.532;9045908.035;140.678;176089.028;9045633.904;78.939;334.538;334.392
CND_200_6;10/09/2026 00:03;" 325° 15' 04.83708""";"  77° 24' 58.81141""";553.587;Atmos PPM;0;1013.25;11.1012;175781.122;9046077.851;199.566;176089.028;9045633.904;78.939;540.325;540.273
CND_1603;10/09/2026 00:03;" 325° 30' 40.32457""";"  78° 11' 57.79054""";397.914;Atmos PPM;0;1013.25;11.1012;175868.506;9045954.959;160.325;176089.028;9045633.904;78.939;389.496;389.494
CND_210_6;10/09/2026 00:04;" 328° 34' 40.55122""";"  76° 54' 36.80111""";582.152;Atmos PPM;0;1013.25;11.1012;175793.466;9046117.785;210.805;176089.028;9045633.904;78.939;567.059;567.007
CND_1503;10/09/2026 00:04;" 328° 44' 16.42054""";"  78° 43' 01.99885""";367.858;Atmos PPM;0;1013.25;11.1012;175901.847;9045942.282;150.92;176089.028;9045633.904;78.939;360.776;360.74
CND_200_7;10/09/2026 00:04;" 332° 03' 31.97918""";"  77° 26' 35.99337""";554.82;Atmos PPM;0;1013.25;11.1012;175835.325;9046112.332;199.58;176089.028;9045633.904;78.939;541.571;541.533
CND_1604;10/09/2026 00:04;" 332° 27' 33.82669""";"  78° 10' 06.51432""";397.113;Atmos PPM;0;1013.25;11.1012;175909.347;9045978.544;160.371;176089.028;9045633.904;78.939;388.706;388.667
CND_1403;10/09/2026 00:05;" 335° 13' 52.37076""";"  79° 30' 39.34338""";347.083;Atmos PPM;0;1013.25;11.1012;175946.074;9045943.797;142.133;176089.028;9045633.904;78.939;341.371;341.276
CND_23;10/09/2026 00:06;" 348° 36' 46.57936""";"  78° 49' 29.77847""";391.407;Atmos PPM;0;1013.25;11.1012;176013.249;9046010.33;154.807;176089.028;9045633.904;78.939;383.951;383.977
CND_30002;10/09/2026 02:00;" 289° 14' 45.00993""";"  79° 28' 59.76658""";723.073;Atmos PPM;0;1013.25;11.1012;175417.874;9045868.29;210.951;176089.028;9045633.904;78.939;710.915;710.904
CND_30003;10/09/2026 02:00;" 290° 56' 13.66619""";"  79° 32' 49.68752""";674.095;Atmos PPM;0;1013.25;11.1012;175469.929;9045870.835;201.268;176089.028;9045633.904;78.939;662.894;662.888
CND_30004;10/09/2026 02:00;" 291° 25' 44.61494""";"  79° 52' 56.51239""";637.675;Atmos PPM;0;1013.25;11.1012;175504.702;9045863.298;190.986;176089.028;9045633.904;78.939;627.75;627.741
CND_170_1;10/09/2026 02:00;" 298° 32' 42.62038""";"  79° 40' 27.82990""";508.765;Atmos PPM;0;1013.25;11.1012;175649.377;9045873.112;170.148;176089.028;9045633.904;78.939;500.548;500.513
CND_190_3;10/09/2026 02:00;" 298° 34' 30.12367""";"  78° 59' 20.83520""";594.716;Atmos PPM;0;1013.25;11.1012;175576.406;9045913.161;192.55;176089.028;9045633.904;78.939;583.897;583.751
CND_180_2;10/09/2026 02:01;" 298° 59' 59.01615""";"  79° 34' 23.84330""";553.862;Atmos PPM;0;1013.25;11.1012;175612.642;9045898.019;179.196;176089.028;9045633.904;78.939;544.768;544.702
CND_210_3;10/09/2026 02:01;" 302° 53' 58.78548""";"  78° 03' 51.76275""";629.464;Atmos PPM;0;1013.25;11.1012;175571.986;9045968.451;209.146;176089.028;9045633.904;78.939;616.02;615.836
CND_200_8;10/09/2026 02:01;" 303° 25' 02.76256""";"  78° 15' 53.13510""";598.432;Atmos PPM;0;1013.25;11.1012;175600.011;9045956.624;200.677;176089.028;9045633.904;78.939;586.05;585.906
CND_200_3;10/09/2026 02:01;" 303° 25' 02.44426""";"  78° 15' 55.13048""";598.432;Atmos PPM;0;1013.25;11.1012;175600.01;9045956.624;200.672;176089.028;9045633.904;78.939;586.052;585.907
CND_190_4;10/09/2026 02:01;" 304° 23' 46.96637""";"  78° 35' 21.95146""";568.311;Atmos PPM;0;1013.25;11.1012;175629.396;9045948.635;191.394;176089.028;9045633.904;78.939;557.187;557.062
CND_200_4;10/09/2026 02:01;" 309° 34' 04.56360""";"  77° 58' 11.20569""";577.856;Atmos PPM;0;1013.25;11.1012;175653.403;9045993.936;199.402;176089.028;9045633.904;78.939;565.267;565.148
CND_1505;10/09/2026 02:01;" 310° 59' 42.81308""";"  79° 10' 45.19723""";381.649;Atmos PPM;0;1013.25;11.1012;175806.122;9045879.831;150.599;176089.028;9045633.904;78.939;374.89;374.855
CND_210_4;10/09/2026 02:01;" 311° 21' 25.18773""";"  77° 25' 48.09669""";600.873;Atmos PPM;0;1013.25;11.1012;175648.866;9046021.438;209.732;176089.028;9045633.904;78.939;586.567;586.452
CND_190_5;10/09/2026 02:02;" 312° 12' 19.48751""";"  78° 10' 52.81879""";542.234;Atmos PPM;0;1013.25;11.1012;175695.929;9045990.472;190.016;176089.028;9045633.904;78.939;530.796;530.724
CND_32;10/09/2026 02:02;" 314° 18' 32.96246""";"  79° 48' 42.04101""";290.794;Atmos PPM;0;1013.25;11.1012;175884.244;9045833.843;130.381;176089.028;9045633.904;78.939;286.496;286.203
CND_200_5;10/09/2026 02:02;" 316° 06' 24.76662""";"  77° 35' 28.10442""";562.264;Atmos PPM;0;1013.25;11.1012;175708.354;9046029.645;199.782;176089.028;9045633.904;78.939;549.185;549.112
CND_1602;10/09/2026 02:02;" 317° 50' 26.78036""";"  78° 12' 06.56232""";403.376;Atmos PPM;0;1013.25;11.1012;175824.036;9045926.618;161.426;176089.028;9045633.904;78.939;394.845;394.844
CND_1504;10/09/2026 02:03;" 320° 45' 22.43605""";"  78° 43' 32.66063""";370.087;Atmos PPM;0;1013.25;11.1012;175859.45;9045915.004;151.302;176089.028;9045633.904;78.939;362.974;362.937
CND_210_5;10/09/2026 02:03;" 320° 50' 24.02693""";"  77° 01' 24.75847""";587.59;Atmos PPM;0;1013.25;11.1012;175727.497;9046077.895;210.905;176089.028;9045633.904;78.939;572.641;572.566
CND_190_6;10/09/2026 02:03;" 321° 21' 24.99185""";"  77° 52' 42.81523""";529.23;Atmos PPM;0;1013.25;11.1012;175765.953;9046038.06;190.087;176089.028;9045633.904;78.939;517.464;517.416
CND_1402;10/09/2026 02:03;" 325° 03' 31.12027""";"  79° 32' 26.44940""";340.05;Atmos PPM;0;1013.25;11.1012;175897.532;9045908.035;140.678;176089.028;9045633.904;78.939;334.538;334.392
CND_200_6;10/09/2026 02:03;" 325° 15' 02.99866""";"  77° 24' 58.19209""";553.587;Atmos PPM;0;1013.25;11.1012;175781.118;9046077.848;199.568;176089.028;9045633.904;78.939;540.325;540.273
CND_1603;10/09/2026 02:03;" 325° 30' 38.45658""";"  78° 11' 57.91332""";397.914;Atmos PPM;0;1013.25;11.1012;175868.503;9045954.957;160.325;176089.028;9045633.904;78.939;389.496;389.495
CND_210_6;10/09/2026 02:04;" 328° 34' 39.58150""";"  76° 54' 36.75246""";582.152;Atmos PPM;0;1013.25;11.1012;175793.464;9046117.783;210.805;176089.028;9045633.904;78.939;567.059;567.007
CND_1503;10/09/2026 02:04;" 328° 44' 16.59235""";"  78° 43' 01.64959""";367.858;Atmos PPM;0;1013.25;11.1012;175901.847;9045942.281;150.92;176089.028;9045633.904;78.939;360.776;360.74
CND_200_7;10/09/2026 02:04;" 332° 03' 31.53541""";"  77° 26' 35.07196""";554.82;Atmos PPM;0;1013.25;11.1012;175835.325;9046112.331;199.582;176089.028;9045633.904;78.939;541.571;541.533
CND_1604;10/09/2026 02:04;" 332° 27' 33.03428""";"  78° 10' 07.34970""";397.113;Atmos PPM;0;1013.25;11.1012;175909.345;9045978.543;160.37;176089.028;9045633.904;78.939;388.706;388.667
CND_23;10/09/2026 02:06;" 348° 36' 44.67743""";"  78° 49' 29.02885""";391.407;Atmos PPM;0;1013.25;11.1012;176013.246;9046010.329;154.808;176089.028;9045633.904;78.939;383.951;383.977
CND_30002;10/09/2026 04:00;" 289° 14' 44.20745""";"  79° 28' 59.19254""";723.073;Atmos PPM;0;1013.25;11.1012;175417.874;9045868.288;210.953;176089.028;9045633.904;78.939;710.915;710.904
CND_30003;10/09/2026 04:00;" 290° 56' 13.63239""";"  79° 32' 50.24245""";674.095;Atmos PPM;0;1013.25;11.1012;175469.928;9045870.835;201.266;176089.028;9045633.904;78.939;662.894;662.888
CND_30004;10/09/2026 04:00;" 291° 25' 44.07121""";"  79° 52' 56.38982""";637.675;Atmos PPM;0;1013.25;11.1012;175504.701;9045863.296;190.987;176089.028;9045633.904;78.939;627.75;627.741
CND_170_1;10/09/2026 04:00;" 298° 32' 41.88478""";"  79° 40' 27.84109""";508.766;Atmos PPM;0;1013.25;11.1012;175649.376;9045873.111;170.148;176089.028;9045633.904;78.939;500.548;500.513
CND_190_3;10/09/2026 04:00;" 298° 34' 30.59212""";"  78° 59' 21.45247""";594.717;Atmos PPM;0;1013.25;11.1012;175576.406;9045913.162;192.549;176089.028;9045633.904;78.939;583.897;583.752
CND_180_2;10/09/2026 04:01;" 298° 59' 58.87938""";"  79° 34' 23.84711""";553.862;Atmos PPM;0;1013.25;11.1012;175612.642;9045898.018;179.196;176089.028;9045633.904;78.939;544.768;544.701
CND_210_3;10/09/2026 04:01;" 302° 53' 58.49538""";"  78° 03' 49.44887""";629.464;Atmos PPM;0;1013.25;11.1012;175571.987;9045968.449;209.153;176089.028;9045633.904;78.939;616.02;615.834
CND_200_8;10/09/2026 04:01;" 303° 25' 04.43579""";"  78° 15' 53.65932""";598.432;Atmos PPM;0;1013.25;11.1012;175600.014;9045956.628;200.676;176089.028;9045633.904;78.939;586.05;585.906
CND_200_3;10/09/2026 04:01;" 303° 25' 02.20485""";"  78° 15' 53.81728""";598.432;Atmos PPM;0;1013.25;11.1012;175600.01;9045956.623;200.675;176089.028;9045633.904;78.939;586.052;585.906
CND_190_4;10/09/2026 04:01;" 304° 23' 46.03094""";"  78° 35' 21.34373""";568.311;Atmos PPM;0;1013.25;11.1012;175629.394;9045948.633;191.395;176089.028;9045633.904;78.939;557.187;557.062
CND_200_4;10/09/2026 04:01;" 309° 34' 03.08447""";"  77° 58' 12.68580""";577.856;Atmos PPM;0;1013.25;11.1012;175653.4;9045993.933;199.398;176089.028;9045633.904;78.939;565.267;565.149
CND_1505;10/09/2026 04:01;" 310° 59' 43.36337""";"  79° 10' 46.07189""";381.649;Atmos PPM;0;1013.25;11.1012;175806.123;9045879.832;150.597;176089.028;9045633.904;78.939;374.89;374.855
CND_210_4;10/09/2026 04:01;" 311° 21' 25.18448""";"  77° 25' 48.19197""";600.873;Atmos PPM;0;1013.25;11.1012;175648.866;9046021.439;209.731;176089.028;9045633.904;78.939;586.567;586.452
CND_190_5;10/09/2026 04:02;" 312° 12' 19.40556""";"  78° 10' 53.52431""";542.234;Atmos PPM;0;1013.25;11.1012;175695.929;9045990.472;190.014;176089.028;9045633.904;78.939;530.796;530.724
CND_32;10/09/2026 04:02;" 314° 18' 32.75526""";"  79° 48' 41.29924""";290.794;Atmos PPM;0;1013.25;11.1012;175884.244;9045833.842;130.383;176089.028;9045633.904;78.939;286.496;286.203
CND_200_5;10/09/2026 04:02;" 316° 06' 24.55210""";"  77° 35' 27.69066""";562.263;Atmos PPM;0;1013.25;11.1012;175708.354;9046029.645;199.783;176089.028;9045633.904;78.939;549.185;549.112
CND_1602;10/09/2026 04:02;" 317° 50' 27.67666""";"  78° 12' 05.79380""";403.376;Atmos PPM;0;1013.25;11.1012;175824.037;9045926.619;161.427;176089.028;9045633.904;78.939;394.845;394.844
CND_1504;10/09/2026 04:03;" 320° 45' 22.10131""";"  78° 43' 31.26608""";370.087;Atmos PPM;0;1013.25;11.1012;175859.45;9045915.003;151.305;176089.028;9045633.904;78.939;362.974;362.936
CND_210_5;10/09/2026 04:03;" 320° 50' 24.74574""";"  77° 01' 24.48830""";587.591;Atmos PPM;0;1013.25;11.1012;175727.498;9046077.896;210.906;176089.028;9045633.904;78.939;572.641;572.567
CND_190_6;10/09/2026 04:03;" 321° 21' 23.94775""";"  77° 52' 42.34635""";529.23;Atmos PPM;0;1013.25;11.1012;175765.951;9046038.058;190.089;176089.028;9045633.904;78.939;517.464;517.415
CND_1402;10/09/2026 04:03;" 325° 03' 31.34311""";"  79° 32' 26.65537""";340.05;Atmos PPM;0;1013.25;11.1012;175897.532;9045908.035;140.678;176089.028;9045633.904;78.939;334.538;334.393
CND_200_6;10/09/2026 04:03;" 325° 15' 03.46392""";"  77° 24' 58.30400""";553.587;Atmos PPM;0;1013.25;11.1012;175781.119;9046077.849;199.568;176089.028;9045633.904;78.939;540.325;540.273
CND_1603;10/09/2026 04:04;" 325° 30' 38.70941""";"  78° 11' 57.91113""";397.914;Atmos PPM;0;1013.25;11.1012;175868.503;9045954.957;160.325;176089.028;9045633.904;78.939;389.496;389.495
CND_210_6;10/09/2026 04:04;" 328° 34' 40.26891""";"  76° 54' 36.94579""";582.151;Atmos PPM;0;1013.25;11.1012;175793.466;9046117.784;210.805;176089.028;9045633.904;78.939;567.059;567.007
CND_1503;10/09/2026 04:04;" 328° 44' 17.40028""";"  78° 43' 01.16063""";367.858;Atmos PPM;0;1013.25;11.1012;175901.848;9045942.282;150.921;176089.028;9045633.904;78.939;360.776;360.74
CND_200_7;10/09/2026 04:04;" 332° 03' 32.54697""";"  77° 26' 35.19026""";554.82;Atmos PPM;0;1013.25;11.1012;175835.327;9046112.332;199.582;176089.028;9045633.904;78.939;541.571;541.533
CND_1604;10/09/2026 04:04;" 332° 27' 34.77071""";"  78° 10' 05.25019""";397.113;Atmos PPM;0;1013.25;11.1012;175909.348;9045978.544;160.374;176089.028;9045633.904;78.939;388.706;388.666
CND_1403;10/09/2026 04:05;" 335° 13' 51.17819""";"  79° 30' 39.63954""";347.084;Atmos PPM;0;1013.25;11.1012;175946.072;9045943.796;142.132;176089.028;9045633.904;78.939;341.371;341.276
CND_23;10/09/2026 04:06;" 348° 36' 45.92783""";"  78° 49' 29.61328""";391.407;Atmos PPM;0;1013.25;11.1012;176013.248;9046010.329;154.807;176089.028;9045633.904;78.939;383.951;383.977
CND_30002;10/09/2026 06:00;" 289° 14' 44.54222""";"  79° 28' 59.45449""";723.073;Atmos PPM;0;1013.25;11.1012;175417.874;9045868.289;210.952;176089.028;9045633.904;78.939;710.915;710.904
CND_30003;10/09/2026 06:00;" 290° 56' 13.51590""";"  79° 32' 49.83855""";674.095;Atmos PPM;0;1013.25;11.1012;175469.928;9045870.834;201.267;176089.028;9045633.904;78.939;662.894;662.888
CND_30004;10/09/2026 06:00;" 291° 25' 45.08145""";"  79° 52' 57.70010""";637.675;Atmos PPM;0;1013.25;11.1012;175504.702;9045863.299;190.983;176089.028;9045633.904;78.939;627.75;627.741
CND_170_1;10/09/2026 06:01;" 298° 32' 41.06464""";"  79° 40' 26.80273""";508.766;Atmos PPM;0;1013.25;11.1012;175649.376;9045873.109;170.151;176089.028;9045633.904;78.939;500.548;500.513
CND_190_3;10/09/2026 06:01;" 298° 34' 30.64906""";"  78° 59' 20.78434""";594.717;Atmos PPM;0;1013.25;11.1012;175576.407;9045913.162;192.551;176089.028;9045633.904;78.939;583.897;583.751
CND_180_2;10/09/2026 06:01;" 298° 59' 59.57831""";"  79° 34' 24.04883""";553.862;Atmos PPM;0;1013.25;11.1012;175612.643;9045898.02;179.195;176089.028;9045633.904;78.939;544.768;544.702
CND_210_3;10/09/2026 06:01;" 302° 53' 58.98790""";"  78° 03' 50.42012""";629.464;Atmos PPM;0;1013.25;11.1012;175571.987;9045968.451;209.15;176089.028;9045633.904;78.939;616.02;615.835
CND_200_8;10/09/2026 06:01;" 303° 25' 03.60954""";"  78° 15' 54.41269""";598.432;Atmos PPM;0;1013.25;11.1012;175600.012;9045956.626;200.674;176089.028;9045633.904;78.939;586.05;585.906
CND_200_3;10/09/2026 06:01;" 303° 25' 02.43646""";"  78° 15' 54.14941""";598.432;Atmos PPM;0;1013.25;11.1012;175600.01;9045956.624;200.674;176089.028;9045633.904;78.939;586.052;585.906
CND_190_4;10/09/2026 06:01;" 304° 23' 46.39181""";"  78° 35' 21.90930""";568.311;Atmos PPM;0;1013.25;11.1012;175629.395;9045948.634;191.394;176089.028;9045633.904;78.939;557.187;557.062
CND_200_4;10/09/2026 06:01;" 309° 34' 03.19230""";"  77° 58' 11.23612""";577.856;Atmos PPM;0;1013.25;11.1012;175653.401;9045993.933;199.402;176089.028;9045633.904;78.939;565.267;565.148
CND_1505;10/09/2026 06:02;" 310° 59' 43.12111""";"  79° 10' 44.65824""";381.649;Atmos PPM;0;1013.25;11.1012;175806.123;9045879.832;150.6;176089.028;9045633.904;78.939;374.89;374.854
CND_210_4;10/09/2026 06:02;" 311° 21' 25.63048""";"  77° 25' 47.88876""";600.873;Atmos PPM;0;1013.25;11.1012;175648.867;9046021.439;209.732;176089.028;9045633.904;78.939;586.567;586.452
CND_190_5;10/09/2026 06:02;" 312° 12' 19.01957""";"  78° 10' 52.95638""";542.233;Atmos PPM;0;1013.25;11.1012;175695.929;9045990.471;190.015;176089.028;9045633.904;78.939;530.796;530.723
CND_32;10/09/2026 06:02;" 314° 18' 32.13822""";"  79° 48' 41.91676""";290.794;Atmos PPM;0;1013.25;11.1012;175884.243;9045833.842;130.382;176089.028;9045633.904;78.939;286.496;286.203
CND_200_5;10/09/2026 06:02;" 316° 06' 24.41665""";"  77° 35' 27.10597""";562.263;Atmos PPM;0;1013.25;11.1012;175708.354;9046029.644;199.785;176089.028;9045633.904;78.939;549.185;549.111
CND_1602;10/09/2026 06:03;" 317° 50' 28.50573""";"  78° 12' 05.70734""";403.376;Atmos PPM;0;1013.25;11.1012;175824.039;9045926.62;161.428;176089.028;9045633.904;78.939;394.845;394.844
CND_1504;10/09/2026 06:03;" 320° 45' 22.86103""";"  78° 43' 30.97499""";370.087;Atmos PPM;0;1013.25;11.1012;175859.451;9045915.004;151.305;176089.028;9045633.904;78.939;362.974;362.936
CND_210_5;10/09/2026 06:03;" 320° 50' 24.71273""";"  77° 01' 23.74862""";587.59;Atmos PPM;0;1013.25;11.1012;175727.498;9046077.895;210.908;176089.028;9045633.904;78.939;572.641;572.566
CND_190_6;10/09/2026 06:03;" 321° 21' 24.17729""";"  77° 52' 42.46224""";529.23;Atmos PPM;0;1013.25;11.1012;175765.952;9046038.058;190.088;176089.028;9045633.904;78.939;517.464;517.416
CND_1402;10/09/2026 06:04;" 325° 03' 30.87076""";"  79° 32' 26.49104""";340.05;Atmos PPM;0;1013.25;11.1012;175897.532;9045908.035;140.678;176089.028;9045633.904;78.939;334.538;334.392
CND_200_6;10/09/2026 06:04;" 325° 15' 03.82161""";"  77° 24' 59.01297""";553.587;Atmos PPM;0;1013.25;11.1012;175781.12;9046077.85;199.566;176089.028;9045633.904;78.939;540.325;540.274
CND_1603;10/09/2026 06:04;" 325° 30' 40.44552""";"  78° 11' 57.55776""";397.914;Atmos PPM;0;1013.25;11.1012;175868.506;9045954.959;160.326;176089.028;9045633.904;78.939;389.496;389.495
CND_210_6;10/09/2026 06:04;" 328° 34' 40.01608""";"  76° 54' 37.24017""";582.151;Atmos PPM;0;1013.25;11.1012;175793.465;9046117.784;210.804;176089.028;9045633.904;78.939;567.059;567.007
CND_1503;10/09/2026 06:04;" 328° 44' 16.95774""";"  78° 43' 00.91430""";367.858;Atmos PPM;0;1013.25;11.1012;175901.848;9045942.282;150.922;176089.028;9045633.904;78.939;360.776;360.74
CND_200_7;10/09/2026 06:04;" 332° 03' 32.50545""";"  77° 26' 35.39223""";554.82;Atmos PPM;0;1013.25;11.1012;175835.327;9046112.332;199.581;176089.028;9045633.904;78.939;541.571;541.533
CND_1604;10/09/2026 06:05;" 332° 27' 33.71291""";"  78° 10' 04.71648""";397.113;Atmos PPM;0;1013.25;11.1012;175909.347;9045978.543;160.375;176089.028;9045633.904;78.939;388.706;388.666
CND_1403;10/09/2026 06:05;" 335° 13' 51.08801""";"  79° 30' 38.52409""";347.084;Atmos PPM;0;1013.25;11.1012;175946.072;9045943.796;142.134;176089.028;9045633.904;78.939;341.371;341.276
CND_23;10/09/2026 06:06;" 348° 36' 46.02455""";"  78° 49' 28.44960""";391.407;Atmos PPM;0;1013.25;11.1012;176013.248;9046010.329;154.809;176089.028;9045633.904;78.939;383.951;383.977
CND_30002;10/09/2026 08:00;" 289° 14' 49.32466""";"  79° 29' 00.02744""";723.072;Atmos PPM;0;1013.25;11.1012;175417.879;9045868.304;210.95;176089.028;9045633.904;78.939;710.915;710.904
CND_30003;10/09/2026 08:00;" 290° 56' 17.11980""";"  79° 32' 47.96640""";674.094;Atmos PPM;0;1013.25;11.1012;175469.934;9045870.845;201.273;176089.028;9045633.904;78.939;662.894;662.886
CND_30004;10/09/2026 08:00;" 291° 25' 46.43042""";"  79° 52' 55.24748""";637.675;Atmos PPM;0;1013.25;11.1012;175504.705;9045863.302;190.99;176089.028;9045633.904;78.939;627.75;627.739
CND_170_1;10/09/2026 08:00;" 298° 32' 44.06723""";"  79° 40' 24.78070""";508.765;Atmos PPM;0;1013.25;11.1012;175649.38;9045873.115;170.156;176089.028;9045633.904;78.939;500.548;500.512
CND_190_3;10/09/2026 08:01;" 298° 34' 34.69803""";"  78° 59' 17.62927""";594.716;Atmos PPM;0;1013.25;11.1012;175576.415;9045913.171;192.559;176089.028;9045633.904;78.939;583.897;583.749
CND_180_2;10/09/2026 08:01;" 299° 00' 02.89226""";"  79° 34' 24.72992""";553.862;Atmos PPM;0;1013.25;11.1012;175612.647;9045898.028;179.194;176089.028;9045633.904;78.939;544.768;544.702
CND_210_3;10/09/2026 08:01;" 302° 54' 03.90408""";"  78° 03' 47.09622""";629.463;Atmos PPM;0;1013.25;11.1012;175571.998;9045968.462;209.16;176089.028;9045633.904;78.939;616.02;615.832
CND_200_8;10/09/2026 08:01;" 303° 25' 06.63300""";"  78° 15' 52.84734""";598.431;Atmos PPM;0;1013.25;11.1012;175600.018;9045956.633;200.678;176089.028;9045633.904;78.939;586.05;585.905
CND_200_3;10/09/2026 08:01;" 303° 25' 06.52446""";"  78° 15' 53.71430""";598.431;Atmos PPM;0;1013.25;11.1012;175600.017;9045956.633;200.676;176089.028;9045633.904;78.939;586.052;585.905
CND_190_4;10/09/2026 08:01;" 304° 23' 51.45166""";"  78° 35' 19.60046""";568.31;Atmos PPM;0;1013.25;11.1012;175629.404;9045948.644;191.4;176089.028;9045633.904;78.939;557.187;557.06
CND_200_4;10/09/2026 08:01;" 309° 34' 06.89812""";"  77° 58' 09.22175""";577.855;Atmos PPM;0;1013.25;11.1012;175653.409;9045993.94;199.407;176089.028;9045633.904;78.939;565.267;565.146
CND_1505;10/09/2026 08:01;" 310° 59' 44.42182""";"  79° 10' 44.12472""";381.649;Atmos PPM;0;1013.25;11.1012;175806.124;9045879.833;150.6;176089.028;9045633.904;78.939;374.89;374.854
CND_210_4;10/09/2026 08:02;" 311° 21' 27.00660""";"  77° 25' 45.77561""";600.872;Atmos PPM;0;1013.25;11.1012;175648.871;9046021.441;209.738;176089.028;9045633.904;78.939;586.567;586.449
CND_190_5;10/09/2026 08:02;" 312° 12' 22.73993""";"  78° 10' 51.51846""";542.233;Atmos PPM;0;1013.25;11.1012;175695.936;9045990.478;190.019;176089.028;9045633.904;78.939;530.796;530.722
CND_32;10/09/2026 08:02;" 314° 18' 37.42971""";"  79° 48' 40.09356""";290.793;Atmos PPM;0;1013.25;11.1012;175884.249;9045833.847;130.384;176089.028;9045633.904;78.939;286.496;286.202
CND_200_5;10/09/2026 08:03;" 316° 06' 29.30942""";"  77° 35' 25.38253""";562.263;Atmos PPM;0;1013.25;11.1012;175708.364;9046029.652;199.79;176089.028;9045633.904;78.939;549.185;549.11
CND_1602;10/09/2026 08:03;" 317° 50' 32.37914""";"  78° 12' 05.17086""";403.375;Atmos PPM;0;1013.25;11.1012;175824.045;9045926.624;161.428;176089.028;9045633.904;78.939;394.845;394.843
CND_1504;10/09/2026 08:03;" 320° 45' 28.54995""";"  78° 43' 32.25028""";370.086;Atmos PPM;0;1013.25;11.1012;175859.459;9045915.011;151.303;176089.028;9045633.904;78.939;362.974;362.936
CND_210_5;10/09/2026 08:03;" 320° 50' 27.94590""";"  77° 01' 23.38361""";587.589;Atmos PPM;0;1013.25;11.1012;175727.506;9046077.9;210.909;176089.028;9045633.904;78.939;572.641;572.565
CND_190_6;10/09/2026 08:03;" 321° 21' 28.12870""";"  77° 52' 41.26980""";529.23;Atmos PPM;0;1013.25;11.1012;175765.96;9046038.064;190.091;176089.028;9045633.904;78.939;517.464;517.415
CND_1402;10/09/2026 08:04;" 325° 03' 36.44429""";"  79° 32' 28.40665""";340.049;Atmos PPM;0;1013.25;11.1012;175897.539;9045908.04;140.675;176089.028;9045633.904;78.939;334.538;334.392
CND_200_6;10/09/2026 08:04;" 325° 15' 05.60240""";"  77° 24' 57.55416""";553.587;Atmos PPM;0;1013.25;11.1012;175781.124;9046077.851;199.569;176089.028;9045633.904;78.939;540.325;540.272
CND_1603;10/09/2026 08:04;" 325° 30' 42.89247""";"  78° 11' 56.45963""";397.913;Atmos PPM;0;1013.25;11.1012;175868.51;9045954.96;160.328;176089.028;9045633.904;78.939;389.496;389.493
CND_210_6;10/09/2026 08:04;" 328° 34' 41.94012""";"  76° 54' 34.85189""";582.151;Atmos PPM;0;1013.25;11.1012;175793.47;9046117.785;210.81;176089.028;9045633.904;78.939;567.059;567.005
CND_1503;10/09/2026 08:04;" 328° 44' 20.02187""";"  78° 43' 02.20097""";367.857;Atmos PPM;0;1013.25;11.1012;175901.852;9045942.285;150.919;176089.028;9045633.904;78.939;360.776;360.74
CND_200_7;10/09/2026 08:05;" 332° 03' 35.78547""";"  77° 26' 34.84289""";554.819;Atmos PPM;0;1013.25;11.1012;175835.335;9046112.336;199.583;176089.028;9045633.904;78.939;541.571;541.532
CND_1604;10/09/2026 08:05;" 332° 27' 35.30165""";"  78° 10' 07.43848""";397.113;Atmos PPM;0;1013.25;11.1012;175909.349;9045978.545;160.369;176089.028;9045633.904;78.939;388.706;388.667
CND_1403;10/09/2026 08:05;" 335° 13' 55.44065""";"  79° 30' 37.20699""";347.083;Atmos PPM;0;1013.25;11.1012;175946.079;9045943.798;142.136;176089.028;9045633.904;78.939;341.371;341.275
CND_23;10/09/2026 08:07;" 348° 36' 48.01706""";"  78° 49' 26.09364""";391.407;Atmos PPM;0;1013.25;11.1012;176013.252;9046010.329;154.814;176089.028;9045633.904;78.939;383.951;383.975
CND_30002;10/09/2026 10:00;" 289° 14' 42.88833""";"  79° 29' 04.44438""";723.072;Atmos PPM;0;1013.25;11.1012;175417.87;9045868.284;210.934;176089.028;9045633.904;78.939;710.915;710.906
CND_30003;10/09/2026 10:00;" 290° 56' 17.10893""";"  79° 32' 55.22722""";674.094;Atmos PPM;0;1013.25;11.1012;175469.93;9045870.846;201.25;176089.028;9045633.904;78.939;662.894;662.89
CND_30004;10/09/2026 10:00;" 291° 25' 47.23384""";"  79° 53' 05.92249""";637.674;Atmos PPM;0;1013.25;11.1012;175504.702;9045863.306;190.957;176089.028;9045633.904;78.939;627.75;627.744
CND_170_1;10/09/2026 10:01;" 298° 32' 41.92242""";"  79° 40' 30.18940""";508.765;Atmos PPM;0;1013.25;11.1012;175649.376;9045873.111;170.142;176089.028;9045633.904;78.939;500.548;500.514
CND_190_3;10/09/2026 10:01;" 298° 34' 35.21103""";"  78° 59' 25.56052""";594.716;Atmos PPM;0;1013.25;11.1012;175576.411;9045913.175;192.537;176089.028;9045633.904;78.939;583.897;583.753
CND_180_2;10/09/2026 10:01;" 299° 00' 01.65169""";"  79° 34' 32.05530""";553.861;Atmos PPM;0;1013.25;11.1012;175612.643;9045898.026;179.174;176089.028;9045633.904;78.939;544.768;544.705
CND_210_3;10/09/2026 10:01;" 302° 54' 01.03303""";"  78° 03' 51.70018""";629.463;Atmos PPM;0;1013.25;11.1012;175571.991;9045968.456;209.146;176089.028;9045633.904;78.939;616.02;615.835
CND_200_3;10/09/2026 10:01;" 303° 25' 04.77419""";"  78° 15' 52.85214""";598.431;Atmos PPM;0;1013.25;11.1012;175600.016;9045956.628;200.678;176089.028;9045633.904;78.939;586.052;585.904
CND_200_8;10/09/2026 10:01;" 303° 25' 04.06118""";"  78° 15' 55.89430""";598.431;Atmos PPM;0;1013.25;11.1012;175600.013;9045956.627;200.669;176089.028;9045633.904;78.939;586.05;585.906
CND_190_4;10/09/2026 10:01;" 304° 23' 48.58747""";"  78° 35' 24.36349""";568.31;Atmos PPM;0;1013.25;11.1012;175629.398;9045948.639;191.387;176089.028;9045633.904;78.939;557.187;557.062
CND_200_4;10/09/2026 10:01;" 309° 34' 06.76930""";"  77° 58' 14.26003""";577.855;Atmos PPM;0;1013.25;11.1012;175653.406;9045993.941;199.393;176089.028;9045633.904;78.939;565.267;565.149
CND_1505;10/09/2026 10:01;" 310° 59' 45.58248""";"  79° 10' 44.44968""";381.649;Atmos PPM;0;1013.25;11.1012;175806.126;9045879.835;150.6;176089.028;9045633.904;78.939;374.89;374.854
CND_210_4;10/09/2026 10:02;" 311° 21' 26.44536""";"  77° 25' 46.47289""";600.872;Atmos PPM;0;1013.25;11.1012;175648.87;9046021.44;209.736;176089.028;9045633.904;78.939;586.567;586.45
CND_190_5;10/09/2026 10:02;" 312° 12' 18.43918""";"  78° 10' 54.24304""";542.232;Atmos PPM;0;1013.25;11.1012;175695.928;9045990.47;190.012;176089.028;9045633.904;78.939;530.796;530.723
CND_32;10/09/2026 10:02;" 314° 18' 33.58521""";"  79° 48' 42.18065""";290.793;Atmos PPM;0;1013.25;11.1012;175884.245;9045833.843;130.381;176089.028;9045633.904;78.939;286.496;286.202
CND_200_5;10/09/2026 10:02;" 316° 06' 25.54397""";"  77° 35' 26.24020""";562.262;Atmos PPM;0;1013.25;11.1012;175708.357;9046029.645;199.787;176089.028;9045633.904;78.939;549.185;549.11
CND_1602;10/09/2026 10:03;" 317° 50' 29.90086""";"  78° 12' 08.36241""";403.375;Atmos PPM;0;1013.25;11.1012;175824.04;9045926.622;161.422;176089.028;9045633.904;78.939;394.845;394.845
CND_1504;10/09/2026 10:03;" 320° 45' 25.86424""";"  78° 43' 30.47566""";370.086;Atmos PPM;0;1013.25;11.1012;175859.456;9045915.007;151.306;176089.028;9045633.904;78.939;362.974;362.936
CND_210_5;10/09/2026 10:03;" 320° 50' 24.52814""";"  77° 01' 24.44834""";587.59;Atmos PPM;0;1013.25;11.1012;175727.498;9046077.895;210.906;176089.028;9045633.904;78.939;572.641;572.566
CND_190_6;10/09/2026 10:03;" 321° 21' 25.54229""";"  77° 52' 45.00642""";529.229;Atmos PPM;0;1013.25;11.1012;175765.954;9046038.061;190.082;176089.028;9045633.904;78.939;517.464;517.416
CND_30;10/09/2026 10:04;" 323° 47' 14.74528""";"  80° 41' 07.93299""";257.389;Atmos PPM;0;1013.25;11.1012;175938.992;9045838.844;120.603;176089.028;9045633.904;78.939;254.209;253.991
CND_1402;10/09/2026 10:04;" 325° 03' 34.80441""";"  79° 32' 28.18295""";340.049;Atmos PPM;0;1013.25;11.1012;175897.537;9045908.038;140.676;176089.028;9045633.904;78.939;334.538;334.392
CND_200_6;10/09/2026 10:04;" 325° 15' 06.05236""";"  77° 24' 59.05547""";553.586;Atmos PPM;0;1013.25;11.1012;175781.125;9046077.852;199.565;176089.028;9045633.904;78.939;540.325;540.272
CND_1603;10/09/2026 10:04;" 325° 30' 42.65336""";"  78° 11' 57.21990""";397.913;Atmos PPM;0;1013.25;11.1012;175868.51;9045954.96;160.326;176089.028;9045633.904;78.939;389.496;389.493
CND_210_6;10/09/2026 10:04;" 328° 34' 39.65831""";"  76° 54' 35.92255""";582.151;Atmos PPM;0;1013.25;11.1012;175793.465;9046117.782;210.807;176089.028;9045633.904;78.939;567.059;567.006
CND_1503;10/09/2026 10:04;" 328° 44' 18.05219""";"  78° 43' 01.83449""";367.857;Atmos PPM;0;1013.25;11.1012;175901.849;9045942.283;150.92;176089.028;9045633.904;78.939;360.776;360.74
CND_200_7;10/09/2026 10:05;" 332° 03' 32.94383""";"  77° 26' 33.39255""";554.819;Atmos PPM;0;1013.25;11.1012;175835.329;9046112.331;199.586;176089.028;9045633.904;78.939;541.571;541.531
CND_1604;10/09/2026 10:05;" 332° 27' 35.24546""";"  78° 10' 05.77525""";397.113;Atmos PPM;0;1013.25;11.1012;175909.349;9045978.544;160.373;176089.028;9045633.904;78.939;388.706;388.666
CND_1403;10/09/2026 10:05;" 335° 13' 54.48542""";"  79° 30' 39.47337""";347.083;Atmos PPM;0;1013.25;11.1012;175946.077;9045943.798;142.133;176089.028;9045633.904;78.939;341.371;341.276
CND_23;10/09/2026 10:07;" 348° 36' 43.94290""";"  78° 49' 29.64541""";391.406;Atmos PPM;0;1013.25;11.1012;176013.244;9046010.328;154.807;176089.028;9045633.904;78.939;383.951;383.976
CND_30002;10/09/2026 12:00;" 289° 14' 41.75466""";"  79° 29' 04.72867""";723.072;Atmos PPM;0;1013.25;11.1012;175417.869;9045868.28;210.933;176089.028;9045633.904;78.939;710.915;710.906
CND_30003;10/09/2026 12:00;" 290° 56' 12.45590""";"  79° 32' 54.75641""";674.094;Atmos PPM;0;1013.25;11.1012;175469.925;9045870.832;201.251;176089.028;9045633.904;78.939;662.894;662.89
CND_30004;10/09/2026 12:00;" 291° 25' 41.62269""";"  79° 53' 01.42835""";637.674;Atmos PPM;0;1013.25;11.1012;175504.697;9045863.29;190.971;176089.028;9045633.904;78.939;627.75;627.742
CND_170_1;10/09/2026 12:01;" 298° 32' 39.75264""";"  79° 40' 28.83951""";508.765;Atmos PPM;0;1013.25;11.1012;175649.374;9045873.106;170.146;176089.028;9045633.904;78.939;500.548;500.513
CND_190_3;10/09/2026 12:01;" 298° 34' 26.34015""";"  78° 59' 19.21523""";594.716;Atmos PPM;0;1013.25;11.1012;175576.403;9045913.151;192.555;176089.028;9045633.904;78.939;583.897;583.749
CND_180_2;10/09/2026 12:01;" 298° 59' 58.49997""";"  79° 34' 27.65793""";553.861;Atmos PPM;0;1013.25;11.1012;175612.641;9045898.018;179.186;176089.028;9045633.904;78.939;544.768;544.702
CND_210_3;10/09/2026 12:01;" 302° 53' 55.24553""";"  78° 03' 55.42836""";629.462;Atmos PPM;0;1013.25;11.1012;175571.98;9045968.443;209.135;176089.028;9045633.904;78.939;616.02;615.837
CND_200_8;10/09/2026 12:01;" 303° 24' 56.20090""";"  78° 15' 59.52846""";598.43;Atmos PPM;0;1013.25;11.1012;175599.999;9045956.61;200.659;176089.028;9045633.904;78.939;586.05;585.908
CND_200_3;10/09/2026 12:01;" 303° 25' 03.29927""";"  78° 15' 56.60507""";598.431;Atmos PPM;0;1013.25;11.1012;175600.012;9045956.626;200.667;176089.028;9045633.904;78.939;586.052;585.906
CND_190_4;10/09/2026 12:01;" 304° 23' 45.27541""";"  78° 35' 24.75769""";568.309;Atmos PPM;0;1013.25;11.1012;175629.393;9045948.632;191.386;176089.028;9045633.904;78.939;557.187;557.062
CND_200_4;10/09/2026 12:01;" 309° 34' 02.99634""";"  77° 58' 12.84436""";577.854;Atmos PPM;0;1013.25;11.1012;175653.401;9045993.932;199.397;176089.028;9045633.904;78.939;565.267;565.147
CND_1505;10/09/2026 12:02;" 310° 59' 39.30586""";"  79° 10' 44.34352""";381.649;Atmos PPM;0;1013.25;11.1012;175806.118;9045879.826;150.6;176089.028;9045633.904;78.939;374.89;374.854
CND_210_4;10/09/2026 12:02;" 311° 21' 22.61984""";"  77° 25' 50.40214""";600.872;Atmos PPM;0;1013.25;11.1012;175648.86;9046021.434;209.725;176089.028;9045633.904;78.939;586.567;586.453
CND_190_5;10/09/2026 12:02;" 312° 12' 17.26900""";"  78° 10' 55.19430""";542.233;Atmos PPM;0;1013.25;11.1012;175695.925;9045990.469;190.01;176089.028;9045633.904;78.939;530.796;530.724
CND_32;10/09/2026 12:02;" 314° 18' 31.61662""";"  79° 48' 44.48393""";290.793;Atmos PPM;0;1013.25;11.1012;175884.242;9045833.842;130.378;176089.028;9045633.904;78.939;286.496;286.203
CND_200_5;10/09/2026 12:03;" 316° 06' 23.78964""";"  77° 35' 29.98838""";562.262;Atmos PPM;0;1013.25;11.1012;175708.352;9046029.643;199.777;176089.028;9045633.904;78.939;549.185;549.112
CND_1602;10/09/2026 12:03;" 317° 50' 29.92788""";"  78° 12' 07.01777""";403.375;Atmos PPM;0;1013.25;11.1012;175824.041;9045926.621;161.425;176089.028;9045633.904;78.939;394.845;394.844
CND_1504;10/09/2026 12:03;" 320° 45' 20.96272""";"  78° 43' 34.47412""";370.086;Atmos PPM;0;1013.25;11.1012;175859.449;9045915.002;151.299;176089.028;9045633.904;78.939;362.974;362.937
CND_210_5;10/09/2026 12:03;" 320° 50' 21.53183""";"  77° 01' 27.25837""";587.589;Atmos PPM;0;1013.25;11.1012;175727.491;9046077.89;210.898;176089.028;9045633.904;78.939;572.641;572.567
CND_190_6;10/09/2026 12:03;" 321° 21' 21.99642""";"  77° 52' 44.40031""";529.229;Atmos PPM;0;1013.25;11.1012;175765.948;9046038.055;190.083;176089.028;9045633.904;78.939;517.464;517.416
CND_1402;10/09/2026 12:04;" 325° 03' 29.55600""";"  79° 32' 29.68987""";340.049;Atmos PPM;0;1013.25;11.1012;175897.53;9045908.034;140.673;176089.028;9045633.904;78.939;334.538;334.393
CND_200_6;10/09/2026 12:04;" 325° 15' 03.51876""";"  77° 25' 05.05772""";553.586;Atmos PPM;0;1013.25;11.1012;175781.118;9046077.851;199.55;176089.028;9045633.904;78.939;540.325;540.276
CND_1603;10/09/2026 12:04;" 325° 30' 43.28833""";"  78° 12' 00.71834""";397.913;Atmos PPM;0;1013.25;11.1012;175868.51;9045954.962;160.32;176089.028;9045633.904;78.939;389.496;389.495
CND_210_6;10/09/2026 12:04;" 328° 34' 39.88388""";"  76° 54' 38.51724""";582.151;Atmos PPM;0;1013.25;11.1012;175793.465;9046117.784;210.8;176089.028;9045633.904;78.939;567.059;567.007
CND_1503;10/09/2026 12:04;" 328° 44' 15.41396""";"  78° 43' 02.11387""";367.857;Atmos PPM;0;1013.25;11.1012;175901.845;9045942.28;150.92;176089.028;9045633.904;78.939;360.776;360.74
CND_200_7;10/09/2026 12:05;" 332° 03' 31.32555""";"  77° 26' 35.03760""";554.819;Atmos PPM;0;1013.25;11.1012;175835.325;9046112.33;199.582;176089.028;9045633.904;78.939;541.571;541.532
CND_1604;10/09/2026 12:05;" 332° 27' 33.25394""";"  78° 10' 07.78305""";397.112;Atmos PPM;0;1013.25;11.1012;175909.346;9045978.543;160.369;176089.028;9045633.904;78.939;388.706;388.667
CND_1403;10/09/2026 12:05;" 335° 13' 51.50496""";"  79° 30' 45.91055""";347.083;Atmos PPM;0;1013.25;11.1012;175946.072;9045943.798;142.122;176089.028;9045633.904;78.939;341.371;341.278
CND_23;10/09/2026 12:07;" 348° 36' 43.63941""";"  78° 49' 30.93212""";391.406;Atmos PPM;0;1013.25;11.1012;176013.244;9046010.328;154.804;176089.028;9045633.904;78.939;383.951;383.976
CND_30002;10/09/2026 14:00;" 289° 14' 38.89978""";"  79° 29' 04.59296""";723.071;Atmos PPM;0;1013.25;11.1012;175417.866;9045868.271;210.934;176089.028;9045633.904;78.939;710.915;710.905
CND_30003;10/09/2026 14:00;" 290° 56' 07.77901""";"  79° 32' 52.49517""";674.094;Atmos PPM;0;1013.25;11.1012;175469.921;9045870.817;201.259;176089.028;9045633.904;78.939;662.894;662.889
CND_30004;10/09/2026 14:00;" 291° 25' 40.98161""";"  79° 53' 03.46190""";637.673;Atmos PPM;0;1013.25;11.1012;175504.696;9045863.288;190.965;176089.028;9045633.904;78.939;627.75;627.743
CND_190_3;10/09/2026 14:01;" 298° 34' 26.52180""";"  78° 59' 24.69768""";594.715;Atmos PPM;0;1013.25;11.1012;175576.401;9045913.152;192.539;176089.028;9045633.904;78.939;583.897;583.752
CND_180_2;10/09/2026 14:01;" 298° 59' 56.39559""";"  79° 34' 29.80645""";553.861;Atmos PPM;0;1013.25;11.1012;175612.638;9045898.013;179.18;176089.028;9045633.904;78.939;544.768;544.703
CND_210_3;10/09/2026 14:01;" 302° 53' 57.56847""";"  78° 03' 52.27352""";629.462;Atmos PPM;0;1013.25;11.1012;175571.985;9045968.447;209.144;176089.028;9045633.904;78.939;616.02;615.835
CND_200_8;10/09/2026 14:01;" 303° 25' 01.51666""";"  78° 15' 56.53521""";598.43;Atmos PPM;0;1013.25;11.1012;175600.009;9045956.621;200.667;176089.028;9045633.904;78.939;586.05;585.906
CND_200_3;10/09/2026 14:01;" 303° 25' 02.98806""";"  78° 15' 59.97952""";598.431;Atmos PPM;0;1013.25;11.1012;175600.009;9045956.626;200.658;176089.028;9045633.904;78.939;586.052;585.908
CND_190_4;10/09/2026 14:02;" 304° 23' 44.71200""";"  78° 35' 24.81994""";568.309;Atmos PPM;0;1013.25;11.1012;175629.392;9045948.63;191.386;176089.028;9045633.904;78.939;557.187;557.061
CND_200_4;10/09/2026 14:02;" 309° 34' 00.85515""";"  77° 58' 13.92916""";577.855;Atmos PPM;0;1013.25;11.1012;175653.396;9045993.928;199.394;176089.028;9045633.904;78.939;565.267;565.148
CND_1505;10/09/2026 14:02;" 310° 59' 45.29554""";"  79° 10' 47.85715""";381.648;Atmos PPM;0;1013.25;11.1012;175806.125;9045879.835;150.594;176089.028;9045633.904;78.939;374.89;374.855
CND_210_4;10/09/2026 14:02;" 311° 21' 21.61799""";"  77° 25' 51.95618""";600.871;Atmos PPM;0;1013.25;11.1012;175648.859;9046021.431;209.72;176089.028;9045633.904;78.939;586.567;586.452
CND_190_5;10/09/2026 14:02;" 312° 12' 21.19241""";"  78° 10' 52.88044""";542.232;Atmos PPM;0;1013.25;11.1012;175695.934;9045990.475;190.015;176089.028;9045633.904;78.939;530.796;530.722
CND_32;10/09/2026 14:03;" 314° 18' 30.31310""";"  79° 48' 47.97082""";290.793;Atmos PPM;0;1013.25;11.1012;175884.241;9045833.841;130.373;176089.028;9045633.904;78.939;286.496;286.204
CND_200_5;10/09/2026 14:03;" 316° 06' 25.08327""";"  77° 35' 27.40218""";562.262;Atmos PPM;0;1013.25;11.1012;175708.356;9046029.645;199.784;176089.028;9045633.904;78.939;549.185;549.11
CND_1602;10/09/2026 14:03;" 317° 50' 27.44984""";"  78° 12' 04.30601""";403.375;Atmos PPM;0;1013.25;11.1012;175824.038;9045926.617;161.43;176089.028;9045633.904;78.939;394.845;394.843
CND_1504;10/09/2026 14:04;" 320° 45' 23.00888""";"  78° 43' 34.61522""";370.086;Atmos PPM;0;1013.25;11.1012;175859.451;9045915.005;151.298;176089.028;9045633.904;78.939;362.974;362.936
CND_210_5;10/09/2026 14:04;" 320° 50' 22.40569""";"  77° 01' 27.95822""";587.589;Atmos PPM;0;1013.25;11.1012;175727.493;9046077.892;210.896;176089.028;9045633.904;78.939;572.641;572.567
CND_190_6;10/09/2026 14:04;" 321° 21' 21.86138""";"  77° 52' 44.21729""";529.229;Atmos PPM;0;1013.25;11.1012;175765.947;9046038.054;190.084;176089.028;9045633.904;78.939;517.464;517.415
CND_200_6;10/09/2026 14:04;" 325° 15' 02.29646""";"  77° 25' 00.28537""";553.586;Atmos PPM;0;1013.25;11.1012;175781.117;9046077.847;199.562;176089.028;9045633.904;78.939;540.325;540.273
CND_1603;10/09/2026 14:05;" 325° 30' 36.71963""";"  78° 11' 55.26539""";397.913;Atmos PPM;0;1013.25;11.1012;175868.501;9045954.953;160.33;176089.028;9045633.904;78.939;389.496;389.493
CND_210_6;10/09/2026 14:05;" 328° 34' 36.71075""";"  76° 54' 35.38168""";582.15;Atmos PPM;0;1013.25;11.1012;175793.458;9046117.777;210.809;176089.028;9045633.904;78.939;567.059;567.005
CND_1503;10/09/2026 14:05;" 328° 44' 14.61761""";"  78° 43' 05.30365""";367.857;Atmos PPM;0;1013.25;11.1012;175901.844;9045942.28;150.914;176089.028;9045633.904;78.939;360.776;360.741
CND_200_7;10/09/2026 14:05;" 332° 03' 29.60100""";"  77° 26' 38.88359""";554.819;Atmos PPM;0;1013.25;11.1012;175835.32;9046112.33;199.572;176089.028;9045633.904;78.939;541.571;541.534
CND_1403;10/09/2026 14:06;" 335° 13' 49.55997""";"  79° 30' 39.86330""";347.082;Atmos PPM;0;1013.25;11.1012;175946.07;9045943.794;142.132;176089.028;9045633.904;78.939;341.371;341.275
CND_23;10/09/2026 14:08;" 348° 36' 43.84421""";"  78° 49' 30.40571""";391.406;Atmos PPM;0;1013.25;11.1012;176013.244;9046010.328;154.805;176089.028;9045633.904;78.939;383.951;383.976
CND_30002;10/09/2026 16:00;" 289° 14' 43.64510""";"  79° 29' 02.81505""";723.071;Atmos PPM;0;1013.25;11.1012;175417.872;9045868.286;210.94;176089.028;9045633.904;78.939;710.915;710.904
CND_30003;10/09/2026 16:00;" 290° 56' 13.84897""";"  79° 32' 52.21873""";674.094;Atmos PPM;0;1013.25;11.1012;175469.929;9045870.835;201.259;176089.028;9045633.904;78.939;662.894;662.888
CND_30004;10/09/2026 16:00;" 291° 25' 44.15901""";"  79° 52' 57.07523""";637.674;Atmos PPM;0;1013.25;11.1012;175504.702;9045863.296;190.984;176089.028;9045633.904;78.939;627.75;627.74
CND_170_1;10/09/2026 16:00;" 298° 32' 41.61181""";"  79° 40' 28.67353""";508.765;Atmos PPM;0;1013.25;11.1012;175649.377;9045873.11;170.146;176089.028;9045633.904;78.939;500.548;500.513
CND_190_3;10/09/2026 16:00;" 298° 34' 32.70495""";"  78° 59' 21.55913""";594.715;Atmos PPM;0;1013.25;11.1012;175576.41;9045913.167;192.548;176089.028;9045633.904;78.939;583.897;583.75
CND_180_2;10/09/2026 16:01;" 299° 00' 00.20408""";"  79° 34' 24.46267""";553.861;Atmos PPM;0;1013.25;11.1012;175612.645;9045898.021;179.194;176089.028;9045633.904;78.939;544.768;544.701
CND_210_3;10/09/2026 16:01;" 302° 54' 00.28340""";"  78° 03' 51.00072""";629.462;Atmos PPM;0;1013.25;11.1012;175571.991;9045968.453;209.148;176089.028;9045633.904;78.939;616.02;615.834
CND_200_8;10/09/2026 16:01;" 303° 25' 04.03720""";"  78° 15' 53.91091""";598.43;Atmos PPM;0;1013.25;11.1012;175600.014;9045956.626;200.675;176089.028;9045633.904;78.939;586.05;585.905
CND_200_3;10/09/2026 16:01;" 303° 25' 03.87370""";"  78° 15' 53.65924""";598.43;Atmos PPM;0;1013.25;11.1012;175600.014;9045956.626;200.675;176089.028;9045633.904;78.939;586.052;585.905
CND_190_4;10/09/2026 16:01;" 304° 23' 46.73855""";"  78° 35' 21.13174""";568.309;Atmos PPM;0;1013.25;11.1012;175629.397;9045948.634;191.396;176089.028;9045633.904;78.939;557.187;557.06
CND_200_4;10/09/2026 16:01;" 309° 34' 04.12072""";"  77° 58' 12.31389""";577.854;Atmos PPM;0;1013.25;11.1012;175653.403;9045993.934;199.399;176089.028;9045633.904;78.939;565.267;565.147
CND_1505;10/09/2026 16:01;" 310° 59' 43.43933""";"  79° 10' 46.43598""";381.648;Atmos PPM;0;1013.25;11.1012;175806.123;9045879.832;150.596;176089.028;9045633.904;78.939;374.89;374.854
CND_210_4;10/09/2026 16:01;" 311° 21' 24.77030""";"  77° 25' 49.76990""";600.871;Atmos PPM;0;1013.25;11.1012;175648.865;9046021.437;209.726;176089.028;9045633.904;78.939;586.567;586.451
CND_190_5;10/09/2026 16:02;" 312° 12' 19.65479""";"  78° 10' 53.07682""";542.232;Atmos PPM;0;1013.25;11.1012;175695.931;9045990.472;190.015;176089.028;9045633.904;78.939;530.796;530.722
CND_32;10/09/2026 16:02;" 314° 18' 33.80121""";"  79° 48' 43.37524""";290.793;Atmos PPM;0;1013.25;11.1012;175884.245;9045833.843;130.38;176089.028;9045633.904;78.939;286.496;286.202
CND_200_5;10/09/2026 16:02;" 316° 06' 25.49067""";"  77° 35' 28.95623""";562.262;Atmos PPM;0;1013.25;11.1012;175708.356;9046029.646;199.78;176089.028;9045633.904;78.939;549.185;549.111
CND_1602;10/09/2026 16:02;" 317° 50' 31.54004""";"  78° 12' 06.25837""";403.375;Atmos PPM;0;1013.25;11.1012;175824.044;9045926.623;161.426;176089.028;9045633.904;78.939;394.845;394.843
CND_1504;10/09/2026 16:03;" 320° 45' 23.72140""";"  78° 43' 32.40990""";370.086;Atmos PPM;0;1013.25;11.1012;175859.453;9045915.005;151.302;176089.028;9045633.904;78.939;362.974;362.936
CND_210_5;10/09/2026 16:03;" 320° 50' 25.82131""";"  77° 01' 23.89246""";587.589;Atmos PPM;0;1013.25;11.1012;175727.502;9046077.896;210.907;176089.028;9045633.904;78.939;572.641;572.564
CND_190_6;10/09/2026 16:03;" 321° 21' 25.00436""";"  77° 52' 42.69187""";529.229;Atmos PPM;0;1013.25;11.1012;175765.954;9046038.059;190.087;176089.028;9045633.904;78.939;517.464;517.414
CND_200_6;10/09/2026 16:03;" 325° 15' 04.66627""";"  77° 24' 59.08016""";553.586;Atmos PPM;0;1013.25;11.1012;175781.122;9046077.85;199.565;176089.028;9045633.904;78.939;540.325;540.273
CND_1603;10/09/2026 16:03;" 325° 30' 43.12248""";"  78° 11' 59.95023""";397.913;Atmos PPM;0;1013.25;11.1012;175868.51;9045954.962;160.321;176089.028;9045633.904;78.939;389.496;389.494
CND_210_6;10/09/2026 16:04;" 328° 34' 41.15751""";"  76° 54' 37.26155""";582.15;Atmos PPM;0;1013.25;11.1012;175793.468;9046117.784;210.804;176089.028;9045633.904;78.939;567.059;567.006
CND_1503;10/09/2026 16:04;" 328° 44' 17.56031""";"  78° 43' 01.36769""";367.857;Atmos PPM;0;1013.25;11.1012;175901.849;9045942.282;150.921;176089.028;9045633.904;78.939;360.776;360.739
CND_200_7;10/09/2026 16:04;" 332° 03' 32.65671""";"  77° 26' 36.29644""";554.818;Atmos PPM;0;1013.25;11.1012;175835.328;9046112.332;199.579;176089.028;9045633.904;78.939;541.571;541.532
CND_1604;10/09/2026 16:04;" 332° 27' 34.70502""";"  78° 10' 08.01101""";397.112;Atmos PPM;0;1013.25;11.1012;175909.348;9045978.544;160.368;176089.028;9045633.904;78.939;388.706;388.666
CND_1403;10/09/2026 16:05;" 335° 13' 55.17603""";"  79° 30' 41.62865""";347.083;Atmos PPM;0;1013.25;11.1012;175946.078;9045943.799;142.129;176089.028;9045633.904;78.939;341.371;341.276
CND_23;10/09/2026 16:06;" 348° 36' 44.99957""";"  78° 49' 29.04757""";391.406;Atmos PPM;0;1013.25;11.1012;176013.246;9046010.328;154.808;176089.028;9045633.904;78.939;383.951;383.976
CND_30002;10/09/2026 18:00;" 289° 14' 45.80297""";"  79° 29' 01.53403""";723.072;Atmos PPM;0;1013.25;11.1012;175417.875;9045868.293;210.944;176089.028;9045633.904;78.939;710.915;710.904
CND_30003;10/09/2026 18:00;" 290° 56' 14.54040""";"  79° 32' 50.37641""";674.094;Atmos PPM;0;1013.25;11.1012;175469.93;9045870.837;201.265;176089.028;9045633.904;78.939;662.894;662.888
CND_30004;10/09/2026 18:00;" 291° 25' 44.99789""";"  79° 52' 56.63688""";637.674;Atmos PPM;0;1013.25;11.1012;175504.703;9045863.299;190.986;176089.028;9045633.904;78.939;627.75;627.74
CND_170_1;10/09/2026 18:00;" 298° 32' 42.86252""";"  79° 40' 30.12823""";508.765;Atmos PPM;0;1013.25;11.1012;175649.377;9045873.113;170.143;176089.028;9045633.904;78.939;500.548;500.514
CND_190_3;10/09/2026 18:00;" 298° 34' 29.73690""";"  78° 59' 20.60741""";594.715;Atmos PPM;0;1013.25;11.1012;175576.407;9045913.159;192.551;176089.028;9045633.904;78.939;583.897;583.75
CND_180_2;10/09/2026 18:01;" 298° 59' 59.31203""";"  79° 34' 24.17466""";553.861;Atmos PPM;0;1013.25;11.1012;175612.643;9045898.019;179.195;176089.028;9045633.904;78.939;544.768;544.701
CND_210_3;10/09/2026 18:01;" 302° 54' 01.18928""";"  78° 03' 50.06740""";629.462;Atmos PPM;0;1013.25;11.1012;175571.992;9045968.456;209.151;176089.028;9045633.904;78.939;616.02;615.833
CND_200_3;10/09/2026 18:01;" 303° 25' 04.06482""";"  78° 15' 55.75411""";598.431;Atmos PPM;0;1013.25;11.1012;175600.013;9045956.627;200.67;176089.028;9045633.904;78.939;586.052;585.906
CND_200_8;10/09/2026 18:01;" 303° 25' 03.53700""";"  78° 15' 55.36671""";598.431;Atmos PPM;0;1013.25;11.1012;175600.013;9045956.626;200.671;176089.028;9045633.904;78.939;586.05;585.906
CND_190_4;10/09/2026 18:01;" 304° 23' 47.06127""";"  78° 35' 21.39135""";568.309;Atmos PPM;0;1013.25;11.1012;175629.397;9045948.635;191.395;176089.028;9045633.904;78.939;557.187;557.06
CND_200_4;10/09/2026 18:01;" 309° 34' 03.86296""";"  77° 58' 12.01048""";577.854;Atmos PPM;0;1013.25;11.1012;175653.403;9045993.934;199.399;176089.028;9045633.904;78.939;565.267;565.147
CND_1505;10/09/2026 18:02;" 310° 59' 44.36549""";"  79° 10' 44.25572""";381.649;Atmos PPM;0;1013.25;11.1012;175806.125;9045879.833;150.6;176089.028;9045633.904;78.939;374.89;374.854
CND_210_4;10/09/2026 18:02;" 311° 21' 25.27900""";"  77° 25' 49.57013""";600.871;Atmos PPM;0;1013.25;11.1012;175648.866;9046021.438;209.727;176089.028;9045633.904;78.939;586.567;586.451
CND_190_5;10/09/2026 18:02;" 312° 12' 19.63576""";"  78° 10' 53.30461""";542.233;Atmos PPM;0;1013.25;11.1012;175695.93;9045990.472;190.014;176089.028;9045633.904;78.939;530.796;530.723
CND_32;10/09/2026 18:02;" 314° 18' 33.52283""";"  79° 48' 43.02183""";290.793;Atmos PPM;0;1013.25;11.1012;175884.244;9045833.843;130.38;176089.028;9045633.904;78.939;286.496;286.203
CND_200_5;10/09/2026 18:02;" 316° 06' 25.05475""";"  77° 35' 28.32536""";562.262;Atmos PPM;0;1013.25;11.1012;175708.355;9046029.645;199.782;176089.028;9045633.904;78.939;549.185;549.111
CND_1504;10/09/2026 18:03;" 320° 45' 24.88842""";"  78° 43' 33.21524""";370.086;Atmos PPM;0;1013.25;11.1012;175859.454;9045915.007;151.301;176089.028;9045633.904;78.939;362.974;362.936
CND_210_5;10/09/2026 18:03;" 320° 50' 25.03188""";"  77° 01' 25.11817""";587.589;Atmos PPM;0;1013.25;11.1012;175727.5;9046077.895;210.904;176089.028;9045633.904;78.939;572.641;572.565
CND_190_6;10/09/2026 18:03;" 321° 21' 24.38605""";"  77° 52' 43.20879""";529.229;Atmos PPM;0;1013.25;11.1012;175765.952;9046038.058;190.086;176089.028;9045633.904;78.939;517.464;517.415
CND_200_6;10/09/2026 18:03;" 325° 15' 04.51363""";"  77° 24' 59.28342""";553.586;Atmos PPM;0;1013.25;11.1012;175781.122;9046077.85;199.565;176089.028;9045633.904;78.939;540.325;540.272
CND_1603;10/09/2026 18:04;" 325° 30' 38.88205""";"  78° 11' 56.85928""";397.913;Atmos PPM;0;1013.25;11.1012;175868.504;9045954.956;160.327;176089.028;9045633.904;78.939;389.496;389.494
CND_210_6;10/09/2026 18:04;" 328° 34' 39.36823""";"  76° 54' 36.25327""";582.15;Atmos PPM;0;1013.25;11.1012;175793.464;9046117.782;210.806;176089.028;9045633.904;78.939;567.059;567.006
CND_1503;10/09/2026 18:04;" 328° 44' 17.63174""";"  78° 43' 02.27177""";367.857;Atmos PPM;0;1013.25;11.1012;175901.849;9045942.282;150.919;176089.028;9045633.904;78.939;360.776;360.74
CND_200_7;10/09/2026 18:04;" 332° 03' 33.71697""";"  77° 26' 37.02388""";554.819;Atmos PPM;0;1013.25;11.1012;175835.33;9046112.334;199.577;176089.028;9045633.904;78.939;541.571;541.533
CND_1604;10/09/2026 18:04;" 332° 27' 35.53045""";"  78° 10' 07.27897""";397.112;Atmos PPM;0;1013.25;11.1012;175909.35;9045978.545;160.37;176089.028;9045633.904;78.939;388.706;388.666
CND_1403;10/09/2026 18:05;" 335° 13' 53.19296""";"  79° 30' 43.13070""";347.083;Atmos PPM;0;1013.25;11.1012;175946.075;9045943.798;142.127;176089.028;9045633.904;78.939;341.371;341.277
CND_23;10/09/2026 18:06;" 348° 36' 46.01823""";"  78° 49' 30.17030""";391.407;Atmos PPM;0;1013.25;11.1012;176013.248;9046010.329;154.806;176089.028;9045633.904;78.939;383.951;383.977
CND_30002;10/09/2026 20:00;" 289° 14' 45.78471""";"  79° 29' 00.41314""";723.072;Atmos PPM;0;1013.25;11.1012;175417.875;9045868.293;210.948;176089.028;9045633.904;78.939;710.915;710.904
CND_30003;10/09/2026 20:00;" 290° 56' 14.41912""";"  79° 32' 49.92652""";674.095;Atmos PPM;0;1013.25;11.1012;175469.93;9045870.837;201.267;176089.028;9045633.904;78.939;662.894;662.888
CND_30004;10/09/2026 20:00;" 291° 25' 44.23314""";"  79° 52' 57.06046""";637.675;Atmos PPM;0;1013.25;11.1012;175504.702;9045863.297;190.984;176089.028;9045633.904;78.939;627.75;627.741
CND_190_3;10/09/2026 20:01;" 298° 34' 31.22917""";"  78° 59' 21.43660""";594.715;Atmos PPM;0;1013.25;11.1012;175576.408;9045913.163;192.549;176089.028;9045633.904;78.939;583.897;583.751
CND_180_2;10/09/2026 20:01;" 298° 59' 59.17796""";"  79° 34' 25.04774""";553.861;Atmos PPM;0;1013.25;11.1012;175612.643;9045898.019;179.193;176089.028;9045633.904;78.939;544.768;544.701
CND_210_3;10/09/2026 20:01;" 302° 54' 00.58395""";"  78° 03' 52.01580""";629.462;Atmos PPM;0;1013.25;11.1012;175571.99;9045968.455;209.145;176089.028;9045633.904;78.939;616.02;615.835
CND_200_8;10/09/2026 20:01;" 303° 25' 03.79471""";"  78° 15' 54.97615""";598.431;Atmos PPM;0;1013.25;11.1012;175600.013;9045956.626;200.672;176089.028;9045633.904;78.939;586.05;585.905
CND_200_3;10/09/2026 20:02;" 303° 25' 03.97680""";"  78° 15' 55.10283""";598.431;Atmos PPM;0;1013.25;11.1012;175600.013;9045956.627;200.671;176089.028;9045633.904;78.939;586.052;585.906
CND_190_4;10/09/2026 20:02;" 304° 23' 46.58695""";"  78° 35' 22.53217""";568.309;Atmos PPM;0;1013.25;11.1012;175629.396;9045948.634;191.392;176089.028;9045633.904;78.939;557.187;557.061
CND_200_4;10/09/2026 20:02;" 309° 34' 04.21470""";"  77° 58' 13.70611""";577.855;Atmos PPM;0;1013.25;11.1012;175653.402;9045993.935;199.395;176089.028;9045633.904;78.939;565.267;565.148
CND_1505;10/09/2026 20:02;" 310° 59' 42.87489""";"  79° 10' 46.84010""";381.649;Atmos PPM;0;1013.25;11.1012;175806.122;9045879.831;150.595;176089.028;9045633.904;78.939;374.89;374.855
CND_210_4;10/09/2026 20:02;" 311° 21' 25.48861""";"  77° 25' 49.48623""";600.871;Atmos PPM;0;1013.25;11.1012;175648.867;9046021.439;209.727;176089.028;9045633.904;78.939;586.567;586.451
CND_190_5;10/09/2026 20:02;" 312° 12' 19.84818""";"  78° 10' 54.47338""";542.233;Atmos PPM;0;1013.25;11.1012;175695.93;9045990.473;190.011;176089.028;9045633.904;78.939;530.796;530.723
CND_32;10/09/2026 20:02;" 314° 18' 32.28359""";"  79° 48' 43.78869""";290.793;Atmos PPM;0;1013.25;11.1012;175884.243;9045833.842;130.379;176089.028;9045633.904;78.939;286.496;286.203
CND_200_5;10/09/2026 20:03;" 316° 06' 25.83887""";"  77° 35' 29.55008""";562.262;Atmos PPM;0;1013.25;11.1012;175708.356;9046029.647;199.778;176089.028;9045633.904;78.939;549.185;549.112
CND_1504;10/09/2026 20:03;" 320° 45' 23.85028""";"  78° 43' 33.89113""";370.087;Atmos PPM;0;1013.25;11.1012;175859.452;9045915.006;151.3;176089.028;9045633.904;78.939;362.974;362.937
CND_210_5;10/09/2026 20:03;" 320° 50' 25.07858""";"  77° 01' 24.93397""";587.589;Atmos PPM;0;1013.25;11.1012;175727.499;9046077.896;210.905;176089.028;9045633.904;78.939;572.641;572.566
CND_190_6;10/09/2026 20:03;" 321° 21' 24.01715""";"  77° 52' 43.14346""";529.229;Atmos PPM;0;1013.25;11.1012;175765.952;9046038.058;190.086;176089.028;9045633.904;78.939;517.464;517.415
CND_200_6;10/09/2026 20:04;" 325° 15' 04.39488""";"  77° 24' 59.63631""";553.587;Atmos PPM;0;1013.25;11.1012;175781.121;9046077.85;199.564;176089.028;9045633.904;78.939;540.325;540.273
CND_1603;10/09/2026 20:04;" 325° 30' 42.52043""";"  78° 12' 02.29603""";397.913;Atmos PPM;0;1013.25;11.1012;175868.509;9045954.962;160.317;176089.028;9045633.904;78.939;389.496;389.496
CND_210_6;10/09/2026 20:04;" 328° 34' 39.34284""";"  76° 54' 36.61012""";582.151;Atmos PPM;0;1013.25;11.1012;175793.464;9046117.782;210.806;176089.028;9045633.904;78.939;567.059;567.006
CND_1503;10/09/2026 20:04;" 328° 44' 18.37066""";"  78° 43' 01.93145""";367.857;Atmos PPM;0;1013.25;11.1012;175901.85;9045942.283;150.92;176089.028;9045633.904;78.939;360.776;360.74
CND_200_7;10/09/2026 20:04;" 332° 03' 35.04963""";"  77° 26' 36.95201""";554.819;Atmos PPM;0;1013.25;11.1012;175835.333;9046112.336;199.577;176089.028;9045633.904;78.939;541.571;541.533
CND_1604;10/09/2026 20:05;" 332° 27' 34.95812""";"  78° 10' 07.60025""";397.112;Atmos PPM;0;1013.25;11.1012;175909.349;9045978.545;160.369;176089.028;9045633.904;78.939;388.706;388.667
CND_23;10/09/2026 20:06;" 348° 36' 44.24815""";"  78° 49' 32.92797""";391.407;Atmos PPM;0;1013.25;11.1012;176013.245;9046010.329;154.801;176089.028;9045633.904;78.939;383.951;383.978
CND_30002;10/09/2026 22:00;" 289° 14' 45.20300""";"  79° 29' 00.69085""";723.073;Atmos PPM;0;1013.25;11.1012;175417.874;9045868.291;210.947;176089.028;9045633.904;78.939;710.915;710.904
CND_30003;10/09/2026 22:00;" 290° 56' 13.75882""";"  79° 32' 50.51230""";674.095;Atmos PPM;0;1013.25;11.1012;175469.928;9045870.835;201.265;176089.028;9045633.904;78.939;662.894;662.888
CND_30004;10/09/2026 22:00;" 291° 25' 44.84033""";"  79° 52' 56.69855""";637.675;Atmos PPM;0;1013.25;11.1012;175504.703;9045863.298;190.986;176089.028;9045633.904;78.939;627.75;627.74
CND_170_1;10/09/2026 22:00;" 298° 32' 42.47960""";"  79° 40' 29.00502""";508.765;Atmos PPM;0;1013.25;11.1012;175649.377;9045873.112;170.145;176089.028;9045633.904;78.939;500.548;500.514
CND_190_3;10/09/2026 22:00;" 298° 34' 32.59707""";"  78° 59' 22.93717""";594.716;Atmos PPM;0;1013.25;11.1012;175576.409;9045913.167;192.544;176089.028;9045633.904;78.939;583.897;583.752
CND_180_2;10/09/2026 22:01;" 298° 59' 59.09206""";"  79° 34' 24.58118""";553.861;Atmos PPM;0;1013.25;11.1012;175612.643;9045898.019;179.194;176089.028;9045633.904;78.939;544.768;544.701
CND_210_3;10/09/2026 22:01;" 302° 54' 01.48905""";"  78° 03' 52.69275""";629.462;Atmos PPM;0;1013.25;11.1012;175571.991;9045968.457;209.143;176089.028;9045633.904;78.939;616.02;615.835
CND_200_8;10/09/2026 22:01;" 303° 25' 04.19864""";"  78° 15' 55.14987""";598.431;Atmos PPM;0;1013.25;11.1012;175600.014;9045956.627;200.671;176089.028;9045633.904;78.939;586.05;585.906
CND_200_3;10/09/2026 22:01;" 303° 25' 02.98664""";"  78° 15' 54.87901""";598.431;Atmos PPM;0;1013.25;11.1012;175600.012;9045956.624;200.672;176089.028;9045633.904;78.939;586.052;585.905
CND_190_4;10/09/2026 22:01;" 304° 23' 45.86251""";"  78° 35' 22.30379""";568.31;Atmos PPM;0;1013.25;11.1012;175629.395;9045948.632;191.393;176089.028;9045633.904;78.939;557.187;557.061
CND_200_4;10/09/2026 22:01;" 309° 34' 02.85931""";"  77° 58' 12.65067""";577.855;Atmos PPM;0;1013.25;11.1012;175653.4;9045993.932;199.398;176089.028;9045633.904;78.939;565.267;565.148
CND_1505;10/09/2026 22:01;" 310° 59' 43.49389""";"  79° 10' 44.32830""";381.649;Atmos PPM;0;1013.25;11.1012;175806.123;9045879.832;150.6;176089.028;9045633.904;78.939;374.89;374.854
CND_210_4;10/09/2026 22:02;" 311° 21' 24.56649""";"  77° 25' 48.62890""";600.871;Atmos PPM;0;1013.25;11.1012;175648.865;9046021.437;209.73;176089.028;9045633.904;78.939;586.567;586.451
CND_190_5;10/09/2026 22:02;" 312° 12' 19.66831""";"  78° 10' 53.13337""";542.233;Atmos PPM;0;1013.25;11.1012;175695.93;9045990.472;190.015;176089.028;9045633.904;78.939;530.796;530.723
CND_32;10/09/2026 22:02;" 314° 18' 32.89279""";"  79° 48' 43.81642""";290.794;Atmos PPM;0;1013.25;11.1012;175884.243;9045833.843;130.379;176089.028;9045633.904;78.939;286.496;286.203
CND_200_5;10/09/2026 22:02;" 316° 06' 25.47347""";"  77° 35' 28.85614""";562.262;Atmos PPM;0;1013.25;11.1012;175708.356;9046029.646;199.78;176089.028;9045633.904;78.939;549.185;549.111
CND_1504;10/09/2026 22:03;" 320° 45' 23.58486""";"  78° 43' 33.37551""";370.087;Atmos PPM;0;1013.25;11.1012;175859.452;9045915.005;151.301;176089.028;9045633.904;78.939;362.974;362.937
CND_210_5;10/09/2026 22:03;" 320° 50' 24.40138""";"  77° 01' 24.82870""";587.589;Atmos PPM;0;1013.25;11.1012;175727.498;9046077.894;210.905;176089.028;9045633.904;78.939;572.641;572.565
CND_190_6;10/09/2026 22:03;" 321° 21' 24.10712""";"  77° 52' 43.68867""";529.229;Atmos PPM;0;1013.25;11.1012;175765.952;9046038.058;190.085;176089.028;9045633.904;78.939;517.464;517.416
CND_200_6;10/09/2026 22:03;" 325° 15' 04.34476""";"  77° 24' 59.02676""";553.587;Atmos PPM;0;1013.25;11.1012;175781.121;9046077.85;199.566;176089.028;9045633.904;78.939;540.325;540.273
CND_1603;10/09/2026 22:03;" 325° 30' 39.64197""";"  78° 11' 57.77594""";397.914;Atmos PPM;0;1013.25;11.1012;175868.505;9045954.958;160.325;176089.028;9045633.904;78.939;389.496;389.494
CND_210_6;10/09/2026 22:04;" 328° 34' 39.32840""";"  76° 54' 37.22092""";582.151;Atmos PPM;0;1013.25;11.1012;175793.464;9046117.782;210.804;176089.028;9045633.904;78.939;567.059;567.007
CND_1503;10/09/2026 22:04;" 328° 44' 16.94940""";"  78° 43' 02.71206""";367.857;Atmos PPM;0;1013.25;11.1012;175901.848;9045942.282;150.919;176089.028;9045633.904;78.939;360.776;360.74
CND_200_7;10/09/2026 22:04;" 332° 03' 35.67003""";"  77° 26' 36.74264""";554.819;Atmos PPM;0;1013.25;11.1012;175835.334;9046112.337;199.578;176089.028;9045633.904;78.939;541.571;541.533
CND_1604;10/09/2026 22:04;" 332° 27' 35.28758""";"  78° 10' 07.62987""";397.113;Atmos PPM;0;1013.25;11.1012;175909.349;9045978.545;160.369;176089.028;9045633.904;78.939;388.706;388.667
CND_1403;10/09/2026 22:05;" 335° 13' 49.99920""";"  79° 30' 40.58722""";347.083;Atmos PPM;0;1013.25;11.1012;175946.07;9045943.796;142.131;176089.028;9045633.904;78.939;341.371;341.277
CND_23;10/09/2026 22:06;" 348° 36' 46.20186""";"  78° 49' 29.90352""";391.407;Atmos PPM;0;1013.25;11.1012;176013.248;9046010.329;154.806;176089.028;9045633.904;78.939;383.951;383.977
CND_30002;11/09/2026 00:00;" 289° 14' 45.40494""";"  79° 29' 00.39763""";723.072;Atmos PPM;0;1013.25;11.1012;175417.875;9045868.291;210.948;176089.028;9045633.904;78.939;710.915;710.904
CND_30003;11/09/2026 00:00;" 290° 56' 14.13887""";"  79° 32' 49.30662""";674.095;Atmos PPM;0;1013.25;11.1012;175469.93;9045870.836;201.269;176089.028;9045633.904;78.939;662.894;662.887
CND_30004;11/09/2026 00:00;" 291° 25' 44.78699""";"  79° 52' 55.33834""";637.675;Atmos PPM;0;1013.25;11.1012;175504.703;9045863.298;190.99;176089.028;9045633.904;78.939;627.75;627.74
CND_170_1;11/09/2026 00:00;" 298° 32' 43.70477""";"  79° 40' 28.79099""";508.765;Atmos PPM;0;1013.25;11.1012;175649.378;9045873.115;170.146;176089.028;9045633.904;78.939;500.548;500.513
CND_190_3;11/09/2026 00:00;" 298° 34' 29.33118""";"  78° 59' 20.47419""";594.716;Atmos PPM;0;1013.25;11.1012;175576.406;9045913.159;192.551;176089.028;9045633.904;78.939;583.897;583.75
CND_180_2;11/09/2026 00:01;" 298° 59' 59.18132""";"  79° 34' 22.46076""";553.861;Atmos PPM;0;1013.25;11.1012;175612.644;9045898.018;179.199;176089.028;9045633.904;78.939;544.768;544.7
CND_210_3;11/09/2026 00:01;" 302° 53' 58.97306""";"  78° 03' 50.40477""";629.462;Atmos PPM;0;1013.25;11.1012;175571.989;9045968.45;209.15;176089.028;9045633.904;78.939;616.02;615.834
CND_200_3;11/09/2026 00:01;" 303° 25' 02.94120""";"  78° 15' 55.32697""";598.431;Atmos PPM;0;1013.25;11.1012;175600.012;9045956.624;200.671;176089.028;9045633.904;78.939;586.052;585.906
CND_200_8;11/09/2026 00:01;" 303° 25' 02.83359""";"  78° 15' 55.19894""";598.431;Atmos PPM;0;1013.25;11.1012;175600.012;9045956.624;200.671;176089.028;9045633.904;78.939;586.05;585.906
CND_190_4;11/09/2026 00:01;" 304° 23' 45.82327""";"  78° 35' 21.44284""";568.31;Atmos PPM;0;1013.25;11.1012;175629.395;9045948.632;191.395;176089.028;9045633.904;78.939;557.187;557.06
CND_200_4;11/09/2026 00:01;" 309° 34' 04.44107""";"  77° 58' 12.87442""";577.855;Atmos PPM;0;1013.25;11.1012;175653.403;9045993.935;199.397;176089.028;9045633.904;78.939;565.267;565.148
CND_1505;11/09/2026 00:02;" 310° 59' 42.52889""";"  79° 10' 43.89402""";381.649;Atmos PPM;0;1013.25;11.1012;175806.122;9045879.83;150.601;176089.028;9045633.904;78.939;374.89;374.854
CND_210_4;11/09/2026 00:02;" 311° 21' 24.18466""";"  77° 25' 49.25477""";600.871;Atmos PPM;0;1013.25;11.1012;175648.864;9046021.436;209.728;176089.028;9045633.904;78.939;586.567;586.451
CND_190_5;11/09/2026 00:02;" 312° 12' 19.16422""";"  78° 10' 52.24393""";542.232;Atmos PPM;0;1013.25;11.1012;175695.93;9045990.471;190.017;176089.028;9045633.904;78.939;530.796;530.722
CND_32;11/09/2026 00:02;" 314° 18' 32.08389""";"  79° 48' 42.90218""";290.794;Atmos PPM;0;1013.25;11.1012;175884.243;9045833.842;130.38;176089.028;9045633.904;78.939;286.496;286.203
CND_200_5;11/09/2026 00:02;" 316° 06' 24.54656""";"  77° 35' 27.11558""";562.263;Atmos PPM;0;1013.25;11.1012;175708.354;9046029.644;199.785;176089.028;9045633.904;78.939;549.185;549.111
CND_1504;11/09/2026 00:03;" 320° 45' 23.89084""";"  78° 43' 32.54641""";370.087;Atmos PPM;0;1013.25;11.1012;175859.453;9045915.006;151.302;176089.028;9045633.904;78.939;362.974;362.936
CND_210_5;11/09/2026 00:03;" 320° 50' 24.43504""";"  77° 01' 24.63900""";587.589;Atmos PPM;0;1013.25;11.1012;175727.498;9046077.894;210.905;176089.028;9045633.904;78.939;572.641;572.565
CND_190_6;11/09/2026 00:03;" 321° 21' 24.86231""";"  77° 52' 43.05428""";529.229;Atmos PPM;0;1013.25;11.1012;175765.953;9046038.059;190.087;176089.028;9045633.904;78.939;517.464;517.415
CND_200_6;11/09/2026 00:03;" 325° 15' 04.01345""";"  77° 24' 58.58220""";553.586;Atmos PPM;0;1013.25;11.1012;175781.121;9046077.849;199.567;176089.028;9045633.904;78.939;540.325;540.272
CND_1603;11/09/2026 00:03;" 325° 30' 42.49386""";"  78° 11' 56.80140""";397.913;Atmos PPM;0;1013.25;11.1012;175868.51;9045954.96;160.327;176089.028;9045633.904;78.939;389.496;389.494
CND_210_6;11/09/2026 00:04;" 328° 34' 38.72498""";"  76° 54' 36.42110""";582.151;Atmos PPM;0;1013.25;11.1012;175793.463;9046117.781;210.806;176089.028;9045633.904;78.939;567.059;567.006
CND_1503;11/09/2026 00:04;" 328° 44' 16.33625""";"  78° 43' 01.72547""";367.858;Atmos PPM;0;1013.25;11.1012;175901.847;9045942.281;150.92;176089.028;9045633.904;78.939;360.776;360.74
CND_200_7;11/09/2026 00:04;" 332° 03' 34.45298""";"  77° 26' 36.49099""";554.819;Atmos PPM;0;1013.25;11.1012;175835.331;9046112.335;199.578;176089.028;9045633.904;78.939;541.571;541.533
CND_1604;11/09/2026 00:04;" 332° 27' 33.75453""";"  78° 10' 06.78596""";397.113;Atmos PPM;0;1013.25;11.1012;175909.347;9045978.544;160.371;176089.028;9045633.904;78.939;388.706;388.667
CND_1403;11/09/2026 00:04;" 335° 13' 51.01580""";"  79° 30' 41.62641""";347.083;Atmos PPM;0;1013.25;11.1012;175946.072;9045943.797;142.129;176089.028;9045633.904;78.939;341.371;341.277
CND_23;11/09/2026 00:06;" 348° 36' 46.53259""";"  78° 49' 29.98232""";391.407;Atmos PPM;0;1013.25;11.1012;176013.249;9046010.329;154.806;176089.028;9045633.904;78.939;383.951;383.977
CND_30002;11/09/2026 02:00;" 289° 14' 44.64183""";"  79° 29' 00.53025""";723.072;Atmos PPM;0;1013.25;11.1012;175417.874;9045868.289;210.948;176089.028;9045633.904;78.939;710.915;710.904
CND_30003;11/09/2026 02:00;" 290° 56' 13.56018""";"  79° 32' 49.62135""";674.094;Atmos PPM;0;1013.25;11.1012;175469.929;9045870.834;201.268;176089.028;9045633.904;78.939;662.894;662.887
CND_30004;11/09/2026 02:00;" 291° 25' 44.84111""";"  79° 52' 56.48717""";637.675;Atmos PPM;0;1013.25;11.1012;175504.703;9045863.298;190.986;176089.028;9045633.904;78.939;627.75;627.74
CND_170_1;11/09/2026 02:00;" 298° 32' 42.18867""";"  79° 40' 28.54874""";508.765;Atmos PPM;0;1013.25;11.1012;175649.377;9045873.111;170.146;176089.028;9045633.904;78.939;500.548;500.513
CND_190_3;11/09/2026 02:00;" 298° 34' 31.62930""";"  78° 59' 20.72709""";594.715;Atmos PPM;0;1013.25;11.1012;175576.409;9045913.164;192.551;176089.028;9045633.904;78.939;583.897;583.75
CND_180_2;11/09/2026 02:01;" 298° 59' 58.66427""";"  79° 34' 23.85977""";553.861;Atmos PPM;0;1013.25;11.1012;175612.643;9045898.017;179.196;176089.028;9045633.904;78.939;544.768;544.701
CND_210_3;11/09/2026 02:01;" 302° 54' 00.56544""";"  78° 03' 52.19339""";629.462;Atmos PPM;0;1013.25;11.1012;175571.99;9045968.455;209.144;176089.028;9045633.904;78.939;616.02;615.834
CND_200_8;11/09/2026 02:01;" 303° 25' 03.99827""";"  78° 15' 54.56461""";598.43;Atmos PPM;0;1013.25;11.1012;175600.014;9045956.627;200.673;176089.028;9045633.904;78.939;586.05;585.905
CND_200_3;11/09/2026 02:01;" 303° 25' 04.12097""";"  78° 15' 54.91221""";598.43;Atmos PPM;0;1013.25;11.1012;175600.014;9045956.627;200.672;176089.028;9045633.904;78.939;586.052;585.905
CND_190_4;11/09/2026 02:01;" 304° 23' 46.43336""";"  78° 35' 21.38173""";568.309;Atmos PPM;0;1013.25;11.1012;175629.396;9045948.633;191.395;176089.028;9045633.904;78.939;557.187;557.06
CND_200_4;11/09/2026 02:01;" 309° 34' 03.97565""";"  77° 58' 11.46694""";577.854;Atmos PPM;0;1013.25;11.1012;175653.403;9045993.934;199.401;176089.028;9045633.904;78.939;565.267;565.147
CND_1505;11/09/2026 02:01;" 310° 59' 42.08222""";"  79° 10' 43.61332""";381.649;Atmos PPM;0;1013.25;11.1012;175806.122;9045879.83;150.601;176089.028;9045633.904;78.939;374.89;374.854
CND_210_4;11/09/2026 02:02;" 311° 21' 24.78093""";"  77° 25' 49.09857""";600.871;Atmos PPM;0;1013.25;11.1012;175648.866;9046021.437;209.728;176089.028;9045633.904;78.939;586.567;586.451
CND_190_5;11/09/2026 02:02;" 312° 12' 19.33250""";"  78° 10' 51.24492""";542.232;Atmos PPM;0;1013.25;11.1012;175695.931;9045990.471;190.02;176089.028;9045633.904;78.939;530.796;530.721
CND_32;11/09/2026 02:02;" 314° 18' 31.05786""";"  79° 48' 39.71792""";290.794;Atmos PPM;0;1013.25;11.1012;175884.242;9045833.84;130.385;176089.028;9045633.904;78.939;286.496;286.202
CND_200_5;11/09/2026 02:02;" 316° 06' 24.74321""";"  77° 35' 27.23095""";562.262;Atmos PPM;0;1013.25;11.1012;175708.355;9046029.644;199.784;176089.028;9045633.904;78.939;549.185;549.11
CND_1504;11/09/2026 02:03;" 320° 45' 24.39688""";"  78° 43' 31.46788""";370.087;Atmos PPM;0;1013.25;11.1012;175859.453;9045915.006;151.304;176089.028;9045633.904;78.939;362.974;362.936
CND_210_5;11/09/2026 02:03;" 320° 50' 25.28035""";"  77° 01' 24.98754""";587.589;Atmos PPM;0;1013.25;11.1012;175727.5;9046077.896;210.904;176089.028;9045633.904;78.939;572.641;572.565
CND_190_6;11/09/2026 02:03;" 321° 21' 23.96916""";"  77° 52' 42.33875""";529.229;Atmos PPM;0;1013.25;11.1012;175765.952;9046038.057;190.088;176089.028;9045633.904;78.939;517.464;517.415
CND_200_6;11/09/2026 02:04;" 325° 15' 03.48787""";"  77° 24' 58.70135""";553.586;Atmos PPM;0;1013.25;11.1012;175781.12;9046077.848;199.566;176089.028;9045633.904;78.939;540.325;540.272
CND_1603;11/09/2026 02:04;" 325° 30' 41.55546""";"  78° 12' 00.86825""";397.913;Atmos PPM;0;1013.25;11.1012;175868.507;9045954.961;160.319;176089.028;9045633.904;78.939;389.496;389.495
CND_210_6;11/09/2026 02:04;" 328° 34' 39.25870""";"  76° 54' 36.95609""";582.15;Atmos PPM;0;1013.25;11.1012;175793.464;9046117.782;210.805;176089.028;9045633.904;78.939;567.059;567.006
CND_1503;11/09/2026 02:04;" 328° 44' 17.38227""";"  78° 43' 03.26041""";367.857;Atmos PPM;0;1013.25;11.1012;175901.848;9045942.282;150.918;176089.028;9045633.904;78.939;360.776;360.74
CND_200_7;11/09/2026 02:05;" 332° 03' 34.05253""";"  77° 26' 37.31879""";554.819;Atmos PPM;0;1013.25;11.1012;175835.33;9046112.335;199.576;176089.028;9045633.904;78.939;541.571;541.533
CND_1604;11/09/2026 02:05;" 332° 27' 34.41671""";"  78° 10' 06.60694""";397.112;Atmos PPM;0;1013.25;11.1012;175909.348;9045978.544;160.371;176089.028;9045633.904;78.939;388.706;388.666
CND_1403;11/09/2026 02:05;" 335° 13' 51.56948""";"  79° 30' 41.60684""";347.083;Atmos PPM;0;1013.25;11.1012;175946.073;9045943.797;142.129;176089.028;9045633.904;78.939;341.371;341.277
CND_23;11/09/2026 02:07;" 348° 36' 46.61647""";"  78° 49' 30.08528""";391.407;Atmos PPM;0;1013.25;11.1012;176013.249;9046010.329;154.806;176089.028;9045633.904;78.939;383.951;383.977
CND_30002;11/09/2026 04:00;" 289° 14' 44.53237""";"  79° 28' 59.87604""";723.072;Atmos PPM;0;1013.25;11.1012;175417.874;9045868.288;210.95;176089.028;9045633.904;78.939;710.915;710.903
CND_30003;11/09/2026 04:00;" 290° 56' 13.43058""";"  79° 32' 49.44085""";674.095;Atmos PPM;0;1013.25;11.1012;175469.929;9045870.834;201.268;176089.028;9045633.904;78.939;662.894;662.887
CND_30004;11/09/2026 04:00;" 291° 25' 44.50904""";"  79° 52' 55.58303""";637.675;Atmos PPM;0;1013.25;11.1012;175504.703;9045863.297;190.989;176089.028;9045633.904;78.939;627.75;627.74
CND_170_1;11/09/2026 04:00;" 298° 32' 42.39658""";"  79° 40' 29.20422""";508.765;Atmos PPM;0;1013.25;11.1012;175649.377;9045873.112;170.145;176089.028;9045633.904;78.939;500.548;500.514
CND_190_3;11/09/2026 04:00;" 298° 34' 30.40246""";"  78° 59' 21.46337""";594.716;Atmos PPM;0;1013.25;11.1012;175576.407;9045913.161;192.548;176089.028;9045633.904;78.939;583.897;583.751
CND_180_2;11/09/2026 04:01;" 298° 59' 58.55977""";"  79° 34' 25.46529""";553.862;Atmos PPM;0;1013.25;11.1012;175612.642;9045898.018;179.192;176089.028;9045633.904;78.939;544.768;544.702
CND_210_3;11/09/2026 04:01;" 302° 53' 59.21005""";"  78° 03' 50.37961""";629.462;Atmos PPM;0;1013.25;11.1012;175571.989;9045968.451;209.15;176089.028;9045633.904;78.939;616.02;615.833
CND_200_8;11/09/2026 04:01;" 303° 25' 03.51852""";"  78° 15' 55.37096""";598.431;Atmos PPM;0;1013.25;11.1012;175600.013;9045956.626;200.671;176089.028;9045633.904;78.939;586.05;585.906
CND_200_3;11/09/2026 04:01;" 303° 25' 03.44037""";"  78° 15' 55.68281""";598.431;Atmos PPM;0;1013.25;11.1012;175600.012;9045956.626;200.67;176089.028;9045633.904;78.939;586.052;585.906
CND_190_4;11/09/2026 04:01;" 304° 23' 46.05073""";"  78° 35' 21.84021""";568.309;Atmos PPM;0;1013.25;11.1012;175629.395;9045948.633;191.394;176089.028;9045633.904;78.939;557.187;557.061
CND_200_4;11/09/2026 04:01;" 309° 34' 04.11008""";"  77° 58' 12.62833""";577.855;Atmos PPM;0;1013.25;11.1012;175653.403;9045993.935;199.398;176089.028;9045633.904;78.939;565.267;565.147
CND_1505;11/09/2026 04:01;" 310° 59' 42.08804""";"  79° 10' 43.72276""";381.649;Atmos PPM;0;1013.25;11.1012;175806.122;9045879.83;150.601;176089.028;9045633.904;78.939;374.89;374.854
CND_210_4;11/09/2026 04:02;" 311° 21' 24.05702""";"  77° 25' 49.69425""";600.871;Atmos PPM;0;1013.25;11.1012;175648.864;9046021.436;209.727;176089.028;9045633.904;78.939;586.567;586.451
CND_190_5;11/09/2026 04:02;" 312° 12' 18.93300""";"  78° 10' 52.70959""";542.233;Atmos PPM;0;1013.25;11.1012;175695.929;9045990.471;190.016;176089.028;9045633.904;78.939;530.796;530.722
CND_32;11/09/2026 04:02;" 314° 18' 32.18347""";"  79° 48' 43.28202""";290.793;Atmos PPM;0;1013.25;11.1012;175884.243;9045833.842;130.38;176089.028;9045633.904;78.939;286.496;286.203
CND_200_5;11/09/2026 04:02;" 316° 06' 24.60222""";"  77° 35' 28.96474""";562.262;Atmos PPM;0;1013.25;11.1012;175708.354;9046029.645;199.78;176089.028;9045633.904;78.939;549.185;549.111
CND_1504;11/09/2026 04:03;" 320° 45' 22.07793""";"  78° 43' 32.92173""";370.087;Atmos PPM;0;1013.25;11.1012;175859.45;9045915.004;151.302;176089.028;9045633.904;78.939;362.974;362.937
CND_210_5;11/09/2026 04:03;" 320° 50' 24.53246""";"  77° 01' 24.64184""";587.589;Atmos PPM;0;1013.25;11.1012;175727.499;9046077.894;210.905;176089.028;9045633.904;78.939;572.641;572.565
CND_190_6;11/09/2026 04:03;" 321° 21' 24.84792""";"  77° 52' 42.63974""";529.229;Atmos PPM;0;1013.25;11.1012;175765.954;9046038.059;190.088;176089.028;9045633.904;78.939;517.464;517.415
CND_200_6;11/09/2026 04:03;" 325° 15' 04.17331""";"  77° 24' 57.72827""";553.587;Atmos PPM;0;1013.25;11.1012;175781.121;9046077.849;199.569;176089.028;9045633.904;78.939;540.325;540.272
CND_1603;11/09/2026 04:03;" 325° 30' 39.75612""";"  78° 11' 58.27948""";397.913;Atmos PPM;0;1013.25;11.1012;175868.505;9045954.958;160.324;176089.028;9045633.904;78.939;389.496;389.494
CND_210_6;11/09/2026 04:03;" 328° 34' 38.24802""";"  76° 54' 35.84533""";582.15;Atmos PPM;0;1013.25;11.1012;175793.462;9046117.78;210.808;176089.028;9045633.904;78.939;567.059;567.006
CND_1503;11/09/2026 04:04;" 328° 44' 18.46961""";"  78° 43' 01.73685""";367.858;Atmos PPM;0;1013.25;11.1012;175901.85;9045942.283;150.92;176089.028;9045633.904;78.939;360.776;360.74
CND_200_7;11/09/2026 04:04;" 332° 03' 32.99232""";"  77° 26' 34.71838""";554.819;Atmos PPM;0;1013.25;11.1012;175835.328;9046112.332;199.583;176089.028;9045633.904;78.939;541.571;541.532
CND_1604;11/09/2026 04:04;" 332° 27' 34.30488""";"  78° 10' 06.99163""";397.113;Atmos PPM;0;1013.25;11.1012;175909.347;9045978.544;160.37;176089.028;9045633.904;78.939;388.706;388.667
CND_1403;11/09/2026 04:04;" 335° 13' 51.70965""";"  79° 30' 40.56331""";347.083;Atmos PPM;0;1013.25;11.1012;175946.073;9045943.797;142.131;176089.028;9045633.904;78.939;341.371;341.276
CND_23;11/09/2026 04:06;" 348° 36' 45.70202""";"  78° 49' 31.47407""";391.407;Atmos PPM;0;1013.25;11.1012;176013.247;9046010.33;154.804;176089.028;9045633.904;78.939;383.951;383.978
CND_30002;11/09/2026 06:00;" 289° 14' 45.69123""";"  79° 28' 59.93016""";723.072;Atmos PPM;0;1013.25;11.1012;175417.875;9045868.292;210.95;176089.028;9045633.904;78.939;710.915;710.904
CND_30003;11/09/2026 06:00;" 290° 56' 14.57590""";"  79° 32' 50.33618""";674.095;Atmos PPM;0;1013.25;11.1012;175469.93;9045870.838;201.266;176089.028;9045633.904;78.939;662.894;662.888
CND_30004;11/09/2026 06:00;" 291° 25' 45.13137""";"  79° 52' 57.47275""";637.675;Atmos PPM;0;1013.25;11.1012;175504.703;9045863.299;190.983;176089.028;9045633.904;78.939;627.75;627.741
CND_170_1;11/09/2026 06:00;" 298° 32' 41.95986""";"  79° 40' 27.38835""";508.765;Atmos PPM;0;1013.25;11.1012;175649.377;9045873.11;170.149;176089.028;9045633.904;78.939;500.548;500.513
CND_190_3;11/09/2026 06:01;" 298° 34' 31.29722""";"  78° 59' 20.27362""";594.716;Atmos PPM;0;1013.25;11.1012;175576.409;9045913.163;192.552;176089.028;9045633.904;78.939;583.897;583.75
CND_180_2;11/09/2026 06:01;" 298° 59' 59.37841""";"  79° 34' 22.85245""";553.861;Atmos PPM;0;1013.25;11.1012;175612.644;9045898.019;179.198;176089.028;9045633.904;78.939;544.768;544.7
CND_210_3;11/09/2026 06:01;" 302° 54' 00.73015""";"  78° 03' 51.89255""";629.462;Atmos PPM;0;1013.25;11.1012;175571.991;9045968.455;209.145;176089.028;9045633.904;78.939;616.02;615.834
CND_200_8;11/09/2026 06:01;" 303° 25' 04.29046""";"  78° 15' 55.13677""";598.43;Atmos PPM;0;1013.25;11.1012;175600.014;9045956.627;200.671;176089.028;9045633.904;78.939;586.05;585.905
CND_200_3;11/09/2026 06:01;" 303° 25' 03.43174""";"  78° 15' 52.48860""";598.43;Atmos PPM;0;1013.25;11.1012;175600.014;9045956.624;200.679;176089.028;9045633.904;78.939;586.052;585.904
CND_190_4;11/09/2026 06:01;" 304° 23' 46.72185""";"  78° 35' 21.27324""";568.309;Atmos PPM;0;1013.25;11.1012;175629.397;9045948.634;191.395;176089.028;9045633.904;78.939;557.187;557.06
CND_200_4;11/09/2026 06:01;" 309° 34' 03.12043""";"  77° 58' 11.86519""";577.854;Atmos PPM;0;1013.25;11.1012;175653.402;9045993.932;199.4;176089.028;9045633.904;78.939;565.267;565.146
CND_1505;11/09/2026 06:01;" 310° 59' 43.26317""";"  79° 10' 44.87148""";381.649;Atmos PPM;0;1013.25;11.1012;175806.123;9045879.832;150.599;176089.028;9045633.904;78.939;374.89;374.854
CND_210_4;11/09/2026 06:02;" 311° 21' 24.20320""";"  77° 25' 48.25799""";600.871;Atmos PPM;0;1013.25;11.1012;175648.865;9046021.435;209.731;176089.028;9045633.904;78.939;586.567;586.45
CND_190_5;11/09/2026 06:02;" 312° 12' 20.60339""";"  78° 10' 52.37499""";542.232;Atmos PPM;0;1013.25;11.1012;175695.933;9045990.473;190.017;176089.028;9045633.904;78.939;530.796;530.722
CND_32;11/09/2026 06:02;" 314° 18' 33.12713""";"  79° 48' 43.01918""";290.793;Atmos PPM;0;1013.25;11.1012;175884.244;9045833.843;130.38;176089.028;9045633.904;78.939;286.496;286.203
CND_200_5;11/09/2026 06:02;" 316° 06' 26.29817""";"  77° 35' 27.02840""";562.262;Atmos PPM;0;1013.25;11.1012;175708.358;9046029.647;199.785;176089.028;9045633.904;78.939;549.185;549.11
CND_1602;11/09/2026 06:03;" 317° 50' 30.23659""";"  78° 12' 04.48677""";403.375;Atmos PPM;0;1013.25;11.1012;175824.042;9045926.621;161.43;176089.028;9045633.904;78.939;394.845;394.843
CND_1504;11/09/2026 06:03;" 320° 45' 25.48948""";"  78° 43' 30.58506""";370.087;Atmos PPM;0;1013.25;11.1012;175859.455;9045915.007;151.306;176089.028;9045633.904;78.939;362.974;362.936
CND_210_5;11/09/2026 06:03;" 320° 50' 26.95092""";"  77° 01' 24.33800""";587.589;Atmos PPM;0;1013.25;11.1012;175727.504;9046077.898;210.906;176089.028;9045633.904;78.939;572.641;572.565
CND_190_6;11/09/2026 06:03;" 321° 21' 24.91857""";"  77° 52' 42.37471""";529.229;Atmos PPM;0;1013.25;11.1012;175765.954;9046038.059;190.088;176089.028;9045633.904;78.939;517.464;517.415
CND_200_6;11/09/2026 06:04;" 325° 15' 03.76932""";"  77° 24' 58.74631""";553.587;Atmos PPM;0;1013.25;11.1012;175781.12;9046077.849;199.566;176089.028;9045633.904;78.939;540.325;540.272
CND_1603;11/09/2026 06:04;" 325° 30' 40.56936""";"  78° 11' 57.49044""";397.913;Atmos PPM;0;1013.25;11.1012;175868.507;9045954.958;160.326;176089.028;9045633.904;78.939;389.496;389.494
CND_210_6;11/09/2026 06:04;" 328° 34' 39.28522""";"  76° 54' 34.60102""";582.15;Atmos PPM;0;1013.25;11.1012;175793.465;9046117.781;210.811;176089.028;9045633.904;78.939;567.059;567.005
CND_1503;11/09/2026 06:04;" 328° 44' 18.50819""";"  78° 43' 01.41904""";367.858;Atmos PPM;0;1013.25;11.1012;175901.85;9045942.283;150.921;176089.028;9045633.904;78.939;360.776;360.74
CND_200_7;11/09/2026 06:04;" 332° 03' 36.52986""";"  77° 26' 37.98576""";554.82;Atmos PPM;0;1013.25;11.1012;175835.336;9046112.339;199.574;176089.028;9045633.904;78.939;541.571;541.534
CND_1604;11/09/2026 06:05;" 332° 27' 33.73853""";"  78° 10' 06.55096""";397.113;Atmos PPM;0;1013.25;11.1012;175909.347;9045978.543;160.371;176089.028;9045633.904;78.939;388.706;388.666
CND_1403;11/09/2026 06:05;" 335° 13' 52.17348""";"  79° 30' 39.07834""";347.083;Atmos PPM;0;1013.25;11.1012;175946.074;9045943.797;142.133;176089.028;9045633.904;78.939;341.371;341.276
CND_23;11/09/2026 06:06;" 348° 36' 46.48292""";"  78° 49' 29.69122""";391.407;Atmos PPM;0;1013.25;11.1012;176013.249;9046010.329;154.807;176089.028;9045633.904;78.939;383.951;383.977
CND_30002;11/09/2026 08:00;" 289° 14' 46.56258""";"  79° 29' 02.16319""";723.072;Atmos PPM;0;1013.25;11.1012;175417.876;9045868.295;210.942;176089.028;9045633.904;78.939;710.915;710.904
CND_30003;11/09/2026 08:00;" 290° 56' 16.09203""";"  79° 32' 52.41490""";674.094;Atmos PPM;0;1013.25;11.1012;175469.93;9045870.842;201.259;176089.028;9045633.904;78.939;662.894;662.889
CND_30004;11/09/2026 08:00;" 291° 25' 46.40121""";"  79° 53' 01.74875""";637.674;Atmos PPM;0;1013.25;11.1012;175504.702;9045863.304;190.97;176089.028;9045633.904;78.939;627.75;627.743
CND_170_1;11/09/2026 08:00;" 298° 32' 43.81112""";"  79° 40' 27.85543""";508.764;Atmos PPM;0;1013.25;11.1012;175649.38;9045873.114;170.148;176089.028;9045633.904;78.939;500.548;500.512
CND_190_3;11/09/2026 08:00;" 298° 34' 33.63557""";"  78° 59' 21.05417""";594.716;Atmos PPM;0;1013.25;11.1012;175576.412;9045913.169;192.55;176089.028;9045633.904;78.939;583.897;583.751
CND_180_2;11/09/2026 08:01;" 299° 00' 01.30891""";"  79° 34' 24.68017""";553.861;Atmos PPM;0;1013.25;11.1012;175612.646;9045898.023;179.194;176089.028;9045633.904;78.939;544.768;544.701
CND_210_3;11/09/2026 08:01;" 302° 54' 01.84968""";"  78° 03' 47.88016""";629.462;Atmos PPM;0;1013.25;11.1012;175571.995;9045968.456;209.157;176089.028;9045633.904;78.939;616.02;615.831
CND_200_8;11/09/2026 08:01;" 303° 25' 06.13897""";"  78° 15' 53.24314""";598.43;Atmos PPM;0;1013.25;11.1012;175600.018;9045956.631;200.677;176089.028;9045633.904;78.939;586.05;585.904
CND_200_3;11/09/2026 08:01;" 303° 25' 05.71910""";"  78° 15' 52.31336""";598.43;Atmos PPM;0;1013.25;11.1012;175600.018;9045956.63;200.679;176089.028;9045633.904;78.939;586.052;585.904
CND_190_4;11/09/2026 08:01;" 304° 23' 49.48500""";"  78° 35' 20.80177""";568.309;Atmos PPM;0;1013.25;11.1012;175629.402;9045948.64;191.397;176089.028;9045633.904;78.939;557.187;557.059
CND_200_4;11/09/2026 08:01;" 309° 34' 07.15748""";"  77° 58' 09.96584""";577.854;Atmos PPM;0;1013.25;11.1012;175653.409;9045993.94;199.405;176089.028;9045633.904;78.939;565.267;565.146
CND_1505;11/09/2026 08:02;" 310° 59' 45.63761""";"  79° 10' 43.37249""";381.649;Atmos PPM;0;1013.25;11.1012;175806.126;9045879.834;150.602;176089.028;9045633.904;78.939;374.89;374.853
CND_210_4;11/09/2026 08:02;" 311° 21' 28.27364""";"  77° 25' 45.45786""";600.871;Atmos PPM;0;1013.25;11.1012;175648.874;9046021.443;209.739;176089.028;9045633.904;78.939;586.567;586.448
CND_190_5;11/09/2026 08:02;" 312° 12' 22.00431""";"  78° 10' 50.58403""";542.232;Atmos PPM;0;1013.25;11.1012;175695.936;9045990.475;190.021;176089.028;9045633.904;78.939;530.796;530.721
CND_32;11/09/2026 08:02;" 314° 18' 36.00132""";"  79° 48' 41.14462""";290.793;Atmos PPM;0;1013.25;11.1012;175884.247;9045833.845;130.383;176089.028;9045633.904;78.939;286.496;286.202
CND_200_5;11/09/2026 08:02;" 316° 06' 28.18183""";"  77° 35' 23.98446""";562.262;Atmos PPM;0;1013.25;11.1012;175708.363;9046029.649;199.793;176089.028;9045633.904;78.939;549.185;549.108
CND_1602;11/09/2026 08:03;" 317° 50' 32.68159""";"  78° 12' 03.98684""";403.375;Atmos PPM;0;1013.25;11.1012;175824.046;9045926.624;161.431;176089.028;9045633.904;78.939;394.845;394.842
CND_1504;11/09/2026 08:03;" 320° 45' 27.54158""";"  78° 43' 31.42765""";370.086;Atmos PPM;0;1013.25;11.1012;175859.458;9045915.009;151.304;176089.028;9045633.904;78.939;362.974;362.936
CND_210_5;11/09/2026 08:03;" 320° 50' 27.79273""";"  77° 01' 23.38139""";587.589;Atmos PPM;0;1013.25;11.1012;175727.506;9046077.899;210.909;176089.028;9045633.904;78.939;572.641;572.564
CND_190_6;11/09/2026 08:03;" 321° 21' 26.51824""";"  77° 52' 42.28064""";529.229;Atmos PPM;0;1013.25;11.1012;175765.957;9046038.061;190.088;176089.028;9045633.904;78.939;517.464;517.414
CND_1402;11/09/2026 08:04;" 325° 03' 36.03212""";"  79° 32' 25.95478""";340.049;Atmos PPM;0;1013.25;11.1012;175897.539;9045908.039;140.679;176089.028;9045633.904;78.939;334.538;334.392
CND_200_6;11/09/2026 08:04;" 325° 15' 07.71739""";"  77° 24' 56.60574""";553.586;Atmos PPM;0;1013.25;11.1012;175781.13;9046077.853;199.572;176089.028;9045633.904;78.939;540.325;540.271
CND_1603;11/09/2026 08:04;" 325° 30' 42.62331""";"  78° 11' 56.75702""";397.913;Atmos PPM;0;1013.25;11.1012;175868.51;9045954.96;160.327;176089.028;9045633.904;78.939;389.496;389.493
CND_210_6;11/09/2026 08:04;" 328° 34' 43.74132""";"  76° 54' 35.02841""";582.15;Atmos PPM;0;1013.25;11.1012;175793.475;9046117.787;210.81;176089.028;9045633.904;78.939;567.059;567.004
CND_1503;11/09/2026 08:04;" 328° 44' 22.09404""";"  78° 43' 00.04134""";367.857;Atmos PPM;0;1013.25;11.1012;175901.856;9045942.286;150.923;176089.028;9045633.904;78.939;360.776;360.739
CND_200_7;11/09/2026 08:05;" 332° 03' 34.41421""";"  77° 26' 35.69153""";554.819;Atmos PPM;0;1013.25;11.1012;175835.332;9046112.334;199.58;176089.028;9045633.904;78.939;541.571;541.532
CND_1604;11/09/2026 08:05;" 332° 27' 35.52060""";"  78° 10' 06.38525""";397.112;Atmos PPM;0;1013.25;11.1012;175909.35;9045978.545;160.371;176089.028;9045633.904;78.939;388.706;388.666
CND_1403;11/09/2026 08:05;" 335° 13' 55.24811""";"  79° 30' 41.57310""";347.083;Atmos PPM;0;1013.25;11.1012;175946.078;9045943.799;142.129;176089.028;9045633.904;78.939;341.371;341.276
CND_23;11/09/2026 08:07;" 348° 36' 47.95424""";"  78° 49' 29.31243""";391.407;Atmos PPM;0;1013.25;11.1012;176013.252;9046010.33;154.808;176089.028;9045633.904;78.939;383.951;383.977
CND_30002;11/09/2026 10:00;" 289° 14' 47.26203""";"  79° 29' 08.43150""";723.072;Atmos PPM;0;1013.25;11.1012;175417.873;9045868.299;210.921;176089.028;9045633.904;78.939;710.915;710.908
CND_30003;11/09/2026 10:00;" 290° 56' 15.71680""";"  79° 32' 53.54769""";674.094;Atmos PPM;0;1013.25;11.1012;175469.93;9045870.841;201.255;176089.028;9045633.904;78.939;662.894;662.889
CND_30004;11/09/2026 10:00;" 291° 25' 45.69348""";"  79° 52' 59.32282""";637.674;Atmos PPM;0;1013.25;11.1012;175504.703;9045863.301;190.978;176089.028;9045633.904;78.939;627.75;627.742
CND_170_1;11/09/2026 10:01;" 298° 32' 42.38425""";"  79° 40' 30.86224""";508.764;Atmos PPM;0;1013.25;11.1012;175649.377;9045873.112;170.141;176089.028;9045633.904;78.939;500.548;500.513
CND_190_3;11/09/2026 10:01;" 298° 34' 32.16803""";"  78° 59' 20.71127""";594.715;Atmos PPM;0;1013.25;11.1012;175576.41;9045913.165;192.551;176089.028;9045633.904;78.939;583.897;583.75
CND_180_2;11/09/2026 10:01;" 298° 59' 57.62300""";"  79° 34' 27.65405""";553.861;Atmos PPM;0;1013.25;11.1012;175612.64;9045898.016;179.186;176089.028;9045633.904;78.939;544.768;544.702
CND_210_3;11/09/2026 10:01;" 302° 54' 02.36074""";"  78° 03' 48.43079""";629.462;Atmos PPM;0;1013.25;11.1012;175571.995;9045968.458;209.156;176089.028;9045633.904;78.939;616.02;615.832
CND_200_3;11/09/2026 10:02;" 303° 25' 03.79612""";"  78° 15' 56.56341""";598.43;Atmos PPM;0;1013.25;11.1012;175600.013;9045956.626;200.667;176089.028;9045633.904;78.939;586.052;585.906
CND_200_8;11/09/2026 10:02;" 303° 25' 03.55888""";"  78° 15' 53.58826""";598.43;Atmos PPM;0;1013.25;11.1012;175600.014;9045956.625;200.676;176089.028;9045633.904;78.939;586.05;585.904
CND_190_4;11/09/2026 10:02;" 304° 23' 47.88057""";"  78° 35' 21.78585""";568.309;Atmos PPM;0;1013.25;11.1012;175629.399;9045948.636;191.394;176089.028;9045633.904;78.939;557.187;557.06
CND_200_4;11/09/2026 10:02;" 309° 34' 03.89815""";"  77° 58' 10.26906""";577.854;Atmos PPM;0;1013.25;11.1012;175653.403;9045993.933;199.404;176089.028;9045633.904;78.939;565.267;565.146
CND_1505;11/09/2026 10:02;" 310° 59' 42.66146""";"  79° 10' 49.61961""";381.649;Atmos PPM;0;1013.25;11.1012;175806.121;9045879.832;150.59;176089.028;9045633.904;78.939;374.89;374.855
CND_210_4;11/09/2026 10:02;" 311° 21' 26.16506""";"  77° 25' 47.64884""";600.87;Atmos PPM;0;1013.25;11.1012;175648.87;9046021.439;209.732;176089.028;9045633.904;78.939;586.567;586.449
CND_190_5;11/09/2026 10:02;" 312° 12' 19.67636""";"  78° 10' 51.59948""";542.232;Atmos PPM;0;1013.25;11.1012;175695.931;9045990.471;190.019;176089.028;9045633.904;78.939;530.796;530.721
CND_32;11/09/2026 10:03;" 314° 18' 33.06868""";"  79° 48' 46.64703""";290.793;Atmos PPM;0;1013.25;11.1012;175884.243;9045833.843;130.375;176089.028;9045633.904;78.939;286.496;286.204
CND_200_5;11/09/2026 10:03;" 316° 06' 28.40999""";"  77° 35' 27.56099""";562.261;Atmos PPM;0;1013.25;11.1012;175708.362;9046029.65;199.783;176089.028;9045633.904;78.939;549.185;549.11
CND_1504;11/09/2026 10:03;" 320° 45' 23.35498""";"  78° 43' 33.06979""";370.086;Atmos PPM;0;1013.25;11.1012;175859.452;9045915.005;151.301;176089.028;9045633.904;78.939;362.974;362.936
CND_210_5;11/09/2026 10:04;" 320° 50' 25.12113""";"  77° 01' 24.83448""";587.588;Atmos PPM;0;1013.25;11.1012;175727.5;9046077.895;210.905;176089.028;9045633.904;78.939;572.641;572.564
CND_190_6;11/09/2026 10:04;" 321° 21' 25.04715""";"  77° 52' 42.77299""";529.229;Atmos PPM;0;1013.25;11.1012;175765.954;9046038.059;190.087;176089.028;9045633.904;78.939;517.464;517.414
CND_200_6;11/09/2026 10:04;" 325° 15' 05.98062""";"  77° 24' 59.81252""";553.586;Atmos PPM;0;1013.25;11.1012;175781.125;9046077.853;199.563;176089.028;9045633.904;78.939;540.325;540.273
CND_1603;11/09/2026 10:04;" 325° 30' 39.78680""";"  78° 11' 56.47830""";397.913;Atmos PPM;0;1013.25;11.1012;175868.506;9045954.957;160.328;176089.028;9045633.904;78.939;389.496;389.493
CND_210_6;11/09/2026 10:05;" 328° 34' 40.22369""";"  76° 54' 35.62411""";582.151;Atmos PPM;0;1013.25;11.1012;175793.466;9046117.783;210.808;176089.028;9045633.904;78.939;567.059;567.006
CND_200_7;11/09/2026 10:05;" 332° 03' 35.11033""";"  77° 26' 36.82148""";554.819;Atmos PPM;0;1013.25;11.1012;175835.333;9046112.335;199.577;176089.028;9045633.904;78.939;541.571;541.533
CND_1604;11/09/2026 10:05;" 332° 27' 35.19128""";"  78° 10' 08.20405""";397.112;Atmos PPM;0;1013.25;11.1012;175909.349;9045978.545;160.368;176089.028;9045633.904;78.939;388.706;388.667
CND_1403;11/09/2026 10:06;" 335° 13' 55.33989""";"  79° 30' 40.92408""";347.083;Atmos PPM;0;1013.25;11.1012;175946.079;9045943.799;142.13;176089.028;9045633.904;78.939;341.371;341.276
CND_23;11/09/2026 10:07;" 348° 36' 46.85112""";"  78° 49' 28.86451""";391.407;Atmos PPM;0;1013.25;11.1012;176013.25;9046010.329;154.808;176089.028;9045633.904;78.939;383.951;383.976
CND_30002;11/09/2026 12:00;" 289° 14' 40.28058""";"  79° 29' 10.90124""";723.071;Atmos PPM;0;1013.25;11.1012;175417.864;9045868.276;210.912;176089.028;9045633.904;78.939;710.915;710.909
CND_30003;11/09/2026 12:00;" 290° 56' 14.86615""";"  79° 32' 58.56915""";674.094;Atmos PPM;0;1013.25;11.1012;175469.926;9045870.84;201.239;176089.028;9045633.904;78.939;662.894;662.892
CND_30004;11/09/2026 12:00;" 291° 25' 43.74803""";"  79° 53' 03.37907""";637.673;Atmos PPM;0;1013.25;11.1012;175504.699;9045863.296;190.965;176089.028;9045633.904;78.939;627.75;627.743
CND_170_1;11/09/2026 12:01;" 298° 32' 39.52640""";"  79° 40' 24.83997""";508.764;Atmos PPM;0;1013.25;11.1012;175649.376;9045873.104;170.155;176089.028;9045633.904;78.939;500.548;500.51
CND_190_3;11/09/2026 12:01;" 298° 34' 28.70113""";"  78° 59' 21.63534""";594.715;Atmos PPM;0;1013.25;11.1012;175576.406;9045913.157;192.548;176089.028;9045633.904;78.939;583.897;583.75
CND_180_2;11/09/2026 12:01;" 298° 59' 55.13125""";"  79° 34' 29.00975""";553.86;Atmos PPM;0;1013.25;11.1012;175612.637;9045898.01;179.182;176089.028;9045633.904;78.939;544.768;544.702
CND_200_8;11/09/2026 12:01;" 303° 25' 03.22295""";"  78° 15' 56.12848""";598.428;Atmos PPM;0;1013.25;11.1012;175600.013;9045956.624;200.668;176089.028;9045633.904;78.939;586.05;585.904
CND_200_3;11/09/2026 12:01;" 303° 25' 02.31138""";"  78° 15' 56.36645""";598.429;Atmos PPM;0;1013.25;11.1012;175600.012;9045956.622;200.667;176089.028;9045633.904;78.939;586.052;585.905
CND_190_4;11/09/2026 12:01;" 304° 23' 48.16088""";"  78° 35' 27.61200""";568.308;Atmos PPM;0;1013.25;11.1012;175629.397;9045948.638;191.378;176089.028;9045633.904;78.939;557.187;557.062
CND_200_4;11/09/2026 12:02;" 309° 34' 00.26011""";"  77° 58' 13.45146""";577.853;Atmos PPM;0;1013.25;11.1012;175653.397;9045993.926;199.395;176089.028;9045633.904;78.939;565.267;565.146
CND_1505;11/09/2026 12:02;" 310° 59' 41.47814""";"  79° 10' 50.19059""";381.648;Atmos PPM;0;1013.25;11.1012;175806.12;9045879.83;150.589;176089.028;9045633.904;78.939;374.89;374.855
CND_210_4;11/09/2026 12:02;" 311° 21' 21.76884""";"  77° 25' 49.85846""";600.87;Atmos PPM;0;1013.25;11.1012;175648.861;9046021.43;209.726;176089.028;9045633.904;78.939;586.567;586.45
CND_190_5;11/09/2026 12:02;" 312° 12' 17.05094""";"  78° 10' 54.33062""";542.231;Atmos PPM;0;1013.25;11.1012;175695.926;9045990.467;190.011;176089.028;9045633.904;78.939;530.796;530.722
CND_32;11/09/2026 12:02;" 314° 18' 30.85711""";"  79° 48' 47.03340""";290.793;Atmos PPM;0;1013.25;11.1012;175884.241;9045833.841;130.374;176089.028;9045633.904;78.939;286.496;286.204
CND_200_5;11/09/2026 12:02;" 316° 06' 21.96365""";"  77° 35' 29.16710""";562.261;Atmos PPM;0;1013.25;11.1012;175708.35;9046029.639;199.779;176089.028;9045633.904;78.939;549.185;549.11
CND_1602;11/09/2026 12:03;" 317° 50' 26.48470""";"  78° 12' 07.22664""";403.374;Atmos PPM;0;1013.25;11.1012;175824.036;9045926.617;161.424;176089.028;9045633.904;78.939;394.845;394.843
CND_210_5;11/09/2026 12:03;" 320° 50' 22.92191""";"  77° 01' 23.19262""";587.588;Atmos PPM;0;1013.25;11.1012;175727.496;9046077.89;210.909;176089.028;9045633.904;78.939;572.641;572.563
CND_190_6;11/09/2026 12:03;" 321° 21' 21.69492""";"  77° 52' 43.56734""";529.228;Atmos PPM;0;1013.25;11.1012;175765.948;9046038.053;190.085;176089.028;9045633.904;78.939;517.464;517.414
CND_200_6;11/09/2026 12:04;" 325° 15' 01.78845""";"  77° 25' 00.85250""";553.585;Atmos PPM;0;1013.25;11.1012;175781.116;9046077.846;199.561;176089.028;9045633.904;78.939;540.325;540.273
CND_1603;11/09/2026 12:04;" 325° 30' 36.93444""";"  78° 11' 59.23727""";397.913;Atmos PPM;0;1013.25;11.1012;175868.501;9045954.955;160.322;176089.028;9045633.904;78.939;389.496;389.494
CND_210_6;11/09/2026 12:04;" 328° 34' 39.16945""";"  76° 54' 38.92318""";582.149;Atmos PPM;0;1013.25;11.1012;175793.463;9046117.782;210.799;176089.028;9045633.904;78.939;567.059;567.006
CND_1503;11/09/2026 12:04;" 328° 44' 17.54263""";"  78° 43' 03.79029""";367.857;Atmos PPM;0;1013.25;11.1012;175901.848;9045942.283;150.917;176089.028;9045633.904;78.939;360.776;360.74
CND_200_7;11/09/2026 12:05;" 332° 03' 30.37090""";"  77° 26' 38.03515""";554.818;Atmos PPM;0;1013.25;11.1012;175835.322;9046112.33;199.574;176089.028;9045633.904;78.939;541.571;541.533
CND_1604;11/09/2026 12:05;" 332° 27' 32.97932""";"  78° 10' 04.73568""";397.112;Atmos PPM;0;1013.25;11.1012;175909.346;9045978.542;160.374;176089.028;9045633.904;78.939;388.706;388.665
CND_1403;11/09/2026 12:05;" 335° 13' 48.90273""";"  79° 30' 39.69403""";347.083;Atmos PPM;0;1013.25;11.1012;175946.069;9045943.794;142.132;176089.028;9045633.904;78.939;341.371;341.276
CND_1803;11/09/2026 12:07;" 348° 01' 12.33151""";"  78° 12' 09.88281""";498.572;Atmos PPM;0;1013.25;11.1012;175987.769;9046111.311;180.888;176089.028;9045633.904;78.939;488.054;488.027
CND_23;11/09/2026 12:07;" 348° 36' 42.86117""";"  78° 49' 33.22315""";391.406;Atmos PPM;0;1013.25;11.1012;176013.242;9046010.328;154.8;176089.028;9045633.904;78.939;383.951;383.977
CND_30002;11/09/2026 14:00;" 289° 14' 40.61285""";"  79° 29' 06.89758""";723.071;Atmos PPM;0;1013.25;11.1012;175417.867;9045868.277;210.926;176089.028;9045633.904;78.939;710.915;710.906
CND_30003;11/09/2026 14:00;" 290° 56' 13.74028""";"  79° 32' 53.05136""";674.094;Atmos PPM;0;1013.25;11.1012;175469.928;9045870.835;201.257;176089.028;9045633.904;78.939;662.894;662.889
CND_30004;11/09/2026 14:00;" 291° 25' 40.89927""";"  79° 53' 00.57333""";637.674;Atmos PPM;0;1013.25;11.1012;175504.697;9045863.287;190.974;176089.028;9045633.904;78.939;627.75;627.741
CND_190_3;11/09/2026 14:01;" 298° 34' 28.58449""";"  78° 59' 23.61117""";594.714;Atmos PPM;0;1013.25;11.1012;175576.405;9045913.157;192.542;176089.028;9045633.904;78.939;583.897;583.751
CND_180_2;11/09/2026 14:01;" 298° 59' 59.13529""";"  79° 34' 29.73905""";553.86;Atmos PPM;0;1013.25;11.1012;175612.642;9045898.019;179.18;176089.028;9045633.904;78.939;544.768;544.703
CND_200_3;11/09/2026 14:01;" 303° 24' 57.64821""";"  78° 15' 54.77694""";598.429;Atmos PPM;0;1013.25;11.1012;175600.005;9045956.611;200.672;176089.028;9045633.904;78.939;586.052;585.904
CND_200_8;11/09/2026 14:01;" 303° 24' 57.72253""";"  78° 15' 56.38410""";598.429;Atmos PPM;0;1013.25;11.1012;175600.004;9045956.612;200.667;176089.028;9045633.904;78.939;586.05;585.905
CND_190_4;11/09/2026 14:01;" 304° 23' 43.89671""";"  78° 35' 23.94576""";568.308;Atmos PPM;0;1013.25;11.1012;175629.392;9045948.628;191.388;176089.028;9045633.904;78.939;557.187;557.06
CND_200_4;11/09/2026 14:02;" 309° 34' 02.72747""";"  77° 58' 13.60988""";577.853;Atmos PPM;0;1013.25;11.1012;175653.401;9045993.931;199.395;176089.028;9045633.904;78.939;565.267;565.147
CND_1505;11/09/2026 14:02;" 310° 59' 41.35731""";"  79° 10' 46.97664""";381.649;Atmos PPM;0;1013.25;11.1012;175806.12;9045879.829;150.595;176089.028;9045633.904;78.939;374.89;374.855
CND_210_4;11/09/2026 14:02;" 311° 21' 22.56727""";"  77° 25' 49.22959""";600.87;Atmos PPM;0;1013.25;11.1012;175648.863;9046021.431;209.728;176089.028;9045633.904;78.939;586.567;586.45
CND_190_5;11/09/2026 14:02;" 312° 12' 15.98469""";"  78° 10' 53.80405""";542.231;Atmos PPM;0;1013.25;11.1012;175695.925;9045990.464;190.013;176089.028;9045633.904;78.939;530.796;530.722
CND_32;11/09/2026 14:02;" 314° 18' 31.49653""";"  79° 48' 45.83490""";290.793;Atmos PPM;0;1013.25;11.1012;175884.242;9045833.841;130.376;176089.028;9045633.904;78.939;286.496;286.203
CND_200_5;11/09/2026 14:02;" 316° 06' 24.31849""";"  77° 35' 29.29289""";562.261;Atmos PPM;0;1013.25;11.1012;175708.354;9046029.643;199.779;176089.028;9045633.904;78.939;549.185;549.11
CND_1602;11/09/2026 14:03;" 317° 50' 27.48653""";"  78° 12' 07.86026""";403.375;Atmos PPM;0;1013.25;11.1012;175824.037;9045926.618;161.423;176089.028;9045633.904;78.939;394.845;394.844
CND_1504;11/09/2026 14:03;" 320° 45' 23.15510""";"  78° 43' 33.20098""";370.086;Atmos PPM;0;1013.25;11.1012;175859.452;9045915.004;151.301;176089.028;9045633.904;78.939;362.974;362.936
CND_210_5;11/09/2026 14:03;" 320° 50' 23.14853""";"  77° 01' 26.07791""";587.588;Atmos PPM;0;1013.25;11.1012;175727.496;9046077.892;210.901;176089.028;9045633.904;78.939;572.641;572.565
CND_190_6;11/09/2026 14:03;" 321° 21' 24.44096""";"  77° 52' 44.21954""";529.228;Atmos PPM;0;1013.25;11.1012;175765.953;9046038.058;190.083;176089.028;9045633.904;78.939;517.464;517.415
CND_200_6;11/09/2026 14:04;" 325° 15' 02.09824""";"  77° 25' 00.87102""";553.585;Atmos PPM;0;1013.25;11.1012;175781.117;9046077.846;199.56;176089.028;9045633.904;78.939;540.325;540.272
CND_1603;11/09/2026 14:04;" 325° 30' 37.44793""";"  78° 11' 59.27330""";397.913;Atmos PPM;0;1013.25;11.1012;175868.502;9045954.955;160.322;176089.028;9045633.904;78.939;389.496;389.494
CND_210_6;11/09/2026 14:04;" 328° 34' 38.73820""";"  76° 54' 37.34415""";582.15;Atmos PPM;0;1013.25;11.1012;175793.463;9046117.781;210.803;176089.028;9045633.904;78.939;567.059;567.006
CND_1503;11/09/2026 14:04;" 328° 44' 15.33326""";"  78° 43' 04.13960""";367.857;Atmos PPM;0;1013.25;11.1012;175901.845;9045942.28;150.916;176089.028;9045633.904;78.939;360.776;360.74
CND_200_7;11/09/2026 14:05;" 332° 03' 31.04031""";"  77° 26' 34.90180""";554.818;Atmos PPM;0;1013.25;11.1012;175835.324;9046112.329;199.582;176089.028;9045633.904;78.939;541.571;541.531
CND_1604;11/09/2026 14:05;" 332° 27' 32.39197""";"  78° 10' 07.25261""";397.112;Atmos PPM;0;1013.25;11.1012;175909.344;9045978.542;160.37;176089.028;9045633.904;78.939;388.706;388.666
CND_1403;11/09/2026 14:05;" 335° 13' 49.82596""";"  79° 30' 39.90130""";347.083;Atmos PPM;0;1013.25;11.1012;175946.07;9045943.795;142.132;176089.028;9045633.904;78.939;341.371;341.276
CND_23;11/09/2026 14:07;" 348° 36' 44.50494""";"  78° 49' 29.58520""";391.407;Atmos PPM;0;1013.25;11.1012;176013.245;9046010.328;154.807;176089.028;9045633.904;78.939;383.951;383.976
CND_30002;11/09/2026 16:00;" 289° 14' 44.67424""";"  79° 28' 59.95659""";723.071;Atmos PPM;0;1013.25;11.1012;175417.875;9045868.289;210.95;176089.028;9045633.904;78.939;710.915;710.903
CND_30003;11/09/2026 16:00;" 290° 56' 13.96953""";"  79° 32' 50.80300""";674.094;Atmos PPM;0;1013.25;11.1012;175469.929;9045870.836;201.264;176089.028;9045633.904;78.939;662.894;662.887
CND_30004;11/09/2026 16:00;" 291° 25' 45.08054""";"  79° 52' 57.70132""";637.674;Atmos PPM;0;1013.25;11.1012;175504.703;9045863.299;190.982;176089.028;9045633.904;78.939;627.75;627.74
CND_170_1;11/09/2026 16:01;" 298° 32' 41.58945""";"  79° 40' 27.41715""";508.764;Atmos PPM;0;1013.25;11.1012;175649.377;9045873.109;170.149;176089.028;9045633.904;78.939;500.548;500.512
CND_190_3;11/09/2026 16:01;" 298° 34' 30.12887""";"  78° 59' 19.97424""";594.714;Atmos PPM;0;1013.25;11.1012;175576.409;9045913.16;192.552;176089.028;9045633.904;78.939;583.897;583.749
CND_180_2;11/09/2026 16:01;" 298° 59' 59.51112""";"  79° 34' 24.47158""";553.86;Atmos PPM;0;1013.25;11.1012;175612.644;9045898.019;179.194;176089.028;9045633.904;78.939;544.768;544.7
CND_210_3;11/09/2026 16:01;" 302° 54' 00.24242""";"  78° 03' 50.47875""";629.461;Atmos PPM;0;1013.25;11.1012;175571.992;9045968.453;209.149;176089.028;9045633.904;78.939;616.02;615.832
CND_200_3;11/09/2026 16:01;" 303° 25' 03.19782""";"  78° 15' 54.56335""";598.429;Atmos PPM;0;1013.25;11.1012;175600.014;9045956.624;200.673;176089.028;9045633.904;78.939;586.052;585.904
CND_200_8;11/09/2026 16:01;" 303° 25' 04.76069""";"  78° 15' 55.27755""";598.429;Atmos PPM;0;1013.25;11.1012;175600.016;9045956.628;200.671;176089.028;9045633.904;78.939;586.05;585.904
CND_190_4;11/09/2026 16:02;" 304° 23' 46.81637""";"  78° 35' 22.34525""";568.308;Atmos PPM;0;1013.25;11.1012;175629.397;9045948.634;191.392;176089.028;9045633.904;78.939;557.187;557.059
CND_200_4;11/09/2026 16:02;" 309° 34' 06.47720""";"  77° 58' 12.09378""";577.853;Atmos PPM;0;1013.25;11.1012;175653.408;9045993.938;199.399;176089.028;9045633.904;78.939;565.267;565.145
CND_1505;11/09/2026 16:02;" 310° 59' 43.78208""";"  79° 10' 44.86241""";381.648;Atmos PPM;0;1013.25;11.1012;175806.124;9045879.832;150.599;176089.028;9045633.904;78.939;374.89;374.853
CND_210_4;11/09/2026 16:02;" 311° 21' 25.65151""";"  77° 25' 49.51353""";600.87;Atmos PPM;0;1013.25;11.1012;175648.868;9046021.438;209.727;176089.028;9045633.904;78.939;586.567;586.45
CND_190_5;11/09/2026 16:02;" 312° 12' 19.55501""";"  78° 10' 52.63243""";542.231;Atmos PPM;0;1013.25;11.1012;175695.932;9045990.471;190.016;176089.028;9045633.904;78.939;530.796;530.721
CND_32;11/09/2026 16:02;" 314° 18' 34.82858""";"  79° 48' 43.29378""";290.793;Atmos PPM;0;1013.25;11.1012;175884.246;9045833.844;130.38;176089.028;9045633.904;78.939;286.496;286.202
CND_200_5;11/09/2026 16:03;" 316° 06' 25.81404""";"  77° 35' 28.64572""";562.261;Atmos PPM;0;1013.25;11.1012;175708.357;9046029.646;199.78;176089.028;9045633.904;78.939;549.185;549.11
CND_210_5;11/09/2026 16:03;" 320° 50' 26.26707""";"  77° 01' 26.23418""";587.587;Atmos PPM;0;1013.25;11.1012;175727.503;9046077.897;210.9;176089.028;9045633.904;78.939;572.641;572.565
CND_190_6;11/09/2026 16:03;" 321° 21' 26.05984""";"  77° 52' 43.89056""";529.228;Atmos PPM;0;1013.25;11.1012;175765.956;9046038.06;190.084;176089.028;9045633.904;78.939;517.464;517.414
CND_200_6;11/09/2026 16:04;" 325° 15' 08.56831""";"  77° 24' 59.84327""";553.585;Atmos PPM;0;1013.25;11.1012;175781.131;9046077.856;199.563;176089.028;9045633.904;78.939;540.325;540.272
CND_1603;11/09/2026 16:04;" 325° 30' 40.25341""";"  78° 11' 56.79872""";397.912;Atmos PPM;0;1013.25;11.1012;175868.507;9045954.957;160.327;176089.028;9045633.904;78.939;389.496;389.493
CND_210_6;11/09/2026 16:04;" 328° 34' 41.45556""";"  76° 54' 34.34738""";582.149;Atmos PPM;0;1013.25;11.1012;175793.47;9046117.783;210.811;176089.028;9045633.904;78.939;567.059;567.003
CND_1503;11/09/2026 16:04;" 328° 44' 16.59799""";"  78° 42' 59.88819""";367.857;Atmos PPM;0;1013.25;11.1012;175901.848;9045942.28;150.923;176089.028;9045633.904;78.939;360.776;360.738
CND_200_7;11/09/2026 16:04;" 332° 03' 33.87538""";"  77° 26' 34.29912""";554.818;Atmos PPM;0;1013.25;11.1012;175835.331;9046112.332;199.584;176089.028;9045633.904;78.939;541.571;541.531
CND_1604;11/09/2026 16:04;" 332° 27' 35.33306""";"  78° 10' 04.19966""";397.112;Atmos PPM;0;1013.25;11.1012;175909.35;9045978.543;160.375;176089.028;9045633.904;78.939;388.706;388.665
CND_1403;11/09/2026 16:05;" 335° 13' 53.05518""";"  79° 30' 40.45638""";347.083;Atmos PPM;0;1013.25;11.1012;175946.075;9045943.797;142.131;176089.028;9045633.904;78.939;341.371;341.276
CND_23;11/09/2026 16:06;" 348° 36' 45.62346""";"  78° 49' 31.27771""";391.406;Atmos PPM;0;1013.25;11.1012;176013.247;9046010.329;154.804;176089.028;9045633.904;78.939;383.951;383.977
CND_30002;11/09/2026 18:00;" 289° 14' 46.18651""";"  79° 28' 59.40940""";723.072;Atmos PPM;0;1013.25;11.1012;175417.877;9045868.293;210.952;176089.028;9045633.904;78.939;710.915;710.902
CND_30003;11/09/2026 18:00;" 290° 56' 13.59262""";"  79° 32' 50.49486""";674.094;Atmos PPM;0;1013.25;11.1012;175469.929;9045870.834;201.265;176089.028;9045633.904;78.939;662.894;662.887
CND_30004;11/09/2026 18:00;" 291° 25' 45.13874""";"  79° 52' 57.49938""";637.674;Atmos PPM;0;1013.25;11.1012;175504.703;9045863.299;190.983;176089.028;9045633.904;78.939;627.75;627.74
CND_170_1;11/09/2026 18:00;" 298° 32' 43.70464""";"  79° 40' 29.75578""";508.765;Atmos PPM;0;1013.25;11.1012;175649.379;9045873.114;170.143;176089.028;9045633.904;78.939;500.548;500.513
CND_190_3;11/09/2026 18:00;" 298° 34' 32.19671""";"  78° 59' 21.94378""";594.714;Atmos PPM;0;1013.25;11.1012;175576.41;9045913.165;192.547;176089.028;9045633.904;78.939;583.897;583.75
CND_180_2;11/09/2026 18:01;" 298° 59' 59.70834""";"  79° 34' 24.44552""";553.86;Atmos PPM;0;1013.25;11.1012;175612.645;9045898.019;179.194;176089.028;9045633.904;78.939;544.768;544.7
CND_210_3;11/09/2026 18:01;" 302° 53' 59.77639""";"  78° 03' 51.63738""";629.461;Atmos PPM;0;1013.25;11.1012;175571.99;9045968.452;209.146;176089.028;9045633.904;78.939;616.02;615.833
CND_200_8;11/09/2026 18:01;" 303° 25' 03.31653""";"  78° 15' 55.11936""";598.429;Atmos PPM;0;1013.25;11.1012;175600.014;9045956.624;200.671;176089.028;9045633.904;78.939;586.05;585.904
CND_200_3;11/09/2026 18:01;" 303° 25' 04.09729""";"  78° 15' 54.64760""";598.429;Atmos PPM;0;1013.25;11.1012;175600.015;9045956.626;200.672;176089.028;9045633.904;78.939;586.052;585.904
CND_190_4;11/09/2026 18:01;" 304° 23' 46.96406""";"  78° 35' 21.07002""";568.308;Atmos PPM;0;1013.25;11.1012;175629.398;9045948.634;191.396;176089.028;9045633.904;78.939;557.187;557.059
CND_200_4;11/09/2026 18:01;" 309° 34' 03.01375""";"  77° 58' 12.75898""";577.853;Atmos PPM;0;1013.25;11.1012;175653.402;9045993.932;199.397;176089.028;9045633.904;78.939;565.267;565.146
CND_1505;11/09/2026 18:02;" 310° 59' 43.31630""";"  79° 10' 44.93848""";381.648;Atmos PPM;0;1013.25;11.1012;175806.123;9045879.831;150.599;176089.028;9045633.904;78.939;374.89;374.854
CND_210_4;11/09/2026 18:02;" 311° 21' 25.90936""";"  77° 25' 50.25898""";600.87;Atmos PPM;0;1013.25;11.1012;175648.868;9046021.439;209.725;176089.028;9045633.904;78.939;586.567;586.45
CND_190_5;11/09/2026 18:02;" 312° 12' 19.33451""";"  78° 10' 52.86820""";542.231;Atmos PPM;0;1013.25;11.1012;175695.931;9045990.471;190.015;176089.028;9045633.904;78.939;530.796;530.721
CND_32;11/09/2026 18:02;" 314° 18' 33.87799""";"  79° 48' 42.92313""";290.793;Atmos PPM;0;1013.25;11.1012;175884.245;9045833.843;130.38;176089.028;9045633.904;78.939;286.496;286.202
CND_200_5;11/09/2026 18:02;" 316° 06' 24.97731""";"  77° 35' 28.12850""";562.261;Atmos PPM;0;1013.25;11.1012;175708.356;9046029.644;199.782;176089.028;9045633.904;78.939;549.185;549.11
CND_210_5;11/09/2026 18:03;" 320° 50' 25.10455""";"  77° 01' 26.12670""";587.588;Atmos PPM;0;1013.25;11.1012;175727.5;9046077.895;210.901;176089.028;9045633.904;78.939;572.641;572.565
CND_190_6;11/09/2026 18:03;" 321° 21' 24.95958""";"  77° 52' 42.63475""";529.228;Atmos PPM;0;1013.25;11.1012;175765.954;9046038.058;190.087;176089.028;9045633.904;78.939;517.464;517.414
CND_200_6;11/09/2026 18:03;" 325° 15' 04.24056""";"  77° 24' 59.41704""";553.586;Atmos PPM;0;1013.25;11.1012;175781.121;9046077.849;199.564;176089.028;9045633.904;78.939;540.325;540.272
CND_1603;11/09/2026 18:04;" 325° 30' 41.48049""";"  78° 11' 57.01236""";397.913;Atmos PPM;0;1013.25;11.1012;175868.508;9045954.959;160.327;176089.028;9045633.904;78.939;389.496;389.493
CND_210_6;11/09/2026 18:04;" 328° 34' 39.58085""";"  76° 54' 36.99247""";582.149;Atmos PPM;0;1013.25;11.1012;175793.465;9046117.782;210.804;176089.028;9045633.904;78.939;567.059;567.005
CND_1503;11/09/2026 18:04;" 328° 44' 19.78469""";"  78° 43' 02.75024""";367.857;Atmos PPM;0;1013.25;11.1012;175901.852;9045942.284;150.918;176089.028;9045633.904;78.939;360.776;360.74
CND_200_7;11/09/2026 18:04;" 332° 03' 33.80290""";"  77° 26' 37.10792""";554.818;Atmos PPM;0;1013.25;11.1012;175835.33;9046112.334;199.577;176089.028;9045633.904;78.939;541.571;541.532
CND_1604;11/09/2026 18:05;" 332° 27' 35.08284""";"  78° 10' 04.97968""";397.112;Atmos PPM;0;1013.25;11.1012;175909.349;9045978.543;160.374;176089.028;9045633.904;78.939;388.706;388.665
CND_1403;11/09/2026 18:05;" 335° 13' 50.93013""";"  79° 30' 40.78053""";347.083;Atmos PPM;0;1013.25;11.1012;175946.072;9045943.796;142.13;176089.028;9045633.904;78.939;341.371;341.276
CND_30002;11/09/2026 20:00;" 289° 14' 45.39286""";"  79° 29' 00.61986""";723.072;Atmos PPM;0;1013.25;11.1012;175417.875;9045868.291;210.948;176089.028;9045633.904;78.939;710.915;710.903
CND_30003;11/09/2026 20:00;" 290° 56' 15.18959""";"  79° 32' 51.51762""";674.094;Atmos PPM;0;1013.25;11.1012;175469.93;9045870.839;201.262;176089.028;9045633.904;78.939;662.894;662.888
CND_30004;11/09/2026 20:00;" 291° 25' 44.15326""";"  79° 52' 55.56684""";637.674;Atmos PPM;0;1013.25;11.1012;175504.703;9045863.296;190.989;176089.028;9045633.904;78.939;627.75;627.739
CND_170_1;11/09/2026 20:00;" 298° 32' 44.02977""";"  79° 40' 28.39274""";508.765;Atmos PPM;0;1013.25;11.1012;175649.379;9045873.115;170.147;176089.028;9045633.904;78.939;500.548;500.513
CND_190_3;11/09/2026 20:00;" 298° 34' 31.48164""";"  78° 59' 22.39882""";594.715;Atmos PPM;0;1013.25;11.1012;175576.409;9045913.164;192.546;176089.028;9045633.904;78.939;583.897;583.75
CND_180_2;11/09/2026 20:01;" 299° 00' 00.62281""";"  79° 34' 23.40347""";553.861;Atmos PPM;0;1013.25;11.1012;175612.646;9045898.021;179.197;176089.028;9045633.904;78.939;544.768;544.7
CND_210_3;11/09/2026 20:01;" 302° 53' 59.83237""";"  78° 03' 50.51388""";629.461;Atmos PPM;0;1013.25;11.1012;175571.991;9045968.452;209.149;176089.028;9045633.904;78.939;616.02;615.832
CND_200_8;11/09/2026 20:01;" 303° 25' 04.20576""";"  78° 15' 54.47142""";598.429;Atmos PPM;0;1013.25;11.1012;175600.015;9045956.626;200.673;176089.028;9045633.904;78.939;586.05;585.904
CND_200_3;11/09/2026 20:01;" 303° 25' 04.01747""";"  78° 15' 55.40069""";598.429;Atmos PPM;0;1013.25;11.1012;175600.014;9045956.626;200.67;176089.028;9045633.904;78.939;586.052;585.904
CND_190_4;11/09/2026 20:01;" 304° 23' 46.96003""";"  78° 35' 22.02264""";568.308;Atmos PPM;0;1013.25;11.1012;175629.398;9045948.634;191.393;176089.028;9045633.904;78.939;557.187;557.059
CND_200_4;11/09/2026 20:01;" 309° 34' 03.79681""";"  77° 58' 13.08608""";577.853;Atmos PPM;0;1013.25;11.1012;175653.403;9045993.933;199.396;176089.028;9045633.904;78.939;565.267;565.146
CND_1505;11/09/2026 20:01;" 310° 59' 42.82390""";"  79° 10' 45.87064""";381.649;Atmos PPM;0;1013.25;11.1012;175806.122;9045879.831;150.597;176089.028;9045633.904;78.939;374.89;374.854
CND_210_4;11/09/2026 20:02;" 311° 21' 26.71604""";"  77° 25' 50.17108""";600.87;Atmos PPM;0;1013.25;11.1012;175648.87;9046021.441;209.725;176089.028;9045633.904;78.939;586.567;586.45
CND_190_5;11/09/2026 20:02;" 312° 12' 20.44220""";"  78° 10' 52.96575""";542.232;Atmos PPM;0;1013.25;11.1012;175695.933;9045990.473;190.015;176089.028;9045633.904;78.939;530.796;530.722
CND_32;11/09/2026 20:02;" 314° 18' 34.20282""";"  79° 48' 41.99728""";290.793;Atmos PPM;0;1013.25;11.1012;175884.245;9045833.844;130.381;176089.028;9045633.904;78.939;286.496;286.202
CND_200_5;11/09/2026 20:02;" 316° 06' 25.06984""";"  77° 35' 28.28747""";562.261;Atmos PPM;0;1013.25;11.1012;175708.356;9046029.644;199.781;176089.028;9045633.904;78.939;549.185;549.11
CND_1504;11/09/2026 20:03;" 320° 45' 24.42937""";"  78° 43' 32.49200""";370.086;Atmos PPM;0;1013.25;11.1012;175859.454;9045915.006;151.302;176089.028;9045633.904;78.939;362.974;362.936
CND_210_5;11/09/2026 20:03;" 320° 50' 25.74593""";"  77° 01' 24.72593""";587.588;Atmos PPM;0;1013.25;11.1012;175727.502;9046077.896;210.905;176089.028;9045633.904;78.939;572.641;572.564
CND_190_6;11/09/2026 20:03;" 321° 21' 24.89130""";"  77° 52' 44.15283""";529.228;Atmos PPM;0;1013.25;11.1012;175765.954;9046038.059;190.084;176089.028;9045633.904;78.939;517.464;517.415
CND_200_6;11/09/2026 20:03;" 325° 15' 05.00901""";"  77° 25' 00.00670""";553.586;Atmos PPM;0;1013.25;11.1012;175781.123;9046077.851;199.563;176089.028;9045633.904;78.939;540.325;540.272
CND_1603;11/09/2026 20:04;" 325° 30' 41.00976""";"  78° 11' 56.22116""";397.913;Atmos PPM;0;1013.25;11.1012;175868.508;9045954.958;160.328;176089.028;9045633.904;78.939;389.496;389.493
CND_210_6;11/09/2026 20:04;" 328° 34' 39.80039""";"  76° 54' 36.76427""";582.149;Atmos PPM;0;1013.25;11.1012;175793.466;9046117.782;210.805;176089.028;9045633.904;78.939;567.059;567.005
CND_200_7;11/09/2026 20:04;" 332° 03' 32.39169""";"  77° 26' 34.33526""";554.819;Atmos PPM;0;1013.25;11.1012;175835.327;9046112.331;199.584;176089.028;9045633.904;78.939;541.571;541.531
CND_1604;11/09/2026 20:04;" 332° 27' 35.78464""";"  78° 10' 03.80392""";397.112;Atmos PPM;0;1013.25;11.1012;175909.351;9045978.544;160.376;176089.028;9045633.904;78.939;388.706;388.665
CND_30002;11/09/2026 22:00;" 289° 14' 45.77216""";"  79° 28' 59.21433""";723.072;Atmos PPM;0;1013.25;11.1012;175417.876;9045868.292;210.952;176089.028;9045633.904;78.939;710.915;710.903
CND_30003;11/09/2026 22:00;" 290° 56' 14.91742""";"  79° 32' 49.91545""";674.094;Atmos PPM;0;1013.25;11.1012;175469.931;9045870.838;201.267;176089.028;9045633.904;78.939;662.894;662.887
CND_30004;11/09/2026 22:00;" 291° 25' 44.74435""";"  79° 52' 55.34297""";637.675;Atmos PPM;0;1013.25;11.1012;175504.703;9045863.298;190.99;176089.028;9045633.904;78.939;627.75;627.74
CND_170_1;11/09/2026 22:00;" 298° 32' 43.06094""";"  79° 40' 26.98810""";508.765;Atmos PPM;0;1013.25;11.1012;175649.379;9045873.113;170.15;176089.028;9045633.904;78.939;500.548;500.512
CND_190_3;11/09/2026 22:00;" 298° 34' 31.36584""";"  78° 59' 21.27678""";594.715;Atmos PPM;0;1013.25;11.1012;175576.409;9045913.163;192.549;176089.028;9045633.904;78.939;583.897;583.75
CND_180_2;11/09/2026 22:01;" 298° 59' 58.83421""";"  79° 34' 22.78295""";553.861;Atmos PPM;0;1013.25;11.1012;175612.644;9045898.017;179.199;176089.028;9045633.904;78.939;544.768;544.7
CND_210_3;11/09/2026 22:01;" 302° 54' 01.48888""";"  78° 03' 49.30941""";629.461;Atmos PPM;0;1013.25;11.1012;175571.994;9045968.455;209.153;176089.028;9045633.904;78.939;616.02;615.832
CND_200_8;11/09/2026 22:01;" 303° 25' 04.60328""";"  78° 15' 55.62632""";598.429;Atmos PPM;0;1013.25;11.1012;175600.015;9045956.628;200.67;176089.028;9045633.904;78.939;586.05;585.905
CND_200_3;11/09/2026 22:01;" 303° 25' 04.13724""";"  78° 15' 55.61798""";598.43;Atmos PPM;0;1013.25;11.1012;175600.014;9045956.627;200.67;176089.028;9045633.904;78.939;586.052;585.905
CND_190_4;11/09/2026 22:01;" 304° 23' 46.39420""";"  78° 35' 21.72804""";568.308;Atmos PPM;0;1013.25;11.1012;175629.397;9045948.633;191.394;176089.028;9045633.904;78.939;557.187;557.059
CND_200_4;11/09/2026 22:01;" 309° 34' 04.64442""";"  77° 58' 12.36274""";577.853;Atmos PPM;0;1013.25;11.1012;175653.405;9045993.935;199.398;176089.028;9045633.904;78.939;565.267;565.146
CND_1505;11/09/2026 22:01;" 310° 59' 43.82661""";"  79° 10' 44.89328""";381.649;Atmos PPM;0;1013.25;11.1012;175806.124;9045879.832;150.599;176089.028;9045633.904;78.939;374.89;374.854
CND_210_4;11/09/2026 22:02;" 311° 21' 25.15449""";"  77° 25' 48.07023""";600.87;Atmos PPM;0;1013.25;11.1012;175648.868;9046021.437;209.731;176089.028;9045633.904;78.939;586.567;586.449
CND_190_5;11/09/2026 22:02;" 312° 12' 19.57762""";"  78° 10' 52.70326""";542.232;Atmos PPM;0;1013.25;11.1012;175695.931;9045990.471;190.016;176089.028;9045633.904;78.939;530.796;530.722
CND_32;11/09/2026 22:02;" 314° 18' 33.48077""";"  79° 48' 42.22626""";290.794;Atmos PPM;0;1013.25;11.1012;175884.244;9045833.843;130.381;176089.028;9045633.904;78.939;286.496;286.203
CND_200_5;11/09/2026 22:02;" 316° 06' 25.03894""";"  77° 35' 28.44093""";562.261;Atmos PPM;0;1013.25;11.1012;175708.356;9046029.644;199.781;176089.028;9045633.904;78.939;549.185;549.11
CND_1504;11/09/2026 22:03;" 320° 45' 24.93014""";"  78° 43' 31.10871""";370.087;Atmos PPM;0;1013.25;11.1012;175859.454;9045915.006;151.305;176089.028;9045633.904;78.939;362.974;362.936
CND_210_5;11/09/2026 22:03;" 320° 50' 25.36908""";"  77° 01' 24.56732""";587.588;Atmos PPM;0;1013.25;11.1012;175727.501;9046077.895;210.905;176089.028;9045633.904;78.939;572.641;572.564
CND_190_6;11/09/2026 22:03;" 321° 21' 24.17036""";"  77° 52' 42.48613""";529.229;Atmos PPM;0;1013.25;11.1012;175765.952;9046038.057;190.088;176089.028;9045633.904;78.939;517.464;517.414
CND_200_6;11/09/2026 22:03;" 325° 15' 04.56496""";"  77° 24' 59.10759""";553.586;Atmos PPM;0;1013.25;11.1012;175781.122;9046077.85;199.565;176089.028;9045633.904;78.939;540.325;540.272
CND_1603;11/09/2026 22:04;" 325° 30' 41.74674""";"  78° 12' 01.07118""";397.913;Atmos PPM;0;1013.25;11.1012;175868.508;9045954.961;160.319;176089.028;9045633.904;78.939;389.496;389.495
CND_210_6;11/09/2026 22:04;" 328° 34' 39.08413""";"  76° 54' 36.77824""";582.15;Atmos PPM;0;1013.25;11.1012;175793.464;9046117.781;210.805;176089.028;9045633.904;78.939;567.059;567.005
CND_200_7;11/09/2026 22:04;" 332° 03' 34.42071""";"  77° 26' 36.67532""";554.819;Atmos PPM;0;1013.25;11.1012;175835.331;9046112.335;199.578;176089.028;9045633.904;78.939;541.571;541.533
CND_30002;12/09/2026 00:00;" 289° 14' 44.66863""";"  79° 28' 57.82349""";723.072;Atmos PPM;0;1013.25;11.1012;175417.876;9045868.288;210.957;176089.028;9045633.904;78.939;710.915;710.902
CND_30003;12/09/2026 00:00;" 290° 56' 14.76355""";"  79° 32' 48.66414""";674.094;Atmos PPM;0;1013.25;11.1012;175469.931;9045870.838;201.271;176089.028;9045633.904;78.939;662.894;662.887
CND_30004;12/09/2026 00:00;" 291° 25' 44.15402""";"  79° 52' 54.78251""";637.675;Atmos PPM;0;1013.25;11.1012;175504.703;9045863.296;190.991;176089.028;9045633.904;78.939;627.75;627.739
CND_170_1;12/09/2026 00:00;" 298° 32' 43.27482""";"  79° 40' 27.12883""";508.765;Atmos PPM;0;1013.25;11.1012;175649.379;9045873.113;170.15;176089.028;9045633.904;78.939;500.548;500.512
CND_190_3;12/09/2026 00:01;" 298° 34' 31.63254""";"  78° 59' 18.81011""";594.715;Atmos PPM;0;1013.25;11.1012;175576.411;9045913.163;192.556;176089.028;9045633.904;78.939;583.897;583.748
CND_180_2;12/09/2026 00:01;" 298° 59' 59.10554""";"  79° 34' 22.61490""";553.861;Atmos PPM;0;1013.25;11.1012;175612.644;9045898.018;179.199;176089.028;9045633.904;78.939;544.768;544.7
CND_210_3;12/09/2026 00:01;" 302° 54' 00.38259""";"  78° 03' 51.54890""";629.461;Atmos PPM;0;1013.25;11.1012;175571.991;9045968.453;209.146;176089.028;9045633.904;78.939;616.02;615.833
CND_200_8;12/09/2026 00:01;" 303° 25' 03.44311""";"  78° 15' 53.23759""";598.429;Atmos PPM;0;1013.25;11.1012;175600.015;9045956.624;200.676;176089.028;9045633.904;78.939;586.05;585.903
CND_200_3;12/09/2026 00:01;" 303° 25' 02.59239""";"  78° 15' 52.01696""";598.429;Atmos PPM;0;1013.25;11.1012;175600.014;9045956.622;200.68;176089.028;9045633.904;78.939;586.052;585.902
CND_190_4;12/09/2026 00:01;" 304° 23' 47.01337""";"  78° 35' 21.38666""";568.308;Atmos PPM;0;1013.25;11.1012;175629.398;9045948.634;191.395;176089.028;9045633.904;78.939;557.187;557.059
CND_200_4;12/09/2026 00:01;" 309° 34' 04.05668""";"  77° 58' 11.14365""";577.853;Atmos PPM;0;1013.25;11.1012;175653.404;9045993.933;199.402;176089.028;9045633.904;78.939;565.267;565.145
CND_1505;12/09/2026 00:01;" 310° 59' 43.64186""";"  79° 10' 44.75105""";381.649;Atmos PPM;0;1013.25;11.1012;175806.124;9045879.832;150.599;176089.028;9045633.904;78.939;374.89;374.854
CND_210_4;12/09/2026 00:02;" 311° 21' 23.67320""";"  77° 25' 47.70768""";600.87;Atmos PPM;0;1013.25;11.1012;175648.865;9046021.433;209.732;176089.028;9045633.904;78.939;586.567;586.449
CND_190_5;12/09/2026 00:02;" 312° 12' 19.73347""";"  78° 10' 52.06739""";542.232;Atmos PPM;0;1013.25;11.1012;175695.931;9045990.471;190.017;176089.028;9045633.904;78.939;530.796;530.721
CND_200_5;12/09/2026 00:02;" 316° 06' 25.27795""";"  77° 35' 28.29449""";562.261;Atmos PPM;0;1013.25;11.1012;175708.356;9046029.645;199.781;176089.028;9045633.904;78.939;549.185;549.11
CND_210_5;12/09/2026 00:03;" 320° 50' 25.59691""";"  77° 01' 25.16480""";587.588;Atmos PPM;0;1013.25;11.1012;175727.501;9046077.896;210.904;176089.028;9045633.904;78.939;572.641;572.564
CND_190_6;12/09/2026 00:03;" 321° 21' 24.39569""";"  77° 52' 41.99732""";529.229;Atmos PPM;0;1013.25;11.1012;175765.953;9046038.057;190.089;176089.028;9045633.904;78.939;517.464;517.414
CND_210_6;12/09/2026 00:03;" 328° 34' 38.66971""";"  76° 54' 39.03606""";582.15;Atmos PPM;0;1013.25;11.1012;175793.462;9046117.782;210.799;176089.028;9045633.904;78.939;567.059;567.007
CND_30002;12/09/2026 02:00;" 289° 14' 45.03528""";"  79° 28' 58.90523""";723.072;Atmos PPM;0;1013.25;11.1012;175417.876;9045868.29;210.954;176089.028;9045633.904;78.939;710.915;710.902
CND_30003;12/09/2026 02:00;" 290° 56' 13.39327""";"  79° 32' 49.26725""";674.094;Atmos PPM;0;1013.25;11.1012;175469.93;9045870.834;201.269;176089.028;9045633.904;78.939;662.894;662.887
CND_30004;12/09/2026 02:00;" 291° 25' 45.57313""";"  79° 52' 55.65666""";637.675;Atmos PPM;0;1013.25;11.1012;175504.704;9045863.3;190.989;176089.028;9045633.904;78.939;627.75;627.74
CND_170_1;12/09/2026 02:00;" 298° 32' 41.77082""";"  79° 40' 26.73861""";508.765;Atmos PPM;0;1013.25;11.1012;175649.377;9045873.11;170.151;176089.028;9045633.904;78.939;500.548;500.512
CND_190_3;12/09/2026 02:01;" 298° 34' 31.59817""";"  78° 59' 19.77160""";594.715;Atmos PPM;0;1013.25;11.1012;175576.41;9045913.163;192.553;176089.028;9045633.904;78.939;583.897;583.749
CND_180_2;12/09/2026 02:01;" 298° 59' 58.68849""";"  79° 34' 21.07737""";553.861;Atmos PPM;0;1013.25;11.1012;175612.645;9045898.016;179.203;176089.028;9045633.904;78.939;544.768;544.699
CND_210_3;12/09/2026 02:01;" 302° 53' 59.92738""";"  78° 03' 48.48408""";629.461;Atmos PPM;0;1013.25;11.1012;175571.992;9045968.451;209.155;176089.028;9045633.904;78.939;616.02;615.831
CND_200_8;12/09/2026 02:01;" 303° 25' 03.20880""";"  78° 15' 53.14607""";598.429;Atmos PPM;0;1013.25;11.1012;175600.014;9045956.624;200.677;176089.028;9045633.904;78.939;586.05;585.903
CND_200_3;12/09/2026 02:01;" 303° 25' 03.17340""";"  78° 15' 53.44444""";598.429;Atmos PPM;0;1013.25;11.1012;175600.014;9045956.624;200.676;176089.028;9045633.904;78.939;586.052;585.903
CND_190_4;12/09/2026 02:01;" 304° 23' 45.99063""";"  78° 35' 20.01810""";568.308;Atmos PPM;0;1013.25;11.1012;175629.397;9045948.631;191.399;176089.028;9045633.904;78.939;557.187;557.058
CND_200_4;12/09/2026 02:01;" 309° 34' 03.73668""";"  77° 58' 11.58515""";577.853;Atmos PPM;0;1013.25;11.1012;175653.404;9045993.933;199.4;176089.028;9045633.904;78.939;565.267;565.145
CND_1505;12/09/2026 02:01;" 310° 59' 43.51372""";"  79° 10' 43.63788""";381.649;Atmos PPM;0;1013.25;11.1012;175806.124;9045879.831;150.601;176089.028;9045633.904;78.939;374.89;374.853
CND_210_4;12/09/2026 02:02;" 311° 21' 24.97883""";"  77° 25' 48.40203""";600.87;Atmos PPM;0;1013.25;11.1012;175648.867;9046021.436;209.73;176089.028;9045633.904;78.939;586.567;586.449
CND_190_5;12/09/2026 02:02;" 312° 12' 19.06018""";"  78° 10' 51.50881""";542.232;Atmos PPM;0;1013.25;11.1012;175695.931;9045990.47;190.019;176089.028;9045633.904;78.939;530.796;530.721
CND_200_5;12/09/2026 02:02;" 316° 06' 24.99370""";"  77° 35' 26.03765""";562.261;Atmos PPM;0;1013.25;11.1012;175708.357;9046029.643;199.787;176089.028;9045633.904;78.939;549.185;549.109
CND_30002;12/09/2026 04:00;" 289° 14' 45.35645""";"  79° 28' 59.59747""";723.072;Atmos PPM;0;1013.25;11.1012;175417.876;9045868.291;210.951;176089.028;9045633.904;78.939;710.915;710.903
CND_30003;12/09/2026 04:00;" 290° 56' 13.25643""";"  79° 32' 49.32448""";674.094;Atmos PPM;0;1013.25;11.1012;175469.929;9045870.833;201.269;176089.028;9045633.904;78.939;662.894;662.887
CND_30004;12/09/2026 04:00;" 291° 25' 44.99459""";"  79° 52' 55.73152""";637.674;Atmos PPM;0;1013.25;11.1012;175504.704;9045863.298;190.988;176089.028;9045633.904;78.939;627.75;627.74
CND_190_3;12/09/2026 04:00;" 298° 34' 31.00673""";"  78° 59' 20.46119""";594.714;Atmos PPM;0;1013.25;11.1012;175576.409;9045913.162;192.551;176089.028;9045633.904;78.939;583.897;583.749
CND_180_2;12/09/2026 04:01;" 298° 59' 59.11804""";"  79° 34' 20.99553""";553.86;Atmos PPM;0;1013.25;11.1012;175612.645;9045898.017;179.203;176089.028;9045633.904;78.939;544.768;544.698
CND_210_3;12/09/2026 04:01;" 302° 53' 58.69532""";"  78° 03' 49.59975""";629.461;Atmos PPM;0;1013.25;11.1012;175571.99;9045968.448;209.152;176089.028;9045633.904;78.939;616.02;615.831
CND_200_8;12/09/2026 04:01;" 303° 25' 02.75483""";"  78° 15' 53.72110""";598.429;Atmos PPM;0;1013.25;11.1012;175600.014;9045956.622;200.675;176089.028;9045633.904;78.939;586.05;585.903
CND_200_3;12/09/2026 04:01;" 303° 25' 03.75967""";"  78° 15' 53.15402""";598.429;Atmos PPM;0;1013.25;11.1012;175600.015;9045956.625;200.677;176089.028;9045633.904;78.939;586.052;585.903
CND_190_4;12/09/2026 04:01;" 304° 23' 45.31651""";"  78° 35' 19.82009""";568.308;Atmos PPM;0;1013.25;11.1012;175629.396;9045948.63;191.399;176089.028;9045633.904;78.939;557.187;557.058
CND_200_4;12/09/2026 04:01;" 309° 34' 03.58330""";"  77° 58' 12.16441""";577.853;Atmos PPM;0;1013.25;11.1012;175653.403;9045993.932;199.399;176089.028;9045633.904;78.939;565.267;565.146
CND_210_4;12/09/2026 04:01;" 311° 21' 24.94461""";"  77° 25' 48.41389""";600.87;Atmos PPM;0;1013.25;11.1012;175648.867;9046021.436;209.73;176089.028;9045633.904;78.939;586.567;586.449
CND_190_5;12/09/2026 04:01;" 312° 12' 19.06966""";"  78° 10' 52.17453""";542.231;Atmos PPM;0;1013.25;11.1012;175695.931;9045990.47;190.017;176089.028;9045633.904;78.939;530.796;530.721
CND_30002;12/09/2026 06:00;" 289° 14' 45.49919""";"  79° 29' 00.64665""";723.072;Atmos PPM;0;1013.25;11.1012;175417.875;9045868.292;210.948;176089.028;9045633.904;78.939;710.915;710.904
CND_30003;12/09/2026 06:00;" 290° 56' 14.13631""";"  79° 32' 50.60923""";674.094;Atmos PPM;0;1013.25;11.1012;175469.93;9045870.836;201.265;176089.028;9045633.904;78.939;662.894;662.888
CND_30004;12/09/2026 06:00;" 291° 25' 45.84588""";"  79° 52' 56.57522""";637.675;Atmos PPM;0;1013.25;11.1012;175504.704;9045863.301;190.986;176089.028;9045633.904;78.939;627.75;627.74
CND_170_1;12/09/2026 06:00;" 298° 32' 41.83315""";"  79° 40' 28.27093""";508.765;Atmos PPM;0;1013.25;11.1012;175649.377;9045873.11;170.147;176089.028;9045633.904;78.939;500.548;500.513
CND_190_3;12/09/2026 06:00;" 298° 34' 30.37514""";"  78° 59' 20.82767""";594.714;Atmos PPM;0;1013.25;11.1012;175576.408;9045913.161;192.55;176089.028;9045633.904;78.939;583.897;583.749
CND_180_2;12/09/2026 06:01;" 298° 59' 59.46393""";"  79° 34' 24.24591""";553.861;Atmos PPM;0;1013.25;11.1012;175612.644;9045898.019;179.195;176089.028;9045633.904;78.939;544.768;544.701
CND_210_3;12/09/2026 06:01;" 302° 54' 01.69685""";"  78° 03' 48.87004""";629.461;Atmos PPM;0;1013.25;11.1012;175571.995;9045968.456;209.154;176089.028;9045633.904;78.939;616.02;615.831
CND_200_8;12/09/2026 06:01;" 303° 25' 02.92471""";"  78° 15' 54.20636""";598.429;Atmos PPM;0;1013.25;11.1012;175600.014;9045956.623;200.674;176089.028;9045633.904;78.939;586.05;585.903
CND_200_3;12/09/2026 06:01;" 303° 25' 02.71613""";"  78° 15' 54.99567""";598.429;Atmos PPM;0;1013.25;11.1012;175600.013;9045956.623;200.671;176089.028;9045633.904;78.939;586.052;585.904
CND_190_4;12/09/2026 06:01;" 304° 23' 47.14048""";"  78° 35' 20.60632""";568.308;Atmos PPM;0;1013.25;11.1012;175629.399;9045948.634;191.397;176089.028;9045633.904;78.939;557.187;557.058
CND_200_4;12/09/2026 06:01;" 309° 34' 03.37288""";"  77° 58' 10.73493""";577.853;Atmos PPM;0;1013.25;11.1012;175653.403;9045993.931;199.403;176089.028;9045633.904;78.939;565.267;565.145
CND_210_4;12/09/2026 06:01;" 311° 21' 26.17851""";"  77° 25' 47.93011""";600.87;Atmos PPM;0;1013.25;11.1012;175648.87;9046021.439;209.731;176089.028;9045633.904;78.939;586.567;586.449
CND_190_5;12/09/2026 06:02;" 312° 12' 20.27733""";"  78° 10' 51.11147""";542.231;Atmos PPM;0;1013.25;11.1012;175695.933;9045990.472;190.02;176089.028;9045633.904;78.939;530.796;530.72
CND_200_5;12/09/2026 06:02;" 316° 06' 27.39226""";"  77° 35' 30.65818""";562.262;Atmos PPM;0;1013.25;11.1012;175708.359;9046029.65;199.775;176089.028;9045633.904;78.939;549.185;549.112
CND_30002;12/09/2026 08:00;" 289° 14' 46.40002""";"  79° 29' 05.15271""";723.071;Atmos PPM;0;1013.25;11.1012;175417.875;9045868.295;210.932;176089.028;9045633.904;78.939;710.915;710.905
CND_30003;12/09/2026 08:00;" 290° 56' 17.11134""";"  79° 32' 49.20286""";674.093;Atmos PPM;0;1013.25;11.1012;175469.934;9045870.845;201.269;176089.028;9045633.904;78.939;662.894;662.886
CND_30004;12/09/2026 08:00;" 291° 25' 47.56348""";"  79° 53' 03.17856""";637.674;Atmos PPM;0;1013.25;11.1012;175504.703;9045863.307;190.966;176089.028;9045633.904;78.939;627.75;627.743
CND_170_1;12/09/2026 08:00;" 298° 32' 46.52658""";"  79° 40' 27.26786""";508.764;Atmos PPM;0;1013.25;11.1012;175649.383;9045873.12;170.149;176089.028;9045633.904;78.939;500.548;500.512
CND_190_3;12/09/2026 08:00;" 298° 34' 34.29810""";"  78° 59' 19.87226""";594.714;Atmos PPM;0;1013.25;11.1012;175576.415;9045913.17;192.553;176089.028;9045633.904;78.939;583.897;583.748
CND_180_2;12/09/2026 08:01;" 299° 00' 01.99354""";"  79° 34' 21.44248""";553.861;Atmos PPM;0;1013.25;11.1012;175612.649;9045898.024;179.202;176089.028;9045633.904;78.939;544.768;544.699
CND_210_3;12/09/2026 08:01;" 302° 54' 04.41001""";"  78° 03' 48.04584""";629.46;Atmos PPM;0;1013.25;11.1012;175572;9045968.462;209.156;176089.028;9045633.904;78.939;616.02;615.83
CND_200_3;12/09/2026 08:01;" 303° 25' 07.80348""";"  78° 15' 51.89966""";598.429;Atmos PPM;0;1013.25;11.1012;175600.022;9045956.634;200.68;176089.028;9045633.904;78.939;586.052;585.902
CND_200_8;12/09/2026 08:02;" 303° 25' 08.33196""";"  78° 15' 54.44402""";598.429;Atmos PPM;0;1013.25;11.1012;175600.022;9045956.636;200.673;176089.028;9045633.904;78.939;586.05;585.903
CND_190_4;12/09/2026 08:02;" 304° 23' 50.38132""";"  78° 35' 20.26305""";568.308;Atmos PPM;0;1013.25;11.1012;175629.404;9045948.641;191.398;176089.028;9045633.904;78.939;557.187;557.058
CND_200_4;12/09/2026 08:02;" 309° 34' 08.86276""";"  77° 58' 11.09856""";577.852;Atmos PPM;0;1013.25;11.1012;175653.413;9045993.943;199.402;176089.028;9045633.904;78.939;565.267;565.144
CND_210_4;12/09/2026 08:02;" 311° 21' 28.89070""";"  77° 25' 49.20782""";600.869;Atmos PPM;0;1013.25;11.1012;175648.875;9046021.445;209.728;176089.028;9045633.904;78.939;586.567;586.449
CND_190_5;12/09/2026 08:02;" 312° 12' 23.28768""";"  78° 10' 54.16279""";542.231;Atmos PPM;0;1013.25;11.1012;175695.938;9045990.478;190.012;176089.028;9045633.904;78.939;530.796;530.721
CND_200_5;12/09/2026 08:03;" 316° 06' 27.79871""";"  77° 35' 30.48534""";562.261;Atmos PPM;0;1013.25;11.1012;175708.36;9046029.65;199.775;176089.028;9045633.904;78.939;549.185;549.111
CND_30002;12/09/2026 10:00;" 289° 14' 46.40584""";"  79° 29' 03.69807""";723.072;Atmos PPM;0;1013.25;11.1012;175417.875;9045868.295;210.937;176089.028;9045633.904;78.939;710.915;710.905
CND_30003;12/09/2026 10:00;" 290° 56' 15.09422""";"  79° 32' 50.31977""";674.094;Atmos PPM;0;1013.25;11.1012;175469.931;9045870.839;201.266;176089.028;9045633.904;78.939;662.894;662.887
CND_30004;12/09/2026 10:00;" 291° 25' 49.05358""";"  79° 52' 57.93368""";637.675;Atmos PPM;0;1013.25;11.1012;175504.707;9045863.31;190.982;176089.028;9045633.904;78.939;627.75;627.741
CND_170_1;12/09/2026 10:01;" 298° 32' 39.88546""";"  79° 40' 27.40501""";508.765;Atmos PPM;0;1013.25;11.1012;175649.375;9045873.106;170.149;176089.028;9045633.904;78.939;500.548;500.512
CND_190_3;12/09/2026 10:01;" 298° 34' 32.21326""";"  78° 59' 19.98122""";594.714;Atmos PPM;0;1013.25;11.1012;175576.411;9045913.165;192.552;176089.028;9045633.904;78.939;583.897;583.749
CND_180_2;12/09/2026 10:01;" 299° 00' 01.18870""";"  79° 34' 25.17388""";553.86;Atmos PPM;0;1013.25;11.1012;175612.646;9045898.023;179.192;176089.028;9045633.904;78.939;544.768;544.701
CND_210_3;12/09/2026 10:01;" 302° 54' 02.76742""";"  78° 03' 51.48920""";629.461;Atmos PPM;0;1013.25;11.1012;175571.995;9045968.459;209.146;176089.028;9045633.904;78.939;616.02;615.833
CND_200_3;12/09/2026 10:01;" 303° 25' 07.32381""";"  78° 15' 56.19702""";598.429;Atmos PPM;0;1013.25;11.1012;175600.02;9045956.634;200.668;176089.028;9045633.904;78.939;586.052;585.904
CND_200_8;12/09/2026 10:01;" 303° 25' 05.79187""";"  78° 15' 55.93399""";598.429;Atmos PPM;0;1013.25;11.1012;175600.017;9045956.63;200.669;176089.028;9045633.904;78.939;586.05;585.904
CND_190_4;12/09/2026 10:02;" 304° 23' 48.82267""";"  78° 35' 22.08706""";568.308;Atmos PPM;0;1013.25;11.1012;175629.401;9045948.638;191.393;176089.028;9045633.904;78.939;557.187;557.059
CND_200_4;12/09/2026 10:02;" 309° 34' 06.73881""";"  77° 58' 12.89142""";577.852;Atmos PPM;0;1013.25;11.1012;175653.409;9045993.939;199.397;176089.028;9045633.904;78.939;565.267;565.146
CND_1505;12/09/2026 10:02;" 310° 59' 42.06170""";"  79° 11' 07.20588""";381.648;Atmos PPM;0;1013.25;11.1012;175806.116;9045879.835;150.558;176089.028;9045633.904;78.939;374.89;374.861
CND_210_4;12/09/2026 10:02;" 311° 21' 27.64546""";"  77° 25' 51.17134""";600.869;Atmos PPM;0;1013.25;11.1012;175648.871;9046021.443;209.722;176089.028;9045633.904;78.939;586.567;586.451
CND_190_5;12/09/2026 10:02;" 312° 12' 22.52654""";"  78° 10' 52.21686""";542.231;Atmos PPM;0;1013.25;11.1012;175695.937;9045990.477;190.017;176089.028;9045633.904;78.939;530.796;530.721
CND_200_5;12/09/2026 10:03;" 316° 06' 28.95962""";"  77° 35' 29.78339""";562.261;Atmos PPM;0;1013.25;11.1012;175708.363;9046029.652;199.777;176089.028;9045633.904;78.939;549.185;549.111
CND_30002;12/09/2026 12:00;" 289° 14' 41.17783""";"  79° 29' 07.18592""";723.071;Atmos PPM;0;1013.25;11.1012;175417.867;9045868.279;210.925;176089.028;9045633.904;78.939;710.915;710.907
CND_30003;12/09/2026 12:00;" 290° 56' 12.05787""";"  79° 32' 54.17321""";674.094;Atmos PPM;0;1013.25;11.1012;175469.925;9045870.831;201.253;176089.028;9045633.904;78.939;662.894;662.889
CND_30004;12/09/2026 12:00;" 291° 25' 46.43822""";"  79° 53' 06.12173""";637.674;Atmos PPM;0;1013.25;11.1012;175504.7;9045863.304;190.957;176089.028;9045633.904;78.939;627.75;627.745
CND_170_1;12/09/2026 12:01;" 298° 32' 39.41535""";"  79° 40' 27.14857""";508.764;Atmos PPM;0;1013.25;11.1012;175649.375;9045873.105;170.15;176089.028;9045633.904;78.939;500.548;500.511
CND_190_3;12/09/2026 12:01;" 298° 34' 26.68831""";"  78° 59' 20.37624""";594.714;Atmos PPM;0;1013.25;11.1012;175576.404;9045913.151;192.551;176089.028;9045633.904;78.939;583.897;583.749
CND_180_2;12/09/2026 12:01;" 298° 59' 56.96318""";"  79° 34' 26.26214""";553.86;Atmos PPM;0;1013.25;11.1012;175612.64;9045898.014;179.189;176089.028;9045633.904;78.939;544.768;544.701
CND_200_8;12/09/2026 12:01;" 303° 25' 02.53893""";"  78° 15' 55.57889""";598.429;Atmos PPM;0;1013.25;11.1012;175600.013;9045956.622;200.67;176089.028;9045633.904;78.939;586.05;585.904
CND_200_3;12/09/2026 12:01;" 303° 25' 02.42732""";"  78° 15' 55.93659""";598.428;Atmos PPM;0;1013.25;11.1012;175600.013;9045956.622;200.669;176089.028;9045633.904;78.939;586.052;585.904
CND_190_4;12/09/2026 12:02;" 304° 23' 44.47279""";"  78° 35' 23.94472""";568.308;Atmos PPM;0;1013.25;11.1012;175629.393;9045948.629;191.388;176089.028;9045633.904;78.939;557.187;557.06
CND_200_4;12/09/2026 12:02;" 309° 34' 01.33544""";"  77° 58' 12.84015""";577.852;Atmos PPM;0;1013.25;11.1012;175653.399;9045993.928;199.397;176089.028;9045633.904;78.939;565.267;565.146
CND_1505;12/09/2026 12:02;" 310° 59' 33.85051""";"  79° 11' 07.76723""";381.648;Atmos PPM;0;1013.25;11.1012;175806.106;9045879.823;150.557;176089.028;9045633.904;78.939;374.89;374.861
CND_210_4;12/09/2026 12:02;" 311° 21' 22.98150""";"  77° 25' 49.76912""";600.869;Atmos PPM;0;1013.25;11.1012;175648.864;9046021.432;209.726;176089.028;9045633.904;78.939;586.567;586.449
CND_190_5;12/09/2026 12:02;" 312° 12' 18.82481""";"  78° 10' 57.27356""";542.231;Atmos PPM;0;1013.25;11.1012;175695.928;9045990.471;190.004;176089.028;9045633.904;78.939;530.796;530.723
CND_200_5;12/09/2026 12:03;" 316° 06' 26.22971""";"  77° 35' 35.08184""";562.261;Atmos PPM;0;1013.25;11.1012;175708.356;9046029.649;199.763;176089.028;9045633.904;78.939;549.185;549.113
CND_30002;12/09/2026 14:00;" 289° 14' 44.52829""";"  79° 29' 00.52497""";723.071;Atmos PPM;0;1013.25;11.1012;175417.875;9045868.288;210.948;176089.028;9045633.904;78.939;710.915;710.902
CND_30003;12/09/2026 14:00;" 290° 56' 11.53354""";"  79° 32' 51.37796""";674.094;Atmos PPM;0;1013.25;11.1012;175469.926;9045870.829;201.262;176089.028;9045633.904;78.939;662.894;662.888
CND_30004;12/09/2026 14:00;" 291° 25' 44.64391""";"  79° 52' 58.72673""";637.674;Atmos PPM;0;1013.25;11.1012;175504.702;9045863.298;190.979;176089.028;9045633.904;78.939;627.75;627.741
CND_190_3;12/09/2026 14:01;" 298° 34' 27.83280""";"  78° 59' 23.32298""";594.714;Atmos PPM;0;1013.25;11.1012;175576.404;9045913.155;192.543;176089.028;9045633.904;78.939;583.897;583.75
CND_180_2;12/09/2026 14:01;" 299° 00' 00.92531""";"  79° 34' 27.14550""";553.86;Atmos PPM;0;1013.25;11.1012;175612.645;9045898.023;179.187;176089.028;9045633.904;78.939;544.768;544.701
CND_210_3;12/09/2026 14:01;" 302° 54' 00.55515""";"  78° 03' 53.31632""";629.46;Atmos PPM;0;1013.25;11.1012;175571.992;9045968.454;209.14;176089.028;9045633.904;78.939;616.02;615.833
CND_200_3;12/09/2026 14:01;" 303° 25' 03.82046""";"  78° 15' 57.75672""";598.429;Atmos PPM;0;1013.25;11.1012;175600.013;9045956.626;200.663;176089.028;9045633.904;78.939;586.052;585.905
CND_200_8;12/09/2026 14:02;" 303° 25' 03.10343""";"  78° 15' 58.01699""";598.428;Atmos PPM;0;1013.25;11.1012;175600.012;9045956.625;200.663;176089.028;9045633.904;78.939;586.05;585.905
CND_190_4;12/09/2026 14:02;" 304° 23' 46.87935""";"  78° 35' 22.61769""";568.307;Atmos PPM;0;1013.25;11.1012;175629.398;9045948.634;191.391;176089.028;9045633.904;78.939;557.187;557.059
CND_200_4;12/09/2026 14:02;" 309° 34' 03.55367""";"  77° 58' 14.72014""";577.853;Atmos PPM;0;1013.25;11.1012;175653.402;9045993.933;199.392;176089.028;9045633.904;78.939;565.267;565.147
CND_1505;12/09/2026 14:02;" 310° 59' 36.16850""";"  79° 10' 57.12027""";381.648;Atmos PPM;0;1013.25;11.1012;175806.112;9045879.824;150.577;176089.028;9045633.904;78.939;374.89;374.858
CND_210_4;12/09/2026 14:02;" 311° 21' 24.53158""";"  77° 25' 50.24168""";600.869;Atmos PPM;0;1013.25;11.1012;175648.866;9046021.435;209.725;176089.028;9045633.904;78.939;586.567;586.449
CND_190_5;12/09/2026 14:02;" 312° 12' 18.97474""";"  78° 10' 53.03336""";542.231;Atmos PPM;0;1013.25;11.1012;175695.93;9045990.47;190.015;176089.028;9045633.904;78.939;530.796;530.721
CND_200_5;12/09/2026 14:03;" 316° 06' 25.30114""";"  77° 35' 34.18753""";562.261;Atmos PPM;0;1013.25;11.1012;175708.354;9046029.647;199.766;176089.028;9045633.904;78.939;549.185;549.113
CND_30002;12/09/2026 16:00;" 289° 14' 45.44252""";"  79° 29' 02.56149""";723.071;Atmos PPM;0;1013.25;11.1012;175417.875;9045868.292;210.941;176089.028;9045633.904;78.939;710.915;710.904
CND_30003;12/09/2026 16:00;" 290° 56' 14.24495""";"  79° 32' 51.18462""";674.094;Atmos PPM;0;1013.25;11.1012;175469.929;9045870.836;201.263;176089.028;9045633.904;78.939;662.894;662.888
CND_30004;12/09/2026 16:00;" 291° 25' 45.24297""";"  79° 52' 57.96368""";637.674;Atmos PPM;0;1013.25;11.1012;175504.703;9045863.299;190.982;176089.028;9045633.904;78.939;627.75;627.74
CND_170_1;12/09/2026 16:00;" 298° 32' 41.80361""";"  79° 40' 28.64379""";508.765;Atmos PPM;0;1013.25;11.1012;175649.377;9045873.11;170.146;176089.028;9045633.904;78.939;500.548;500.513
CND_190_3;12/09/2026 16:01;" 298° 34' 30.71310""";"  78° 59' 21.77745""";594.714;Atmos PPM;0;1013.25;11.1012;175576.409;9045913.161;192.547;176089.028;9045633.904;78.939;583.897;583.749
CND_180_2;12/09/2026 16:01;" 298° 59' 59.85526""";"  79° 34' 26.58639""";553.86;Atmos PPM;0;1013.25;11.1012;175612.644;9045898.02;179.188;176089.028;9045633.904;78.939;544.768;544.701
CND_210_3;12/09/2026 16:01;" 302° 53' 59.03338""";"  78° 03' 51.60411""";629.46;Atmos PPM;0;1013.25;11.1012;175571.99;9045968.45;209.146;176089.028;9045633.904;78.939;616.02;615.832
CND_200_8;12/09/2026 16:01;" 303° 25' 04.09167""";"  78° 15' 54.39477""";598.428;Atmos PPM;0;1013.25;11.1012;175600.016;9045956.626;200.673;176089.028;9045633.904;78.939;586.05;585.903
CND_200_3;12/09/2026 16:01;" 303° 25' 04.08451""";"  78° 15' 55.66481""";598.429;Atmos PPM;0;1013.25;11.1012;175600.015;9045956.626;200.669;176089.028;9045633.904;78.939;586.052;585.904
CND_190_4;12/09/2026 16:01;" 304° 23' 46.99450""";"  78° 35' 22.40188""";568.307;Atmos PPM;0;1013.25;11.1012;175629.398;9045948.634;191.392;176089.028;9045633.904;78.939;557.187;557.059
CND_200_4;12/09/2026 16:01;" 309° 34' 04.40108""";"  77° 58' 12.93829""";577.852;Atmos PPM;0;1013.25;11.1012;175653.405;9045993.934;199.396;176089.028;9045633.904;78.939;565.267;565.145
CND_1505;12/09/2026 16:02;" 310° 59' 39.38890""";"  79° 10' 53.65175""";381.648;Atmos PPM;0;1013.25;11.1012;175806.116;9045879.828;150.583;176089.028;9045633.904;78.939;374.89;374.857
CND_210_4;12/09/2026 16:02;" 311° 21' 25.98455""";"  77° 25' 50.12003""";600.869;Atmos PPM;0;1013.25;11.1012;175648.869;9046021.439;209.725;176089.028;9045633.904;78.939;586.567;586.45
CND_190_5;12/09/2026 16:02;" 312° 12' 19.64346""";"  78° 10' 54.15017""";542.231;Atmos PPM;0;1013.25;11.1012;175695.931;9045990.472;190.012;176089.028;9045633.904;78.939;530.796;530.722
CND_200_5;12/09/2026 16:02;" 316° 06' 26.64198""";"  77° 35' 32.43373""";562.26;Atmos PPM;0;1013.25;11.1012;175708.358;9046029.648;199.77;176089.028;9045633.904;78.939;549.185;549.111
CND_30002;12/09/2026 18:00;" 289° 14' 45.10367""";"  79° 29' 00.45292""";723.072;Atmos PPM;0;1013.25;11.1012;175417.875;9045868.29;210.948;176089.028;9045633.904;78.939;710.915;710.903
CND_30003;12/09/2026 18:00;" 290° 56' 13.52770""";"  79° 32' 50.32489""";674.094;Atmos PPM;0;1013.25;11.1012;175469.929;9045870.834;201.266;176089.028;9045633.904;78.939;662.894;662.887
CND_30004;12/09/2026 18:00;" 291° 25' 44.29950""";"  79° 52' 56.90495""";637.674;Atmos PPM;0;1013.25;11.1012;175504.702;9045863.297;190.985;176089.028;9045633.904;78.939;627.75;627.74
CND_170_1;12/09/2026 18:00;" 298° 32' 41.46410""";"  79° 40' 28.66319""";508.765;Atmos PPM;0;1013.25;11.1012;175649.376;9045873.109;170.146;176089.028;9045633.904;78.939;500.548;500.513
CND_190_3;12/09/2026 18:01;" 298° 34' 31.81890""";"  78° 59' 22.30480""";594.714;Atmos PPM;0;1013.25;11.1012;175576.41;9045913.164;192.546;176089.028;9045633.904;78.939;583.897;583.75
CND_180_2;12/09/2026 18:01;" 298° 59' 59.12781""";"  79° 34' 24.32507""";553.86;Atmos PPM;0;1013.25;11.1012;175612.644;9045898.018;179.194;176089.028;9045633.904;78.939;544.768;544.7
CND_210_3;12/09/2026 18:01;" 302° 53' 59.50279""";"  78° 03' 51.44860""";629.46;Atmos PPM;0;1013.25;11.1012;175571.991;9045968.451;209.146;176089.028;9045633.904;78.939;616.02;615.832
CND_200_8;12/09/2026 18:01;" 303° 25' 03.10836""";"  78° 15' 54.28364""";598.428;Atmos PPM;0;1013.25;11.1012;175600.014;9045956.623;200.673;176089.028;9045633.904;78.939;586.05;585.903
CND_200_3;12/09/2026 18:01;" 303° 25' 04.97120""";"  78° 15' 55.46457""";598.428;Atmos PPM;0;1013.25;11.1012;175600.016;9045956.628;200.67;176089.028;9045633.904;78.939;586.052;585.904
CND_190_4;12/09/2026 18:01;" 304° 23' 45.70622""";"  78° 35' 21.96378""";568.308;Atmos PPM;0;1013.25;11.1012;175629.396;9045948.631;191.393;176089.028;9045633.904;78.939;557.187;557.059
CND_200_4;12/09/2026 18:01;" 309° 34' 03.15000""";"  77° 58' 12.74987""";577.852;Atmos PPM;0;1013.25;11.1012;175653.402;9045993.931;199.397;176089.028;9045633.904;78.939;565.267;565.145
CND_1505;12/09/2026 18:02;" 310° 59' 40.28141""";"  79° 10' 51.06120""";381.648;Atmos PPM;0;1013.25;11.1012;175806.118;9045879.829;150.588;176089.028;9045633.904;78.939;374.89;374.856
CND_210_4;12/09/2026 18:02;" 311° 21' 28.12924""";"  77° 25' 51.14397""";600.869;Atmos PPM;0;1013.25;11.1012;175648.873;9046021.444;209.722;176089.028;9045633.904;78.939;586.567;586.45
CND_190_5;12/09/2026 18:02;" 312° 12' 20.35483""";"  78° 10' 53.34719""";542.231;Atmos PPM;0;1013.25;11.1012;175695.933;9045990.472;190.014;176089.028;9045633.904;78.939;530.796;530.721
CND_200_5;12/09/2026 18:02;" 316° 06' 27.69102""";"  77° 35' 30.51632""";562.261;Atmos PPM;0;1013.25;11.1012;175708.36;9046029.65;199.775;176089.028;9045633.904;78.939;549.185;549.111
CND_30002;12/09/2026 20:00;" 289° 14' 46.55735""";"  79° 28' 59.25879""";723.071;Atmos PPM;0;1013.25;11.1012;175417.878;9045868.295;210.952;176089.028;9045633.904;78.939;710.915;710.902
CND_30003;12/09/2026 20:00;" 290° 56' 14.52502""";"  79° 32' 49.63932""";674.094;Atmos PPM;0;1013.25;11.1012;175469.931;9045870.837;201.268;176089.028;9045633.904;78.939;662.894;662.887
CND_30004;12/09/2026 20:00;" 291° 25' 45.40248""";"  79° 52' 56.10320""";637.674;Atmos PPM;0;1013.25;11.1012;175504.704;9045863.3;190.987;176089.028;9045633.904;78.939;627.75;627.739
CND_190_3;12/09/2026 20:01;" 298° 34' 30.01385""";"  78° 59' 20.45921""";594.714;Atmos PPM;0;1013.25;11.1012;175576.409;9045913.159;192.551;176089.028;9045633.904;78.939;583.897;583.748
CND_180_2;12/09/2026 20:01;" 299° 00' 00.40314""";"  79° 34' 23.25307""";553.86;Atmos PPM;0;1013.25;11.1012;175612.646;9045898.021;179.197;176089.028;9045633.904;78.939;544.768;544.699
CND_210_3;12/09/2026 20:01;" 302° 53' 59.84416""";"  78° 03' 51.90122""";629.459;Atmos PPM;0;1013.25;11.1012;175571.992;9045968.451;209.145;176089.028;9045633.904;78.939;616.02;615.832
CND_200_8;12/09/2026 20:01;" 303° 25' 02.54697""";"  78° 15' 54.59210""";598.428;Atmos PPM;0;1013.25;11.1012;175600.013;9045956.622;200.672;176089.028;9045633.904;78.939;586.05;585.903
CND_200_3;12/09/2026 20:01;" 303° 25' 02.90169""";"  78° 15' 52.70008""";598.428;Atmos PPM;0;1013.25;11.1012;175600.015;9045956.622;200.678;176089.028;9045633.904;78.939;586.052;585.902
CND_190_4;12/09/2026 20:01;" 304° 23' 47.33370""";"  78° 35' 21.38783""";568.307;Atmos PPM;0;1013.25;11.1012;175629.399;9045948.634;191.395;176089.028;9045633.904;78.939;557.187;557.058
CND_200_4;12/09/2026 20:02;" 309° 34' 04.41531""";"  77° 58' 12.69256""";577.852;Atmos PPM;0;1013.25;11.1012;175653.405;9045993.934;199.397;176089.028;9045633.904;78.939;565.267;565.145
CND_1505;12/09/2026 20:02;" 310° 59' 39.34645""";"  79° 10' 48.29126""";381.648;Atmos PPM;0;1013.25;11.1012;175806.118;9045879.827;150.593;176089.028;9045633.904;78.939;374.89;374.855
CND_190_5;12/09/2026 20:02;" 312° 12' 18.96063""";"  78° 10' 53.49924""";542.231;Atmos PPM;0;1013.25;11.1012;175695.93;9045990.47;190.013;176089.028;9045633.904;78.939;530.796;530.721
CND_200_5;12/09/2026 20:03;" 316° 06' 25.88706""";"  77° 35' 28.55038""";562.26;Atmos PPM;0;1013.25;11.1012;175708.358;9046029.645;199.781;176089.028;9045633.904;78.939;549.185;549.109
CND_30002;12/09/2026 22:00;" 289° 14' 45.36950""";"  79° 28' 59.26901""";723.072;Atmos PPM;0;1013.25;11.1012;175417.875;9045868.291;210.952;176089.028;9045633.904;78.939;710.915;710.903
CND_30003;12/09/2026 22:00;" 290° 56' 14.24090""";"  79° 32' 48.76351""";674.095;Atmos PPM;0;1013.25;11.1012;175469.93;9045870.836;201.271;176089.028;9045633.904;78.939;662.894;662.887
CND_30004;12/09/2026 22:00;" 291° 25' 45.31590""";"  79° 52' 55.19065""";637.675;Atmos PPM;0;1013.25;11.1012;175504.704;9045863.299;190.99;176089.028;9045633.904;78.939;627.75;627.74
CND_170_1;12/09/2026 22:00;" 298° 32' 41.96269""";"  79° 40' 27.38567""";508.765;Atmos PPM;0;1013.25;11.1012;175649.377;9045873.11;170.149;176089.028;9045633.904;78.939;500.548;500.512
CND_190_3;12/09/2026 22:01;" 298° 34' 29.87522""";"  78° 59' 19.99287""";594.714;Atmos PPM;0;1013.25;11.1012;175576.408;9045913.159;192.552;176089.028;9045633.904;78.939;583.897;583.749
CND_180_2;12/09/2026 22:01;" 298° 59' 59.27266""";"  79° 34' 23.11680""";553.861;Atmos PPM;0;1013.25;11.1012;175612.644;9045898.018;179.198;176089.028;9045633.904;78.939;544.768;544.7
CND_210_3;12/09/2026 22:01;" 302° 53' 59.83878""";"  78° 03' 49.90521""";629.46;Atmos PPM;0;1013.25;11.1012;175571.992;9045968.451;209.151;176089.028;9045633.904;78.939;616.02;615.831
CND_200_8;12/09/2026 22:01;" 303° 25' 03.04583""";"  78° 15' 53.16152""";598.429;Atmos PPM;0;1013.25;11.1012;175600.014;9045956.623;200.677;176089.028;9045633.904;78.939;586.05;585.903
CND_200_3;12/09/2026 22:01;" 303° 25' 02.00528""";"  78° 15' 55.06108""";598.429;Atmos PPM;0;1013.25;11.1012;175600.012;9045956.621;200.671;176089.028;9045633.904;78.939;586.052;585.904
CND_190_4;12/09/2026 22:01;" 304° 23' 47.59721""";"  78° 35' 19.50689""";568.308;Atmos PPM;0;1013.25;11.1012;175629.4;9045948.634;191.4;176089.028;9045633.904;78.939;557.187;557.058
CND_200_4;12/09/2026 22:01;" 309° 34' 03.21711""";"  77° 58' 11.50979""";577.852;Atmos PPM;0;1013.25;11.1012;175653.403;9045993.931;199.4;176089.028;9045633.904;78.939;565.267;565.145
CND_1505;12/09/2026 22:02;" 310° 59' 39.39974""";"  79° 10' 45.88856""";381.649;Atmos PPM;0;1013.25;11.1012;175806.118;9045879.827;150.597;176089.028;9045633.904;78.939;374.89;374.855
CND_210_4;12/09/2026 22:02;" 311° 21' 25.79646""";"  77° 25' 48.36486""";600.869;Atmos PPM;0;1013.25;11.1012;175648.869;9046021.438;209.73;176089.028;9045633.904;78.939;586.567;586.449
CND_190_5;12/09/2026 22:02;" 312° 12' 19.43185""";"  78° 10' 50.49727""";542.231;Atmos PPM;0;1013.25;11.1012;175695.932;9045990.47;190.021;176089.028;9045633.904;78.939;530.796;530.72
CND_200_5;12/09/2026 22:02;" 316° 06' 22.40240""";"  77° 35' 26.42262""";562.261;Atmos PPM;0;1013.25;11.1012;175708.351;9046029.638;199.786;176089.028;9045633.904;78.939;549.185;549.109
CND_30002;13/09/2026 00:00;" 289° 14' 44.76123""";"  79° 29' 00.02332""";723.072;Atmos PPM;0;1013.25;11.1012;175417.875;9045868.289;210.95;176089.028;9045633.904;78.939;710.915;710.903
CND_30003;13/09/2026 00:00;" 290° 56' 14.01404""";"  79° 32' 50.95481""";674.095;Atmos PPM;0;1013.25;11.1012;175469.929;9045870.836;201.264;176089.028;9045633.904;78.939;662.894;662.888
CND_30004;13/09/2026 00:00;" 291° 25' 44.69628""";"  79° 52' 57.28798""";637.675;Atmos PPM;0;1013.25;11.1012;175504.702;9045863.298;190.984;176089.028;9045633.904;78.939;627.75;627.741
CND_170_1;13/09/2026 00:00;" 298° 32' 41.86440""";"  79° 40' 30.01438""";508.765;Atmos PPM;0;1013.25;11.1012;175649.376;9045873.111;170.143;176089.028;9045633.904;78.939;500.548;500.514
CND_190_3;13/09/2026 00:00;" 298° 34' 31.53128""";"  78° 59' 21.65996""";594.715;Atmos PPM;0;1013.25;11.1012;175576.409;9045913.164;192.548;176089.028;9045633.904;78.939;583.897;583.75
CND_180_2;13/09/2026 00:01;" 298° 59' 57.92424""";"  79° 34' 23.94037""";553.861;Atmos PPM;0;1013.25;11.1012;175612.642;9045898.015;179.195;176089.028;9045633.904;78.939;544.768;544.7
CND_210_3;13/09/2026 00:01;" 302° 53' 58.59748""";"  78° 03' 49.95358""";629.461;Atmos PPM;0;1013.25;11.1012;175571.99;9045968.448;209.151;176089.028;9045633.904;78.939;616.02;615.831
CND_200_8;13/09/2026 00:01;" 303° 25' 03.12408""";"  78° 15' 53.73553""";598.429;Atmos PPM;0;1013.25;11.1012;175600.014;9045956.623;200.675;176089.028;9045633.904;78.939;586.05;585.903
CND_200_3;13/09/2026 00:01;" 303° 25' 04.34623""";"  78° 15' 55.63032""";598.429;Atmos PPM;0;1013.25;11.1012;175600.015;9045956.627;200.67;176089.028;9045633.904;78.939;586.052;585.904
CND_190_4;13/09/2026 00:01;" 304° 23' 46.01381""";"  78° 35' 21.69278""";568.308;Atmos PPM;0;1013.25;11.1012;175629.397;9045948.632;191.394;176089.028;9045633.904;78.939;557.187;557.059
CND_200_4;13/09/2026 00:01;" 309° 34' 02.48634""";"  77° 58' 13.08006""";577.853;Atmos PPM;0;1013.25;11.1012;175653.401;9045993.93;199.396;176089.028;9045633.904;78.939;565.267;565.146
CND_1505;13/09/2026 00:01;" 310° 59' 40.06363""";"  79° 10' 51.60296""";381.649;Atmos PPM;0;1013.25;11.1012;175806.117;9045879.829;150.587;176089.028;9045633.904;78.939;374.89;374.856
CND_210_4;13/09/2026 00:02;" 311° 21' 25.43825""";"  77° 25' 51.11593""";600.869;Atmos PPM;0;1013.25;11.1012;175648.867;9046021.438;209.722;176089.028;9045633.904;78.939;586.567;586.451
CND_190_5;13/09/2026 00:02;" 312° 12' 20.29798""";"  78° 10' 53.15434""";542.231;Atmos PPM;0;1013.25;11.1012;175695.932;9045990.472;190.014;176089.028;9045633.904;78.939;530.796;530.721
CND_200_5;13/09/2026 00:02;" 316° 06' 24.79959""";"  77° 35' 29.70399""";562.261;Atmos PPM;0;1013.25;11.1012;175708.355;9046029.644;199.778;176089.028;9045633.904;78.939;549.185;549.111
CND_30002;13/09/2026 02:00;" 289° 14' 45.00245""";"  79° 29' 00.70702""";723.072;Atmos PPM;0;1013.25;11.1012;175417.874;9045868.29;210.947;176089.028;9045633.904;78.939;710.915;710.904
CND_30003;13/09/2026 02:00;" 290° 56' 14.31851""";"  79° 32' 51.10148""";674.094;Atmos PPM;0;1013.25;11.1012;175469.929;9045870.837;201.263;176089.028;9045633.904;78.939;662.894;662.888
CND_30004;13/09/2026 02:00;" 291° 25' 45.38428""";"  79° 52' 56.98573""";637.675;Atmos PPM;0;1013.25;11.1012;175504.703;9045863.3;190.985;176089.028;9045633.904;78.939;627.75;627.741
CND_170_1;13/09/2026 02:01;" 298° 32' 42.31131""";"  79° 40' 28.50840""";508.765;Atmos PPM;0;1013.25;11.1012;175649.377;9045873.111;170.146;176089.028;9045633.904;78.939;500.548;500.513
CND_190_3;13/09/2026 02:01;" 298° 34' 30.18496""";"  78° 59' 22.37771""";594.714;Atmos PPM;0;1013.25;11.1012;175576.408;9045913.16;192.546;176089.028;9045633.904;78.939;583.897;583.75
CND_180_2;13/09/2026 02:01;" 298° 59' 58.80773""";"  79° 34' 25.64325""";553.861;Atmos PPM;0;1013.25;11.1012;175612.643;9045898.018;179.191;176089.028;9045633.904;78.939;544.768;544.701
CND_210_3;13/09/2026 02:01;" 302° 53' 59.26494""";"  78° 03' 51.21707""";629.46;Atmos PPM;0;1013.25;11.1012;175571.99;9045968.45;209.147;176089.028;9045633.904;78.939;616.02;615.832
CND_200_8;13/09/2026 02:01;" 303° 25' 02.18647""";"  78° 15' 55.23481""";598.428;Atmos PPM;0;1013.25;11.1012;175600.012;9045956.621;200.671;176089.028;9045633.904;78.939;586.05;585.903
CND_200_3;13/09/2026 02:01;" 303° 25' 03.69864""";"  78° 15' 55.07966""";598.428;Atmos PPM;0;1013.25;11.1012;175600.015;9045956.625;200.671;176089.028;9045633.904;78.939;586.052;585.904
CND_190_4;13/09/2026 02:02;" 304° 23' 45.09891""";"  78° 35' 21.92474""";568.308;Atmos PPM;0;1013.25;11.1012;175629.395;9045948.63;191.393;176089.028;9045633.904;78.939;557.187;557.059
CND_200_4;13/09/2026 02:02;" 309° 34' 04.25003""";"  77° 58' 14.09315""";577.852;Atmos PPM;0;1013.25;11.1012;175653.404;9045993.934;199.393;176089.028;9045633.904;78.939;565.267;565.146
CND_1505;13/09/2026 02:02;" 310° 59' 40.34810""";"  79° 10' 50.29713""";381.649;Atmos PPM;0;1013.25;11.1012;175806.118;9045879.829;150.589;176089.028;9045633.904;78.939;374.89;374.856
CND_210_4;13/09/2026 02:02;" 311° 21' 26.87335""";"  77° 25' 51.12878""";600.869;Atmos PPM;0;1013.25;11.1012;175648.87;9046021.441;209.722;176089.028;9045633.904;78.939;586.567;586.45
CND_190_5;13/09/2026 02:02;" 312° 12' 19.75657""";"  78° 10' 53.92837""";542.231;Atmos PPM;0;1013.25;11.1012;175695.931;9045990.472;190.012;176089.028;9045633.904;78.939;530.796;530.722
CND_200_5;13/09/2026 02:03;" 316° 06' 27.17837""";"  77° 35' 29.35931""";562.261;Atmos PPM;0;1013.25;11.1012;175708.36;9046029.648;199.778;176089.028;9045633.904;78.939;549.185;549.11
CND_30002;13/09/2026 04:00;" 289° 14' 44.76301""";"  79° 29' 00.93304""";723.072;Atmos PPM;0;1013.25;11.1012;175417.874;9045868.289;210.947;176089.028;9045633.904;78.939;710.915;710.904
CND_30003;13/09/2026 04:00;" 290° 56' 13.79692""";"  79° 32' 50.19500""";674.094;Atmos PPM;0;1013.25;11.1012;175469.929;9045870.835;201.266;176089.028;9045633.904;78.939;662.894;662.887
CND_30004;13/09/2026 04:00;" 291° 25' 44.45670""";"  79° 52' 56.47671""";637.675;Atmos PPM;0;1013.25;11.1012;175504.702;9045863.297;190.986;176089.028;9045633.904;78.939;627.75;627.74
CND_170_1;13/09/2026 04:00;" 298° 32' 41.67156""";"  79° 40' 26.69075""";508.765;Atmos PPM;0;1013.25;11.1012;175649.377;9045873.11;170.151;176089.028;9045633.904;78.939;500.548;500.512
CND_190_3;13/09/2026 04:00;" 298° 34' 30.25579""";"  78° 59' 20.92556""";594.714;Atmos PPM;0;1013.25;11.1012;175576.408;9045913.16;192.55;176089.028;9045633.904;78.939;583.897;583.749
CND_180_2;13/09/2026 04:01;" 298° 59' 58.66666""";"  79° 34' 22.90722""";553.86;Atmos PPM;0;1013.25;11.1012;175612.644;9045898.017;179.198;176089.028;9045633.904;78.939;544.768;544.699
CND_210_3;13/09/2026 04:01;" 302° 53' 59.37762""";"  78° 03' 50.40577""";629.46;Atmos PPM;0;1013.25;11.1012;175571.991;9045968.45;209.149;176089.028;9045633.904;78.939;616.02;615.831
CND_200_8;13/09/2026 04:01;" 303° 25' 02.33630""";"  78° 15' 55.87776""";598.428;Atmos PPM;0;1013.25;11.1012;175600.012;9045956.622;200.669;176089.028;9045633.904;78.939;586.05;585.904
CND_200_3;13/09/2026 04:01;" 303° 25' 02.48396""";"  78° 15' 53.99501""";598.428;Atmos PPM;0;1013.25;11.1012;175600.013;9045956.622;200.674;176089.028;9045633.904;78.939;586.052;585.903
CND_190_4;13/09/2026 04:01;" 304° 23' 45.61213""";"  78° 35' 21.35229""";568.308;Atmos PPM;0;1013.25;11.1012;175629.396;9045948.63;191.395;176089.028;9045633.904;78.939;557.187;557.058
CND_200_4;13/09/2026 04:01;" 309° 34' 03.17513""";"  77° 58' 11.91508""";577.852;Atmos PPM;0;1013.25;11.1012;175653.403;9045993.931;199.399;176089.028;9045633.904;78.939;565.267;565.145
CND_1505;13/09/2026 04:01;" 310° 59' 40.74036""";"  79° 10' 48.54760""";381.649;Atmos PPM;0;1013.25;11.1012;175806.119;9045879.829;150.592;176089.028;9045633.904;78.939;374.89;374.855
CND_210_4;13/09/2026 04:02;" 311° 21' 24.81255""";"  77° 25' 48.33224""";600.869;Atmos PPM;0;1013.25;11.1012;175648.868;9046021.435;209.73;176089.028;9045633.904;78.939;586.567;586.448
CND_190_5;13/09/2026 04:02;" 312° 12' 19.60309""";"  78° 10' 52.18926""";542.231;Atmos PPM;0;1013.25;11.1012;175695.932;9045990.471;190.017;176089.028;9045633.904;78.939;530.796;530.72
CND_200_5;13/09/2026 04:02;" 316° 06' 27.25043""";"  77° 35' 29.55888""";562.26;Atmos PPM;0;1013.25;11.1012;175708.36;9046029.648;199.778;176089.028;9045633.904;78.939;549.185;549.11
CND_30002;13/09/2026 06:00;" 289° 14' 45.91950""";"  79° 28' 59.93361""";723.072;Atmos PPM;0;1013.25;11.1012;175417.876;9045868.293;210.95;176089.028;9045633.904;78.939;710.915;710.903
CND_30003;13/09/2026 06:00;" 290° 56' 15.24188""";"  79° 32' 49.59318""";674.094;Atmos PPM;0;1013.25;11.1012;175469.931;9045870.839;201.268;176089.028;9045633.904;78.939;662.894;662.887
CND_30004;13/09/2026 06:00;" 291° 25' 46.18383""";"  79° 52' 56.04252""";637.674;Atmos PPM;0;1013.25;11.1012;175504.705;9045863.302;190.988;176089.028;9045633.904;78.939;627.75;627.74
CND_170_1;13/09/2026 06:00;" 298° 32' 42.56746""";"  79° 40' 26.25947""";508.764;Atmos PPM;0;1013.25;11.1012;175649.379;9045873.111;170.152;176089.028;9045633.904;78.939;500.548;500.511
CND_190_3;13/09/2026 06:01;" 298° 34' 31.77499""";"  78° 59' 19.65641""";594.714;Atmos PPM;0;1013.25;11.1012;175576.411;9045913.164;192.553;176089.028;9045633.904;78.939;583.897;583.749
CND_180_2;13/09/2026 06:01;" 298° 59' 59.40653""";"  79° 34' 21.67946""";553.86;Atmos PPM;0;1013.25;11.1012;175612.645;9045898.018;179.201;176089.028;9045633.904;78.939;544.768;544.699
CND_210_3;13/09/2026 06:01;" 302° 54' 01.31774""";"  78° 03' 48.53371""";629.46;Atmos PPM;0;1013.25;11.1012;175571.996;9045968.454;209.155;176089.028;9045633.904;78.939;616.02;615.83
CND_200_8;13/09/2026 06:01;" 303° 25' 02.35765""";"  78° 15' 52.92934""";598.428;Atmos PPM;0;1013.25;11.1012;175600.014;9045956.621;200.677;176089.028;9045633.904;78.939;586.05;585.902
CND_200_3;13/09/2026 06:01;" 303° 25' 04.25314""";"  78° 15' 51.59995""";598.428;Atmos PPM;0;1013.25;11.1012;175600.017;9045956.625;200.681;176089.028;9045633.904;78.939;586.052;585.901
CND_190_4;13/09/2026 06:01;" 304° 23' 47.21772""";"  78° 35' 20.48025""";568.307;Atmos PPM;0;1013.25;11.1012;175629.399;9045948.634;191.397;176089.028;9045633.904;78.939;557.187;557.058
CND_200_4;13/09/2026 06:01;" 309° 34' 03.41398""";"  77° 58' 10.77794""";577.852;Atmos PPM;0;1013.25;11.1012;175653.404;9045993.931;199.402;176089.028;9045633.904;78.939;565.267;565.144
CND_1505;13/09/2026 06:01;" 310° 59' 41.17146""";"  79° 10' 46.62934""";381.649;Atmos PPM;0;1013.25;11.1012;175806.12;9045879.829;150.596;176089.028;9045633.904;78.939;374.89;374.855
CND_210_4;13/09/2026 06:02;" 311° 21' 24.85593""";"  77° 25' 47.43119""";600.868;Atmos PPM;0;1013.25;11.1012;175648.869;9046021.435;209.732;176089.028;9045633.904;78.939;586.567;586.447
CND_190_5;13/09/2026 06:02;" 312° 12' 20.27151""";"  78° 10' 50.68059""";542.231;Atmos PPM;0;1013.25;11.1012;175695.934;9045990.471;190.021;176089.028;9045633.904;78.939;530.796;530.72
CND_200_5;13/09/2026 06:02;" 316° 06' 26.37694""";"  77° 35' 27.35435""";562.261;Atmos PPM;0;1013.25;11.1012;175708.359;9046029.646;199.784;176089.028;9045633.904;78.939;549.185;549.109
CND_30002;13/09/2026 08:00;" 289° 14' 46.71074""";"  79° 29' 02.72883""";723.071;Atmos PPM;0;1013.25;11.1012;175417.876;9045868.296;210.94;176089.028;9045633.904;78.939;710.915;710.904
CND_30003;13/09/2026 08:00;" 290° 56' 15.47694""";"  79° 32' 49.86131""";674.094;Atmos PPM;0;1013.25;11.1012;175469.932;9045870.84;201.267;176089.028;9045633.904;78.939;662.894;662.887
CND_30004;13/09/2026 08:00;" 291° 25' 43.89954""";"  79° 52' 57.89253""";637.674;Atmos PPM;0;1013.25;11.1012;175504.702;9045863.296;190.982;176089.028;9045633.904;78.939;627.75;627.74
CND_190_3;13/09/2026 08:01;" 298° 34' 31.14903""";"  78° 59' 21.46617""";594.714;Atmos PPM;0;1013.25;11.1012;175576.41;9045913.162;192.548;176089.028;9045633.904;78.939;583.897;583.749
CND_180_2;13/09/2026 08:01;" 298° 59' 57.64303""";"  79° 34' 26.05505""";553.86;Atmos PPM;0;1013.25;11.1012;175612.642;9045898.015;179.19;176089.028;9045633.904;78.939;544.768;544.701
CND_210_3;13/09/2026 08:01;" 302° 53' 59.26403""";"  78° 03' 48.15945""";629.46;Atmos PPM;0;1013.25;11.1012;175571.993;9045968.449;209.156;176089.028;9045633.904;78.939;616.02;615.829
CND_200_8;13/09/2026 08:01;" 303° 25' 03.93712""";"  78° 15' 53.25066""";598.428;Atmos PPM;0;1013.25;11.1012;175600.017;9045956.624;200.676;176089.028;9045633.904;78.939;586.05;585.902
CND_200_3;13/09/2026 08:01;" 303° 25' 06.13398""";"  78° 15' 53.22518""";598.428;Atmos PPM;0;1013.25;11.1012;175600.02;9045956.63;200.676;176089.028;9045633.904;78.939;586.052;585.902
CND_190_4;13/09/2026 08:01;" 304° 23' 47.20162""";"  78° 35' 21.40829""";568.307;Atmos PPM;0;1013.25;11.1012;175629.399;9045948.634;191.395;176089.028;9045633.904;78.939;557.187;557.058
CND_200_4;13/09/2026 08:01;" 309° 34' 06.47142""";"  77° 58' 08.49366""";577.852;Atmos PPM;0;1013.25;11.1012;175653.411;9045993.936;199.409;176089.028;9045633.904;78.939;565.267;565.142
CND_1505;13/09/2026 08:02;" 310° 59' 40.16202""";"  79° 10' 51.46197""";381.648;Atmos PPM;0;1013.25;11.1012;175806.118;9045879.828;150.587;176089.028;9045633.904;78.939;374.89;374.856
CND_210_4;13/09/2026 08:02;" 311° 21' 28.01881""";"  77° 25' 47.08132""";600.868;Atmos PPM;0;1013.25;11.1012;175648.875;9046021.441;209.733;176089.028;9045633.904;78.939;586.567;586.447
CND_190_5;13/09/2026 08:02;" 312° 12' 22.58724""";"  78° 10' 52.73914""";542.231;Atmos PPM;0;1013.25;11.1012;175695.937;9045990.476;190.015;176089.028;9045633.904;78.939;530.796;530.721
CND_200_5;13/09/2026 08:02;" 316° 06' 27.52162""";"  77° 35' 26.90589""";562.26;Atmos PPM;0;1013.25;11.1012;175708.362;9046029.648;199.785;176089.028;9045633.904;78.939;549.185;549.108
CND_30002;13/09/2026 10:00;" 289° 14' 43.45143""";"  79° 29' 05.84456""";723.071;Atmos PPM;0;1013.25;11.1012;175417.871;9045868.286;210.929;176089.028;9045633.904;78.939;710.915;710.906
CND_30003;13/09/2026 10:00;" 290° 56' 17.20277""";"  79° 32' 50.15655""";674.094;Atmos PPM;0;1013.25;11.1012;175469.933;9045870.845;201.266;176089.028;9045633.904;78.939;662.894;662.887
CND_30004;13/09/2026 10:00;" 291° 25' 42.77085""";"  79° 53' 00.72871""";637.674;Atmos PPM;0;1013.25;11.1012;175504.699;9045863.293;190.973;176089.028;9045633.904;78.939;627.75;627.742
CND_170_1;13/09/2026 10:01;" 298° 32' 47.08260""";"  79° 40' 31.87548""";508.764;Atmos PPM;0;1013.25;11.1012;175649.382;9045873.122;170.138;176089.028;9045633.904;78.939;500.548;500.513
CND_190_3;13/09/2026 10:01;" 298° 34' 34.14716""";"  78° 59' 22.60236""";594.714;Atmos PPM;0;1013.25;11.1012;175576.413;9045913.17;192.545;176089.028;9045633.904;78.939;583.897;583.75
CND_180_2;13/09/2026 10:01;" 299° 00' 03.14331""";"  79° 34' 26.92204""";553.859;Atmos PPM;0;1013.25;11.1012;175612.649;9045898.027;179.187;176089.028;9045633.904;78.939;544.768;544.7
CND_210_3;13/09/2026 10:01;" 302° 54' 02.42862""";"  78° 03' 50.71649""";629.459;Atmos PPM;0;1013.25;11.1012;175571.997;9045968.457;209.148;176089.028;9045633.904;78.939;616.02;615.831
CND_200_8;13/09/2026 10:01;" 303° 25' 06.23917""";"  78° 15' 53.68555""";598.428;Atmos PPM;0;1013.25;11.1012;175600.02;9045956.63;200.675;176089.028;9045633.904;78.939;586.05;585.902
CND_200_3;13/09/2026 10:01;" 303° 25' 06.32174""";"  78° 15' 53.35262""";598.428;Atmos PPM;0;1013.25;11.1012;175600.02;9045956.63;200.676;176089.028;9045633.904;78.939;586.052;585.902
CND_190_4;13/09/2026 10:01;" 304° 23' 48.86301""";"  78° 35' 23.65934""";568.307;Atmos PPM;0;1013.25;11.1012;175629.401;9045948.638;191.388;176089.028;9045633.904;78.939;557.187;557.059
CND_200_4;13/09/2026 10:02;" 309° 34' 04.45982""";"  77° 58' 14.61010""";577.852;Atmos PPM;0;1013.25;11.1012;175653.404;9045993.934;199.392;176089.028;9045633.904;78.939;565.267;565.146
CND_1505;13/09/2026 10:02;" 310° 59' 38.87674""";"  79° 11' 04.53181""";381.648;Atmos PPM;0;1013.25;11.1012;175806.113;9045879.83;150.563;176089.028;9045633.904;78.939;374.89;374.86
CND_210_4;13/09/2026 10:02;" 311° 21' 26.26231""";"  77° 25' 48.73871""";600.868;Atmos PPM;0;1013.25;11.1012;175648.871;9046021.438;209.729;176089.028;9045633.904;78.939;586.567;586.447
CND_190_5;13/09/2026 10:02;" 312° 12' 19.06619""";"  78° 10' 53.30399""";542.23;Atmos PPM;0;1013.25;11.1012;175695.931;9045990.469;190.014;176089.028;9045633.904;78.939;530.796;530.72
CND_200_5;13/09/2026 10:03;" 316° 06' 29.38712""";"  77° 35' 35.80051""";562.26;Atmos PPM;0;1013.25;11.1012;175708.362;9046029.654;199.761;176089.028;9045633.904;78.939;549.185;549.113
