point_id,seg,tanggal,n_bacaan,d_radial_mm,d_tangensial_mm,d_vertikal_mm
BS_HL_5,0,2026-09-02,6,-0.421,0.032,-2.0
BS_HL_5,0,2026-09-03,6,-0.199,1.433,-4.0
BS_HL_5,0,2026-09-04,5,1.382,0.036,-3.5
BS_HL_5,0,2026-09-05,5,0.938,-0.658,-6.5
BS_HL_5,0,2026-09-06,6,1.036,3.167,-5.0
BS_HL_5,0,2026-09-07,5,1.133,3.22,2.5
BS_HL_5,0,2026-09-08,6,0.326,7.664,0.5
BS_HL_5,0,2026-09-09,6,-0.562,0.961,-1.5
BS_HL_5,0,2026-09-10,6,-0.243,1.716,-1.0
BS_HL_5,0,2026-09-11,6,-0.515,5.901,-4.5
BS_HL_5,0,2026-09-12,6,-1.259,7.904,-0.5
BS_HL_5,0,2026-09-13,6,-0.391,6.103,-3.0
BS_HL_5,0,2026-09-14,6,-0.464,-0.093,-0.0
BS_HL_5,0,2026-09-15,6,-0.543,0.351,-4.5
BS_HL_5,0,2026-09-16,6,0.123,2.168,-2.5
BS_HL_5,0,2026-09-17,5,-1.01,1.44,-5.5
BS_HL_5,0,2026-09-18,6,-0.021,4.353,0.5
BS_HL_5,0,2026-09-19,6,0.275,8.929,-3.0
BS_HL_5,0,2026-09-20,6,1.463,7.635,-9.5
BS_HL_5,0,2026-09-21,5,0.229,1.418,-8.5
BS_HL_5,1,2026-09-22,6,0.666,12.035,-0.0
BS_HL_5,1,2026-09-23,5,1.877,12.79,9.0
BS_HL_5,1,2026-09-24,6,1.631,11.766,16.5
BS_HL_5,1,2026-09-25,6,2.079,10.75,3.0
BS_HL_5,1,2026-09-26,6,2.671,11.392,2.0
BS_HL_5,1,2026-09-27,5,0.989,9.007,2.0
BS_HL_5,1,2026-09-28,5,3.411,8.727,5.0
BS_HL_5,1,2026-09-29,5,3.707,9.629,13.0
BS_HL_5,1,2026-09-30,6,4.922,10.094,1.0
DAM5_1,0,2026-09-02,6,-0.187,-0.186,0.0
DAM5_1,0,2026-09-03,6,0.09,0.139,-2.0
DAM5_1,0,2026-09-04,6,0.179,-0.614,-0.5
DAM5_1,0,2026-09-05,6,0.277,-1.227,-3.0
DAM5_1,0,2026-09-06,6,0.456,-0.074,-1.0
DAM5_1,0,2026-09-07,5,0.553,-0.085,-1.0
DAM5_1,0,2026-09-08,6,0.515,-0.049,0.5
DAM5_1,0,2026-09-09,6,-0.226,-1.642,-0.5
DAM5_1,0,2026-09-10,6,-0.136,-0.72,0.0
DAM5_1,0,2026-09-11,6,-0.413,-1.237,0.5
DAM5_1,0,2026-09-12,6,-0.42,-0.434,0.5
DAM5_1,0,2026-09-13,6,-0.51,-0.595,1.5
DAM5_1,0,2026-09-14,6,-0.518,-0.025,3.0
DAM5_1,0,2026-09-15,6,-0.241,-1.148,3.0
DAM5_1,0,2026-09-16,6,-0.241,-0.624,2.5
DAM5_1,0,2026-09-17,6,-0.046,-2.854,2.0
DAM5_1,0,2026-09-18,6,-0.136,-2.041,4.0
DAM5_1,0,2026-09-19,6,-0.046,-1.047,1.5
DAM5_1,0,2026-09-20,6,-0.323,-0.793,2.0
DAM5_1,0,2026-09-21,6,0.328,-1.227,6.0
DAM5_1,0,2026-09-22,6,4.75,-0.449,1.0
DAM5_1,0,2026-09-23,6,5.588,-1.324,10.0
DAM5_1,0,2026-09-24,6,6.979,-1.711,15.5
DAM5_1,0,2026-09-25,6,5.962,-2.149,3.0
DAM5_1,0,2026-09-26,6,6.62,-3.022,5.0
DAM5_1,0,2026-09-27,6,5.588,-2.735,4.0
DAM5_1,0,2026-09-28,6,7.166,-2.546,2.0
DAM5_1,0,2026-09-29,6,7.629,-2.993,15.0
DAM5_1,0,2026-09-30,5,9.11,-1.695,6.0
DAM5_2,0,2026-09-02,6,-0.707,-0.8,1.0
DAM5_2,0,2026-09-03,6,-0.912,-2.007,-0.0
DAM5_2,0,2026-09-04,6,-0.251,-1.657,0.5
DAM5_2,0,2026-09-05,6,-0.456,-1.119,1.5
DAM5_2,0,2026-09-06,6,-0.317,-1.277,1.5
DAM5_2,0,2026-09-07,5,-0.038,-2.024,0.5
DAM5_2,0,2026-09-08,6,-0.197,-3.371,1.5
DAM5_2,0,2026-09-09,6,-0.699,-3.105,2.5
DAM5_2,0,2026-09-10,6,-0.541,-4.381,2.5
DAM5_2,0,2026-09-11,6,-1.221,-3.881,2.0
DAM5_2,0,2026-09-12,6,-1.472,-4.084,3.0
DAM5_2,0,2026-09-13,6,-0.699,-4.835,1.5
DAM5_2,0,2026-09-14,6,-0.923,-3.081,2.0
DAM5_2,0,2026-09-15,6,-1.286,-3.896,1.0
DAM5_2,0,2026-09-16,6,-0.923,-2.98,2.0
DAM5_2,0,2026-09-17,6,-0.672,-3.082,1.5
DAM5_2,0,2026-09-18,6,-1.267,-2.826,3.0
DAM5_2,0,2026-09-19,6,-0.97,-3.22,2.5
DAM5_2,0,2026-09-20,6,-0.811,-3.03,0.5
DAM5_2,0,2026-09-21,6,-0.653,-3.376,4.5
DAM5_2,0,2026-09-22,6,3.78,-1.416,-0.0
DAM5_2,0,2026-09-23,6,4.487,-2.393,8.0
DAM5_2,0,2026-09-24,6,6.358,-0.776,14.5
DAM5_2,0,2026-09-25,6,5.009,-3.157,2.0
DAM5_2,0,2026-09-26,6,6.08,-3.864,4.5
DAM5_2,0,2026-09-27,6,4.487,-2.781,4.0
DAM5_2,0,2026-09-28,5,6.424,-4.017,3.5
DAM5_2,0,2026-09-29,6,6.424,-2.67,14.5
DAM5_2,0,2026-09-30,5,8.341,-1.907,5.5
DAM5_3,0,2026-09-02,5,-0.029,-0.199,0.0
DAM5_3,0,2026-09-03,6,-0.238,-4.171,-0.5
DAM5_3,0,2026-09-04,5,0.519,-6.337,-1.0
DAM5_3,0,2026-09-05,6,0.346,-6.88,-0.5
DAM5_3,0,2026-09-06,6,0.144,-8.286,0.0
DAM5_3,0,2026-09-07,4,0.656,-8.922,1.5
DAM5_3,0,2026-09-08,4,0.259,-9.602,3.5
DAM5_3,0,2026-09-09,6,0.021,-8.112,0.0
DAM5_3,0,2026-09-10,5,-0.62,-8.969,-1.0
DAM5_3,0,2026-09-11,6,-0.216,-10.906,2.5
DAM5_3,0,2026-09-12,6,-0.418,-8.375,2.0
DAM5_3,0,2026-09-13,5,0.115,-10.755,3.0
DAM5_3,0,2026-09-14,6,-0.216,-10.108,2.5
DAM5_3,0,2026-09-15,6,0.187,-10.139,1.5
DAM5_3,0,2026-09-16,6,0.151,-9.869,1.0
DAM5_3,0,2026-09-17,6,0.425,-11.093,0.0
DAM5_3,0,2026-09-18,6,0.533,-10.172,2.0
DAM5_3,0,2026-09-19,6,0.497,-10.454,1.5
DAM5_3,0,2026-09-20,6,0.533,-10.211,0.5
DAM5_3,0,2026-09-21,6,0.771,-10.965,3.0
DAM5_3,0,2026-09-22,6,5.141,-9.945,0.5
DAM5_3,0,2026-09-23,6,5.948,-8.336,7.0
DAM5_3,0,2026-09-24,6,7.339,-9.602,13.5
DAM5_3,0,2026-09-25,6,5.927,-10.285,0.0
DAM5_3,0,2026-09-26,6,6.9,-8.334,1.5
DAM5_3,0,2026-09-27,6,6.222,-9.969,1.5
DAM5_3,0,2026-09-28,5,7.138,-9.102,3.0
DAM5_3,0,2026-09-29,6,8.017,-9.578,12.5
DAM5_3,0,2026-09-30,5,9.776,-8.109,3.0
DAM5_4,0,2026-09-02,6,0.072,0.316,-0.5
DAM5_4,0,2026-09-03,6,-0.0,-0.814,-1.0
DAM5_4,0,2026-09-04,6,0.971,-0.115,1.0
DAM5_4,0,2026-09-05,6,0.899,1.321,-0.0
DAM5_4,0,2026-09-06,6,0.719,1.353,0.5
DAM5_4,0,2026-09-07,5,0.68,1.378,-1.5
DAM5_4,0,2026-09-08,6,0.61,-3.708,1.5
DAM5_4,0,2026-09-09,6,0.969,-2.591,-0.5
DAM5_4,0,2026-09-10,6,0.069,-0.966,-2.0
DAM5_4,0,2026-09-11,6,0.573,-0.884,0.5
DAM5_4,0,2026-09-12,6,0.608,-0.853,2.5
DAM5_4,0,2026-09-13,6,0.932,-1.646,2.0
DAM5_4,0,2026-09-14,6,0.932,-0.83,2.0
DAM5_4,0,2026-09-15,6,0.608,-1.188,1.5
DAM5_4,0,2026-09-16,6,1.04,-2.056,2.0
DAM5_4,0,2026-09-17,6,1.04,-1.679,1.0
DAM5_4,0,2026-09-18,6,1.509,-2.271,4.0
DAM5_4,0,2026-09-19,6,1.616,-1.387,3.0
DAM5_4,0,2026-09-20,6,1.688,-1.058,2.0
DAM5_4,0,2026-09-21,6,1.688,-1.546,5.0
DAM5_4,0,2026-09-22,6,6.551,-0.967,-1.0
DAM5_4,0,2026-09-23,6,7.775,-0.837,7.0
DAM5_4,0,2026-09-24,6,8.783,-0.689,14.5
DAM5_4,0,2026-09-25,6,7.632,-0.692,2.0
DAM5_4,0,2026-09-26,6,8.244,-0.934,3.5
DAM5_4,0,2026-09-27,6,7.163,-1.317,2.0
DAM5_4,0,2026-09-28,5,9.394,-0.619,2.5
DAM5_4,0,2026-09-29,6,9.394,-0.682,10.0
DAM5_4,0,2026-09-30,5,11.481,-0.039,6.5
DAM5_5,1,2026-09-12,4,-0.586,-12.597,-0.0
DAM5_5,1,2026-09-14,5,-0.676,-11.713,-2.5
DAM5_5,1,2026-09-15,6,-0.856,-12.319,-1.5
DAM5_5,1,2026-09-16,6,-0.27,-13.874,-0.5
DAM5_5,1,2026-09-17,5,-0.877,-11.878,-0.5
DAM5_5,1,2026-09-18,5,-0.856,-14.128,-1.5
DAM5_5,1,2026-09-19,6,-0.439,-10.804,0.5
DAM5_5,1,2026-09-20,6,-0.327,-11.005,-0.5
DAM5_5,1,2026-09-21,5,-0.877,-11.488,0.5
DAM5_5,1,2026-09-22,6,4.174,-11.664,-3.0
DAM5_5,1,2026-09-23,5,5.537,-10.316,3.5
DAM5_5,1,2026-09-24,5,6.392,-10.415,11.5
DAM5_5,1,2026-09-25,5,4.523,-11.51,-2.5
DAM5_5,1,2026-09-26,5,5.716,-11.969,-0.5
DAM5_5,1,2026-09-27,5,4.861,-13.001,-3.5
DAM5_5,1,2026-09-28,4,7.427,-12.133,-1.5
DAM5_5,1,2026-09-29,4,6.831,-11.815,10.5
DAM5_6,0,2026-09-02,6,0.0,-0.226,1.0
DAM5_6,0,2026-09-03,5,-0.636,-0.275,-1.0
DAM5_6,0,2026-09-04,6,-0.153,-1.281,-2.0
DAM5_6,0,2026-09-05,5,0.177,-1.789,-2.0
DAM5_6,0,2026-09-06,4,0.202,-1.176,0.5
DAM5_6,0,2026-09-07,4,0.507,0.15,1.0
DAM5_6,0,2026-09-08,6,0.046,0.846,-0.5
DAM5_6,0,2026-09-09,6,-0.232,-0.504,2.0
DAM5_6,0,2026-09-10,6,-0.076,-1.151,1.0
DAM5_6,0,2026-09-11,6,-0.079,-3.975,-0.5
DAM5_6,0,2026-09-12,5,-0.385,-2.274,2.0
DAM5_6,0,2026-09-13,6,-0.232,-0.735,0.5
DAM5_6,0,2026-09-14,6,-0.284,0.218,2.0
DAM5_6,0,2026-09-15,6,-0.107,0.339,1.5
DAM5_6,0,2026-09-16,6,-0.36,0.165,3.0
DAM5_6,0,2026-09-17,6,-0.36,0.847,2.0
DAM5_6,0,2026-09-18,6,0.3,0.215,5.0
DAM5_6,0,2026-09-19,6,0.3,0.512,4.0
DAM5_6,0,2026-09-20,6,0.553,1.413,1.5
DAM5_6,0,2026-09-21,6,0.122,-0.257,3.0
DAM5_6,0,2026-09-22,6,4.437,0.086,-0.5
DAM5_6,0,2026-09-23,6,5.553,1.019,9.5
DAM5_6,0,2026-09-24,6,7.353,0.278,13.5
DAM5_6,0,2026-09-25,6,5.705,0.862,2.0
DAM5_6,0,2026-09-26,6,6.567,-0.287,4.5
DAM5_6,0,2026-09-27,6,5.122,0.426,2.5
DAM5_6,0,2026-09-28,6,7.683,0.758,0.0
DAM5_6,0,2026-09-29,6,7.353,0.267,14.0
DAM5_6,0,2026-09-30,5,9.608,1.684,6.0
DAM5_7,0,2026-09-02,6,-0.222,-0.249,0.5
DAM5_7,0,2026-09-03,6,-0.22,-1.708,-1.0
DAM5_7,0,2026-09-04,6,0.225,-1.938,0.0
DAM5_7,0,2026-09-05,6,-0.225,-1.863,-0.5
DAM5_7,0,2026-09-06,6,0.222,-2.13,-0.5
DAM5_7,0,2026-09-07,5,0.419,-2.367,-0.5
DAM5_7,0,2026-09-08,6,-0.025,-2.197,0.5
DAM5_7,0,2026-09-09,6,-0.25,-2.17,-1.0
DAM5_7,0,2026-09-10,6,-0.253,-2.961,1.0
DAM5_7,0,2026-09-11,6,-0.475,-2.809,-1.0
DAM5_7,0,2026-09-12,6,-0.477,-2.715,1.0
DAM5_7,0,2026-09-13,6,-0.031,-2.726,1.0
DAM5_7,0,2026-09-14,6,-0.704,-3.226,2.0
DAM5_7,0,2026-09-15,6,-0.485,-2.539,0.0
DAM5_7,0,2026-09-16,6,-0.263,-2.248,-1.0
DAM5_7,0,2026-09-17,6,-0.699,-2.915,-1.0
DAM5_7,0,2026-09-18,6,-0.025,-4.158,0.0
DAM5_7,0,2026-09-19,6,-0.028,-3.742,0.5
DAM5_7,0,2026-09-20,6,0.194,-2.53,1.5
DAM5_7,0,2026-09-21,6,-0.028,-3.471,2.0
DAM5_7,0,2026-09-22,6,4.934,-3.106,-1.5
DAM5_7,0,2026-09-23,6,6.274,-3.077,6.5
DAM5_7,0,2026-09-24,6,6.946,-3.137,13.5
DAM5_7,0,2026-09-25,6,6.282,-4.38,1.5
DAM5_7,0,2026-09-26,6,6.729,-4.562,3.5
DAM5_7,0,2026-09-27,6,5.603,-2.867,1.5
DAM5_7,0,2026-09-28,5,7.622,-3.852,5.5
DAM5_7,0,2026-09-29,6,8.066,-3.457,12.5
DAM5_7,0,2026-09-30,5,8.96,-2.876,5.5
DAM5_8,0,2026-09-02,6,-0.193,-0.208,-1.0
DAM5_8,0,2026-09-03,6,-0.193,-1.377,0.0
DAM5_8,0,2026-09-04,6,0.579,-1.553,0.5
DAM5_8,0,2026-09-05,6,0.075,-1.74,-1.0
DAM5_8,0,2026-09-06,6,0.268,-1.558,1.0
DAM5_8,0,2026-09-07,5,-0.096,-2.546,1.0
DAM5_8,0,2026-09-08,6,0.29,-2.12,0.5
DAM5_8,0,2026-09-09,6,0.247,-1.42,1.5
DAM5_8,0,2026-09-10,6,-0.214,-2.965,0.0
DAM5_8,0,2026-09-11,6,-0.096,-1.826,2.5
DAM5_8,0,2026-09-12,6,-0.6,-3.077,3.0
DAM5_8,0,2026-09-13,6,-0.332,-2.227,2.0
DAM5_8,0,2026-09-14,6,-0.643,-1.773,2.0
DAM5_8,0,2026-09-15,6,-0.643,-1.458,2.0
DAM5_8,0,2026-09-16,6,-0.3,-1.259,2.5
DAM5_8,0,2026-09-17,6,-0.107,-1.261,1.5
DAM5_8,0,2026-09-18,6,0.054,-3.225,3.5
DAM5_8,0,2026-09-19,6,0.129,-3.289,2.0
DAM5_8,0,2026-09-20,6,-0.257,-0.813,2.5
DAM5_8,0,2026-09-21,6,0.054,-2.385,6.0
DAM5_8,0,2026-09-22,6,5.202,-2.082,1.0
DAM5_8,0,2026-09-23,6,5.856,-2.14,8.5
DAM5_8,0,2026-09-24,6,7.39,-2.119,13.5
DAM5_8,0,2026-09-25,6,5.513,-2.761,3.5
DAM5_8,0,2026-09-26,6,6.747,-2.928,5.5
DAM5_8,0,2026-09-27,6,5.738,-2.275,5.0
DAM5_8,0,2026-09-28,6,7.551,-3.05,4.0
DAM5_8,0,2026-09-29,6,7.626,-3.048,16.0
DAM5_8,0,2026-09-30,5,9.621,-0.438,8.0
HLO-105,0,2026-09-02,6,-0.288,-1.025,-4.0
HLO-105,0,2026-09-03,6,-0.052,1.624,0.5
HLO-105,0,2026-09-04,6,0.283,1.991,-0.5
HLO-105,0,2026-09-05,6,0.231,0.574,-0.5
HLO-105,0,2026-09-06,5,-0.0,0.394,0.5
HLO-105,0,2026-09-07,5,0.163,1.476,-0.5
HLO-105,0,2026-09-08,6,-0.46,0.812,-0.5
HLO-105,0,2026-09-09,4,-0.465,0.245,-3.0
HLO-105,0,2026-09-10,6,-0.708,0.108,-2.0
HLO-105,0,2026-09-11,6,-1.181,2.299,-3.0
HLO-105,0,2026-09-12,6,-1.758,-1.369,1.0
HLO-105,0,2026-09-13,6,-1.042,0.305,-3.5
HLO-105,0,2026-09-14,6,-1.953,-0.301,0.0
HLO-105,0,2026-09-15,6,-0.805,0.187,1.0
HLO-105,0,2026-09-16,6,-1.815,-0.227,1.5
HLO-105,0,2026-09-17,6,-1.146,4.869,-0.5
HLO-105,0,2026-09-18,6,-1.088,0.551,3.5
HLO-105,0,2026-09-19,6,-1.469,2.409,6.5
HLO-105,0,2026-09-20,6,-1.088,2.455,-0.5
HLO-105,0,2026-09-21,6,-1.423,0.009,8.0
HLO-105,0,2026-09-22,6,3.305,2.178,0.5
HLO-105,0,2026-09-23,6,4.556,4.851,5.5
HLO-105,0,2026-09-24,5,5.468,0.431,10.5
HLO-105,0,2026-09-25,5,3.172,-0.51,3.5
HLO-105,0,2026-09-26,5,5.179,4.887,-0.5
HLO-105,0,2026-09-27,5,3.923,5.843,1.5
HLO-105,0,2026-09-28,4,6.425,0.266,-2.0
HLO-105,0,2026-09-29,6,6.039,1.694,9.5
HLO-105,0,2026-09-30,5,6.714,3.732,5.5
HLO-106,0,2026-09-02,6,0.08,3.981,-4.0
HLO-106,0,2026-09-03,6,-0.088,2.786,-4.5
HLO-106,0,2026-09-04,6,1.061,0.767,-4.0
HLO-106,0,2026-09-05,6,0.984,2.392,-7.5
HLO-106,0,2026-09-06,5,0.821,3.104,-8.0
HLO-106,0,2026-09-07,5,0.32,4.431,-1.0
HLO-106,0,2026-09-08,6,-0.19,3.299,2.5
HLO-106,0,2026-09-09,4,-0.603,4.403,-3.5
HLO-106,0,2026-09-10,6,-0.356,3.302,-2.0
HLO-106,0,2026-09-11,6,-0.771,6.9,-1.0
HLO-106,0,2026-09-12,6,-1.347,1.581,0.5
HLO-106,0,2026-09-13,6,-0.193,1.158,-3.5
HLO-106,0,2026-09-14,6,-1.099,2.288,-1.5
HLO-106,0,2026-09-15,6,-0.443,1.747,-1.5
HLO-106,0,2026-09-16,6,-0.941,2.073,3.0
HLO-106,0,2026-09-17,6,-0.774,4.299,-1.5
HLO-106,0,2026-09-18,6,-0.028,6.665,-0.5
HLO-106,0,2026-09-19,6,-0.195,4.379,-3.0
HLO-106,0,2026-09-20,6,0.05,5.286,1.5
HLO-106,0,2026-09-21,6,-0.438,2.212,-3.5
HLO-106,0,2026-09-22,6,4.441,1.654,1.0
HLO-106,0,2026-09-23,6,5.51,5.241,5.5
HLO-106,0,2026-09-24,5,6.413,1.484,10.0
HLO-106,0,2026-09-25,5,4.941,0.87,-4.0
HLO-106,0,2026-09-26,5,6.093,4.83,-3.0
HLO-106,0,2026-09-27,5,4.931,3.941,-2.0
HLO-106,0,2026-09-28,5,7.399,0.315,1.0
HLO-106,0,2026-09-29,6,6.744,4.045,10.5
HLO-106,0,2026-09-30,5,8.226,0.776,5.0
HLO-107,0,2026-09-02,6,-0.0,-1.525,-2.0
HLO-107,0,2026-09-03,6,-0.0,-1.584,-6.0
HLO-107,0,2026-09-04,6,0.099,-2.305,-1.5
HLO-107,0,2026-09-05,6,0.185,0.365,4.0
HLO-107,0,2026-09-06,6,0.577,-0.322,-2.0
HLO-107,0,2026-09-07,5,-0.008,0.886,3.0
HLO-107,0,2026-09-08,6,-0.54,-0.307,1.0
HLO-107,0,2026-09-09,4,-1.129,-1.704,-1.5
HLO-107,0,2026-09-10,5,-0.445,-0.484,-4.0
HLO-107,0,2026-09-11,6,-1.524,-0.145,-0.5
HLO-107,0,2026-09-12,6,-2.018,3.621,-1.0
HLO-107,0,2026-09-13,6,-1.133,2.159,1.5
HLO-107,0,2026-09-14,6,-2.224,-1.057,1.0
HLO-107,0,2026-09-15,6,-1.829,-1.492,3.5
HLO-107,0,2026-09-16,6,-1.833,-1.331,4.5
HLO-107,0,2026-09-17,6,-1.627,0.053,-0.5
HLO-107,0,2026-09-18,6,-1.425,-3.221,-4.0
HLO-107,0,2026-09-19,6,-1.409,-5.519,-1.0
HLO-107,0,2026-09-20,6,-0.845,-2.001,-0.5
HLO-107,0,2026-09-21,6,-2.113,-0.449,1.0
HLO-107,0,2026-09-22,6,2.562,-4.013,0.5
HLO-107,0,2026-09-23,6,3.645,-3.586,9.0
HLO-107,0,2026-09-24,6,5.313,-0.356,10.5
HLO-107,0,2026-09-25,6,3.95,-2.862,-2.0
HLO-107,0,2026-09-26,6,4.535,0.284,3.0
HLO-107,0,2026-09-27,5,2.372,-1.079,1.0
HLO-107,0,2026-09-28,6,5.507,0.182,2.5
HLO-107,0,2026-09-29,5,5.709,-3.144,14.0
HLO-107,0,2026-09-30,5,6.483,1.694,8.0
HLO-110-R1,0,2026-09-02,4,0.066,-2.086,-0.5
HLO-110-R1,0,2026-09-03,5,0.755,3.225,2.5
HLO-110-R1,0,2026-09-04,4,0.822,1.122,2.5
HLO-110-R1,0,2026-09-05,5,0.844,-1.856,2.5
HLO-110-R1,0,2026-09-08,5,0.224,-4.421,0.5
HLO-110-R1,0,2026-09-11,5,-0.731,-4.045,5.5
HLO-110-R1,0,2026-09-12,6,-0.785,-3.466,1.5
HLO-110-R1,0,2026-09-13,4,-0.352,0.646,5.0
HLO-110-R1,0,2026-09-14,6,-0.352,-0.643,7.5
HLO-110-R1,0,2026-09-15,6,0.426,-0.708,4.5
HLO-110-R1,0,2026-09-16,6,-0.007,0.707,4.5
HLO-110-R1,0,2026-09-17,4,-0.785,-1.418,2.5
HLO-110-R1,0,2026-09-18,6,-0.219,-0.893,7.5
HLO-110-R1,0,2026-09-19,6,0.258,-1.383,10.0
HLO-110-R1,0,2026-09-20,5,1.002,-5.219,4.5
HLO-110-R1,0,2026-09-21,5,-0.086,-3.213,6.5
HLO-110-R1,0,2026-09-23,4,5.349,-2.094,12.0
HLO-110-R1,0,2026-09-25,4,4.97,-4.745,3.5
HLO-110-R1,0,2026-09-29,4,7.281,-1.579,17.0
HLO-112,0,2026-09-02,6,0.58,2.0,-3.0
HLO-112,0,2026-09-03,6,0.788,-0.376,-2.0
HLO-112,0,2026-09-04,6,1.785,4.612,-3.0
HLO-112,0,2026-09-05,6,1.535,3.44,-3.0
HLO-112,0,2026-09-06,6,1.243,-1.991,-3.0
HLO-112,0,2026-09-07,5,1.236,1.121,-2.0
HLO-112,0,2026-09-08,6,1.319,4.859,-3.5
HLO-112,0,2026-09-09,6,0.612,3.747,-2.0
HLO-112,0,2026-09-10,6,0.696,2.999,-1.0
HLO-112,0,2026-09-11,6,0.072,3.506,-1.0
HLO-112,0,2026-09-12,6,-0.384,2.253,-2.0
HLO-112,0,2026-09-13,6,0.071,4.873,-3.0
HLO-112,0,2026-09-14,6,-0.344,6.061,-1.0
HLO-112,0,2026-09-15,6,0.485,5.085,0.5
HLO-112,0,2026-09-16,6,0.277,5.189,2.0
HLO-112,0,2026-09-17,6,0.152,5.982,-1.5
HLO-112,0,2026-09-18,6,0.237,4.461,-3.0
HLO-112,0,2026-09-19,6,0.694,3.839,-3.0
HLO-112,0,2026-09-20,6,0.612,7.27,-2.0
HLO-112,0,2026-09-21,6,0.694,5.05,0.5
HLO-112,0,2026-09-22,6,5.441,1.715,-2.0
HLO-112,0,2026-09-23,6,6.146,0.246,2.0
HLO-112,0,2026-09-24,6,7.349,0.737,12.0
HLO-112,0,2026-09-25,6,6.148,3.77,2.0
HLO-112,0,2026-09-26,6,7.019,4.947,4.0
HLO-112,0,2026-09-27,6,5.316,4.982,-0.5
HLO-112,0,2026-09-28,6,8.306,3.402,1.0
HLO-112,0,2026-09-29,6,7.434,3.448,6.5
HLO-112,0,2026-09-30,5,8.806,1.914,5.0
HLO-122,0,2026-09-02,6,-0.0,-0.408,-7.5
HLO-122,0,2026-09-03,6,0.594,-0.735,-8.5
HLO-122,0,2026-09-04,6,0.615,-1.302,1.0
HLO-122,0,2026-09-05,6,0.715,-0.721,-0.5
HLO-122,0,2026-09-06,6,0.53,0.333,-1.0
HLO-122,0,2026-09-07,5,0.601,-1.118,2.0
HLO-122,0,2026-09-08,6,0.129,-1.64,-2.5
HLO-122,0,2026-09-09,4,-0.285,2.915,0.5
HLO-122,0,2026-09-10,6,-0.572,0.016,1.5
HLO-122,0,2026-09-11,6,-0.736,1.159,-0.5
HLO-122,0,2026-09-12,6,-0.965,2.076,4.0
HLO-122,0,2026-09-13,6,-0.636,-0.766,0.5
HLO-122,0,2026-09-14,6,-0.965,1.378,4.0
HLO-122,0,2026-09-15,6,-0.986,0.662,1.0
HLO-122,0,2026-09-16,6,-0.843,-0.052,2.0
HLO-122,0,2026-09-17,6,-0.021,0.697,-2.0
HLO-122,0,2026-09-18,6,-0.45,1.404,3.5
HLO-122,0,2026-09-19,6,-0.593,-0.263,-2.5
HLO-122,0,2026-09-20,6,0.044,0.395,-0.5
HLO-122,0,2026-09-21,6,-0.35,1.084,4.0
HLO-122,0,2026-09-22,6,4.521,0.848,-2.5
HLO-122,0,2026-09-23,6,5.73,3.852,3.5
HLO-122,0,2026-09-24,6,6.803,5.649,10.0
HLO-122,0,2026-09-25,6,5.215,4.046,-0.5
HLO-122,0,2026-09-26,6,6.367,4.477,-0.5
HLO-122,0,2026-09-27,6,4.6,3.672,4.0
HLO-122,0,2026-09-28,6,7.333,0.565,-0.5
HLO-122,0,2026-09-29,6,7.254,1.614,10.5
HLO-122,0,2026-09-30,5,7.969,3.524,7.0
HLO-123,0,2026-09-02,6,0.048,-0.392,-3.0
HLO-123,0,2026-09-03,6,0.048,-2.096,1.5
HLO-123,0,2026-09-04,6,0.145,0.389,1.5
HLO-123,0,2026-09-05,5,0.622,2.449,0.5
HLO-123,0,2026-09-06,4,-0.38,1.828,4.5
HLO-123,0,2026-09-07,5,-0.045,2.414,5.5
HLO-123,0,2026-09-08,6,-0.132,2.494,2.5
HLO-123,0,2026-09-09,4,-1.09,0.636,1.0
HLO-123,0,2026-09-10,6,-0.993,-0.266,6.0
HLO-123,0,2026-09-11,6,-1.759,1.352,6.5
HLO-123,0,2026-09-12,6,-2.525,-0.013,10.5
HLO-123,0,2026-09-13,6,-2.191,-4.028,4.0
HLO-123,0,2026-09-14,6,-2.618,-7.648,10.0
HLO-123,0,2026-09-15,5,-2.139,-5.811,9.5
HLO-123,0,2026-09-16,5,-2.329,2.378,5.5
HLO-123,0,2026-09-17,4,-2.569,3.262,2.0
HLO-123,0,2026-09-18,4,-2.62,1.817,5.5
HLO-123,0,2026-09-19,5,-3.004,0.379,9.5
HLO-123,0,2026-09-20,4,-2.333,3.513,6.0
HLO-123,0,2026-09-22,4,1.77,3.74,4.5
HLO-123,0,2026-09-24,5,4.163,-0.56,11.5
HLO-123,0,2026-09-25,4,2.918,3.962,1.0
HLO-123,0,2026-09-27,5,1.964,5.989,8.5
HLO-123,0,2026-09-28,4,4.644,4.511,1.0
HLO-123,0,2026-09-29,5,4.45,2.268,15.5
HLO-128,0,2026-09-02,6,-0.213,-1.844,-2.5
HLO-128,0,2026-09-03,6,0.276,-1.38,-3.0
HLO-128,0,2026-09-04,6,0.977,-0.797,-1.5
HLO-128,0,2026-09-05,6,0.169,-0.234,-2.0
HLO-128,0,2026-09-06,6,0.445,-2.168,-0.0
HLO-128,0,2026-09-07,5,0.527,5.68,-0.5
HLO-128,0,2026-09-08,6,-0.096,-0.405,-0.5
HLO-128,0,2026-09-09,4,-0.991,1.853,0.0
HLO-128,0,2026-09-10,6,-0.609,2.109,-0.5
HLO-128,0,2026-09-11,6,-1.586,0.819,-1.5
HLO-128,0,2026-09-12,6,-2.331,2.645,-0.5
HLO-128,0,2026-09-13,6,-1.46,1.657,-2.0
HLO-128,0,2026-09-14,6,-1.886,1.929,4.5
HLO-128,0,2026-09-15,6,-1.76,4.176,-1.5
HLO-128,0,2026-09-16,6,-1.91,5.065,-0.0
HLO-128,0,2026-09-17,6,-2.205,2.426,5.0
HLO-128,0,2026-09-18,6,-2.544,4.057,3.5
HLO-128,0,2026-09-19,6,-2.268,0.697,2.5
HLO-128,0,2026-09-20,6,-1.63,0.361,-1.0
HLO-128,0,2026-09-21,6,-2.331,2.714,1.5
HLO-128,0,2026-09-22,6,2.211,2.462,4.5
HLO-128,0,2026-09-23,6,3.318,-1.583,2.0
HLO-128,0,2026-09-24,6,3.957,-1.372,16.0
HLO-128,0,2026-09-25,6,2.51,-0.254,2.5
HLO-128,0,2026-09-26,6,3.763,-0.962,4.5
HLO-128,0,2026-09-27,6,2.36,0.428,-1.5
HLO-128,0,2026-09-28,6,4.358,3.448,3.5
HLO-128,0,2026-09-29,6,4.59,1.725,8.5
HLO-128,0,2026-09-30,5,5.761,-1.457,1.5
HLO-129,0,2026-09-02,6,0.196,-0.225,-2.0
HLO-129,0,2026-09-03,6,0.18,-1.234,-3.5
HLO-129,0,2026-09-04,6,1.309,-4.555,-3.5
HLO-129,0,2026-09-05,6,1.264,-1.146,-4.0
HLO-129,0,2026-09-06,6,1.248,-2.257,-3.0
HLO-129,0,2026-09-07,5,1.624,3.372,0.5
HLO-129,0,2026-09-08,6,1.158,0.871,-0.5
HLO-129,0,2026-09-09,6,0.0,-1.164,-2.0
HLO-129,0,2026-09-10,6,0.542,-3.454,-4.5
HLO-129,0,2026-09-11,6,-0.225,-0.117,-7.0
HLO-129,0,2026-09-12,6,-0.601,2.073,2.0
HLO-129,0,2026-09-13,6,-0.361,0.494,2.0
HLO-129,0,2026-09-14,6,-0.962,2.213,-0.0
HLO-129,0,2026-09-15,6,-0.225,-2.122,1.5
HLO-129,0,2026-09-16,6,-0.451,-0.128,-0.0
HLO-129,0,2026-09-17,6,-0.045,-2.259,-2.0
HLO-129,0,2026-09-18,6,0.632,-0.314,-3.5
HLO-129,0,2026-09-19,6,0.121,-0.2,1.5
HLO-129,0,2026-09-20,6,0.677,0.825,-2.5
HLO-129,0,2026-09-21,6,0.06,-3.037,-0.0
HLO-129,0,2026-09-22,6,4.738,-2.461,-1.0
HLO-129,0,2026-09-23,6,6.227,-1.636,2.5
HLO-129,0,2026-09-24,6,6.483,-1.445,11.5
HLO-129,0,2026-09-25,6,5.46,-5.695,-3.0
HLO-129,0,2026-09-26,6,6.438,-1.79,1.5
HLO-129,0,2026-09-27,6,4.979,1.789,-0.5
HLO-129,0,2026-09-28,6,7.295,0.682,-2.5
HLO-129,0,2026-09-29,6,7.039,-2.179,7.5
HLO-129,0,2026-09-30,4,8.077,-5.155,8.0
HLO-130,0,2026-09-02,4,-0.135,-0.23,-3.0
HLO-130,0,2026-09-03,5,1.07,-1.711,-7.5
HLO-130,0,2026-09-04,4,1.205,0.659,-7.0
HLO-130,0,2026-09-05,5,1.631,-1.665,-9.5
HLO-130,0,2026-09-07,4,1.085,-4.553,-0.0
HLO-130,0,2026-09-08,6,0.918,-1.553,-2.0
HLO-130,0,2026-09-09,4,0.347,-1.828,-4.0
HLO-130,0,2026-09-10,6,0.627,-0.603,-5.0
HLO-130,0,2026-09-11,6,0.092,0.368,-2.5
HLO-130,0,2026-09-12,6,-0.832,-1.705,-1.0
HLO-130,0,2026-09-13,6,-0.163,-0.865,-3.0
HLO-130,0,2026-09-14,6,-0.734,-0.036,-0.0
HLO-130,0,2026-09-15,6,-0.1,-0.042,-2.0
HLO-130,0,2026-09-16,6,0.507,0.151,-4.5
HLO-130,0,2026-09-17,4,-0.272,1.791,-6.0
HLO-130,0,2026-09-18,5,0.372,1.938,-8.5
HLO-130,0,2026-09-19,6,0.019,1.757,-1.5
HLO-130,0,2026-09-20,6,0.482,2.048,-5.0
HLO-130,0,2026-09-21,5,0.227,5.434,-7.5
HLO-130,0,2026-09-22,4,4.073,0.318,-10.0
HLO-130,0,2026-09-23,4,6.322,-2.192,-3.5
HLO-130,0,2026-09-24,4,6.883,-3.919,4.5
HLO-130,0,2026-09-25,4,4.972,-0.114,-7.0
HLO-130,0,2026-09-28,4,7.454,-0.5,-5.0
HLO-130,0,2026-09-29,4,7.527,-0.108,6.0
HLO-131,0,2026-09-02,6,0.343,-0.991,-1.5
HLO-131,0,2026-09-03,6,0.413,-0.314,-3.0
HLO-131,0,2026-09-04,6,0.826,1.171,-1.0
HLO-131,0,2026-09-05,6,0.483,1.004,-1.5
HLO-131,0,2026-09-06,6,1.237,-0.888,-0.5
HLO-131,0,2026-09-07,5,1.112,2.588,0.0
HLO-131,0,2026-09-08,6,0.494,2.589,0.5
HLO-131,0,2026-09-09,6,0.564,1.326,0.5
HLO-131,0,2026-09-10,6,0.288,1.537,1.5
HLO-131,0,2026-09-11,6,0.151,1.261,0.0
HLO-131,0,2026-09-12,6,0.013,1.092,0.5
HLO-131,0,2026-09-13,6,0.151,1.158,1.5
HLO-131,0,2026-09-14,6,-0.055,0.192,2.0
HLO-131,0,2026-09-15,6,0.426,-1.475,0.5
HLO-131,0,2026-09-16,6,0.221,-1.058,-0.5
HLO-131,0,2026-09-17,6,0.221,-0.32,0.0
HLO-131,0,2026-09-18,6,0.288,0.788,-0.5
HLO-131,0,2026-09-19,6,0.564,0.138,0.5
HLO-131,0,2026-09-20,5,0.701,2.397,-2.0
HLO-131,0,2026-09-21,6,0.631,0.557,2.5
HLO-131,0,2026-09-22,6,4.391,-4.423,-1.5
HLO-131,0,2026-09-23,6,5.49,-4.929,4.0
HLO-131,0,2026-09-24,6,6.036,-6.81,12.0
HLO-131,0,2026-09-25,6,5.35,-4.128,-1.5
HLO-131,0,2026-09-26,6,5.9,-3.527,1.5
HLO-131,0,2026-09-27,6,4.864,-4.141,1.5
HLO-131,0,2026-09-28,5,6.449,-5.687,2.0
HLO-131,0,2026-09-29,6,6.654,-6.286,8.0
HLO-131,0,2026-09-30,6,8.236,-5.685,2.0
HLO-133,0,2026-09-02,6,0.0,-0.603,-1.5
HLO-133,0,2026-09-03,6,0.229,-0.549,-1.5
HLO-133,0,2026-09-04,6,0.57,-1.643,-2.5
HLO-133,0,2026-09-05,6,1.028,0.654,-2.0
HLO-133,0,2026-09-06,6,0.839,-0.438,-2.0
HLO-133,0,2026-09-07,5,0.77,-1.123,-1.5
HLO-133,0,2026-09-08,6,0.617,-1.243,0.5
HLO-133,0,2026-09-09,6,0.236,-1.269,0.5
HLO-133,0,2026-09-10,5,-0.066,-0.923,1.5
HLO-133,0,2026-09-11,6,-0.066,1.088,0.0
HLO-133,0,2026-09-12,6,-0.408,0.465,-0.5
HLO-133,0,2026-09-13,6,0.163,0.272,-1.5
HLO-133,0,2026-09-14,6,-0.481,2.452,0.5
HLO-133,0,2026-09-15,6,0.09,3.19,-0.5
HLO-133,0,2026-09-16,6,-0.139,1.905,1.0
HLO-133,0,2026-09-17,6,0.279,2.231,0.0
HLO-133,0,2026-09-18,5,-0.292,2.272,-0.5
HLO-133,0,2026-09-19,6,0.239,1.821,0.5
HLO-133,0,2026-09-20,6,0.849,3.855,-0.5
HLO-133,0,2026-09-21,6,0.392,2.283,2.0
HLO-133,0,2026-09-22,6,4.749,-2.603,-0.5
HLO-133,0,2026-09-23,6,5.585,-1.529,6.5
HLO-133,0,2026-09-24,6,6.308,-2.017,12.5
HLO-133,0,2026-09-25,6,5.734,-3.802,-1.5
HLO-133,0,2026-09-26,6,6.192,-1.69,0.5
HLO-133,0,2026-09-27,6,5.091,-3.47,1.0
HLO-133,0,2026-09-28,5,6.991,-5.16,0.5
HLO-133,0,2026-09-29,6,6.911,-3.435,10.0
HLO-133,0,2026-09-30,6,8.779,-4.111,4.5
HLO-154,0,2026-09-02,6,-0.14,-0.303,-1.0
HLO-154,0,2026-09-03,6,-0.341,-1.34,-3.0
HLO-154,0,2026-09-04,6,0.279,-0.668,-3.5
HLO-154,0,2026-09-05,6,0.497,1.31,-1.0
HLO-154,0,2026-09-06,6,0.419,-1.439,-2.5
HLO-154,0,2026-09-07,5,0.504,0.92,-1.0
HLO-154,0,2026-09-08,6,0.225,0.994,0.5
HLO-154,0,2026-09-09,6,0.225,-0.143,-0.5
HLO-154,0,2026-09-10,6,0.085,-0.394,-1.5
HLO-154,0,2026-09-11,6,-0.194,-0.305,-1.0
HLO-154,0,2026-09-12,6,-0.395,-1.292,0.5
HLO-154,0,2026-09-13,6,-0.255,-2.319,-0.5
HLO-154,0,2026-09-14,6,-0.255,-1.709,3.0
HLO-154,0,2026-09-15,6,-0.177,-0.756,1.5
HLO-154,0,2026-09-16,6,0.041,-0.778,2.0
HLO-154,0,2026-09-17,6,0.225,-3.119,-0.5
HLO-154,0,2026-09-18,6,-0.054,-0.882,0.5
HLO-154,0,2026-09-19,6,-0.194,-1.968,3.5
HLO-154,0,2026-09-20,5,0.225,0.077,0.0
HLO-154,0,2026-09-21,6,0.225,-1.77,2.5
HLO-154,0,2026-09-22,6,4.086,-4.696,1.5
HLO-154,0,2026-09-23,6,4.706,-4.477,8.0
HLO-154,0,2026-09-24,6,5.23,-7.923,11.5
HLO-154,0,2026-09-25,6,4.89,-4.857,-1.5
HLO-154,0,2026-09-26,6,5.509,-5.561,1.5
HLO-154,0,2026-09-27,6,4.706,-3.548,0.0
HLO-154,0,2026-09-28,5,6.129,-6.744,3.0
HLO-154,0,2026-09-29,6,6.269,-4.933,12.5
HLO-154,0,2026-09-30,6,7.709,-6.884,2.0
HLO-155,0,2026-09-02,6,-0.161,0.423,-2.0
HLO-155,0,2026-09-03,6,-0.484,-2.644,-1.5
HLO-155,0,2026-09-04,6,0.151,-3.018,0.0
HLO-155,0,2026-09-05,6,0.151,-1.234,0.0
HLO-155,0,2026-09-06,6,-0.624,-0.784,-1.0
HLO-155,0,2026-09-07,5,-0.216,-0.519,1.0
HLO-155,0,2026-09-08,6,-0.066,-3.338,0.5
HLO-155,0,2026-09-09,6,-0.216,-1.287,1.0
HLO-155,0,2026-09-10,6,-0.227,-2.626,-1.0
HLO-155,0,2026-09-11,6,-0.549,-3.1,0.5
HLO-155,0,2026-09-12,6,-0.861,-2.722,1.5
HLO-155,0,2026-09-13,6,-0.539,-2.677,1.0
HLO-155,0,2026-09-14,6,-0.367,-1.419,1.0
HLO-155,0,2026-09-15,6,-0.195,-1.979,1.0
HLO-155,0,2026-09-16,6,-0.195,-3.052,2.0
HLO-155,0,2026-09-17,6,-0.216,-2.142,0.5
HLO-155,0,2026-09-18,6,-0.549,-2.948,1.0
HLO-155,0,2026-09-19,6,-0.518,-1.615,1.0
HLO-155,0,2026-09-20,6,0.408,-1.384,1.5
HLO-155,0,2026-09-21,6,1.204,-2.138,4.0
HLO-155,0,2026-09-22,6,3.733,-4.093,-1.5
HLO-155,0,2026-09-23,6,4.658,-7.005,9.5
HLO-155,0,2026-09-24,6,5.777,-6.344,15.5
HLO-155,0,2026-09-25,6,4.497,-6.122,2.0
HLO-155,0,2026-09-26,6,5.142,-5.507,4.5
HLO-155,0,2026-09-27,6,4.518,-5.318,3.5
HLO-155,0,2026-09-28,5,6.562,-6.672,2.0
HLO-155,0,2026-09-29,6,5.927,-8.394,11.5
HLO-155,0,2026-09-30,6,7.025,-7.544,5.5
HLO-156,0,2026-09-02,6,0.828,1.068,1.0
HLO-156,0,2026-09-03,6,0.828,0.61,-0.5
HLO-156,0,2026-09-04,6,1.117,-0.466,-2.0
HLO-156,0,2026-09-05,6,1.738,-0.296,-2.0
HLO-156,0,2026-09-06,6,0.745,0.186,-1.0
HLO-156,0,2026-09-07,5,0.745,-0.417,-1.0
HLO-156,0,2026-09-08,6,0.333,-0.044,0.0
HLO-156,0,2026-09-09,6,0.333,-0.249,-1.0
HLO-156,0,2026-09-10,6,0.664,1.33,0.5
HLO-156,0,2026-09-11,6,0.747,0.64,-1.0
HLO-156,0,2026-09-12,6,0.292,0.173,1.0
HLO-156,0,2026-09-13,6,0.706,0.925,-0.5
HLO-156,0,2026-09-14,6,0.416,0.082,-0.5
HLO-156,0,2026-09-15,6,0.623,-0.22,0.0
HLO-156,0,2026-09-16,6,0.457,-1.763,0.0
HLO-156,0,2026-09-17,6,0.581,-0.232,0.0
HLO-156,0,2026-09-18,6,0.747,-0.255,1.0
HLO-156,0,2026-09-19,6,0.706,0.452,2.0
HLO-156,0,2026-09-20,6,0.995,-1.263,0.0
HLO-156,0,2026-09-21,6,0.747,0.498,2.5
HLO-156,0,2026-09-22,6,3.93,-6.742,-2.0
HLO-156,0,2026-09-23,6,4.344,-6.813,7.5
HLO-156,0,2026-09-24,6,5.999,-7.085,11.5
HLO-156,0,2026-09-25,6,4.757,-6.508,-0.5
HLO-156,0,2026-09-26,6,5.957,-8.314,4.5
HLO-156,0,2026-09-27,6,4.592,-6.343,3.0
HLO-156,0,2026-09-28,6,5.957,-9.818,3.5
HLO-156,0,2026-09-29,6,6.661,-9.372,8.0
HLO-156,0,2026-09-30,6,6.909,-6.549,5.0
HLO-157,0,2026-09-02,6,0.0,-0.227,-0.5
HLO-157,0,2026-09-03,6,-0.025,-3.621,0.5
HLO-157,0,2026-09-04,6,0.42,-2.038,-0.5
HLO-157,0,2026-09-05,6,0.766,-2.395,-0.5
HLO-157,0,2026-09-06,6,0.148,-2.377,-0.5
HLO-157,0,2026-09-07,5,0.074,-3.549,-0.5
HLO-157,0,2026-09-08,6,0.247,-1.866,1.0
HLO-157,0,2026-09-09,6,0.321,-1.247,1.0
HLO-157,0,2026-09-10,6,0.469,-1.563,-1.0
HLO-157,0,2026-09-11,6,-0.446,-0.474,-0.5
HLO-157,0,2026-09-12,6,-0.594,-1.37,2.0
HLO-157,0,2026-09-13,6,-0.371,-0.532,-0.5
HLO-157,0,2026-09-14,6,-0.371,-2.343,1.5
HLO-157,0,2026-09-15,6,0.271,-1.998,-0.0
HLO-157,0,2026-09-16,6,-0.001,-2.007,0.5
HLO-157,0,2026-09-17,6,0.074,-2.626,-0.0
HLO-157,0,2026-09-18,6,0.395,-2.684,0.5
HLO-157,0,2026-09-19,6,0.395,-0.877,2.5
HLO-157,0,2026-09-20,6,0.519,-2.205,1.0
HLO-157,0,2026-09-21,6,0.271,-2.688,4.5
HLO-157,0,2026-09-22,6,4.376,-7.065,2.0
HLO-157,0,2026-09-23,6,5.439,-7.564,7.0
HLO-157,0,2026-09-24,6,6.972,-7.332,14.5
HLO-157,0,2026-09-25,6,5.563,-7.107,2.0
HLO-157,0,2026-09-26,6,6.28,-6.093,3.5
HLO-157,0,2026-09-27,6,4.895,-8.0,3.0
HLO-157,0,2026-09-28,6,7.319,-7.946,3.0
HLO-157,0,2026-09-29,6,7.121,-8.911,11.5
HLO-157,0,2026-09-30,6,8.11,-8.527,6.5
HLO-169,0,2026-09-02,6,0.139,-1.891,-1.0
HLO-169,0,2026-09-03,6,0.353,1.95,-0.5
HLO-169,0,2026-09-04,6,0.556,0.142,-1.0
HLO-169,0,2026-09-05,6,0.695,0.121,-2.0
HLO-169,0,2026-09-06,6,0.631,0.247,0.0
HLO-169,0,2026-09-07,5,0.706,-1.402,1.0
HLO-169,0,2026-09-08,6,0.678,2.578,1.5
HLO-169,0,2026-09-09,6,0.348,2.763,0.5
HLO-169,0,2026-09-10,6,0.412,1.99,1.0
HLO-169,0,2026-09-11,6,-0.283,0.889,2.5
HLO-169,0,2026-09-12,6,-0.688,1.327,1.0
HLO-169,0,2026-09-13,6,-0.474,0.502,2.5
HLO-169,0,2026-09-14,6,-0.474,0.943,2.5
HLO-169,0,2026-09-15,6,-0.259,1.118,2.5
HLO-169,0,2026-09-16,6,-0.387,1.32,1.5
HLO-169,0,2026-09-17,6,-0.323,2.595,3.5
HLO-169,0,2026-09-18,6,0.007,3.12,2.0
HLO-169,0,2026-09-19,6,0.348,2.101,2.0
HLO-169,0,2026-09-20,5,0.348,0.349,0.0
HLO-169,0,2026-09-21,6,0.07,1.523,2.0
HLO-169,0,2026-09-22,6,4.172,-1.714,-1.0
HLO-169,0,2026-09-23,6,4.791,-1.848,8.0
HLO-169,0,2026-09-24,6,6.221,-3.591,14.0
HLO-169,0,2026-09-25,6,5.046,-1.632,-1.0
HLO-169,0,2026-09-26,6,5.463,-3.189,3.0
HLO-169,0,2026-09-27,6,4.716,-2.607,0.0
HLO-169,0,2026-09-28,5,6.018,-4.268,3.0
HLO-169,0,2026-09-29,6,6.284,-5.281,12.0
HLO-169,0,2026-09-30,6,7.534,-2.417,6.5
HLO-170,0,2026-09-02,6,-0.391,-1.879,-0.5
HLO-170,0,2026-09-03,6,-0.293,-1.646,-3.0
HLO-170,0,2026-09-04,6,0.588,-0.774,-1.0
HLO-170,0,2026-09-05,6,0.391,-0.556,0.0
HLO-170,0,2026-09-06,6,0.293,-2.206,0.5
HLO-170,0,2026-09-07,5,0.475,-1.87,-0.5
HLO-170,0,2026-09-08,6,0.18,-0.743,2.0
HLO-170,0,2026-09-09,6,-0.015,-1.853,0.0
HLO-170,0,2026-09-10,6,-0.41,0.328,0.5
HLO-170,0,2026-09-11,6,-0.603,-1.94,1.0
HLO-170,0,2026-09-12,6,-0.998,-3.486,1.0
HLO-170,0,2026-09-13,6,-0.605,-2.2,2.0
HLO-170,0,2026-09-14,6,-1.0,-1.176,1.5
HLO-170,0,2026-09-15,6,-0.314,-2.114,0.5
HLO-170,0,2026-09-16,6,-0.51,-2.005,0.0
HLO-170,0,2026-09-17,6,-0.314,-1.246,0.5
HLO-170,0,2026-09-18,6,-0.213,-1.788,0.0
HLO-170,0,2026-09-19,6,-0.31,-3.124,2.0
HLO-170,0,2026-09-20,5,0.08,-1.131,0.5
HLO-170,0,2026-09-21,6,-0.408,-3.146,2.0
HLO-170,0,2026-09-22,6,3.929,-4.741,-0.5
HLO-170,0,2026-09-23,6,4.91,-4.449,6.0
HLO-170,0,2026-09-24,6,5.598,-5.822,15.0
HLO-170,0,2026-09-25,6,4.717,-5.16,1.5
HLO-170,0,2026-09-26,6,5.696,-4.286,6.0
HLO-170,0,2026-09-27,6,4.91,-5.066,0.5
HLO-170,0,2026-09-28,6,6.188,-5.275,-1.0
HLO-170,0,2026-09-29,6,6.483,-7.222,11.0
HLO-170,0,2026-09-30,6,7.757,-6.15,4.5
HLO-173,0,2026-09-02,6,-0.438,0.846,0.5
HLO-173,0,2026-09-03,6,-0.438,-0.414,-2.0
HLO-173,0,2026-09-04,6,0.288,-0.544,-3.0
HLO-173,0,2026-09-05,6,-0.196,-1.241,-0.5
HLO-173,0,2026-09-06,6,0.046,-0.451,-1.5
HLO-173,0,2026-09-07,5,0.428,1.101,0.5
HLO-173,0,2026-09-08,6,-0.122,-2.42,-0.5
HLO-173,0,2026-09-09,6,-0.271,-1.776,-0.5
HLO-173,0,2026-09-10,6,-0.225,-1.773,0.0
HLO-173,0,2026-09-11,6,-0.318,-2.827,-0.5
HLO-173,0,2026-09-12,6,-1.295,-1.324,-0.5
HLO-173,0,2026-09-13,6,-0.569,-1.166,-1.0
HLO-173,0,2026-09-14,6,-0.616,-0.877,-0.5
HLO-173,0,2026-09-15,6,-0.374,-2.483,0.5
HLO-173,0,2026-09-16,6,-0.523,-2.4,-1.0
HLO-173,0,2026-09-17,6,-0.467,-3.938,0.5
HLO-173,0,2026-09-18,6,-0.467,-3.054,-1.5
HLO-173,0,2026-09-19,6,-0.467,-2.027,0.0
HLO-173,0,2026-09-20,6,0.213,-2.222,-1.5
HLO-173,0,2026-09-21,6,-0.318,-4.498,2.5
HLO-173,0,2026-09-22,6,2.933,-6.747,-4.0
HLO-173,0,2026-09-23,6,3.222,-5.299,6.0
HLO-173,0,2026-09-24,6,4.004,-7.978,12.5
HLO-173,0,2026-09-25,6,3.278,-6.428,1.0
HLO-173,0,2026-09-26,6,3.864,-8.018,2.0
HLO-173,0,2026-09-27,6,2.98,-7.21,-0.5
HLO-173,0,2026-09-28,5,4.544,-9.107,5.5
HLO-173,0,2026-09-29,6,4.925,-8.333,13.0
HLO-173,0,2026-09-30,6,5.465,-8.66,2.5
HLO-174,0,2026-09-02,6,-0.062,0.271,-1.0
HLO-174,0,2026-09-03,6,-0.448,1.111,-2.0
HLO-174,0,2026-09-04,6,0.595,-0.374,-2.5
HLO-174,0,2026-09-05,6,0.209,-0.89,0.0
HLO-174,0,2026-09-06,6,0.532,0.799,-1.0
HLO-174,0,2026-09-07,5,0.367,-0.276,0.0
HLO-174,0,2026-09-08,6,0.117,1.206,0.0
HLO-174,0,2026-09-09,6,0.242,-0.504,0.0
HLO-174,0,2026-09-10,6,0.117,0.43,0.5
HLO-174,0,2026-09-11,6,-0.279,-0.578,-1.0
HLO-174,0,2026-09-12,6,-0.738,-1.217,0.5
HLO-174,0,2026-09-13,6,-0.206,0.145,-0.5
HLO-174,0,2026-09-14,6,-0.467,-1.415,-1.0
HLO-174,0,2026-09-15,6,-0.467,-0.868,0.0
HLO-174,0,2026-09-16,6,-0.059,-0.116,-1.5
HLO-174,0,2026-09-17,6,-0.07,0.136,0.0
HLO-174,0,2026-09-18,6,0.055,-0.906,0.0
HLO-174,0,2026-09-19,6,0.242,-1.883,3.0
HLO-174,0,2026-09-20,6,-0.019,-1.061,1.0
HLO-174,0,2026-09-21,6,-0.217,-2.591,1.5
HLO-174,0,2026-09-22,6,3.316,-6.393,-1.5
HLO-174,0,2026-09-23,6,4.109,-4.967,7.5
HLO-174,0,2026-09-24,6,5.163,-5.128,15.0
HLO-174,0,2026-09-25,6,4.172,-6.19,2.0
HLO-174,0,2026-09-26,6,4.829,-4.931,2.5
HLO-174,0,2026-09-27,6,3.848,-5.632,1.5
HLO-174,0,2026-09-28,5,5.538,-6.848,2.0
HLO-174,0,2026-09-29,6,5.538,-8.06,13.5
HLO-174,0,2026-09-30,6,6.529,-7.787,3.0
HLO-181,0,2026-09-02,6,0.275,-1.223,-0.5
HLO-181,0,2026-09-03,6,0.0,-0.728,-0.5
HLO-181,0,2026-09-04,6,0.84,-1.507,0.0
HLO-181,0,2026-09-05,6,1.217,-1.075,1.0
HLO-181,0,2026-09-06,6,1.115,-1.354,0.5
HLO-181,0,2026-09-07,5,0.832,-1.997,2.5
HLO-181,0,2026-09-08,6,0.558,-1.821,3.5
HLO-181,0,2026-09-09,6,0.66,-2.563,2.5
HLO-181,0,2026-09-10,6,0.11,0.914,0.0
HLO-181,0,2026-09-11,6,0.299,-0.587,1.0
HLO-181,0,2026-09-12,6,-0.714,-0.135,2.5
HLO-181,0,2026-09-13,6,0.314,1.45,2.5
HLO-181,0,2026-09-14,6,0.04,1.714,2.5
HLO-181,0,2026-09-15,6,0.228,0.419,3.0
HLO-181,0,2026-09-16,6,0.228,-0.878,2.0
HLO-181,0,2026-09-17,6,0.071,-0.135,1.0
HLO-181,0,2026-09-18,6,0.126,0.725,2.0
HLO-181,0,2026-09-19,6,0.401,-0.316,3.0
HLO-181,0,2026-09-20,6,0.212,0.634,1.5
HLO-181,0,2026-09-21,6,0.471,-0.917,3.5
HLO-181,0,2026-09-22,6,3.658,-4.533,2.0
HLO-181,0,2026-09-23,6,4.309,-5.782,7.5
HLO-181,0,2026-09-24,6,5.22,-7.322,13.0
HLO-181,0,2026-09-25,6,4.671,-5.146,1.5
HLO-181,0,2026-09-26,6,5.204,-5.42,3.5
HLO-181,0,2026-09-27,6,4.223,-4.711,2.5
HLO-181,0,2026-09-28,5,5.306,-8.589,0.5
HLO-181,0,2026-09-29,6,5.817,-6.73,14.5
HLO-181,0,2026-09-30,6,7.088,-7.807,4.5
HLO-182,0,2026-09-02,6,0.054,-1.356,-0.5
HLO-182,0,2026-09-03,6,0.213,-1.863,0.5
HLO-182,0,2026-09-04,6,0.954,-1.42,-1.5
HLO-182,0,2026-09-05,6,0.9,-1.199,-1.5
HLO-182,0,2026-09-06,6,0.53,-0.396,-1.0
HLO-182,0,2026-09-07,5,0.892,-1.553,0.5
HLO-182,0,2026-09-08,6,0.416,-3.16,-0.5
HLO-182,0,2026-09-09,6,0.259,-1.744,-1.0
HLO-182,0,2026-09-10,6,0.414,-0.484,0.5
HLO-182,0,2026-09-11,6,-0.167,-2.664,1.0
HLO-182,0,2026-09-12,6,-0.381,-2.684,0.5
HLO-182,0,2026-09-13,6,-0.011,-0.354,0.0
HLO-182,0,2026-09-14,6,-0.381,-3.926,-0.5
HLO-182,0,2026-09-15,6,0.043,-2.426,0.5
HLO-182,0,2026-09-16,6,-0.329,-4.221,0.5
HLO-182,0,2026-09-17,6,-0.065,-2.102,-2.0
HLO-182,0,2026-09-18,6,0.097,-1.991,0.0
HLO-182,0,2026-09-19,6,0.205,-5.36,1.0
HLO-182,0,2026-09-20,6,0.678,-0.769,-1.0
HLO-182,0,2026-09-21,6,0.311,-6.687,-1.5
HLO-182,0,2026-09-22,6,3.026,-5.216,-1.0
HLO-182,0,2026-09-23,6,3.663,-7.358,8.5
HLO-182,0,2026-09-24,6,4.563,-9.503,11.5
HLO-182,0,2026-09-25,6,3.717,-6.884,-2.5
HLO-182,0,2026-09-26,6,4.46,-10.155,0.5
HLO-182,0,2026-09-27,6,3.398,-8.251,0.5
HLO-182,0,2026-09-28,5,4.301,-8.101,3.5
HLO-182,0,2026-09-29,6,5.095,-7.596,10.0
HLO-182,0,2026-09-30,6,5.095,-11.177,3.0
HLO-189,0,2026-09-02,6,-0.378,0.586,-0.5
HLO-189,0,2026-09-03,5,-0.213,-3.024,-4.0
HLO-189,0,2026-09-04,6,0.445,1.52,-4.5
HLO-189,0,2026-09-05,6,0.319,-1.37,-6.5
HLO-189,0,2026-09-06,5,0.173,-0.079,-3.0
HLO-189,0,2026-09-07,5,-0.236,3.195,-2.0
HLO-189,0,2026-09-08,6,-0.837,3.586,-2.0
HLO-189,0,2026-09-09,4,-2.163,2.342,-2.0
HLO-189,0,2026-09-10,6,-1.911,0.677,0.0
HLO-189,0,2026-09-11,6,-2.434,3.767,-1.0
HLO-189,0,2026-09-12,6,-3.005,0.573,-2.0
HLO-189,0,2026-09-13,6,-2.792,1.178,1.5
HLO-189,0,2026-09-14,5,-3.044,0.561,0.0
HLO-189,0,2026-09-15,6,-3.276,-0.09,-0.5
HLO-189,0,2026-09-16,6,-2.493,0.207,-1.5
HLO-189,0,2026-09-17,6,-2.977,1.055,0.0
HLO-189,0,2026-09-18,6,-3.044,2.163,0.5
HLO-189,0,2026-09-19,6,-3.17,3.195,-0.5
HLO-189,0,2026-09-20,6,-3.025,3.424,1.0
HLO-189,0,2026-09-21,6,-3.654,1.266,3.0
HLO-189,0,2026-09-22,6,0.688,0.145,-1.0
HLO-189,0,2026-09-23,5,1.684,-1.028,3.0
HLO-189,0,2026-09-24,5,3.234,-0.734,7.0
HLO-189,0,2026-09-25,6,1.365,4.527,4.0
HLO-189,0,2026-09-26,5,2.266,2.949,-2.0
HLO-189,0,2026-09-27,5,1.393,0.453,-1.0
HLO-189,0,2026-09-28,4,3.253,-2.011,-3.0
HLO-189,0,2026-09-29,6,3.32,3.35,10.5
HLO-189,0,2026-09-30,5,4.201,3.556,6.0
HLO-191,0,2026-09-02,6,-0.064,-1.696,-3.5
HLO-191,0,2026-09-03,6,0.021,-2.203,-5.5
HLO-191,0,2026-09-04,6,0.309,1.407,-5.5
HLO-191,0,2026-09-05,6,0.851,-0.297,-3.5
HLO-191,0,2026-09-06,6,0.617,1.572,0.5
HLO-191,0,2026-09-07,5,0.831,2.832,0.5
HLO-191,0,2026-09-08,6,0.661,2.594,-3.5
HLO-191,0,2026-09-09,6,-0.317,2.427,-4.0
HLO-191,0,2026-09-10,6,-0.105,5.815,1.0
HLO-191,0,2026-09-11,6,-0.423,0.89,-1.5
HLO-191,0,2026-09-12,6,-1.071,2.541,-2.5
HLO-191,0,2026-09-13,6,-0.466,2.456,1.0
HLO-191,0,2026-09-14,6,-0.572,0.636,-2.0
HLO-191,0,2026-09-15,6,-0.178,0.619,-4.5
HLO-191,0,2026-09-16,6,-0.39,2.463,-1.0
HLO-191,0,2026-09-17,6,-0.497,1.508,-2.5
HLO-191,0,2026-09-18,6,0.055,1.725,-5.0
HLO-191,0,2026-09-19,6,0.034,3.866,-2.5
HLO-191,0,2026-09-20,6,0.013,2.927,-2.0
HLO-191,0,2026-09-21,6,-0.136,5.934,-0.0
HLO-191,0,2026-09-22,6,3.773,-0.237,-3.0
HLO-191,0,2026-09-23,6,5.665,1.79,3.0
HLO-191,0,2026-09-24,6,6.271,0.778,6.5
HLO-191,0,2026-09-25,6,5.399,1.01,0.5
HLO-191,0,2026-09-26,4,4.772,4.642,4.5
HLO-191,0,2026-09-27,5,4.4,2.206,-2.5
HLO-191,0,2026-09-28,5,7.057,1.458,-1.5
HLO-191,0,2026-09-29,6,6.377,2.364,11.0
HLO-191,0,2026-09-30,6,8.184,1.886,2.5
HLO-206,0,2026-09-02,6,-0.226,0.47,-1.5
HLO-206,0,2026-09-03,6,-0.113,0.699,-1.5
HLO-206,0,2026-09-04,6,0.408,-0.016,-1.0
HLO-206,0,2026-09-05,6,0.408,-0.743,-2.5
HLO-206,0,2026-09-06,6,0.182,0.017,1.5
HLO-206,0,2026-09-07,5,0.502,-0.129,2.5
HLO-206,0,2026-09-08,6,0.276,0.182,2.0
HLO-206,0,2026-09-09,6,0.276,-0.714,-1.0
HLO-206,0,2026-09-10,6,-0.324,-1.043,-0.5
HLO-206,0,2026-09-11,6,-0.437,-0.701,2.0
HLO-206,0,2026-09-12,6,-0.55,-0.337,3.5
HLO-206,0,2026-09-13,6,0.084,0.699,3.0
HLO-206,0,2026-09-14,6,0.006,1.386,3.5
HLO-206,0,2026-09-15,6,-0.255,-0.67,1.5
HLO-206,0,2026-09-16,6,0.493,-1.311,1.5
HLO-206,0,2026-09-17,6,0.084,0.268,3.5
HLO-206,0,2026-09-18,6,0.572,1.465,2.0
HLO-206,0,2026-09-19,6,0.311,1.484,2.5
HLO-206,0,2026-09-20,6,0.685,0.822,1.5
HLO-206,0,2026-09-21,6,0.911,-0.407,4.0
HLO-206,0,2026-09-22,6,5.332,-2.56,0.0
HLO-206,0,2026-09-23,6,6.341,-3.131,6.5
HLO-206,0,2026-09-24,6,7.915,-2.083,14.5
HLO-206,0,2026-09-25,6,6.533,-1.277,2.5
HLO-206,0,2026-09-26,6,7.394,-2.31,4.0
HLO-206,0,2026-09-27,6,6.08,-1.728,1.0
HLO-206,0,2026-09-28,5,7.881,-2.976,-0.5
HLO-206,0,2026-09-29,6,8.368,-2.769,10.0
HLO-206,0,2026-09-30,5,10.35,-2.508,5.5
HLO-207,0,2026-09-02,6,-0.0,-0.38,-1.0
HLO-207,0,2026-09-03,6,0.33,0.336,-2.0
HLO-207,0,2026-09-04,6,0.905,-0.183,-2.0
HLO-207,0,2026-09-05,6,0.578,0.414,-3.0
HLO-207,0,2026-09-06,6,0.497,-0.436,-3.0
HLO-207,0,2026-09-07,5,0.836,0.611,-1.0
HLO-207,0,2026-09-08,6,0.591,0.06,-0.5
HLO-207,0,2026-09-09,6,0.428,-0.498,-2.0
HLO-207,0,2026-09-10,6,0.428,-0.245,-1.0
HLO-207,0,2026-09-11,6,0.18,-1.59,-1.5
HLO-207,0,2026-09-12,6,-0.065,-1.582,-0.5
HLO-207,0,2026-09-13,6,0.02,-0.862,-1.5
HLO-207,0,2026-09-14,6,-0.144,-0.097,0.0
HLO-207,0,2026-09-15,6,-0.062,-0.503,-1.0
HLO-207,0,2026-09-16,6,0.353,-0.13,0.5
HLO-207,0,2026-09-17,6,0.349,-0.972,-1.5
HLO-207,0,2026-09-18,6,0.428,-0.296,-1.5
HLO-207,0,2026-09-19,6,0.428,-1.309,-1.5
HLO-207,0,2026-09-20,6,0.594,-0.494,-3.0
HLO-207,0,2026-09-21,6,0.513,-0.081,1.0
HLO-207,0,2026-09-22,6,5.09,-1.95,0.0
HLO-207,0,2026-09-23,6,6.076,-2.655,6.0
HLO-207,0,2026-09-24,6,7.308,-2.067,13.0
HLO-207,0,2026-09-25,6,5.658,-2.68,-1.5
HLO-207,0,2026-09-26,6,6.566,-2.851,0.5
HLO-207,0,2026-09-27,6,5.665,-3.562,-1.5
HLO-207,0,2026-09-28,5,6.893,-4.67,-2.0
HLO-207,0,2026-09-29,6,7.141,-3.546,9.0
HLO-207,0,2026-09-30,5,8.703,-2.915,4.0
HLO-208,0,2026-09-02,6,-0.0,-0.267,-1.0
HLO-208,0,2026-09-03,6,0.151,-2.761,-2.0
HLO-208,0,2026-09-04,6,0.948,-2.089,0.0
HLO-208,0,2026-09-05,6,0.424,-1.811,-1.0
HLO-208,0,2026-09-06,6,0.449,-1.88,1.0
HLO-208,0,2026-09-07,5,0.05,-2.508,0.5
HLO-208,0,2026-09-08,6,0.394,-1.148,1.5
HLO-208,0,2026-09-09,6,0.168,-0.352,2.0
HLO-208,0,2026-09-10,6,0.294,-2.938,1.0
HLO-208,0,2026-09-11,6,-0.655,-2.776,-0.5
HLO-208,0,2026-09-12,6,-0.256,-2.013,1.0
HLO-208,0,2026-09-13,6,0.168,-2.402,0.0
HLO-208,0,2026-09-14,6,0.017,-1.456,0.0
HLO-208,0,2026-09-15,6,0.092,-2.065,1.5
HLO-208,0,2026-09-16,6,-0.483,-1.452,1.0
HLO-208,0,2026-09-17,6,0.017,-1.281,1.0
HLO-208,0,2026-09-18,6,0.294,-3.199,0.0
HLO-208,0,2026-09-19,6,0.243,-1.649,-0.5
HLO-208,0,2026-09-20,6,0.243,-2.381,-2.0
HLO-208,0,2026-09-21,6,0.717,-1.595,0.5
HLO-208,0,2026-09-22,6,4.499,-4.383,-3.0
HLO-208,0,2026-09-23,6,4.922,-4.312,7.0
HLO-208,0,2026-09-24,6,6.819,-3.532,10.0
HLO-208,0,2026-09-25,6,4.948,-3.78,1.5
HLO-208,0,2026-09-26,6,6.047,-4.959,0.5
HLO-208,0,2026-09-27,6,4.948,-5.375,1.0
HLO-208,0,2026-09-28,5,6.546,-5.709,-1.5
HLO-208,0,2026-09-29,6,6.446,-5.651,6.0
HLO-208,0,2026-09-30,6,7.969,-5.862,1.0
HLO-209,0,2026-09-02,6,-0.081,-0.824,-1.0
HLO-209,0,2026-09-03,6,-0.135,-2.479,-1.5
HLO-209,0,2026-09-04,6,0.472,-2.793,-1.0
HLO-209,0,2026-09-05,6,0.553,-1.454,0.0
HLO-209,0,2026-09-06,6,0.553,-2.134,0.0
HLO-209,0,2026-09-07,5,0.513,-2.863,-1.0
HLO-209,0,2026-09-08,6,0.203,-1.537,0.5
HLO-209,0,2026-09-09,6,0.149,-2.3,1.0
HLO-209,0,2026-09-10,6,0.149,-4.007,-1.0
HLO-209,0,2026-09-11,6,0.176,-3.058,-0.5
HLO-209,0,2026-09-12,6,-0.323,-3.31,0.0
HLO-209,0,2026-09-13,6,0.284,-2.671,-0.5
HLO-209,0,2026-09-14,6,-0.161,-2.319,0.0
HLO-209,0,2026-09-15,6,-0.107,-2.59,-1.0
HLO-209,0,2026-09-16,6,-0.026,-2.864,0.0
HLO-209,0,2026-09-17,6,0.419,-2.254,-1.5
HLO-209,0,2026-09-18,6,0.73,-2.865,-1.0
HLO-209,0,2026-09-19,6,0.702,-2.456,0.5
HLO-209,0,2026-09-20,6,0.648,-3.452,-2.0
HLO-209,0,2026-09-21,6,0.757,-3.059,1.0
HLO-209,0,2026-09-22,6,4.979,-6.227,-2.0
HLO-209,0,2026-09-23,6,5.748,-4.896,8.5
HLO-209,0,2026-09-24,6,7.529,-5.661,13.0
HLO-209,0,2026-09-25,6,6.031,-3.782,2.0
HLO-209,0,2026-09-26,6,7.003,-6.079,-0.5
HLO-209,0,2026-09-27,6,5.559,-6.246,2.0
HLO-209,0,2026-09-28,5,8.311,-6.876,2.0
HLO-209,0,2026-09-29,6,7.556,-5.381,12.0
HLO-209,0,2026-09-30,6,9.445,-5.96,5.0
HLO-231,0,2026-09-02,6,0.152,-1.689,-1.0
HLO-231,0,2026-09-03,6,-0.204,2.138,-2.0
HLO-231,0,2026-09-04,6,0.628,0.795,2.5
HLO-231,0,2026-09-05,6,0.08,0.248,2.5
HLO-231,0,2026-09-06,6,0.304,2.271,0.5
HLO-231,0,2026-09-07,5,-0.095,-0.427,0.5
HLO-231,0,2026-09-08,6,-0.227,0.594,1.5
HLO-231,0,2026-09-09,4,-1.14,1.528,0.0
HLO-231,0,2026-09-10,6,-1.14,0.135,4.5
HLO-231,0,2026-09-11,6,-1.728,1.869,-1.5
HLO-231,0,2026-09-12,6,-2.265,0.909,2.0
HLO-231,0,2026-09-13,6,-1.576,0.756,1.0
HLO-231,0,2026-09-14,6,-3.057,1.929,5.0
HLO-231,0,2026-09-15,6,-2.276,0.544,2.0
HLO-231,0,2026-09-16,6,-1.76,2.367,2.0
HLO-231,0,2026-09-17,6,-2.428,2.284,4.0
HLO-231,0,2026-09-18,6,-2.741,-0.236,6.0
HLO-231,0,2026-09-19,6,-2.092,0.822,1.5
HLO-231,0,2026-09-20,6,-1.94,3.866,2.5
HLO-231,0,2026-09-21,6,-2.985,4.004,7.0
HLO-231,0,2026-09-22,6,2.037,0.606,0.0
HLO-231,0,2026-09-23,6,2.758,1.655,12.0
HLO-231,0,2026-09-24,6,4.095,4.276,14.0
HLO-231,0,2026-09-25,6,2.637,0.896,8.5
HLO-231,0,2026-09-26,6,3.538,1.26,4.5
HLO-231,0,2026-09-27,6,1.805,3.798,7.5
HLO-231,0,2026-09-28,6,4.359,5.309,5.5
HLO-231,0,2026-09-29,6,4.075,1.605,11.5
HLO-231,0,2026-09-30,5,4.835,-1.65,11.5
HLO-239,0,2026-09-05,4,1.05,-2.439,3.5
HLO-239,0,2026-09-08,6,2.251,-6.108,-0.5
HLO-239,1,2026-09-18,4,-0.403,-57.712,8.5
HLO-239,1,2026-09-20,4,1.902,-57.178,-1.0
HLO-239,1,2026-09-21,5,-0.459,-60.881,2.5
HLO-239,2,2026-09-23,5,1.541,3.179,0.5
HLO-239,2,2026-09-24,4,1.826,11.238,7.0
HLO-239,2,2026-09-25,5,0.77,12.837,-4.5
HLO-239,2,2026-09-26,4,2.864,9.657,-7.5
HLO-239,2,2026-09-27,4,0.726,12.345,-2.0
HLO-239,2,2026-09-28,4,3.087,5.849,2.5
HLO-239,2,2026-09-29,5,4.187,3.118,9.5
HLO-239,2,2026-09-30,6,5.789,10.427,-1.5
HLO-240,0,2026-09-02,6,-0.019,-0.262,-2.0
HLO-240,0,2026-09-03,6,-0.019,-0.779,-2.0
HLO-240,0,2026-09-04,6,0.506,-0.841,1.5
HLO-240,0,2026-09-05,6,0.117,-1.341,2.0
HLO-240,0,2026-09-06,6,0.428,1.149,0.5
HLO-240,0,2026-09-07,5,0.486,0.197,2.5
HLO-240,0,2026-09-08,6,0.292,2.926,-1.5
HLO-240,0,2026-09-09,4,-0.33,0.48,-2.0
HLO-240,0,2026-09-10,6,-0.447,-0.454,1.5
HLO-240,0,2026-09-11,6,-0.933,2.91,-0.5
HLO-240,0,2026-09-12,6,-1.264,0.152,-2.0
HLO-240,0,2026-09-13,6,-1.011,0.466,0.5
HLO-240,0,2026-09-14,6,-1.206,1.015,0.5
HLO-240,0,2026-09-15,6,-0.836,1.604,0.5
HLO-240,0,2026-09-16,6,-0.797,3.516,3.0
HLO-240,0,2026-09-17,6,-1.206,1.913,6.5
HLO-240,0,2026-09-18,6,-0.856,4.036,1.5
HLO-240,0,2026-09-19,6,-0.875,3.107,3.5
HLO-240,0,2026-09-20,6,-0.856,5.585,3.0
HLO-240,0,2026-09-21,6,-0.875,3.794,7.0
HLO-240,0,2026-09-22,6,4.317,0.935,0.5
HLO-240,0,2026-09-23,6,4.823,-1.02,7.0
HLO-240,0,2026-09-24,6,6.632,1.779,15.0
HLO-240,0,2026-09-25,6,4.629,-0.457,5.5
HLO-240,0,2026-09-26,6,5.932,-2.511,5.5
HLO-240,0,2026-09-27,6,3.326,-1.012,5.5
HLO-240,0,2026-09-28,5,6.476,1.204,7.5
HLO-240,0,2026-09-29,6,6.709,-0.519,11.0
HLO-240,0,2026-09-30,5,8.382,-3.638,11.5
HLO-243,0,2026-09-02,6,-0.188,-1.18,-2.0
HLO-243,0,2026-09-03,6,0.075,-4.706,-5.5
HLO-243,0,2026-09-04,6,0.574,-5.402,-2.5
HLO-243,0,2026-09-05,5,0.188,-4.404,-0.0
HLO-243,0,2026-09-06,6,1.148,-3.584,-4.0
HLO-243,0,2026-09-07,5,1.411,-3.971,-3.0
HLO-243,0,2026-09-08,6,0.405,-1.036,-2.0
HLO-243,0,2026-09-09,4,-0.828,-1.87,1.0
HLO-243,0,2026-09-10,6,-0.705,-5.074,-2.0
HLO-243,0,2026-09-11,6,-0.79,-4.449,-2.0
HLO-243,0,2026-09-12,6,-1.975,-2.652,0.5
HLO-243,0,2026-09-13,6,-0.677,-1.945,-2.5
HLO-243,0,2026-09-14,6,-1.646,-5.43,2.0
HLO-243,0,2026-09-15,6,-1.336,-6.158,-1.0
HLO-243,0,2026-09-16,5,-0.884,-7.721,-9.0
HLO-243,0,2026-09-17,5,-1.787,-5.23,2.0
HLO-243,0,2026-09-18,6,-0.668,-5.99,2.5
HLO-243,0,2026-09-19,6,-0.63,-6.37,2.0
HLO-243,0,2026-09-20,6,0.019,-6.349,1.5
HLO-243,0,2026-09-21,5,-0.715,-3.969,2.0
HLO-243,1,2026-09-22,6,0.075,12.263,1.5
HLO-243,1,2026-09-23,6,1.223,9.938,5.5
HLO-243,1,2026-09-24,5,0.64,15.742,15.5
HLO-243,1,2026-09-25,5,0.884,10.783,-3.5
HLO-243,1,2026-09-26,6,1.543,13.021,4.5
HLO-243,1,2026-09-27,5,0.263,6.434,3.5
HLO-243,1,2026-09-28,5,1.881,6.797,-1.5
HLO-243,1,2026-09-29,5,1.806,7.285,16.5
HLO-243,1,2026-09-30,6,2.879,8.757,9.5
HLO-248,0,2026-09-02,6,-0.433,-1.19,0.0
HLO-248,0,2026-09-03,6,-0.388,-4.481,-1.5
HLO-248,0,2026-09-04,6,0.067,-3.258,-2.0
HLO-248,0,2026-09-05,6,-0.41,-3.782,-3.0
HLO-248,0,2026-09-06,6,-0.022,-3.132,-1.0
HLO-248,0,2026-09-07,5,0.089,-4.531,-1.5
HLO-248,0,2026-09-08,6,0.486,-4.623,0.5
HLO-248,0,2026-09-09,6,-0.058,-5.076,1.0
HLO-248,0,2026-09-10,6,-0.535,-4.826,0.0
HLO-248,0,2026-09-11,6,-0.446,-7.092,1.0
HLO-248,0,2026-09-12,6,-1.034,-6.26,0.5
HLO-248,0,2026-09-13,6,-0.58,-5.83,0.5
HLO-248,0,2026-09-14,6,-0.602,-6.404,1.5
HLO-248,0,2026-09-15,6,-0.602,-7.452,1.5
HLO-248,0,2026-09-16,6,-0.191,-7.13,0.0
HLO-248,0,2026-09-17,6,-0.191,-6.245,0.5
HLO-248,0,2026-09-18,6,-0.191,-6.381,2.5
HLO-248,0,2026-09-19,5,-0.49,-1.207,-0.5
HLO-248,0,2026-09-20,6,0.13,-3.913,-2.5
HLO-248,0,2026-09-21,6,-0.258,-1.419,2.5
HLO-248,0,2026-09-22,6,4.652,-5.477,2.0
HLO-248,0,2026-09-23,6,5.539,-7.222,6.5
HLO-248,0,2026-09-24,6,6.551,-9.486,13.5
HLO-248,0,2026-09-25,5,4.754,-6.398,-1.5
HLO-248,0,2026-09-26,6,6.163,-6.049,1.0
HLO-248,0,2026-09-27,5,4.576,-8.247,-1.5
HLO-248,0,2026-09-28,4,6.574,-7.326,-3.0
HLO-248,0,2026-09-29,6,7.064,-14.869,11.5
HLO-248,0,2026-09-30,6,8.817,-8.076,11.0
HLO-249,0,2026-09-02,5,0.225,-0.222,-0.5
HLO-249,0,2026-09-03,6,0.461,0.746,-0.5
HLO-249,0,2026-09-04,5,0.847,-1.004,-0.5
HLO-249,0,2026-09-05,5,0.15,-1.745,0.5
HLO-249,0,2026-09-06,5,1.147,-3.064,-0.5
HLO-249,0,2026-09-07,4,0.933,-0.486,2.5
HLO-249,0,2026-09-08,5,0.172,-1.951,2.5
HLO-249,0,2026-09-09,6,-0.327,-3.842,1.5
HLO-249,0,2026-09-10,4,-0.016,-1.56,0.5
HLO-249,0,2026-09-11,6,-0.675,-3.926,1.5
HLO-249,0,2026-09-12,6,-0.901,-3.121,0.5
HLO-249,0,2026-09-13,6,-0.836,-5.058,1.0
HLO-249,0,2026-09-14,5,-1.126,-5.238,0.5
HLO-249,0,2026-09-15,6,-0.874,-7.271,-1.5
HLO-249,0,2026-09-17,5,-0.557,-2.564,4.5
HLO-249,0,2026-09-18,6,-0.477,-4.223,1.0
HLO-249,0,2026-09-19,6,-0.563,-7.901,1.0
HLO-249,0,2026-09-20,6,-0.289,-3.602,0.0
HLO-249,0,2026-09-21,6,-0.364,-4.577,-1.5
HLO-249,0,2026-09-22,6,3.892,-7.307,-1.5
HLO-249,0,2026-09-23,6,5.152,-8.309,5.5
HLO-249,0,2026-09-24,6,5.962,-8.152,14.0
HLO-249,0,2026-09-25,6,4.927,-7.614,1.0
HLO-249,0,2026-09-26,6,5.688,-8.511,3.0
HLO-249,0,2026-09-27,5,4.664,-9.861,5.5
HLO-249,0,2026-09-29,5,6.809,-7.864,15.5
HLO-249,0,2026-09-30,4,7.345,-13.477,9.5
HLO-251,0,2026-09-02,6,0.095,3.326,0.0
HLO-251,0,2026-09-03,6,0.301,-0.276,3.0
HLO-251,0,2026-09-04,6,1.14,2.852,-1.5
HLO-251,0,2026-09-05,6,1.821,2.165,-5.5
HLO-251,0,2026-09-06,5,1.647,3.488,-1.0
HLO-251,0,2026-09-07,5,1.521,2.356,-1.0
HLO-251,0,2026-09-08,6,0.445,-1.832,0.0
HLO-251,0,2026-09-09,4,0.92,-2.641,-7.5
HLO-251,0,2026-09-10,5,-0.094,2.02,-5.0
HLO-251,0,2026-09-11,5,-0.569,-7.019,-2.0
HLO-251,0,2026-09-12,6,-1.297,-7.188,-2.0
HLO-251,0,2026-09-13,5,-0.284,-15.401,-4.0
HLO-251,0,2026-09-14,6,-1.06,-8.172,2.0
HLO-251,0,2026-09-15,6,-0.584,-10.378,0.5
HLO-251,0,2026-09-16,6,-0.046,-9.112,-1.0
HLO-251,0,2026-09-17,5,-0.568,-1.347,4.0
HLO-251,0,2026-09-18,6,-0.062,-4.284,2.0
HLO-251,0,2026-09-19,6,0.255,-7.581,-3.0
HLO-251,0,2026-09-20,5,0.92,-6.707,-5.0
HLO-251,0,2026-09-21,5,-0.411,-6.555,3.0
HLO-251,1,2026-09-22,6,-0.475,10.838,1.5
HLO-251,1,2026-09-23,5,0.681,10.794,8.5
HLO-251,1,2026-09-24,5,2.676,5.149,3.5
HLO-251,1,2026-09-25,6,0.443,10.655,1.0
HLO-251,1,2026-09-26,5,0.903,14.844,-1.5
HLO-251,1,2026-09-27,5,0.871,7.579,-1.5
HLO-251,1,2026-09-28,5,2.423,3.56,-3.5
HLO-251,1,2026-09-29,5,3.088,4.363,3.5
HLO-251,1,2026-09-30,6,3.151,12.11,3.5
HLO-253,0,2026-09-02,4,-0.053,-1.451,0.0
HLO-253,0,2026-09-03,5,1.735,-1.871,-3.5
HLO-253,0,2026-09-04,5,1.206,-7.636,-2.5
HLO-253,0,2026-09-05,5,0.847,-6.153,1.5
HLO-253,0,2026-09-12,4,-1.721,-2.943,5.0
HLO-253,0,2026-09-18,4,-0.568,2.531,2.0
HLO-253,0,2026-09-19,4,-0.102,-0.544,2.5
HLO-253,0,2026-09-21,5,0.215,-0.189,4.5
HLO-253,0,2026-09-24,4,6.019,3.543,10.0
HLO-253,0,2026-09-30,4,7.965,-3.409,5.0
HLO-254,0,2026-09-02,6,0.693,2.588,-1.5
HLO-254,0,2026-09-03,6,1.359,6.407,-4.0
HLO-254,0,2026-09-04,6,2.219,1.44,-3.5
HLO-254,0,2026-09-05,5,1.691,3.386,-3.5
HLO-254,0,2026-09-06,6,1.746,4.187,-8.0
HLO-254,0,2026-09-07,5,1.08,0.945,-3.5
HLO-254,0,2026-09-08,6,1.051,1.273,-2.5
HLO-254,0,2026-09-09,4,-0.03,-0.53,-0.5
HLO-254,0,2026-09-10,6,0.219,4.593,-1.5
HLO-254,0,2026-09-11,6,-0.28,5.295,0.0
HLO-254,0,2026-09-12,6,-0.557,1.858,1.0
HLO-254,0,2026-09-13,6,-0.003,-2.106,-0.5
HLO-254,0,2026-09-14,6,-0.114,-0.76,0.0
HLO-254,0,2026-09-15,6,-0.031,-3.35,-2.5
HLO-254,0,2026-09-16,5,0.303,-2.847,-6.5
HLO-254,0,2026-09-17,5,-0.863,3.203,0.5
HLO-254,0,2026-09-18,6,0.663,-2.246,2.5
HLO-254,0,2026-09-19,6,0.691,-4.975,0.5
HLO-254,0,2026-09-20,6,1.356,-3.182,-1.0
HLO-254,0,2026-09-21,5,0.524,-0.74,0.5
HLO-254,1,2026-09-22,6,0.166,12.266,0.0
HLO-254,1,2026-09-23,6,1.192,12.899,8.0
HLO-254,1,2026-09-24,6,1.913,15.879,14.0
HLO-254,1,2026-09-25,5,1.72,14.192,3.0
HLO-254,1,2026-09-26,6,2.108,16.21,3.5
HLO-254,1,2026-09-27,5,0.499,12.126,2.0
HLO-254,1,2026-09-28,5,2.829,10.577,5.0
HLO-254,1,2026-09-29,5,3.661,10.479,3.0
HLO-254,1,2026-09-30,6,4.576,15.349,6.0
HLO-255,0,2026-09-02,6,0.149,5.242,-4.0
HLO-255,0,2026-09-03,6,1.131,0.67,-8.5
HLO-255,0,2026-09-04,6,1.925,3.863,-4.5
HLO-255,0,2026-09-05,6,1.756,3.747,-7.0
HLO-255,0,2026-09-06,6,2.356,1.937,-7.0
HLO-255,0,2026-09-07,5,1.712,1.128,-5.5
HLO-255,0,2026-09-08,6,0.607,-0.83,-1.0
HLO-255,0,2026-09-09,6,1.291,-2.944,-5.0
HLO-255,0,2026-09-10,6,0.74,1.387,-4.5
HLO-255,0,2026-09-11,6,-0.053,2.23,-5.0
HLO-255,0,2026-09-12,5,-1.055,-0.469,-0.5
HLO-255,0,2026-09-13,6,-0.415,2.161,-2.5
HLO-255,0,2026-09-14,6,-0.678,-1.792,-0.0
HLO-255,0,2026-09-15,6,-0.281,-1.672,-3.0
HLO-255,0,2026-09-16,6,0.131,-0.213,-2.5
HLO-255,0,2026-09-17,6,0.002,-0.221,-5.0
HLO-255,0,2026-09-18,6,-0.167,-0.359,-3.0
HLO-255,0,2026-09-19,6,0.135,-1.74,-4.5
HLO-255,0,2026-09-20,5,0.76,0.0,-7.5
HLO-255,0,2026-09-21,5,0.116,-1.617,-1.5
HLO-255,1,2026-09-22,6,0.397,12.339,0.0
HLO-255,1,2026-09-23,5,1.359,6.543,7.0
HLO-255,1,2026-09-24,6,1.681,11.976,16.5
HLO-255,1,2026-09-25,6,1.513,13.115,-1.0
HLO-255,1,2026-09-26,5,0.943,11.548,7.0
HLO-255,1,2026-09-27,5,-0.189,8.657,1.0
HLO-255,1,2026-09-28,5,2.797,7.282,4.0
HLO-255,1,2026-09-29,5,2.758,8.088,17.0
HLO-255,1,2026-09-30,6,3.948,5.413,5.5
HLO-256,0,2026-09-02,6,1.002,1.206,0.0
HLO-256,0,2026-09-03,6,1.292,1.102,-8.5
HLO-256,0,2026-09-04,6,2.004,2.12,-5.0
HLO-256,0,2026-09-05,6,2.016,4.845,-8.0
HLO-256,0,2026-09-06,6,2.451,5.495,-9.5
HLO-256,0,2026-09-07,5,1.403,2.179,-0.5
HLO-256,0,2026-09-08,6,0.716,2.364,-0.5
HLO-256,0,2026-09-09,4,0.644,0.134,-1.0
HLO-256,0,2026-09-10,6,0.524,-1.436,-4.5
HLO-256,0,2026-09-11,6,-0.973,1.611,-4.0
HLO-256,0,2026-09-12,6,-1.033,2.9,-1.0
HLO-256,0,2026-09-13,6,-0.381,3.027,-5.5
HLO-256,0,2026-09-14,6,-0.658,0.283,-3.5
HLO-256,0,2026-09-15,6,0.319,-0.71,-7.0
HLO-256,0,2026-09-16,6,-0.501,1.056,-7.5
HLO-256,0,2026-09-17,5,-0.816,0.637,-8.5
HLO-256,0,2026-09-18,6,0.186,2.996,-5.5
HLO-256,0,2026-09-19,6,-0.611,1.024,-3.5
HLO-256,0,2026-09-20,6,0.656,-0.564,-10.5
HLO-256,0,2026-09-21,5,0.029,1.229,-7.5
HLO-256,1,2026-09-22,6,0.507,11.685,-0.0
HLO-256,1,2026-09-23,5,1.569,11.628,-1.0
HLO-256,1,2026-09-24,6,2.149,16.249,12.0
HLO-256,1,2026-09-25,6,0.797,15.781,1.5
HLO-256,1,2026-09-26,6,0.7,12.135,2.0
HLO-256,1,2026-09-27,5,-1.254,11.796,5.0
HLO-256,1,2026-09-28,5,2.558,6.262,1.0
HLO-256,1,2026-09-29,5,2.099,11.908,13.0
HLO-256,1,2026-09-30,6,2.776,11.482,7.5
HLO-257,0,2026-09-02,6,-0.544,-1.129,5.0
HLO-257,0,2026-09-03,6,-0.047,2.865,1.5
HLO-257,0,2026-09-04,6,1.34,-1.783,1.0
HLO-257,0,2026-09-05,6,1.35,1.417,-3.0
HLO-257,0,2026-09-06,6,0.731,-0.585,2.5
HLO-257,0,2026-09-07,5,0.637,3.101,1.0
HLO-257,0,2026-09-08,5,0.806,-3.3,2.0
HLO-257,0,2026-09-09,4,-0.75,-4.766,0.5
HLO-257,0,2026-09-10,6,-0.366,-7.502,4.5
HLO-257,0,2026-09-11,6,-1.247,-4.832,2.0
HLO-257,0,2026-09-12,6,-1.744,-5.467,3.5
HLO-257,0,2026-09-13,6,-0.685,-7.219,1.5
HLO-257,0,2026-09-14,6,-1.5,-4.496,2.5
HLO-257,0,2026-09-15,6,-0.45,-5.267,0.0
HLO-257,0,2026-09-16,6,-0.835,-5.269,-2.5
HLO-257,0,2026-09-17,5,-0.169,-7.566,-5.0
HLO-257,0,2026-09-18,6,-1.35,-4.962,-2.0
HLO-257,0,2026-09-19,6,-0.132,-3.496,3.5
HLO-257,0,2026-09-20,5,-1.069,-1.779,0.0
HLO-257,0,2026-09-21,5,-1.95,1.06,-2.0
HLO-257,1,2026-09-22,6,-0.497,11.874,-0.0
HLO-257,1,2026-09-23,4,0.684,12.147,4.0
HLO-257,1,2026-09-24,6,1.556,11.357,11.0
HLO-257,1,2026-09-25,6,0.328,16.041,-1.0
HLO-257,1,2026-09-26,6,2.372,9.561,-5.0
HLO-257,1,2026-09-27,5,-0.6,8.636,-1.5
HLO-257,1,2026-09-28,5,1.5,11.181,0.5
HLO-257,1,2026-09-29,5,1.819,7.874,11.5
HLO-257,1,2026-09-30,6,2.653,11.686,6.5
HLO-260,0,2026-09-02,6,0.0,-0.622,0.0
HLO-260,0,2026-09-03,6,-0.151,-1.715,-2.5
HLO-260,0,2026-09-04,6,0.796,0.037,-2.0
HLO-260,0,2026-09-05,6,0.68,1.014,-2.5
HLO-260,0,2026-09-06,6,0.872,0.131,-1.5
HLO-260,0,2026-09-07,5,0.399,-1.123,-2.5
HLO-260,0,2026-09-08,6,0.242,0.674,1.5
HLO-260,0,2026-09-09,6,0.283,-0.758,1.0
HLO-260,0,2026-09-10,6,0.207,-1.095,0.5
HLO-260,0,2026-09-11,6,-0.362,-1.541,2.0
HLO-260,0,2026-09-12,6,-0.781,-1.873,1.0
HLO-260,0,2026-09-13,6,-0.095,-8.381,0.0
HLO-260,0,2026-09-14,6,-0.293,-0.529,1.5
HLO-260,0,2026-09-15,6,-0.252,-2.085,1.5
HLO-260,0,2026-09-16,6,-0.067,-0.482,2.5
HLO-260,0,2026-09-17,6,0.009,-2.062,-1.5
HLO-260,0,2026-09-18,6,0.434,-0.334,-2.5
HLO-260,0,2026-09-19,6,-0.019,-2.33,1.5
HLO-260,0,2026-09-20,6,0.626,-2.269,-2.0
HLO-260,0,2026-09-21,6,0.242,-0.96,2.5
HLO-260,0,2026-09-22,6,4.571,-3.793,1.5
HLO-260,0,2026-09-23,6,5.56,-5.41,6.5
HLO-260,0,2026-09-24,6,6.205,-6.663,11.0
HLO-260,0,2026-09-25,6,5.107,-4.192,-1.5
HLO-260,0,2026-09-26,6,6.095,-4.092,3.0
HLO-260,0,2026-09-27,6,4.798,-4.547,1.5
HLO-260,0,2026-09-28,5,6.507,-5.942,0.5
HLO-260,0,2026-09-29,6,6.74,-7.656,8.5
HLO-260,0,2026-09-30,6,7.729,-9.056,4.5
HLO-261,0,2026-09-02,6,-0.231,1.124,-1.0
HLO-261,0,2026-09-03,6,-0.104,-0.04,0.0
HLO-261,0,2026-09-04,6,0.737,-0.442,0.5
HLO-261,0,2026-09-05,6,0.379,0.373,0.5
HLO-261,0,2026-09-06,6,0.528,0.906,1.5
HLO-261,0,2026-09-07,5,0.781,0.286,2.0
HLO-261,0,2026-09-08,6,0.601,1.013,2.0
HLO-261,0,2026-09-09,6,0.118,1.717,3.0
HLO-261,0,2026-09-10,6,0.118,1.836,1.0
HLO-261,0,2026-09-11,6,-0.217,1.165,3.0
HLO-261,0,2026-09-12,6,-0.746,-0.36,3.0
HLO-261,0,2026-09-13,6,0.013,0.194,1.5
HLO-261,0,2026-09-14,6,-0.448,2.747,4.5
HLO-261,0,2026-09-15,6,-0.426,0.375,3.5
HLO-261,0,2026-09-16,6,-0.173,2.278,2.5
HLO-261,0,2026-09-17,6,-0.195,2.013,1.0
HLO-261,0,2026-09-18,6,-0.009,2.021,0.0
HLO-261,0,2026-09-19,6,-0.344,2.87,3.0
HLO-261,0,2026-09-20,5,0.75,2.718,-1.0
HLO-261,0,2026-09-21,6,0.035,3.527,4.0
HLO-261,0,2026-09-22,6,3.93,-2.476,1.0
HLO-261,0,2026-09-23,6,4.644,-4.172,6.5
HLO-261,0,2026-09-24,6,5.612,-4.541,13.0
HLO-261,0,2026-09-25,6,4.726,-4.088,0.5
HLO-261,0,2026-09-26,6,5.359,-3.578,2.0
HLO-261,0,2026-09-27,6,4.161,-2.973,1.5
HLO-261,0,2026-09-28,6,6.244,-4.222,1.0
HLO-261,0,2026-09-29,6,5.947,-4.861,13.0
HLO-261,0,2026-09-30,6,7.569,-3.047,6.5
HLO-262,0,2026-09-02,6,-0.111,0.675,0.0
HLO-262,0,2026-09-03,6,-0.578,-0.511,-2.0
HLO-262,0,2026-09-04,6,0.424,0.015,-1.0
HLO-262,0,2026-09-05,6,0.356,0.258,0.0
HLO-262,0,2026-09-06,6,-0.043,1.951,0.0
HLO-262,0,2026-09-07,5,0.67,2.255,0.0
HLO-262,0,2026-09-08,6,0.097,-0.041,-0.5
HLO-262,0,2026-09-09,6,-0.235,0.549,0.5
HLO-262,0,2026-09-10,6,-0.168,-0.002,2.5
HLO-262,0,2026-09-11,6,-0.592,1.041,2.5
HLO-262,0,2026-09-12,6,-1.17,-0.608,2.5
HLO-262,0,2026-09-13,6,-0.813,-0.379,2.5
HLO-262,0,2026-09-14,6,-0.856,-0.279,3.0
HLO-262,0,2026-09-15,6,-0.721,0.709,3.0
HLO-262,0,2026-09-16,6,-0.654,2.202,1.0
HLO-262,0,2026-09-17,6,-0.967,-0.14,1.0
HLO-262,0,2026-09-18,6,-0.457,1.29,1.5
HLO-262,0,2026-09-19,6,-0.457,0.836,3.5
HLO-262,0,2026-09-20,6,-0.457,1.189,-0.5
HLO-262,0,2026-09-21,6,0.054,-1.245,-1.5
HLO-262,0,2026-09-22,6,3.222,-4.938,1.0
HLO-262,0,2026-09-23,6,3.713,-4.277,9.0
HLO-262,0,2026-09-24,6,4.623,-5.513,14.0
HLO-262,0,2026-09-25,6,3.824,-2.41,-1.0
HLO-262,0,2026-09-26,6,4.156,-4.126,2.0
HLO-262,0,2026-09-27,6,3.178,-2.018,0.5
HLO-262,0,2026-09-28,6,5.158,-2.525,-0.5
HLO-262,0,2026-09-29,6,4.845,-4.283,11.5
HLO-262,0,2026-09-30,6,6.135,-4.14,4.5
HLO-263,0,2026-09-02,6,0.306,0.795,-2.0
HLO-263,0,2026-09-03,6,0.306,2.015,-0.5
HLO-263,0,2026-09-04,6,1.018,1.043,-1.0
HLO-263,0,2026-09-05,6,0.682,1.301,2.0
HLO-263,0,2026-09-06,6,1.29,1.89,0.0
HLO-263,0,2026-09-07,5,1.325,2.925,1.5
HLO-263,0,2026-09-08,6,0.928,1.843,1.0
HLO-263,0,2026-09-09,6,0.691,3.819,1.0
HLO-263,0,2026-09-10,6,0.251,2.393,1.0
HLO-263,0,2026-09-11,6,0.251,1.442,2.0
HLO-263,0,2026-09-12,6,0.117,3.248,0.5
HLO-263,0,2026-09-13,6,0.76,2.325,0.0
HLO-263,0,2026-09-14,6,0.186,2.638,2.5
HLO-263,0,2026-09-15,6,-0.016,2.241,3.5
HLO-263,0,2026-09-16,6,0.627,2.07,2.0
HLO-263,0,2026-09-17,6,0.627,-0.127,-0.5
HLO-263,0,2026-09-18,6,0.998,2.666,1.0
HLO-263,0,2026-09-19,6,0.691,2.58,2.0
HLO-263,0,2026-09-20,6,1.369,4.356,-1.0
HLO-263,0,2026-09-21,6,0.998,3.263,3.5
HLO-263,0,2026-09-22,6,4.094,-0.517,-0.5
HLO-263,0,2026-09-23,6,4.431,-3.08,5.5
HLO-263,0,2026-09-24,6,5.38,-3.353,10.5
HLO-263,0,2026-09-25,6,4.668,-0.777,0.0
HLO-263,0,2026-09-26,6,4.906,-2.444,2.0
HLO-263,0,2026-09-27,6,4.604,0.007,1.5
HLO-263,0,2026-09-28,5,5.449,-0.791,3.5
HLO-263,0,2026-09-29,6,6.26,-3.624,7.5
HLO-263,0,2026-09-30,6,6.834,-4.552,4.5
HLO-264,0,2026-09-02,6,-0.134,0.374,-1.0
HLO-264,0,2026-09-03,6,-0.414,-0.769,-1.0
HLO-264,0,2026-09-04,6,0.28,-0.395,0.5
HLO-264,0,2026-09-05,6,0.28,-2.835,0.0
HLO-264,0,2026-09-06,6,0.293,-0.525,0.0
HLO-264,0,2026-09-07,5,0.439,-0.979,1.0
HLO-264,0,2026-09-08,6,0.392,-1.31,0.5
HLO-264,0,2026-09-09,6,-0.277,-1.401,1.0
HLO-264,0,2026-09-10,6,-0.302,-3.302,3.5
HLO-264,0,2026-09-11,6,-0.289,-1.566,3.0
HLO-264,0,2026-09-12,6,-0.704,-1.756,2.5
HLO-264,0,2026-09-13,6,-0.691,-2.603,3.0
HLO-264,0,2026-09-14,6,-0.545,-2.518,3.0
HLO-264,0,2026-09-15,6,-0.265,-2.967,2.5
HLO-264,0,2026-09-16,6,-0.386,-2.001,4.0
HLO-264,0,2026-09-17,6,-0.277,-2.871,3.5
HLO-264,0,2026-09-18,6,-0.436,-2.893,2.5
HLO-264,0,2026-09-19,6,-0.009,-2.279,2.0
HLO-264,0,2026-09-20,6,0.125,-3.413,1.5
HLO-264,0,2026-09-21,6,0.392,-3.286,4.0
HLO-264,0,2026-09-22,6,2.556,-6.762,-1.0
HLO-264,0,2026-09-23,6,2.97,-7.259,7.0
HLO-264,0,2026-09-24,6,3.506,-8.626,15.0
HLO-264,0,2026-09-25,6,2.958,-6.868,0.0
HLO-264,0,2026-09-26,6,3.665,-9.451,3.5
HLO-264,0,2026-09-27,6,2.824,-8.107,4.0
HLO-264,0,2026-09-28,6,4.041,-9.962,3.0
HLO-264,0,2026-09-29,6,4.493,-9.334,11.5
HLO-264,0,2026-09-30,6,5.162,-10.404,5.5
HLO-265,0,2026-09-02,6,-0.0,0.847,0.0
HLO-265,0,2026-09-03,6,0.482,-0.583,0.0
HLO-265,0,2026-09-04,6,0.965,-0.903,-0.5
HLO-265,0,2026-09-05,6,0.448,-1.024,-0.5
HLO-265,0,2026-09-06,6,0.93,-0.86,1.0
HLO-265,0,2026-09-07,5,0.895,-2.429,0.0
HLO-265,0,2026-09-08,6,0.583,-2.119,1.5
HLO-265,0,2026-09-09,6,0.513,-1.823,2.0
HLO-265,0,2026-09-10,6,0.513,-2.825,2.0
HLO-265,0,2026-09-11,6,0.478,-2.535,2.5
HLO-265,0,2026-09-12,6,0.478,-2.016,4.0
HLO-265,0,2026-09-13,6,0.978,-1.772,3.0
HLO-265,0,2026-09-14,6,0.461,-1.71,4.0
HLO-265,0,2026-09-15,6,1.391,-2.864,3.5
HLO-265,0,2026-09-16,6,0.822,-2.311,2.0
HLO-265,0,2026-09-17,6,1.287,-1.562,2.0
HLO-265,0,2026-09-18,6,1.46,-2.072,3.5
HLO-265,0,2026-09-19,6,1.513,-2.757,3.0
HLO-265,0,2026-09-20,6,1.96,-1.275,3.0
HLO-265,0,2026-09-21,6,1.96,-0.458,5.0
HLO-265,0,2026-09-22,6,6.17,-2.244,0.5
HLO-265,0,2026-09-23,6,7.169,-3.089,7.0
HLO-265,0,2026-09-24,6,8.256,-2.015,15.0
HLO-265,0,2026-09-25,6,6.739,-1.654,-0.0
HLO-265,0,2026-09-26,6,7.291,-2.37,2.5
HLO-265,0,2026-09-27,6,6.635,-0.842,2.0
HLO-265,0,2026-09-28,5,8.273,-2.96,3.0
HLO-265,0,2026-09-29,6,8.256,-1.497,12.0
HLO-265,0,2026-09-30,6,9.737,-2.589,6.0
HLO-271,0,2026-09-02,6,0.03,-0.632,-1.0
HLO-271,0,2026-09-03,6,0.278,0.526,-2.5
HLO-271,0,2026-09-04,6,1.396,1.476,-2.5
HLO-271,0,2026-09-05,5,2.226,-0.099,2.5
HLO-271,0,2026-09-06,6,1.593,-1.201,-4.5
HLO-271,0,2026-09-07,5,1.658,2.161,-3.5
HLO-271,0,2026-09-08,6,1.637,-3.953,-2.5
HLO-271,0,2026-09-09,6,0.135,-1.221,1.5
HLO-271,0,2026-09-10,6,0.104,-5.542,-2.0
HLO-271,0,2026-09-11,6,-0.29,-4.902,3.0
HLO-271,0,2026-09-12,6,-1.439,-4.854,3.5
HLO-271,0,2026-09-13,6,0.362,-5.709,4.0
HLO-271,0,2026-09-14,6,-1.151,-1.108,3.0
HLO-271,0,2026-09-15,5,-0.043,-6.331,2.5
HLO-271,0,2026-09-16,5,0.018,1.854,1.5
HLO-271,0,2026-09-17,5,-0.558,1.874,2.5
HLO-271,0,2026-09-18,6,-0.093,0.378,-1.0
HLO-271,0,2026-09-19,4,0.868,0.361,-1.0
HLO-271,0,2026-09-20,6,0.66,-2.489,-2.5
HLO-271,0,2026-09-21,5,-0.022,3.464,2.5
HLO-271,1,2026-09-22,5,0.693,9.445,-2.5
HLO-271,1,2026-09-23,5,0.238,7.651,2.5
HLO-271,1,2026-09-24,6,2.206,10.376,1.0
HLO-271,1,2026-09-25,6,0.91,19.199,-5.5
HLO-271,1,2026-09-26,6,1.801,16.158,-5.0
HLO-271,1,2026-09-27,6,0.111,14.678,0.5
HLO-271,1,2026-09-28,6,2.039,13.914,-0.0
HLO-271,1,2026-09-29,6,2.433,11.148,2.0
HLO-271,1,2026-09-30,6,2.711,11.624,0.5
HLO-274,0,2026-09-02,6,-0.332,-1.893,-4.0
HLO-274,0,2026-09-03,6,-0.065,-0.812,-0.5
HLO-274,0,2026-09-04,5,1.005,-2.157,0.5
HLO-274,0,2026-09-05,6,0.849,-1.046,0.5
HLO-274,0,2026-09-06,5,0.821,-0.148,-2.5
HLO-274,0,2026-09-07,5,1.097,-2.838,-3.5
HLO-274,0,2026-09-08,6,1.033,-2.505,-2.5
HLO-274,0,2026-09-09,6,-0.167,-0.683,-0.0
HLO-274,0,2026-09-10,6,-0.471,1.484,1.5
HLO-274,0,2026-09-11,5,-0.618,-2.927,1.5
HLO-274,0,2026-09-12,6,-1.237,0.239,-0.5
HLO-274,0,2026-09-13,6,-0.499,-0.39,0.5
HLO-274,0,2026-09-14,5,-1.541,3.008,4.5
HLO-274,0,2026-09-15,6,-0.508,-1.037,1.5
HLO-274,0,2026-09-16,5,-0.213,-0.399,-0.5
HLO-274,0,2026-09-17,4,-1.218,5.797,-4.0
HLO-274,0,2026-09-20,6,-1.43,11.042,-3.5
HLO-274,0,2026-09-21,4,-1.661,16.23,8.5
HLO-279,0,2026-09-02,6,-1.254,1.235,0.0
HLO-279,0,2026-09-03,6,-0.64,5.552,-3.0
HLO-279,0,2026-09-04,5,-0.844,3.979,0.5
HLO-279,0,2026-09-05,6,-0.771,2.545,1.0
HLO-279,0,2026-09-06,5,-0.861,-0.661,4.5
HLO-279,0,2026-09-07,5,0.221,-1.213,-1.5
HLO-279,0,2026-09-08,6,-0.812,2.198,0.0
HLO-279,0,2026-09-09,6,-1.927,0.327,4.0
HLO-279,0,2026-09-10,6,-1.214,-1.974,-3.5
HLO-279,0,2026-09-11,6,-1.706,1.131,-3.0
HLO-279,0,2026-09-12,6,-2.607,3.765,1.5
HLO-279,0,2026-09-13,6,-2.337,-0.029,-0.5
HLO-279,0,2026-09-14,6,-2.747,0.47,-2.5
HLO-279,0,2026-09-15,6,-2.747,2.605,5.0
HLO-279,0,2026-09-16,6,-2.304,0.72,-0.5
HLO-279,0,2026-09-17,6,-2.665,0.6,2.0
HLO-279,0,2026-09-18,6,-2.919,-0.245,-2.0
HLO-279,0,2026-09-19,6,-2.017,1.03,-6.5
HLO-279,0,2026-09-20,6,-2.116,2.661,-1.0
HLO-279,0,2026-09-21,6,-2.599,-0.154,-1.5
HLO-279,0,2026-09-22,6,1.394,2.831,6.5
HLO-279,0,2026-09-23,6,2.77,5.014,4.0
HLO-279,0,2026-09-24,6,3.812,1.456,12.5
HLO-279,0,2026-09-25,6,2.476,0.952,0.0
HLO-279,0,2026-09-26,6,3.107,0.94,6.0
HLO-279,0,2026-09-27,6,2.107,2.084,1.5
HLO-279,0,2026-09-28,6,4.033,1.81,4.0
HLO-279,0,2026-09-29,6,4.303,3.617,12.0
HLO-279,0,2026-09-30,5,4.894,3.325,9.5
HLO-280,0,2026-09-02,6,0.381,-0.747,-2.0
HLO-280,0,2026-09-03,6,0.762,-2.004,-6.5
HLO-280,0,2026-09-04,6,1.084,0.865,-4.5
HLO-280,0,2026-09-05,6,0.853,0.173,-1.5
HLO-280,0,2026-09-06,6,1.316,0.081,-5.0
HLO-280,0,2026-09-07,5,1.937,2.571,-8.5
HLO-280,0,2026-09-08,6,1.086,2.745,-5.5
HLO-280,0,2026-09-09,6,0.498,-0.338,-3.5
HLO-280,0,2026-09-10,6,-0.131,2.118,-0.5
HLO-280,0,2026-09-11,6,-0.52,1.655,-2.5
HLO-280,0,2026-09-12,6,-0.752,0.691,-4.5
HLO-280,0,2026-09-13,6,0.126,-1.327,-7.0
HLO-280,0,2026-09-14,6,-0.834,0.811,-1.5
HLO-280,0,2026-09-15,6,-0.28,0.532,-3.0
HLO-280,0,2026-09-16,6,-0.131,-0.766,1.0
HLO-280,0,2026-09-17,6,-0.362,0.848,-3.0
HLO-280,0,2026-09-18,6,-0.197,2.85,-3.5
HLO-280,0,2026-09-19,6,-0.313,0.844,-3.5
HLO-280,0,2026-09-20,6,0.473,-0.0,-7.5
HLO-280,0,2026-09-21,6,-0.636,1.311,-0.5
HLO-280,0,2026-09-22,6,4.503,1.481,-9.0
HLO-280,0,2026-09-23,6,5.231,6.037,5.5
HLO-280,0,2026-09-24,6,6.158,2.244,8.5
HLO-280,0,2026-09-25,6,5.049,4.701,-1.0
HLO-280,0,2026-09-26,6,5.57,-1.05,0.5
HLO-280,0,2026-09-27,6,4.552,3.447,-1.5
HLO-280,0,2026-09-28,4,7.093,7.338,-2.0
HLO-280,0,2026-09-29,6,7.151,4.365,5.0
HLO-280,0,2026-09-30,5,7.714,1.446,5.5
HLO-281,0,2026-09-02,6,-0.0,1.029,-1.5
HLO-281,0,2026-09-03,6,0.798,-1.242,-1.0
HLO-281,0,2026-09-04,6,1.067,4.203,1.5
HLO-281,0,2026-09-05,6,1.096,1.74,1.5
HLO-281,0,2026-09-06,6,1.01,1.856,-1.5
HLO-281,0,2026-09-07,5,0.477,1.563,8.0
HLO-281,0,2026-09-08,5,0.19,-0.319,2.0
HLO-281,0,2026-09-09,5,0.076,1.673,-2.0
HLO-281,0,2026-09-10,6,0.248,0.481,-2.0
HLO-281,0,2026-09-11,6,-0.28,-0.575,-1.0
HLO-281,0,2026-09-12,6,-1.123,0.326,-1.5
HLO-281,0,2026-09-13,6,0.19,-4.134,-2.0
HLO-281,0,2026-09-14,6,-0.825,0.946,0.5
HLO-281,0,2026-09-15,6,-0.44,1.96,0.5
HLO-281,0,2026-09-16,6,-0.412,0.507,2.5
HLO-281,0,2026-09-17,6,0.329,1.46,-3.5
HLO-281,0,2026-09-18,6,0.259,7.082,0.0
HLO-281,0,2026-09-19,6,0.173,3.343,1.5
HLO-281,0,2026-09-20,6,0.432,2.837,1.0
HLO-281,0,2026-09-21,6,0.432,3.215,1.0
HLO-281,0,2026-09-22,6,4.894,0.678,-2.0
HLO-281,0,2026-09-23,6,5.806,0.794,11.0
HLO-281,0,2026-09-24,6,7.562,1.151,9.0
HLO-281,0,2026-09-25,6,4.751,3.495,6.0
HLO-281,0,2026-09-26,5,5.995,4.619,2.0
HLO-281,0,2026-09-27,4,5.02,4.615,1.0
HLO-281,0,2026-09-28,4,6.919,3.003,0.5
HLO-281,0,2026-09-29,6,6.776,5.104,12.0
HLO-281,0,2026-09-30,6,8.515,9.152,5.5
HLO-289,0,2026-09-02,6,-0.356,0.331,-3.5
HLO-289,0,2026-09-03,6,-0.255,2.928,-4.0
HLO-289,0,2026-09-04,6,0.533,2.221,-5.0
HLO-289,0,2026-09-05,6,0.151,1.316,-9.0
HLO-289,0,2026-09-06,6,-0.205,0.974,-3.0
HLO-289,0,2026-09-07,5,-0.314,2.79,-4.0
HLO-289,0,2026-09-08,6,-1.232,9.128,-2.5
HLO-289,0,2026-09-09,6,-1.614,5.618,-6.0
HLO-289,0,2026-09-10,6,-2.835,12.352,-0.5
HLO-289,0,2026-09-11,6,-3.394,5.086,-1.5
HLO-289,0,2026-09-12,6,-3.956,7.046,-0.5
HLO-289,0,2026-09-13,6,-3.142,8.394,-4.5
HLO-289,0,2026-09-14,6,-4.211,0.788,-3.5
HLO-289,0,2026-09-15,6,-4.109,3.107,-1.5
HLO-289,0,2026-09-16,6,-3.906,3.648,-2.5
HLO-289,0,2026-09-17,6,-4.543,7.007,0.5
HLO-289,0,2026-09-18,6,-4.668,6.392,1.0
HLO-289,0,2026-09-19,6,-4.439,6.487,1.5
HLO-289,0,2026-09-20,6,-3.522,3.982,-3.0
HLO-289,0,2026-09-21,6,-5.024,6.254,5.5
HLO-289,0,2026-09-22,6,-0.075,4.39,-0.5
HLO-289,0,2026-09-23,6,0.892,1.314,4.5
HLO-289,0,2026-09-24,6,1.578,4.319,10.5
HLO-289,0,2026-09-25,6,0.078,4.942,0.0
HLO-289,0,2026-09-26,6,0.689,2.352,3.0
HLO-289,0,2026-09-27,6,-0.281,5.68,1.0
HLO-289,0,2026-09-28,6,1.859,4.691,1.0
HLO-289,0,2026-09-29,6,1.63,2.128,8.5
HLO-289,0,2026-09-30,5,3.158,-1.031,8.0
HLO-290,0,2026-09-02,5,-0.286,1.112,0.5
HLO-290,0,2026-09-03,6,0.176,0.689,-6.0
HLO-290,0,2026-09-04,6,0.872,1.295,-2.0
HLO-290,0,2026-09-05,5,1.356,-1.442,0.5
HLO-290,0,2026-09-12,4,-0.941,-3.311,0.0
HLO-290,0,2026-09-14,4,-1.674,-5.351,0.5
HLO-297,0,2026-09-02,6,0.603,-1.279,-1.5
HLO-297,0,2026-09-03,6,0.402,-3.065,-1.5
HLO-297,0,2026-09-04,6,0.703,-0.271,-0.5
HLO-297,0,2026-09-05,6,0.804,0.035,-0.5
HLO-297,0,2026-09-06,6,1.105,1.953,-1.5
HLO-297,0,2026-09-07,5,1.206,2.778,-1.0
HLO-297,0,2026-09-08,6,0.804,1.356,1.0
HLO-297,0,2026-09-09,6,0.516,1.482,1.0
HLO-297,0,2026-09-10,6,0.717,1.915,-1.0
HLO-297,0,2026-09-11,6,-0.276,0.897,1.0
HLO-297,0,2026-09-12,6,-0.753,1.435,0.0
HLO-297,0,2026-09-13,6,0.327,0.669,0.5
HLO-297,0,2026-09-14,6,-0.263,1.025,3.5
HLO-297,0,2026-09-15,6,0.34,2.153,-1.0
HLO-297,0,2026-09-16,6,0.34,-0.037,0.5
HLO-297,0,2026-09-17,6,0.139,-0.368,0.5
HLO-297,0,2026-09-18,6,0.415,0.175,-0.5
HLO-297,0,2026-09-19,6,0.704,1.662,2.0
HLO-297,0,2026-09-20,5,0.93,2.467,0.0
HLO-297,0,2026-09-21,6,0.516,-0.318,2.5
HLO-297,0,2026-09-22,6,4.37,-3.191,-0.5
HLO-297,0,2026-09-23,6,5.45,-2.565,6.5
HLO-297,0,2026-09-24,6,6.53,-1.443,12.0
HLO-297,0,2026-09-25,6,5.061,-2.091,2.5
HLO-297,0,2026-09-26,6,6.342,-4.596,3.0
HLO-297,0,2026-09-27,6,4.961,-4.298,0.0
HLO-297,0,2026-09-28,6,7.008,-1.565,-0.5
HLO-297,0,2026-09-29,6,6.807,-4.945,9.5
HLO-297,0,2026-09-30,6,7.799,-2.56,3.0
HLO-298,0,2026-09-02,6,-0.07,1.746,-0.0
HLO-298,0,2026-09-03,6,-0.214,1.365,-1.0
HLO-298,0,2026-09-04,6,0.703,2.628,-0.0
HLO-298,0,2026-09-05,5,0.422,3.797,0.5
HLO-298,0,2026-09-06,6,0.63,1.225,-1.5
HLO-298,0,2026-09-07,5,0.557,2.941,3.5
HLO-298,0,2026-09-08,6,-0.09,1.658,3.5
HLO-298,0,2026-09-09,4,-0.444,2.076,2.5
HLO-298,0,2026-09-10,6,-0.09,0.213,2.0
HLO-298,0,2026-09-11,6,-0.517,3.357,2.5
HLO-298,0,2026-09-12,6,-1.08,0.162,1.5
HLO-298,0,2026-09-13,6,-0.59,1.894,2.0
HLO-298,0,2026-09-14,6,-0.942,1.821,3.5
HLO-298,0,2026-09-15,6,-0.377,0.3,3.0
HLO-298,0,2026-09-16,6,-0.239,1.237,2.0
HLO-298,0,2026-09-17,6,-0.239,2.729,3.5
HLO-298,0,2026-09-18,6,-0.093,0.557,2.0
HLO-298,0,2026-09-19,6,-0.444,1.954,6.0
HLO-298,0,2026-09-20,6,0.262,1.159,1.5
HLO-298,0,2026-09-21,6,-0.515,2.737,4.0
HLO-298,0,2026-09-22,5,3.825,-2.094,3.5
HLO-298,0,2026-09-23,6,4.672,-2.397,8.5
HLO-298,0,2026-09-24,6,6.23,-1.747,15.5
HLO-298,0,2026-09-25,5,4.675,-1.477,-0.5
HLO-298,0,2026-09-26,5,4.961,1.086,4.5
HLO-298,0,2026-09-27,5,4.112,-1.511,2.5
HLO-298,0,2026-09-28,4,6.728,-7.24,2.5
HLO-298,0,2026-09-29,6,6.514,-3.822,10.5
HLO-298,0,2026-09-30,6,7.785,-4.767,5.0
HLO-301,0,2026-09-02,6,-0.281,-2.435,-4.0
HLO-301,0,2026-09-03,6,-0.162,-3.131,-3.5
HLO-301,0,2026-09-04,6,0.67,0.577,-1.0
HLO-301,0,2026-09-05,5,0.27,1.13,-2.5
HLO-301,0,2026-09-06,4,-0.043,0.49,0.5
HLO-301,0,2026-09-07,5,0.661,-2.054,1.5
HLO-301,0,2026-09-08,6,0.229,-2.037,0.0
HLO-301,0,2026-09-09,4,-0.419,2.505,0.0
HLO-301,0,2026-09-10,6,-0.322,1.318,2.5
HLO-301,0,2026-09-11,6,-0.603,0.407,0.0
HLO-301,0,2026-09-12,6,-1.155,-3.702,3.0
HLO-301,0,2026-09-13,5,-0.873,-2.77,-1.5
HLO-301,0,2026-09-14,6,-0.927,-2.548,-1.5
HLO-301,0,2026-09-15,6,-0.624,-0.268,-1.0
HLO-301,0,2026-09-16,6,-0.462,0.719,-2.5
HLO-301,0,2026-09-17,5,-0.959,-1.307,0.5
HLO-301,0,2026-09-18,6,-0.484,-2.663,2.0
HLO-301,0,2026-09-19,6,-0.149,-0.467,-1.0
HLO-301,0,2026-09-20,6,0.013,-1.581,-2.5
HLO-301,0,2026-09-21,6,-0.203,-1.51,-0.5
HLO-301,0,2026-09-22,6,4.235,-2.011,-2.0
HLO-301,0,2026-09-23,5,5.434,-0.874,6.5
HLO-301,0,2026-09-24,4,6.44,-3.435,14.5
HLO-301,0,2026-09-25,4,4.537,-1.039,0.5
HLO-301,0,2026-09-26,4,5.932,-1.362,2.0
HLO-301,0,2026-09-27,5,4.679,-0.033,3.5
HLO-301,0,2026-09-28,4,7.099,-1.313,0.5
HLO-301,0,2026-09-29,6,7.261,-1.64,12.0
HLO-301,0,2026-09-30,5,8.417,-5.511,10.5
HLO-302,0,2026-09-02,5,0.13,1.535,-3.5
HLO-302,0,2026-09-03,6,0.927,0.497,-1.5
HLO-302,0,2026-09-04,4,0.783,3.104,-6.5
HLO-302,0,2026-09-05,5,1.724,3.294,-1.5
HLO-302,0,2026-09-08,5,0.886,4.504,-3.5
HLO-302,0,2026-09-10,4,-0.426,2.007,-0.0
HLO-302,0,2026-09-11,5,-0.94,5.999,2.5
HLO-302,0,2026-09-12,5,-1.171,2.27,1.5
HLO-302,0,2026-09-13,6,0.031,1.942,-0.5
HLO-302,0,2026-09-14,6,-0.114,1.849,-1.0
HLO-302,0,2026-09-15,6,-0.201,4.039,-4.0
HLO-302,0,2026-09-16,6,0.241,5.095,-1.0
HLO-302,0,2026-09-17,4,-0.643,4.603,-2.0
HLO-302,0,2026-09-18,5,0.117,1.309,-3.5
HLO-302,0,2026-09-19,6,0.219,1.621,-0.0
HLO-302,0,2026-09-20,5,0.002,2.835,0.5
HLO-302,0,2026-09-21,5,0.031,1.894,-1.5
HLO-302,0,2026-09-22,4,4.259,-0.343,-3.0
HLO-302,0,2026-09-25,4,5.258,-1.184,-4.5
HLO-302,0,2026-09-28,4,7.2,6.39,-3.5
HLO-302,0,2026-09-29,4,7.127,0.194,6.0
HLO-307,0,2026-09-02,6,-0.46,-0.593,0.0
HLO-307,0,2026-09-03,6,-0.884,0.832,1.0
HLO-307,0,2026-09-04,6,0.136,3.685,1.5
HLO-307,0,2026-09-05,5,-0.632,1.02,4.0
HLO-307,0,2026-09-06,4,-0.379,0.601,5.0
HLO-307,0,2026-09-08,6,-0.513,3.875,6.0
HLO-307,0,2026-09-09,4,-0.649,0.64,4.0
HLO-307,0,2026-09-10,5,-0.684,1.23,2.0
HLO-307,0,2026-09-11,6,-0.577,-2.066,2.0
HLO-307,0,2026-09-12,6,-0.947,-0.726,1.5
HLO-307,0,2026-09-13,6,-0.901,-0.466,1.5
HLO-307,0,2026-09-14,6,-1.326,-0.549,4.0
HLO-307,0,2026-09-15,6,-1.028,-1.879,3.5
HLO-307,0,2026-09-16,6,-0.603,-1.182,1.0
HLO-307,0,2026-09-17,5,-1.118,-2.226,0.0
HLO-307,0,2026-09-18,6,-0.865,-5.759,-1.0
HLO-307,0,2026-09-19,6,-0.269,-4.845,0.5
HLO-307,0,2026-09-20,6,-0.477,-2.686,-2.0
HLO-307,0,2026-09-21,6,-1.073,0.052,4.0
HLO-307,0,2026-09-22,6,2.42,-3.02,2.5
HLO-307,0,2026-09-23,4,2.935,-4.154,8.5
HLO-307,0,2026-09-24,4,4.596,-7.465,14.5
HLO-307,0,2026-09-25,4,3.349,-6.824,1.0
HLO-307,0,2026-09-27,4,2.763,-6.941,0.0
HLO-307,0,2026-09-28,4,4.849,-6.825,0.5
HLO-307,0,2026-09-29,4,5.183,-12.446,10.0
HLO-308,0,2026-09-02,6,0.071,-0.987,-1.0
HLO-308,0,2026-09-03,6,0.071,-3.033,-2.0
HLO-308,0,2026-09-04,6,0.699,-3.236,-0.5
HLO-308,0,2026-09-05,6,-0.036,-2.168,-1.0
HLO-308,0,2026-09-06,6,0.383,-0.777,1.0
HLO-308,0,2026-09-07,5,0.904,0.02,-1.0
HLO-308,0,2026-09-08,6,0.512,-1.021,2.5
HLO-308,0,2026-09-09,6,-0.116,-2.772,0.5
HLO-308,0,2026-09-10,6,-0.152,-2.318,2.0
HLO-308,0,2026-09-11,6,-0.432,-3.11,1.0
HLO-308,0,2026-09-12,6,-0.886,-1.717,2.0
HLO-308,0,2026-09-13,6,-0.606,-4.122,3.0
HLO-308,0,2026-09-14,6,-0.82,-2.298,2.5
HLO-308,0,2026-09-15,6,-0.713,-3.34,1.5
HLO-308,0,2026-09-16,6,-0.294,-4.476,-0.0
HLO-308,0,2026-09-17,6,-0.401,-3.013,1.5
HLO-308,0,2026-09-18,6,-0.641,-2.976,2.5
HLO-308,0,2026-09-19,6,-0.432,-3.895,1.0
HLO-308,0,2026-09-20,6,0.093,-2.958,2.0
HLO-308,0,2026-09-21,6,0.369,-2.244,1.5
HLO-308,0,2026-09-22,6,3.183,-3.239,-0.0
HLO-308,0,2026-09-23,6,3.811,-3.284,6.5
HLO-308,0,2026-09-24,6,4.862,-6.201,15.0
HLO-308,0,2026-09-25,6,3.673,-8.261,-1.5
HLO-308,0,2026-09-26,6,4.305,-6.919,2.5
HLO-308,0,2026-09-27,5,3.148,-5.08,3.0
HLO-308,0,2026-09-28,6,5.004,-6.539,1.5
HLO-308,0,2026-09-29,6,5.142,-7.06,11.5
HLO-308,0,2026-09-30,6,5.841,-10.71,4.0
HLO-309,0,2026-09-02,6,-0.429,-2.764,-2.0
HLO-309,0,2026-09-03,6,-0.343,-1.944,-4.5
HLO-309,0,2026-09-04,6,-0.085,-0.783,-3.0
HLO-309,0,2026-09-05,6,0.258,-2.154,-2.0
HLO-309,0,2026-09-06,6,-0.171,-1.378,-0.5
HLO-309,0,2026-09-07,5,-0.253,-1.128,1.0
HLO-309,0,2026-09-08,6,-0.253,-1.215,-2.5
HLO-309,0,2026-09-09,6,-0.425,-1.622,-2.0
HLO-309,0,2026-09-10,6,-0.768,-1.119,-1.5
HLO-309,0,2026-09-11,6,-0.939,-0.462,-0.5
HLO-309,0,2026-09-12,6,-1.111,-1.117,-2.5
HLO-309,0,2026-09-13,6,-0.339,-0.378,-2.0
HLO-309,0,2026-09-14,6,-0.681,-1.164,-1.0
HLO-309,0,2026-09-15,6,-0.509,-0.182,0.0
HLO-309,0,2026-09-16,6,-0.766,-0.363,-2.0
HLO-309,0,2026-09-17,6,-0.681,-1.064,-0.5
HLO-309,0,2026-09-18,6,-0.511,-2.548,1.0
HLO-309,0,2026-09-19,6,-0.167,-2.965,0.0
HLO-309,0,2026-09-20,6,0.175,-2.036,-1.5
HLO-309,0,2026-09-21,6,-0.253,-1.744,-0.5
HLO-309,0,2026-09-22,6,2.485,-3.162,-1.5
HLO-309,0,2026-09-23,6,3.085,-5.952,5.0
HLO-309,0,2026-09-24,6,3.857,-6.813,10.5
HLO-309,0,2026-09-25,6,2.913,-7.267,-1.5
HLO-309,0,2026-09-26,6,4.113,-8.908,-1.5
HLO-309,0,2026-09-27,6,3.342,-9.117,0.5
HLO-309,0,2026-09-28,6,4.371,-8.178,1.5
HLO-309,0,2026-09-29,6,4.457,-7.682,10.5
HLO-309,0,2026-09-30,6,5.227,-9.384,1.5
HLO-319,0,2026-09-02,4,0.064,4.142,0.0
HLO-319,0,2026-09-03,6,-0.324,3.2,2.0
HLO-319,0,2026-09-04,5,0.203,-2.505,3.5
HLO-319,0,2026-09-05,5,0.166,1.927,-1.5
HLO-319,0,2026-09-06,4,-0.083,-5.672,-3.0
HLO-320,0,2026-09-02,4,0.217,0.299,-0.5
HLO-320,0,2026-09-03,4,-1.034,-3.211,4.0
HLO-320,0,2026-09-04,4,1.048,-0.184,-7.0
HLO-320,0,2026-09-06,4,0.336,-1.2,-4.0
HLO-320,0,2026-09-07,5,0.715,0.589,-0.5
HLO-320,0,2026-09-08,6,-0.648,1.47,-0.5
HLO-320,0,2026-09-09,5,-1.506,2.609,-6.5
HLO-320,0,2026-09-10,5,-1.745,1.427,-6.5
HLO-320,0,2026-09-11,6,-2.806,0.462,-4.5
HLO-320,0,2026-09-12,5,-3.267,1.717,-5.5
HLO-320,0,2026-09-13,4,-3.386,0.002,-6.0
HLO-320,0,2026-09-14,5,-3.532,4.397,-0.5
HLO-320,0,2026-09-15,6,-3.714,4.428,-5.0
HLO-320,0,2026-09-16,4,-3.846,3.208,-2.5
HLO-320,0,2026-09-17,4,-4.797,6.971,-4.0
HLO-320,0,2026-09-18,5,-4.469,2.206,-8.5
HLO-320,0,2026-09-20,4,-4.518,-0.775,-3.5
HLO-320,0,2026-09-21,5,-4.93,2.767,-9.5
HLO-325,0,2026-09-02,6,0.487,-0.415,-0.0
HLO-325,0,2026-09-03,6,0.335,2.015,-3.0
HLO-325,0,2026-09-04,6,0.756,0.081,2.0
HLO-325,0,2026-09-05,6,1.059,-2.495,-0.0
HLO-325,0,2026-09-12,4,-1.6,-3.195,1.5
HLO-326,0,2026-09-02,6,0.092,-1.038,-1.5
HLO-326,0,2026-09-03,6,0.113,-0.038,-0.5
HLO-326,0,2026-09-04,6,0.472,-0.494,-2.0
HLO-326,0,2026-09-05,6,0.247,-1.155,0.5
HLO-326,0,2026-09-06,6,0.36,-0.639,-1.5
HLO-326,0,2026-09-07,5,0.603,0.245,-0.5
HLO-326,0,2026-09-08,6,0.962,-1.36,1.0
HLO-326,0,2026-09-09,6,0.218,-0.574,1.5
HLO-326,0,2026-09-10,6,-0.367,-2.597,4.0
HLO-326,0,2026-09-11,6,-0.367,-1.94,2.0
HLO-326,0,2026-09-12,6,-0.885,-2.005,2.0
HLO-326,0,2026-09-13,6,-0.028,-2.691,0.5
HLO-326,0,2026-09-14,6,-0.705,-2.109,2.5
HLO-326,0,2026-09-15,6,-0.233,-1.507,2.0
HLO-326,0,2026-09-16,6,-0.392,-0.966,2.0
HLO-326,0,2026-09-17,6,-0.032,-1.691,1.0
HLO-326,0,2026-09-18,6,0.039,-0.821,3.0
HLO-326,0,2026-09-19,6,-0.321,-2.551,3.0
HLO-326,0,2026-09-20,6,0.331,-1.942,1.0
HLO-326,0,2026-09-21,6,0.039,-2.723,1.0
HLO-326,0,2026-09-22,6,2.729,-6.702,-1.5
HLO-326,0,2026-09-23,6,3.134,-7.444,6.5
HLO-326,0,2026-09-24,6,3.406,-8.905,14.5
HLO-326,0,2026-09-25,6,3.134,-5.499,0.5
HLO-326,0,2026-09-26,6,3.653,-8.044,3.0
HLO-326,0,2026-09-27,6,2.976,-7.456,1.0
HLO-326,0,2026-09-28,6,3.878,-9.216,3.0
HLO-326,0,2026-09-29,6,4.597,-7.835,10.5
HLO-326,0,2026-09-30,6,4.915,-9.371,3.0
HLO-327,0,2026-09-02,6,0.114,0.003,0.0
HLO-327,0,2026-09-03,6,0.057,-0.136,-3.5
HLO-327,0,2026-09-04,6,0.324,-1.172,-0.5
HLO-327,0,2026-09-05,6,0.21,-1.002,-1.5
HLO-327,0,2026-09-06,6,0.04,-0.454,2.0
HLO-327,0,2026-09-07,5,0.467,0.034,1.0
HLO-327,0,2026-09-08,6,0.353,0.383,0.5
HLO-327,0,2026-09-09,6,0.069,1.867,1.0
HLO-327,0,2026-09-10,6,-0.028,0.634,-0.5
HLO-327,0,2026-09-11,6,-0.522,-1.794,1.0
HLO-327,0,2026-09-12,6,-1.0,0.302,0.5
HLO-327,0,2026-09-13,6,-0.312,-0.893,0.5
HLO-327,0,2026-09-14,6,-0.96,0.953,2.0
HLO-327,0,2026-09-15,6,-0.369,-2.108,1.5
HLO-327,0,2026-09-16,6,-0.539,-3.409,-0.5
HLO-327,0,2026-09-17,6,-0.198,-2.956,1.0
HLO-327,0,2026-09-18,6,-0.352,-0.506,0.0
HLO-327,0,2026-09-19,6,-0.198,0.141,0.5
HLO-327,0,2026-09-20,6,-0.028,-0.006,1.0
HLO-327,0,2026-09-21,6,-0.158,-0.486,2.0
HLO-327,0,2026-09-22,6,1.995,-6.346,-0.5
HLO-327,0,2026-09-23,6,2.376,-6.96,6.5
HLO-327,0,2026-09-24,6,2.603,-6.149,11.0
HLO-327,0,2026-09-25,6,2.927,-5.622,-3.0
HLO-327,0,2026-09-26,6,2.7,-6.027,2.0
HLO-327,0,2026-09-27,6,2.091,-4.259,-1.0
HLO-327,0,2026-09-28,6,3.177,-5.22,-1.0
HLO-327,0,2026-09-29,6,3.728,-5.477,8.5
HLO-327,0,2026-09-30,6,3.899,-6.27,2.5
HLO-333,0,2026-09-01,6,0.265,0.192,0.0
HLO-333,0,2026-09-02,14,0.319,-0.492,5.5
HLO-333,0,2026-09-03,12,0.186,-0.645,2.5
HLO-333,0,2026-09-04,13,0.717,-1.179,4.0
HLO-333,0,2026-09-05,13,0.824,-1.443,4.0
HLO-333,0,2026-09-06,12,0.77,-2.984,5.0
HLO-333,0,2026-09-07,10,0.929,-4.023,7.0
HLO-333,0,2026-09-08,12,0.344,-0.296,3.0
HLO-333,0,2026-09-09,11,0.132,-3.862,7.0
HLO-333,0,2026-09-10,12,-0.121,-1.704,7.0
HLO-333,0,2026-09-11,13,-0.745,0.679,7.0
HLO-333,0,2026-09-12,13,-0.745,-1.571,6.0
HLO-333,0,2026-09-13,12,-0.334,-0.018,8.0
HLO-333,0,2026-09-14,13,-0.613,-0.395,7.0
HLO-333,0,2026-09-15,13,-0.347,-0.966,5.0
HLO-333,0,2026-09-16,12,-0.533,-1.841,6.5
HLO-333,0,2026-09-17,13,-0.082,-0.418,7.0
HLO-333,0,2026-09-18,13,-0.613,0.191,6.0
HLO-333,0,2026-09-19,13,-0.082,1.058,10.0
HLO-333,0,2026-09-20,13,0.29,-0.144,6.0
HLO-333,0,2026-09-21,12,-0.281,-0.982,8.5
HLO-333,0,2026-09-22,12,4.277,1.573,1.5
HLO-333,0,2026-09-23,13,5.339,3.217,12.0
HLO-333,0,2026-09-24,13,6.456,2.939,17.0
HLO-333,0,2026-09-25,12,5.048,1.082,6.5
HLO-333,0,2026-09-26,12,6.323,0.14,8.5
HLO-333,0,2026-09-27,12,4.517,-0.006,7.5
HLO-333,0,2026-09-28,10,6.828,0.417,8.5
HLO-333,0,2026-09-29,12,6.708,1.237,17.5
HLO-333,0,2026-09-30,10,8.236,4.614,12.0
HLO-333,0,2026-10-01,4,7.957,-3.302,1.5
HLO-334,0,2026-09-01,6,-0.04,0.085,0.0
HLO-334,0,2026-09-02,13,0.303,0.965,3.5
HLO-334,0,2026-09-03,13,-0.222,-0.224,-0.5
HLO-334,0,2026-09-04,13,-0.182,0.927,-1.5
HLO-334,0,2026-09-05,15,0.545,2.548,1.5
HLO-334,0,2026-09-06,8,-0.081,4.23,5.5
HLO-334,0,2026-09-07,4,-0.465,-1.68,3.5
HLO-334,0,2026-09-08,4,-0.263,1.244,3.0
HLO-334,0,2026-09-09,6,-0.95,0.204,2.5
HLO-334,0,2026-09-10,8,-1.031,-0.109,3.0
HLO-334,0,2026-09-11,7,-1.071,-1.047,-0.5
HLO-334,0,2026-09-12,6,-1.657,0.888,4.5
HLO-334,0,2026-09-13,7,-1.677,-0.153,0.5
HLO-334,0,2026-09-14,6,-1.596,0.236,-2.0
HLO-334,0,2026-09-15,6,-1.495,1.336,-0.5
HLO-334,0,2026-09-16,6,-1.435,2.658,0.5
HLO-334,0,2026-09-17,7,-1.475,1.559,1.5
HLO-334,0,2026-09-18,6,-1.616,2.209,4.5
HLO-334,0,2026-09-19,7,-0.95,0.84,1.5
HLO-334,0,2026-09-20,7,-0.95,-0.416,-0.5
HLO-334,0,2026-09-21,6,-1.94,-0.321,1.5
HLO-334,0,2026-09-22,6,2.302,1.474,-2.0
HLO-334,0,2026-09-23,4,4.18,3.003,10.0
HLO-334,0,2026-09-24,5,5.352,5.816,14.5
HLO-334,0,2026-09-25,6,3.029,3.895,2.5
HLO-334,0,2026-09-26,7,4.504,2.944,6.5
HLO-334,0,2026-09-27,7,3.171,5.125,-0.5
HLO-334,0,2026-09-28,6,5.291,6.901,-1.5
HLO-336,0,2026-09-02,4,-0.066,0.197,1.5
HLO-336,0,2026-09-03,4,-0.308,-3.792,-4.0
HLO-336,0,2026-09-06,8,0.81,1.838,1.0
HLO-336,0,2026-09-07,10,1.028,3.856,2.5
HLO-336,0,2026-09-08,12,0.521,4.281,1.0
HLO-336,0,2026-09-09,11,0.222,6.034,2.0
HLO-336,0,2026-09-10,12,-0.011,5.748,2.0
HLO-336,0,2026-09-11,12,-0.484,5.161,0.0
HLO-336,0,2026-09-12,12,-1.12,5.088,-1.0
HLO-336,0,2026-09-13,12,-0.518,2.627,7.0
HLO-336,0,2026-09-14,11,-0.916,6.339,7.0
HLO-336,0,2026-09-15,11,-0.65,4.861,8.0
HLO-336,0,2026-09-16,10,-0.949,3.831,5.5
HLO-336,0,2026-09-17,6,-1.49,2.966,-6.0
HLO-336,0,2026-09-18,6,-1.357,5.021,-1.0
HLO-336,0,2026-09-19,6,-1.158,1.651,3.0
HLO-336,0,2026-09-20,4,-1.432,-1.6,2.0
HLO-336,0,2026-09-21,4,-2.973,-4.297,2.0
HLO-337,0,2026-09-01,6,0.0,0.276,0.0
HLO-337,0,2026-09-02,12,-0.347,1.668,0.0
HLO-337,0,2026-09-03,12,-0.004,1.34,-1.5
HLO-337,0,2026-09-04,14,0.402,-0.162,-0.5
HLO-337,0,2026-09-05,13,0.689,4.269,0.0
HLO-337,0,2026-09-06,13,0.449,3.165,0.0
HLO-337,0,2026-09-07,11,0.56,2.5,-1.0
HLO-337,0,2026-09-08,12,0.209,2.47,0.0
HLO-337,0,2026-09-09,12,-0.201,0.049,2.5
HLO-337,0,2026-09-10,12,-0.612,4.794,0.0
HLO-337,0,2026-09-11,13,-0.724,2.656,0.0
HLO-337,0,2026-09-12,13,-1.306,0.0,3.0
HLO-337,0,2026-09-13,12,-0.728,1.349,1.5
HLO-337,0,2026-09-14,15,-0.963,4.419,2.0
HLO-337,0,2026-09-15,13,-1.083,0.705,2.0
HLO-337,0,2026-09-16,14,-0.792,2.161,1.0
HLO-337,0,2026-09-17,13,-0.963,0.617,0.0
HLO-337,0,2026-09-18,12,-0.728,1.898,1.0
HLO-337,0,2026-09-19,14,-0.604,0.184,3.0
HLO-337,0,2026-09-20,12,-0.026,-0.22,0.0
HLO-337,0,2026-09-21,12,-0.899,1.872,3.5
HLO-337,0,2026-09-22,12,3.955,0.865,-0.5
HLO-337,0,2026-09-23,12,5.059,3.8,7.0
HLO-337,0,2026-09-24,13,6.167,3.754,14.0
HLO-337,0,2026-09-25,14,5.238,1.784,-0.5
HLO-337,0,2026-09-26,12,5.585,1.368,2.5
HLO-337,0,2026-09-27,13,5.114,1.672,1.0
HLO-337,0,2026-09-28,10,6.223,3.112,1.5
HLO-337,0,2026-09-29,12,6.865,-1.161,10.5
HLO-337,0,2026-09-30,12,8.371,5.437,5.5
HLO-337,0,2026-10-01,4,7.853,5.352,-1.0
HLO-338,0,2026-09-01,6,-0.455,0.277,0.0
HLO-338,0,2026-09-02,13,-0.358,0.188,0.0
HLO-338,0,2026-09-03,12,-0.386,0.994,-3.0
HLO-338,0,2026-09-04,12,-0.125,1.502,1.0
HLO-338,0,2026-09-05,13,-0.222,0.017,0.0
HLO-338,0,2026-09-06,13,0.051,-0.884,-1.0
HLO-338,0,2026-09-07,10,-0.432,2.075,0.5
HLO-338,0,2026-09-08,12,-0.284,-0.384,1.5
HLO-338,0,2026-09-09,14,-0.682,-0.49,1.5
HLO-338,0,2026-09-10,14,-1.012,1.985,2.0
HLO-338,0,2026-09-11,14,-1.205,1.355,0.0
HLO-338,0,2026-09-12,13,-1.961,-0.636,4.0
HLO-338,0,2026-09-13,13,-1.165,-1.076,2.0
HLO-338,0,2026-09-14,12,-1.66,-0.237,2.5
HLO-338,0,2026-09-15,13,-1.359,0.368,2.0
HLO-338,0,2026-09-16,14,-1.29,-1.399,3.0
HLO-338,0,2026-09-17,12,-1.495,-0.97,1.0
HLO-338,0,2026-09-18,13,-1.438,0.364,2.0
HLO-338,0,2026-09-19,13,-0.836,0.506,3.0
HLO-338,0,2026-09-20,13,-0.643,-0.178,-2.0
HLO-338,0,2026-09-21,12,-1.108,0.546,2.0
HLO-338,0,2026-09-22,12,3.467,1.023,-0.5
HLO-338,0,2026-09-23,12,4.416,0.599,9.5
HLO-338,0,2026-09-24,12,6.052,1.848,12.5
HLO-338,0,2026-09-25,13,3.882,0.214,3.0
HLO-338,0,2026-09-26,13,5.723,0.535,3.0
HLO-338,0,2026-09-27,12,4.183,-0.498,2.0
HLO-338,0,2026-09-28,10,6.217,1.378,2.5
HLO-338,0,2026-09-29,12,6.314,-0.159,11.5
HLO-338,0,2026-09-30,10,7.524,1.629,6.0
HLO-338,0,2026-10-01,4,7.581,1.519,-2.0
HLO-339,0,2026-09-01,6,-0.204,0.279,0.0
HLO-339,0,2026-09-02,12,-0.269,1.431,2.0
HLO-339,0,2026-09-03,12,-0.065,0.441,1.5
HLO-339,0,2026-09-04,13,0.687,3.423,4.0
HLO-339,0,2026-09-05,12,0.752,1.745,-2.0
HLO-339,0,2026-09-06,12,0.525,2.091,0.5
HLO-339,0,2026-09-07,11,0.642,2.316,5.0
HLO-339,0,2026-09-08,12,-0.304,2.296,2.5
HLO-339,0,2026-09-09,12,-0.369,2.171,3.5
HLO-339,0,2026-09-10,13,-0.777,2.499,3.0
HLO-339,0,2026-09-11,13,-1.25,1.388,5.0
HLO-339,0,2026-09-12,14,-1.143,2.891,6.0
HLO-339,0,2026-09-13,13,-0.971,3.28,6.0
HLO-339,0,2026-09-14,13,-1.379,3.208,6.0
HLO-339,0,2026-09-15,12,-1.444,2.749,6.0
HLO-339,0,2026-09-16,12,-0.832,2.455,4.0
HLO-339,0,2026-09-17,13,-1.101,3.125,5.0
HLO-339,0,2026-09-18,13,-0.434,3.021,6.0
HLO-339,0,2026-09-19,13,-0.498,2.282,6.0
HLO-339,0,2026-09-20,13,-0.712,2.798,7.0
HLO-339,0,2026-09-21,12,-0.498,3.689,10.0
HLO-339,0,2026-09-22,12,3.997,6.158,5.0
HLO-339,0,2026-09-23,13,5.202,3.118,10.0
HLO-339,0,2026-09-24,12,6.33,3.877,18.0
HLO-339,0,2026-09-25,13,5.137,3.269,8.0
HLO-339,0,2026-09-26,12,5.75,1.966,6.5
HLO-339,0,2026-09-27,12,4.438,3.383,7.0
HLO-339,0,2026-09-28,12,6.427,2.862,8.5
HLO-339,0,2026-09-29,12,6.534,3.931,16.5
HLO-339,0,2026-09-30,10,7.888,2.632,14.5
HLO-339,0,2026-10-01,4,7.674,2.382,1.0
HLO-340,0,2026-09-01,6,-0.042,0.6,0.0
HLO-340,0,2026-09-02,15,0.207,0.539,-1.5
HLO-340,0,2026-09-03,12,-0.081,1.511,-1.5
HLO-340,0,2026-09-04,12,0.707,1.338,-1.5
HLO-340,0,2026-09-05,12,0.914,1.147,-1.5
HLO-340,0,2026-09-06,12,0.543,4.258,-0.5
HLO-340,0,2026-09-07,11,0.55,5.139,-0.5
HLO-340,0,2026-09-08,15,0.389,5.086,-1.5
HLO-340,0,2026-09-09,12,0.059,3.165,-1.0
HLO-340,0,2026-09-10,12,-0.438,4.165,0.5
HLO-340,0,2026-09-11,13,-0.767,4.275,1.5
HLO-340,0,2026-09-12,12,-1.058,4.547,2.0
HLO-340,0,2026-09-13,12,-0.354,4.319,-1.0
HLO-340,0,2026-09-14,12,-1.1,2.925,-0.5
HLO-340,0,2026-09-15,13,-0.438,2.621,1.5
HLO-340,0,2026-09-16,12,-0.228,1.546,0.5
HLO-340,0,2026-09-17,12,-0.599,1.908,-0.5
HLO-340,0,2026-09-18,12,-0.228,4.867,0.0
HLO-340,0,2026-09-19,13,-0.438,2.799,1.5
HLO-340,0,2026-09-20,12,-0.021,4.74,1.5
HLO-340,0,2026-09-21,13,-0.27,6.572,2.5
HLO-340,0,2026-09-22,13,4.514,3.633,2.5
HLO-340,0,2026-09-23,13,5.418,3.154,4.5
HLO-340,0,2026-09-24,14,7.117,3.207,10.5
HLO-340,0,2026-09-25,13,5.831,2.903,2.5
HLO-340,0,2026-09-26,12,6.203,2.813,2.5
HLO-340,0,2026-09-27,13,4.844,2.858,3.5
HLO-340,0,2026-09-28,10,6.826,3.376,3.0
HLO-340,0,2026-09-29,11,7.155,3.601,5.5
HLO-340,0,2026-09-30,11,8.402,5.461,3.5
HLO-340,0,2026-10-01,4,8.521,4.619,-0.5
HLO-341,0,2026-09-01,6,0.1,0.166,-0.0
HLO-341,0,2026-09-02,13,0.226,0.341,-1.0
HLO-341,0,2026-09-03,13,0.1,-0.227,-4.0
HLO-341,0,2026-09-04,13,1.15,1.032,-1.0
HLO-341,0,2026-09-05,15,0.824,2.067,-1.0
HLO-341,0,2026-09-06,13,0.824,1.23,-1.0
HLO-341,0,2026-09-07,11,0.844,-0.651,1.0
HLO-341,0,2026-09-08,15,0.392,-1.007,0.0
HLO-341,0,2026-09-09,14,0.129,0.653,-0.5
HLO-341,0,2026-09-10,13,0.193,-0.025,0.0
HLO-341,0,2026-09-11,14,-0.17,-0.438,-0.5
HLO-341,0,2026-09-12,13,-0.984,-0.329,0.0
HLO-341,0,2026-09-13,13,-0.133,1.509,-1.0
HLO-341,0,2026-09-14,13,-0.133,1.66,0.0
HLO-341,0,2026-09-15,12,-0.486,1.533,-2.0
HLO-341,0,2026-09-16,14,0.203,2.294,-1.5
HLO-341,0,2026-09-17,13,-0.386,1.766,1.0
HLO-341,0,2026-09-18,12,-0.033,1.553,1.0
HLO-341,0,2026-09-19,13,0.266,2.156,-1.0
HLO-341,0,2026-09-20,12,-0.196,0.708,0.5
HLO-341,0,2026-09-21,14,0.066,0.974,0.0
HLO-341,0,2026-09-22,14,2.417,-2.045,1.5
HLO-341,0,2026-09-23,14,3.231,-1.0,4.5
HLO-341,0,2026-09-24,13,4.282,-4.051,9.0
HLO-341,0,2026-09-25,14,3.52,-2.839,1.0
HLO-341,0,2026-09-26,13,3.557,-4.234,3.0
HLO-341,0,2026-09-27,13,2.905,-3.723,2.0
HLO-341,0,2026-09-28,14,4.082,-3.59,-1.0
HLO-341,0,2026-09-29,13,4.408,-4.051,9.0
HLO-341,0,2026-09-30,13,5.259,-6.354,2.0
HLO-341,0,2026-10-01,4,4.697,-4.991,-3.0
HLO-342,0,2026-09-01,7,0.0,0.149,-0.5
HLO-342,0,2026-09-02,14,0.38,0.618,-1.5
HLO-342,0,2026-09-03,13,0.545,-0.649,-2.5
HLO-342,0,2026-09-04,13,0.38,1.154,-0.5
HLO-342,0,2026-09-05,12,0.62,0.981,-2.5
HLO-342,0,2026-09-06,13,0.595,1.321,-0.5
HLO-342,0,2026-09-07,11,0.53,2.288,-0.5
HLO-342,0,2026-09-08,12,0.391,-0.261,-0.5
HLO-342,0,2026-09-09,12,-0.097,0.629,1.5
HLO-342,0,2026-09-10,12,-0.072,0.803,-0.0
HLO-342,0,2026-09-11,13,-0.889,-1.481,0.5
HLO-342,0,2026-09-12,12,-1.104,1.105,1.0
HLO-342,0,2026-09-13,13,-0.674,0.326,2.5
HLO-342,0,2026-09-14,12,-1.112,0.932,1.5
HLO-342,0,2026-09-15,12,-0.839,0.158,-0.0
HLO-342,0,2026-09-16,13,-0.674,0.183,2.5
HLO-342,0,2026-09-17,12,-0.617,2.099,1.5
HLO-342,0,2026-09-18,12,-0.534,-0.534,2.5
HLO-342,0,2026-09-19,12,-0.344,0.108,2.0
HLO-342,0,2026-09-20,13,-0.294,1.744,1.5
HLO-342,0,2026-09-21,12,-0.154,0.713,-1.5
HLO-342,0,2026-09-22,12,2.585,-2.046,1.5
HLO-342,0,2026-09-23,12,3.567,-2.065,4.5
HLO-342,0,2026-09-24,14,4.55,-4.423,13.0
HLO-342,0,2026-09-25,13,3.65,-4.667,2.5
HLO-342,0,2026-09-26,13,4.195,-5.0,3.5
HLO-342,0,2026-09-27,13,2.84,-3.552,3.5
HLO-342,0,2026-09-28,13,4.905,-4.716,1.5
HLO-342,0,2026-09-29,13,4.575,-5.727,11.5
HLO-342,0,2026-09-30,12,6.127,-5.088,7.5
HLO-342,0,2026-10-01,5,5.45,-5.382,1.5
HLO-343,0,2026-09-01,6,0.129,0.177,0.0
HLO-343,0,2026-09-02,12,0.62,1.08,0.5
HLO-343,0,2026-09-03,13,0.626,2.875,-1.0
HLO-343,0,2026-09-04,13,0.639,4.275,0.0
HLO-343,0,2026-09-05,13,0.884,2.938,2.0
HLO-343,0,2026-09-06,12,1.228,2.43,-1.0
HLO-343,0,2026-09-07,10,1.375,2.187,1.5
HLO-343,0,2026-09-08,12,0.689,2.822,1.5
HLO-343,0,2026-09-09,12,0.56,2.605,2.0
HLO-343,0,2026-09-10,12,0.444,2.506,0.0
HLO-343,0,2026-09-11,12,-0.157,3.188,3.0
HLO-343,0,2026-09-12,13,-0.28,4.401,2.0
HLO-343,0,2026-09-13,13,0.198,2.649,2.0
HLO-343,0,2026-09-14,13,-0.022,1.885,4.0
HLO-343,0,2026-09-15,12,0.101,2.055,4.0
HLO-343,0,2026-09-16,12,0.353,2.106,2.5
HLO-343,0,2026-09-17,12,0.34,3.698,2.0
HLO-343,0,2026-09-18,13,-0.034,0.863,3.0
HLO-343,0,2026-09-19,12,0.198,2.696,4.0
HLO-343,0,2026-09-20,11,1.18,3.662,1.0
HLO-343,0,2026-09-21,13,0.444,2.651,3.0
HLO-343,0,2026-09-22,12,4.227,0.132,1.0
HLO-343,0,2026-09-23,13,4.957,-1.471,9.0
HLO-343,0,2026-09-24,13,6.172,-1.348,15.0
HLO-343,0,2026-09-25,12,4.932,-2.554,3.0
HLO-343,0,2026-09-26,13,5.436,-2.441,7.0
HLO-343,0,2026-09-27,11,4.479,-1.695,5.0
HLO-343,0,2026-09-28,13,6.418,0.0,4.0
HLO-343,0,2026-09-29,13,6.65,-1.733,13.0
HLO-343,0,2026-09-30,12,7.374,-3.025,9.0
HLO-343,0,2026-10-01,5,7.62,-3.183,0.0
HLO-344,0,2026-09-01,6,0.289,0.009,-0.0
HLO-344,0,2026-09-02,12,0.639,-0.206,2.5
HLO-344,0,2026-09-03,12,0.567,-0.643,-1.0
HLO-344,0,2026-09-04,13,0.99,0.802,0.5
HLO-344,0,2026-09-05,12,1.288,0.902,-1.0
HLO-344,0,2026-09-06,12,1.422,-1.36,-1.5
HLO-344,0,2026-09-07,11,1.587,1.255,1.5
HLO-344,0,2026-09-08,13,0.638,2.996,3.5
HLO-344,0,2026-09-09,14,0.638,1.949,2.5
HLO-344,0,2026-09-10,13,0.081,0.458,2.5
HLO-344,0,2026-09-11,14,0.081,2.682,3.5
HLO-344,0,2026-09-12,12,-0.486,2.867,3.5
HLO-344,0,2026-09-13,12,0.009,3.442,4.5
HLO-344,0,2026-09-14,12,-0.115,3.196,3.5
HLO-344,0,2026-09-15,14,-0.043,3.427,2.5
HLO-344,0,2026-09-16,12,0.39,3.055,2.0
HLO-344,0,2026-09-17,13,0.101,2.145,2.5
HLO-344,0,2026-09-18,14,-0.342,2.659,3.0
HLO-344,0,2026-09-19,14,0.514,3.317,4.0
HLO-344,0,2026-09-20,11,1.071,2.955,2.5
HLO-344,0,2026-09-21,12,0.576,2.323,3.0
HLO-344,0,2026-09-22,12,4.793,0.11,3.0
HLO-344,0,2026-09-23,12,5.432,-0.597,10.0
HLO-344,0,2026-09-24,13,6.494,0.011,13.5
HLO-344,0,2026-09-25,14,5.402,-0.738,5.5
HLO-344,0,2026-09-26,13,6.474,-1.098,6.5
HLO-344,0,2026-09-27,14,5.0,-0.869,2.5
HLO-344,0,2026-09-28,12,6.979,-0.757,4.0
HLO-344,0,2026-09-29,14,6.896,-0.986,15.5
HLO-344,0,2026-09-30,12,8.257,-1.973,7.5
HLO-344,0,2026-10-01,4,8.236,-1.866,1.5
HLO-345,0,2026-09-01,6,0.255,0.088,0.0
HLO-345,0,2026-09-02,12,0.177,1.782,1.0
HLO-345,0,2026-09-03,12,0.101,0.651,0.0
HLO-345,0,2026-09-04,12,0.585,1.589,1.0
HLO-345,0,2026-09-05,12,0.66,1.379,0.0
HLO-345,0,2026-09-06,12,1.066,1.916,0.0
HLO-345,0,2026-09-07,10,0.811,6.068,3.0
HLO-345,0,2026-09-08,12,0.475,3.083,1.5
HLO-345,0,2026-09-09,12,0.322,1.196,4.0
HLO-345,0,2026-09-10,12,-0.39,2.438,3.5
HLO-345,0,2026-09-11,12,-0.289,4.202,1.5
HLO-345,0,2026-09-12,12,-0.544,4.209,4.0
HLO-345,0,2026-09-13,12,-0.544,2.632,6.0
HLO-345,0,2026-09-14,12,-0.978,6.161,3.5
HLO-345,0,2026-09-15,12,-0.596,5.232,4.0
HLO-345,0,2026-09-16,12,-0.112,5.245,4.0
HLO-345,0,2026-09-17,12,-0.188,2.987,6.0
HLO-345,0,2026-09-18,12,-0.289,5.526,3.5
HLO-345,0,2026-09-19,12,0.27,5.724,5.5
HLO-345,0,2026-09-20,12,0.348,3.028,4.5
HLO-345,0,2026-09-21,12,-0.135,2.542,5.5
HLO-345,0,2026-09-22,12,4.76,4.588,2.0
HLO-345,0,2026-09-23,12,5.929,4.028,9.0
HLO-345,0,2026-09-24,12,7.076,1.081,18.0
HLO-345,0,2026-09-25,12,5.602,2.923,3.5
HLO-345,0,2026-09-26,12,6.592,2.129,7.5
HLO-345,0,2026-09-27,11,4.887,0.726,6.0
HLO-345,0,2026-09-28,9,7.331,0.779,4.0
HLO-345,0,2026-09-29,12,7.128,1.006,14.5
HLO-345,0,2026-09-30,10,8.781,3.884,11.0
HLO-345,0,2026-10-01,4,8.555,-1.477,-0.0
HLO-346,0,2026-09-01,6,0.308,0.089,0.0
HLO-346,0,2026-09-02,12,0.615,0.464,-0.5
HLO-346,0,2026-09-03,12,0.429,1.589,0.5
HLO-346,0,2026-09-04,12,0.737,1.338,1.5
HLO-346,0,2026-09-05,12,1.023,3.092,-1.0
HLO-346,0,2026-09-06,12,0.815,3.873,2.5
HLO-346,0,2026-09-07,10,0.743,2.415,5.0
HLO-346,0,2026-09-08,12,0.392,2.134,3.0
HLO-346,0,2026-09-09,12,0.206,2.693,3.5
HLO-346,0,2026-09-10,12,0.228,2.343,2.5
HLO-346,0,2026-09-11,12,-0.86,1.878,4.5
HLO-346,0,2026-09-12,12,-1.189,1.498,6.0
HLO-346,0,2026-09-13,12,-0.431,4.114,5.0
HLO-346,0,2026-09-14,12,-0.452,1.592,4.0
HLO-346,0,2026-09-15,12,-0.309,0.454,4.5
HLO-346,0,2026-09-16,12,-0.209,1.763,4.5
HLO-346,0,2026-09-17,12,-0.309,2.421,4.5
HLO-346,0,2026-09-18,12,-0.123,4.266,3.5
HLO-346,0,2026-09-19,12,-0.101,2.178,2.5
HLO-346,0,2026-09-20,12,-0.08,3.712,2.5
HLO-346,0,2026-09-21,12,-0.223,1.061,8.0
HLO-346,0,2026-09-22,12,4.929,1.892,2.0
HLO-346,0,2026-09-23,12,5.83,2.889,9.0
HLO-346,0,2026-09-24,12,7.025,1.524,17.0
HLO-346,0,2026-09-25,12,5.859,1.147,3.5
HLO-346,0,2026-09-26,12,6.882,1.446,7.5
HLO-346,0,2026-09-27,12,5.18,1.214,6.5
HLO-346,0,2026-09-28,12,7.254,1.277,5.5
HLO-346,0,2026-09-29,12,7.19,1.454,15.5
HLO-346,0,2026-09-30,10,8.892,3.218,9.5
HLO-346,0,2026-10-01,4,8.549,-2.359,0.5
HLO-347,0,2026-09-01,6,0.457,0.203,0.0
HLO-347,0,2026-09-02,13,0.457,0.779,0.0
HLO-347,0,2026-09-03,12,0.713,0.236,-2.0
HLO-347,0,2026-09-04,13,0.969,-0.86,-1.0
HLO-347,0,2026-09-05,12,0.659,-0.726,1.0
HLO-347,0,2026-09-06,14,0.821,-0.046,-0.5
HLO-347,0,2026-09-07,10,0.754,-0.061,0.5
HLO-347,0,2026-09-08,14,0.324,0.907,-1.0
HLO-347,0,2026-09-09,13,0.108,-0.366,1.0
HLO-347,0,2026-09-10,12,-0.066,0.959,2.0
HLO-347,0,2026-09-11,12,-0.335,-0.69,1.0
HLO-347,0,2026-09-12,12,-0.47,1.855,1.5
HLO-347,0,2026-09-13,12,-0.779,0.744,0.0
HLO-347,0,2026-09-14,12,-0.672,0.667,1.0
HLO-347,0,2026-09-15,12,-0.147,2.169,3.5
HLO-347,0,2026-09-16,13,-0.268,0.21,2.0
HLO-347,0,2026-09-17,13,-0.16,1.577,2.0
HLO-347,0,2026-09-18,12,-0.08,1.413,1.0
HLO-347,0,2026-09-19,13,-0.268,0.426,2.0
HLO-347,0,2026-09-20,12,0.284,1.798,2.5
HLO-347,0,2026-09-21,13,-0.268,0.5,2.0
HLO-347,0,2026-09-22,13,4.709,0.43,0.0
HLO-347,0,2026-09-23,13,5.408,0.06,9.0
HLO-347,0,2026-09-24,11,7.454,0.336,14.0
HLO-347,0,2026-09-25,12,5.503,0.145,4.0
HLO-347,0,2026-09-26,15,6.108,2.101,4.0
HLO-347,0,2026-09-27,12,5.166,1.31,4.5
HLO-347,0,2026-09-28,11,7.131,2.139,5.0
HLO-347,0,2026-09-29,14,7.184,1.879,14.5
HLO-347,0,2026-09-30,11,9.176,1.511,9.0
HLO-347,0,2026-10-01,4,8.234,-1.225,-0.5
HLO-348,0,2026-09-01,6,0.442,0.2,0.0
HLO-348,0,2026-09-02,12,0.466,0.29,1.5
HLO-348,0,2026-09-03,12,0.58,0.911,-2.0
HLO-348,0,2026-09-04,12,0.651,1.534,3.5
HLO-348,0,2026-09-05,12,0.765,1.972,3.5
HLO-348,0,2026-09-06,12,0.741,2.328,2.5
HLO-348,0,2026-09-07,10,0.991,0.707,3.5
HLO-348,0,2026-09-08,12,0.333,2.606,4.0
HLO-348,0,2026-09-09,12,0.028,3.989,4.5
HLO-348,0,2026-09-10,12,-0.068,3.462,5.0
HLO-348,0,2026-09-11,12,-0.414,2.615,3.5
HLO-348,0,2026-09-12,12,-0.857,1.159,7.5
HLO-348,0,2026-09-13,12,-0.277,4.489,2.5
HLO-348,0,2026-09-14,12,-0.349,2.368,4.5
HLO-348,0,2026-09-15,12,-0.349,4.866,2.5
HLO-348,0,2026-09-16,12,0.254,3.242,3.0
HLO-348,0,2026-09-17,12,0.093,2.56,1.5
HLO-348,0,2026-09-18,12,0.028,3.654,4.0
HLO-348,0,2026-09-19,12,0.237,3.123,4.5
HLO-348,0,2026-09-20,12,0.446,3.437,1.5
HLO-348,0,2026-09-21,12,-0.02,2.677,4.0
HLO-348,0,2026-09-22,12,4.848,2.194,0.5
HLO-348,0,2026-09-23,12,5.918,2.838,11.0
HLO-348,0,2026-09-24,12,7.221,1.724,11.0
HLO-348,0,2026-09-25,12,5.524,2.955,6.0
HLO-348,0,2026-09-26,12,6.48,0.819,7.5
HLO-348,0,2026-09-27,12,5.846,4.797,3.0
HLO-348,0,2026-09-28,10,7.639,2.929,6.5
HLO-348,0,2026-09-29,12,7.341,1.543,12.0
HLO-348,0,2026-09-30,10,8.877,0.3,11.5
HLO-348,0,2026-10-01,4,8.459,1.24,2.0
HLO-349,0,2026-09-01,6,-0.341,0.516,0.0
HLO-349,0,2026-09-02,12,-0.09,1.199,-3.5
HLO-349,0,2026-09-03,13,0.335,2.17,-2.5
HLO-349,0,2026-09-04,13,0.509,2.546,-1.5
HLO-349,0,2026-09-05,12,0.854,1.129,-2.5
HLO-349,0,2026-09-06,12,0.167,0.443,0.0
HLO-349,0,2026-09-07,10,0.573,1.615,-0.5
HLO-349,0,2026-09-08,13,0.308,2.246,-2.5
HLO-349,0,2026-09-09,12,-0.204,1.556,-1.5
HLO-349,0,2026-09-10,12,-0.204,3.199,0.5
HLO-349,0,2026-09-11,12,-0.806,1.905,0.5
HLO-349,0,2026-09-12,12,-1.151,2.179,2.0
HLO-349,0,2026-09-13,13,-0.723,3.196,-0.5
HLO-349,0,2026-09-14,12,-0.897,2.51,1.0
HLO-349,0,2026-09-15,13,-0.729,1.495,-0.5
HLO-349,0,2026-09-16,14,-0.984,1.764,1.0
HLO-349,0,2026-09-17,12,-0.298,2.165,1.0
HLO-349,0,2026-09-18,12,-0.462,0.108,0.5
HLO-349,0,2026-09-19,12,-0.632,1.826,2.5
HLO-349,0,2026-09-20,12,0.054,1.437,-0.5
HLO-349,0,2026-09-21,13,-0.89,0.708,2.5
HLO-349,0,2026-09-22,12,4.549,1.247,-2.5
HLO-349,0,2026-09-23,13,5.148,-0.18,5.5
HLO-349,0,2026-09-24,15,6.346,1.967,14.5
HLO-349,0,2026-09-25,13,4.987,0.374,-0.5
HLO-349,0,2026-09-26,14,6.266,2.057,2.5
HLO-349,0,2026-09-27,12,4.981,1.333,2.0
HLO-349,0,2026-09-28,11,7.036,1.507,4.5
HLO-349,0,2026-09-29,12,6.952,0.695,10.0
HLO-349,0,2026-09-30,12,8.492,1.357,5.0
HLO-349,0,2026-10-01,4,8.331,-1.303,-4.5
HLO-350,0,2026-09-01,6,0.0,0.286,0.0
HLO-350,0,2026-09-02,15,0.087,1.521,0.5
HLO-350,0,2026-09-03,13,-0.435,2.229,-0.5
HLO-350,0,2026-09-04,15,0.589,2.458,0.5
HLO-350,0,2026-09-05,12,0.251,4.051,1.5
HLO-350,0,2026-09-06,14,0.418,2.485,1.0
HLO-350,0,2026-09-07,10,0.496,0.758,1.5
HLO-350,0,2026-09-08,12,0.308,2.244,1.0
HLO-350,0,2026-09-09,12,-0.117,1.911,0.5
HLO-350,0,2026-09-10,12,-0.117,1.849,0.0
HLO-350,0,2026-09-11,13,-0.803,1.626,0.5
HLO-350,0,2026-09-12,15,-0.984,3.781,3.5
HLO-350,0,2026-09-13,13,-0.81,3.669,1.5
HLO-350,0,2026-09-14,12,-0.813,2.75,1.5
HLO-350,0,2026-09-15,12,-0.552,3.383,1.5
HLO-350,0,2026-09-16,12,-0.385,3.307,1.5
HLO-350,0,2026-09-17,13,-0.294,2.593,2.5
HLO-350,0,2026-09-18,12,-0.549,2.501,2.5
HLO-350,0,2026-09-19,12,-0.207,4.531,4.0
HLO-350,0,2026-09-20,13,-0.12,2.0,2.5
HLO-350,0,2026-09-21,13,-0.964,0.267,3.5
HLO-350,0,2026-09-22,13,3.863,2.764,0.5
HLO-350,0,2026-09-23,12,5.235,2.281,8.5
HLO-350,0,2026-09-24,13,6.092,2.545,14.5
HLO-350,0,2026-09-25,14,5.061,3.806,4.0
HLO-350,0,2026-09-26,12,6.092,3.135,3.5
HLO-350,0,2026-09-27,12,4.981,0.849,2.5
HLO-350,0,2026-09-28,11,7.29,2.379,3.5
HLO-350,0,2026-09-29,12,6.604,3.207,15.5
HLO-350,0,2026-09-30,10,8.495,1.439,7.5
HLO-350,0,2026-10-01,4,8.234,6.63,-1.0
HLO-351,0,2026-09-01,7,0.125,0.87,1.0
HLO-351,0,2026-09-02,13,-0.022,3.116,1.0
HLO-351,0,2026-09-03,13,-0.022,6.687,-1.0
HLO-351,0,2026-09-04,13,0.477,2.266,-1.0
HLO-351,0,2026-09-05,12,0.513,3.924,2.5
HLO-351,0,2026-09-06,13,0.301,3.75,2.0
HLO-351,0,2026-09-07,12,0.543,4.995,0.0
HLO-351,0,2026-09-08,12,0.074,3.899,2.0
HLO-351,0,2026-09-09,13,-0.285,3.775,0.0
HLO-351,0,2026-09-10,13,-0.783,6.419,2.0
HLO-351,0,2026-09-11,13,-0.856,8.054,1.0
HLO-351,0,2026-09-12,12,-1.267,7.275,4.0
HLO-351,0,2026-09-13,13,-0.607,6.21,4.0
HLO-351,0,2026-09-14,12,-0.893,4.144,2.5
HLO-351,0,2026-09-15,13,-0.68,3.898,2.0
HLO-351,0,2026-09-16,15,-0.68,4.536,3.0
HLO-351,0,2026-09-17,12,-0.556,4.755,2.5
HLO-351,0,2026-09-18,12,-0.659,6.486,1.5
HLO-351,0,2026-09-19,13,-0.285,5.756,1.0
HLO-351,0,2026-09-20,13,-0.358,9.126,-1.0
HLO-351,0,2026-09-21,13,-0.607,6.351,2.0
HLO-351,0,2026-09-22,14,4.067,5.482,3.0
HLO-351,0,2026-09-23,12,5.033,6.085,9.0
HLO-351,0,2026-09-24,14,6.404,6.078,14.0
HLO-351,0,2026-09-25,12,4.249,5.754,-0.5
HLO-351,0,2026-09-26,10,6.191,7.724,2.0
HLO-351,0,2026-09-27,11,4.623,5.397,1.0
HLO-351,0,2026-09-28,10,6.799,9.558,1.0
HLO-351,0,2026-09-29,14,6.836,9.886,11.0
HLO-351,0,2026-09-30,9,8.155,8.249,4.0
HLO-351,0,2026-10-01,5,7.481,8.837,-7.0
HLO-352,0,2026-09-01,6,0.082,0.087,0.0
HLO-352,0,2026-09-02,12,0.329,3.789,-0.5
HLO-352,0,2026-09-03,10,0.019,1.102,-3.0
HLO-352,0,2026-09-04,12,0.557,0.774,2.5
HLO-352,0,2026-09-05,12,0.721,0.867,1.5
HLO-352,0,2026-09-06,12,0.285,1.973,1.0
HLO-352,0,2026-09-07,10,0.424,4.187,3.5
HLO-352,0,2026-09-08,12,0.253,4.239,0.5
HLO-352,0,2026-09-09,12,-0.14,3.879,1.0
HLO-352,0,2026-09-10,12,-0.367,3.857,2.5
HLO-352,0,2026-09-11,12,-0.614,5.048,1.5
HLO-352,0,2026-09-12,12,-1.278,5.415,5.0
HLO-352,0,2026-09-13,12,-0.741,4.478,2.5
HLO-352,0,2026-09-14,12,-0.949,5.232,3.0
HLO-352,0,2026-09-15,12,-0.329,4.681,3.0
HLO-352,0,2026-09-16,12,-0.557,4.145,2.0
HLO-352,0,2026-09-17,12,-0.639,4.009,3.5
HLO-352,0,2026-09-18,12,-0.741,5.951,3.0
HLO-352,0,2026-09-19,12,-0.367,4.121,1.5
HLO-352,0,2026-09-20,12,0.291,5.5,1.5
HLO-352,0,2026-09-21,12,-0.513,3.517,3.0
HLO-352,0,2026-09-22,12,4.132,3.698,2.0
HLO-352,0,2026-09-23,12,5.062,5.28,8.5
HLO-352,0,2026-09-24,10,6.321,2.928,14.0
HLO-352,0,2026-09-25,9,3.784,4.414,1.5
HLO-352,0,2026-09-26,9,5.846,3.251,2.5
HLO-352,0,2026-09-27,11,4.442,3.493,3.5
HLO-352,0,2026-09-28,9,7.086,4.917,1.5
HLO-352,0,2026-09-29,12,6.612,4.15,13.0
HLO-352,0,2026-09-30,10,8.118,3.577,10.0
HLO-352,0,2026-10-01,4,7.77,3.939,-2.5
HLO-353,0,2026-09-01,6,0.049,0.198,0.0
HLO-353,0,2026-09-02,13,-0.509,1.603,-1.5
HLO-353,0,2026-09-03,12,-0.23,2.865,-1.5
HLO-353,0,2026-09-04,13,0.443,2.715,-0.5
HLO-353,0,2026-09-05,12,0.311,4.069,-2.0
HLO-353,0,2026-09-06,13,0.081,2.885,-0.5
HLO-353,0,2026-09-07,11,0.409,6.227,3.5
HLO-353,0,2026-09-08,12,-0.33,7.099,0.5
HLO-353,0,2026-09-09,14,-0.658,5.843,-0.5
HLO-353,0,2026-09-10,14,-0.658,5.543,2.0
HLO-353,0,2026-09-11,12,-1.035,5.819,2.0
HLO-353,0,2026-09-12,12,-1.265,4.872,3.5
HLO-353,0,2026-09-13,12,-1.117,5.755,4.0
HLO-353,0,2026-09-14,12,-1.298,3.742,5.5
HLO-353,0,2026-09-15,14,-1.068,4.33,2.0
HLO-353,0,2026-09-16,12,-0.822,4.133,3.0
HLO-353,0,2026-09-17,12,-1.019,5.043,0.5
HLO-353,0,2026-09-18,13,-1.166,6.642,0.5
HLO-353,0,2026-09-19,14,-0.838,5.912,3.0
HLO-353,0,2026-09-20,12,-0.707,6.172,0.5
HLO-353,0,2026-09-21,12,-0.888,4.551,3.0
HLO-353,0,2026-09-22,14,3.855,4.598,0.5
HLO-353,0,2026-09-23,12,4.429,6.749,8.0
HLO-353,0,2026-09-24,12,5.561,6.045,14.5
HLO-353,0,2026-09-25,12,4.594,6.447,1.5
HLO-353,0,2026-09-26,13,5.692,9.011,6.5
HLO-353,0,2026-09-27,12,4.331,6.836,1.5
HLO-353,0,2026-09-28,11,6.447,8.04,1.5
HLO-353,0,2026-09-29,12,6.299,7.581,8.0
HLO-353,0,2026-09-30,10,7.661,8.548,6.5
HLO-353,0,2026-10-01,4,7.809,9.076,0.0
HLO-354,0,2026-09-01,6,0.361,0.092,0.0
HLO-354,0,2026-09-02,12,0.322,0.606,0.5
HLO-354,0,2026-09-03,12,0.432,0.615,-0.5
HLO-354,0,2026-09-04,12,1.013,1.443,-1.5
HLO-354,0,2026-09-05,12,0.691,1.327,-3.5
HLO-354,0,2026-09-06,12,1.123,1.378,-2.5
HLO-354,0,2026-09-07,10,1.098,0.657,0.5
HLO-354,0,2026-09-08,12,0.461,0.96,1.5
HLO-354,0,2026-09-09,12,0.029,1.412,1.5
HLO-354,0,2026-09-10,12,-0.113,2.161,1.0
HLO-354,0,2026-09-11,12,-0.726,2.407,1.5
HLO-354,0,2026-09-12,12,-0.726,2.313,0.5
HLO-354,0,2026-09-13,12,-0.396,2.374,1.0
HLO-354,0,2026-09-14,12,-0.789,3.22,1.0
HLO-354,0,2026-09-15,12,-0.176,3.528,0.5
HLO-354,0,2026-09-16,12,-0.247,2.504,0.5
HLO-354,0,2026-09-17,12,-0.106,2.407,0.0
HLO-354,0,2026-09-18,12,-0.042,0.269,-0.5
HLO-354,0,2026-09-19,12,0.249,3.39,0.5
HLO-354,0,2026-09-20,12,0.068,0.701,-1.5
HLO-354,0,2026-09-21,12,-0.293,1.517,2.5
HLO-354,0,2026-09-22,12,4.817,-1.067,-1.5
HLO-354,0,2026-09-23,12,5.501,1.771,6.0
HLO-354,0,2026-09-24,12,7.01,1.421,12.0
HLO-354,0,2026-09-25,12,5.894,0.965,1.0
HLO-354,0,2026-09-26,12,6.185,0.43,4.0
HLO-354,0,2026-09-27,12,5.288,1.125,0.0
HLO-354,0,2026-09-28,12,7.293,0.259,-0.5
HLO-354,0,2026-09-29,12,7.261,1.659,13.0
HLO-354,0,2026-09-30,10,8.707,0.927,5.0
HLO-354,0,2026-10-01,4,8.204,3.203,-2.0
HLO-355,0,2026-09-01,6,0.549,0.21,0.0
HLO-355,0,2026-09-02,12,0.313,2.992,1.5
HLO-355,0,2026-09-03,12,0.862,1.939,-1.0
HLO-355,0,2026-09-04,11,1.136,1.277,0.5
HLO-355,0,2026-09-05,12,1.123,0.369,-1.0
HLO-355,0,2026-09-06,12,0.914,2.542,1.5
HLO-355,0,2026-09-07,10,1.241,0.748,1.5
HLO-355,0,2026-09-08,12,0.483,1.704,4.0
HLO-355,0,2026-09-09,12,0.234,3.927,3.5
HLO-355,0,2026-09-10,12,0.104,2.183,4.5
HLO-355,0,2026-09-11,12,-0.34,3.404,3.5
HLO-355,0,2026-09-12,12,-1.007,-0.037,7.5
HLO-355,0,2026-09-13,12,-0.027,4.614,2.5
HLO-355,0,2026-09-14,12,-0.275,6.253,3.5
HLO-355,0,2026-09-15,12,-0.145,3.222,4.0
HLO-355,0,2026-09-16,10,0.012,4.947,4.0
HLO-355,0,2026-09-17,12,0.13,0.916,1.5
HLO-355,0,2026-09-18,12,0.065,2.341,3.0
HLO-355,0,2026-09-19,12,0.221,1.531,4.5
HLO-355,0,2026-09-20,11,0.535,3.064,3.5
HLO-355,0,2026-09-21,12,-0.158,1.254,7.0
HLO-355,0,2026-09-22,11,4.977,3.769,-0.5
HLO-355,0,2026-09-23,11,5.839,3.212,10.5
HLO-355,0,2026-09-24,10,7.498,5.331,16.5
HLO-355,0,2026-09-25,12,5.774,3.187,3.5
HLO-355,0,2026-09-26,10,7.041,1.824,5.5
HLO-355,0,2026-09-27,12,5.552,3.482,5.0
HLO-355,0,2026-09-28,9,7.721,3.113,7.5
HLO-355,0,2026-09-29,12,7.616,4.444,12.5
HLO-355,0,2026-09-30,9,9.079,2.584,10.5
HLO-355,0,2026-10-01,4,8.805,1.416,0.5
HLO-391,0,2026-09-02,5,0.0,3.247,-1.0
HLO-391,0,2026-09-03,6,-0.168,-0.579,-6.0
HLO-391,0,2026-09-04,4,0.173,1.49,-5.5
HLO-391,0,2026-09-05,5,0.011,2.28,-8.0
HLO-391,0,2026-09-09,4,-0.463,0.9,-4.0
HLO-391,0,2026-09-10,5,-0.189,0.469,-3.0
HLO-391,0,2026-09-11,5,-1.06,2.032,-6.0
HLO-391,0,2026-09-12,6,-0.513,0.351,0.0
HLO-391,0,2026-09-13,5,-0.178,-2.532,-3.0
HLO-391,0,2026-09-14,6,-0.731,-1.35,-1.5
HLO-391,0,2026-09-15,6,0.04,3.419,-4.0
HLO-391,0,2026-09-16,6,-0.178,2.883,-4.0
HLO-391,0,2026-09-17,4,-0.396,2.378,-5.0
HLO-391,0,2026-09-18,6,-0.128,2.206,-4.5
HLO-391,0,2026-09-19,6,-0.513,2.945,-1.0
HLO-391,0,2026-09-20,6,0.313,1.126,-5.5
HLO-391,0,2026-09-21,6,0.257,3.673,-2.5
HLO-391,0,2026-09-22,5,3.752,1.132,-4.0
HLO-391,0,2026-09-23,4,5.348,-3.331,2.5
HLO-391,0,2026-09-25,4,4.293,-0.582,-2.5
HLO-391,0,2026-09-28,4,6.945,-1.55,-2.5
HLO-391,0,2026-09-29,4,6.895,-1.386,10.5
HLO-392,0,2026-09-02,5,0.083,-2.295,0.5
HLO-392,0,2026-09-03,6,0.0,-0.632,4.5
HLO-392,0,2026-09-04,4,0.913,1.75,2.5
HLO-392,0,2026-09-05,4,0.751,2.137,2.0
HLO-392,0,2026-09-08,6,0.77,0.886,4.0
HLO-392,0,2026-09-09,4,0.037,-0.829,5.5
HLO-392,0,2026-09-10,6,0.618,-0.326,4.0
HLO-392,0,2026-09-11,6,0.037,-0.101,5.5
HLO-392,0,2026-09-12,6,-0.368,0.545,5.5
HLO-392,0,2026-09-13,6,0.374,-0.566,4.5
HLO-392,0,2026-09-14,6,-0.285,-0.554,6.5
HLO-392,0,2026-09-15,6,-0.11,2.844,6.5
HLO-392,0,2026-09-16,6,0.139,2.149,4.0
HLO-392,0,2026-09-17,4,0.213,-0.359,1.5
HLO-392,0,2026-09-18,6,0.286,-4.993,7.0
HLO-392,0,2026-09-19,6,-0.124,-1.182,9.0
HLO-392,0,2026-09-20,5,0.941,2.652,1.5
HLO-392,0,2026-09-21,6,0.613,-2.049,6.0
HLO-392,0,2026-09-22,6,5.166,-3.026,0.5
HLO-392,0,2026-09-23,4,5.092,0.146,12.0
HLO-392,0,2026-09-24,4,6.152,-4.962,17.5
HLO-392,0,2026-09-25,4,4.751,-0.891,5.5
HLO-392,0,2026-09-26,4,6.064,-2.766,3.0
HLO-392,0,2026-09-28,4,6.723,-3.441,4.5
HLO-392,0,2026-09-29,4,7.138,-2.824,16.0
HLO-393,0,2026-09-02,6,-0.046,0.555,-2.5
HLO-393,0,2026-09-03,6,-0.221,-0.668,-5.0
HLO-393,0,2026-09-04,6,0.819,-2.707,-4.0
HLO-393,0,2026-09-05,5,-0.185,0.259,-1.0
HLO-393,0,2026-09-06,6,0.837,1.374,0.0
HLO-393,0,2026-09-07,5,0.954,-0.389,-5.0
HLO-393,0,2026-09-08,6,0.199,2.51,-1.0
HLO-393,0,2026-09-09,4,-0.399,0.874,1.0
HLO-393,0,2026-09-10,6,-0.52,5.466,-0.0
HLO-393,0,2026-09-11,6,-0.648,1.893,2.5
HLO-393,0,2026-09-12,6,-1.025,1.132,0.5
HLO-393,0,2026-09-13,6,-0.933,-0.329,2.0
HLO-393,0,2026-09-14,6,-1.449,0.029,1.0
HLO-393,0,2026-09-15,6,-0.584,1.039,0.5
HLO-393,0,2026-09-16,6,-0.142,1.02,-2.5
HLO-393,0,2026-09-17,4,-1.228,1.078,0.5
HLO-393,0,2026-09-18,6,-0.381,3.199,0.5
HLO-393,0,2026-09-19,6,-0.16,3.219,-1.0
HLO-393,0,2026-09-20,5,0.199,-2.296,-1.0
HLO-393,0,2026-09-21,6,0.171,2.681,0.5
HLO-393,0,2026-09-22,6,3.755,-1.759,-4.0
HLO-393,0,2026-09-23,5,4.528,-0.857,4.0
HLO-393,0,2026-09-24,4,5.236,-3.02,9.0
HLO-393,0,2026-09-25,4,3.645,-2.113,-0.5
HLO-393,0,2026-09-26,5,5.375,-1.019,-1.0
HLO-393,0,2026-09-27,5,3.901,1.437,-2.0
HLO-393,0,2026-09-28,4,6.194,-3.437,-2.5
HLO-393,0,2026-09-29,5,6.258,-1.488,9.0
HLO-393,0,2026-09-30,5,7.454,1.761,2.0
HLO-394,0,2026-09-02,6,0.339,2.39,-0.5
HLO-394,0,2026-09-03,6,0.927,3.722,-4.0
HLO-394,0,2026-09-04,5,0.332,2.071,-1.0
HLO-394,0,2026-09-05,5,0.498,4.747,-5.0
HLO-394,0,2026-09-06,4,0.952,2.68,-3.5
HLO-394,0,2026-09-08,4,0.938,4.753,-0.5
HLO-394,0,2026-09-09,4,0.145,6.277,-2.0
HLO-394,0,2026-09-10,5,0.087,7.145,-1.0
HLO-394,0,2026-09-11,5,-0.36,2.108,-1.0
HLO-394,0,2026-09-12,6,-0.591,5.524,0.0
HLO-394,0,2026-09-13,6,0.004,4.279,4.0
HLO-394,0,2026-09-14,6,-0.111,3.275,0.5
HLO-394,0,2026-09-15,6,0.087,2.825,-0.5
HLO-394,0,2026-09-16,6,0.419,1.89,-3.0
HLO-394,0,2026-09-17,4,-0.31,4.161,-2.5
HLO-394,0,2026-09-18,5,-0.194,4.208,-2.0
HLO-394,0,2026-09-19,5,-0.31,3.574,2.0
HLO-394,0,2026-09-20,4,0.682,3.398,-1.0
HLO-394,0,2026-09-21,6,0.624,4.362,0.0
HLO-394,0,2026-09-22,5,4.12,0.435,-1.0
HLO-394,0,2026-09-23,4,4.856,0.688,4.5
HLO-394,0,2026-09-25,4,4.549,2.089,1.5
HLO-394,0,2026-09-28,4,6.27,-0.017,-3.0
HLO-394,0,2026-09-29,4,6.551,-1.467,11.0
HLO-395,0,2026-09-02,6,-0.293,1.572,-0.5
HLO-395,0,2026-09-03,6,0.114,0.328,-1.0
HLO-395,0,2026-09-04,6,0.289,3.767,2.0
HLO-395,0,2026-09-05,6,0.346,3.735,2.0
HLO-395,0,2026-09-06,6,0.284,2.988,2.0
HLO-395,0,2026-09-07,5,0.577,1.512,0.5
HLO-395,0,2026-09-08,6,0.498,3.349,1.0
HLO-395,0,2026-09-09,5,0.322,2.857,-0.5
HLO-395,0,2026-09-10,6,0.029,4.919,-2.0
HLO-395,0,2026-09-11,6,-0.444,4.413,1.0
HLO-395,0,2026-09-12,6,-0.912,7.304,1.5
HLO-395,0,2026-09-13,6,-0.68,6.786,-1.5
HLO-395,0,2026-09-14,6,-0.68,6.417,0.5
HLO-395,0,2026-09-15,6,-0.387,4.374,2.0
HLO-395,0,2026-09-16,6,-0.273,5.051,-1.0
HLO-395,0,2026-09-17,4,-0.444,6.133,-0.0
HLO-395,0,2026-09-18,5,-0.387,5.018,-0.5
HLO-395,0,2026-09-19,6,-0.33,5.589,4.0
HLO-395,0,2026-09-20,5,0.322,1.653,0.5
HLO-395,0,2026-09-21,6,-0.089,4.188,3.0
HLO-395,0,2026-09-22,5,2.696,0.695,-1.5
HLO-395,0,2026-09-23,4,3.751,-2.493,6.0
HLO-395,0,2026-09-24,4,4.456,-2.004,12.0
HLO-395,0,2026-09-25,4,3.051,-0.785,2.5
HLO-395,0,2026-09-27,4,3.103,2.18,0.5
HLO-395,0,2026-09-28,4,5.393,-2.388,0.0
HLO-395,0,2026-09-29,4,5.857,-0.621,8.5
HLO-396,0,2026-09-02,6,-0.211,-0.961,-2.0
HLO-396,0,2026-09-03,6,-0.242,1.413,-4.0
HLO-396,0,2026-09-04,6,1.056,-0.091,-4.5
HLO-396,0,2026-09-05,6,0.361,-0.414,-3.5
HLO-396,0,2026-09-06,6,0.572,0.815,-4.0
HLO-396,0,2026-09-07,5,0.807,0.878,-4.0
HLO-396,0,2026-09-08,6,-0.192,1.671,-2.0
HLO-396,0,2026-09-09,6,-0.464,1.87,-3.5
HLO-396,0,2026-09-10,6,-0.011,2.453,-5.5
HLO-396,0,2026-09-11,6,-0.676,1.985,-5.0
HLO-396,0,2026-09-12,6,-1.19,1.399,-4.0
HLO-396,0,2026-09-13,6,-0.526,1.16,-4.5
HLO-396,0,2026-09-14,6,-1.071,2.008,-2.0
HLO-396,0,2026-09-15,6,-0.407,1.57,-4.0
HLO-396,0,2026-09-16,6,-0.86,3.301,-2.5
HLO-396,0,2026-09-17,6,-0.768,3.058,-5.0
HLO-396,0,2026-09-18,6,-0.706,-0.524,-2.5
HLO-396,0,2026-09-19,6,-0.706,1.521,-3.0
HLO-396,0,2026-09-20,6,-0.526,2.047,-1.5
HLO-396,0,2026-09-21,6,-1.19,0.58,-1.5
HLO-396,0,2026-09-22,6,2.45,-4.177,-5.0
HLO-396,0,2026-09-23,6,3.084,-1.869,3.0
HLO-396,0,2026-09-24,6,3.568,-2.549,7.0
HLO-396,0,2026-09-25,6,2.481,-0.952,-2.5
HLO-396,0,2026-09-26,5,3.295,-0.842,-2.0
HLO-396,0,2026-09-27,5,2.266,2.043,0.0
HLO-396,0,2026-09-28,5,3.902,-4.368,-2.0
HLO-396,0,2026-09-29,6,4.294,-1.0,10.0
HLO-396,0,2026-09-30,6,5.319,-2.351,2.0
HLO-397,0,2026-09-02,6,0.252,0.04,-1.5
HLO-397,0,2026-09-03,6,0.145,0.24,-2.5
HLO-397,0,2026-09-04,6,0.541,1.802,-1.5
HLO-397,0,2026-09-05,6,0.289,2.628,-0.5
HLO-397,0,2026-09-06,6,0.614,1.179,-1.5
HLO-397,0,2026-09-07,5,0.793,1.538,-2.5
HLO-397,0,2026-09-08,6,0.655,2.615,-3.0
HLO-397,0,2026-09-09,6,-0.281,2.692,-1.0
HLO-397,0,2026-09-10,6,-0.461,3.064,-3.5
HLO-397,0,2026-09-11,6,-0.928,3.349,2.0
HLO-397,0,2026-09-12,6,-1.467,4.03,1.0
HLO-397,0,2026-09-13,6,-0.567,5.172,0.0
HLO-397,0,2026-09-14,6,-0.746,6.14,-2.0
HLO-397,0,2026-09-15,6,-0.746,3.975,0.5
HLO-397,0,2026-09-16,6,-0.53,5.211,-3.5
HLO-397,0,2026-09-17,6,-0.674,4.517,-1.0
HLO-397,0,2026-09-18,6,-0.856,4.835,0.0
HLO-397,0,2026-09-19,6,-0.352,6.353,-2.5
HLO-397,0,2026-09-20,6,0.115,2.453,-1.5
HLO-397,0,2026-09-21,6,-0.928,2.897,0.5
HLO-397,0,2026-09-22,6,2.157,-1.099,-2.5
HLO-397,0,2026-09-23,6,3.093,0.617,2.0
HLO-397,0,2026-09-24,6,3.597,-3.307,10.5
HLO-397,0,2026-09-25,6,2.986,2.632,-4.5
HLO-397,0,2026-09-26,5,3.814,-1.415,-4.5
HLO-397,0,2026-09-27,5,2.302,-0.785,-0.5
HLO-397,0,2026-09-28,6,4.136,-1.231,-2.5
HLO-397,0,2026-09-29,6,4.281,-0.67,5.0
HLO-397,0,2026-09-30,6,4.713,-3.622,1.5
HLO-402,0,2026-09-02,6,0.007,-0.128,0.5
HLO-402,0,2026-09-03,6,0.0,-0.765,-0.5
HLO-402,0,2026-09-04,6,0.676,-1.583,0.5
HLO-402,0,2026-09-05,6,0.449,-2.093,1.0
HLO-402,0,2026-09-06,6,0.455,-2.09,1.5
HLO-402,0,2026-09-07,5,0.669,-0.643,1.5
HLO-402,0,2026-09-08,6,0.136,0.715,2.0
HLO-402,0,2026-09-09,6,-0.292,0.159,2.5
HLO-402,0,2026-09-10,6,-0.733,-1.491,1.5
HLO-402,0,2026-09-11,6,-0.74,0.046,3.0
HLO-402,0,2026-09-12,6,-1.396,1.508,2.0
HLO-402,0,2026-09-13,6,-0.727,-0.413,1.5
HLO-402,0,2026-09-14,6,-0.713,-0.728,3.5
HLO-402,0,2026-09-15,6,-0.941,-1.541,2.5
HLO-402,0,2026-09-16,6,-0.485,-1.242,2.5
HLO-402,0,2026-09-17,6,-0.713,-1.51,1.5
HLO-402,0,2026-09-18,6,-0.74,-0.881,1.5
HLO-402,0,2026-09-19,6,-0.727,-0.391,2.5
HLO-402,0,2026-09-20,6,0.143,0.656,1.0
HLO-402,0,2026-09-21,6,-0.513,-0.358,2.5
HLO-402,0,2026-09-22,6,4.21,-1.981,0.5
HLO-402,0,2026-09-23,6,5.328,-1.555,8.0
HLO-402,0,2026-09-24,6,6.674,-1.808,13.5
HLO-402,0,2026-09-25,6,4.859,-0.627,4.0
HLO-402,0,2026-09-26,6,5.984,-0.511,4.0
HLO-402,0,2026-09-27,6,4.887,-1.315,3.5
HLO-402,0,2026-09-28,5,6.881,-1.266,4.5
HLO-402,0,2026-09-29,6,6.446,-1.149,10.5
HLO-402,0,2026-09-30,5,8.689,-0.509,4.5
HLO-403,0,2026-09-02,6,0.126,-0.087,0.5
HLO-403,0,2026-09-03,6,-0.265,-2.337,0.0
HLO-403,0,2026-09-04,6,0.529,0.557,2.0
HLO-403,0,2026-09-05,5,0.737,1.22,0.0
HLO-403,0,2026-09-06,6,0.277,0.118,3.0
HLO-403,0,2026-09-07,5,0.394,-2.44,2.0
HLO-403,0,2026-09-08,6,-0.123,0.786,3.5
HLO-403,0,2026-09-09,4,-0.445,-0.957,-1.0
HLO-403,0,2026-09-10,5,-0.526,0.67,1.0
HLO-403,0,2026-09-11,5,-1.032,1.36,4.0
HLO-403,0,2026-09-12,6,-1.227,-0.018,4.0
HLO-403,0,2026-09-13,5,-1.008,2.491,0.0
HLO-403,0,2026-09-14,6,-1.02,0.497,4.5
HLO-403,0,2026-09-15,6,-0.352,0.906,1.0
HLO-403,0,2026-09-16,6,-0.283,0.536,3.5
HLO-403,0,2026-09-17,5,-0.478,1.106,1.0
HLO-403,0,2026-09-18,6,-0.698,2.301,3.5
HLO-403,0,2026-09-19,6,-0.169,2.158,3.5
HLO-403,0,2026-09-20,6,-0.111,1.127,3.5
HLO-403,0,2026-09-21,6,-0.169,1.344,2.5
HLO-403,0,2026-09-22,6,4.578,0.676,2.0
HLO-403,0,2026-09-23,6,5.51,2.621,10.0
HLO-403,0,2026-09-24,6,6.948,1.092,9.5
HLO-403,0,2026-09-25,5,4.9,1.914,2.0
HLO-403,0,2026-09-26,5,5.82,-1.567,-1.0
HLO-403,0,2026-09-27,5,4.647,0.999,5.0
HLO-403,0,2026-09-28,5,7.017,2.799,5.0
HLO-403,0,2026-09-29,6,7.074,2.761,11.0
HLO-403,0,2026-09-30,5,8.72,1.477,6.0
HLO-77,0,2026-09-02,6,0.286,-0.312,-0.0
HLO-77,0,2026-09-03,6,0.496,2.952,-1.0
HLO-77,0,2026-09-04,6,1.248,1.009,-2.5
HLO-77,0,2026-09-05,6,0.992,2.373,-3.0
HLO-77,0,2026-09-06,6,1.338,4.368,-2.5
HLO-77,0,2026-09-07,5,1.142,4.305,-0.5
HLO-77,0,2026-09-08,6,0.688,5.264,-0.5
HLO-77,0,2026-09-09,6,0.222,5.115,1.5
HLO-77,0,2026-09-10,6,-0.139,4.291,2.0
HLO-77,0,2026-09-11,6,-0.891,6.49,5.5
HLO-77,0,2026-09-12,6,-1.162,4.55,2.5
HLO-77,0,2026-09-13,6,-0.591,4.455,3.5
HLO-77,0,2026-09-14,6,-1.207,6.752,5.5
HLO-77,0,2026-09-15,6,-0.997,4.367,5.5
HLO-77,0,2026-09-16,6,-0.787,5.06,8.0
HLO-77,0,2026-09-17,6,-0.636,5.433,3.0
HLO-77,0,2026-09-18,6,-0.726,7.946,5.0
HLO-77,0,2026-09-19,6,-0.395,6.451,6.0
HLO-77,0,2026-09-20,6,-0.049,7.699,7.0
HLO-77,0,2026-09-21,6,-0.545,4.002,10.5
HLO-77,0,2026-09-22,6,4.392,5.631,5.5
HLO-77,0,2026-09-23,6,5.144,4.932,13.5
HLO-77,0,2026-09-24,6,6.649,2.458,18.5
HLO-77,0,2026-09-25,6,5.175,4.102,5.0
HLO-77,0,2026-09-26,6,6.363,3.445,8.5
HLO-77,0,2026-09-27,6,5.069,0.203,9.0
HLO-77,0,2026-09-28,6,7.161,-0.284,8.5
HLO-77,0,2026-09-29,6,6.905,3.477,13.5
HLO-77,0,2026-09-30,5,8.363,2.699,8.5
HLO-81,0,2026-09-02,5,0.303,0.695,-2.0
HLO-81,0,2026-09-03,6,0.7,0.009,-1.0
HLO-81,0,2026-09-04,6,1.022,1.907,-4.0
HLO-81,0,2026-09-05,5,1.096,0.861,-3.0
HLO-81,0,2026-09-07,5,1.298,2.983,1.0
HLO-81,0,2026-09-08,6,0.505,0.004,0.5
HLO-81,0,2026-09-09,4,-0.04,3.744,1.5
HLO-81,0,2026-09-10,5,-0.249,1.794,1.0
HLO-81,0,2026-09-11,6,-0.531,2.024,1.5
HLO-81,0,2026-09-12,6,-0.794,1.815,2.0
HLO-81,0,2026-09-13,6,-0.511,4.852,4.0
HLO-81,0,2026-09-14,6,-0.794,2.043,3.0
HLO-81,0,2026-09-15,6,-0.228,-0.759,2.0
HLO-81,0,2026-09-16,6,-0.148,2.157,3.0
HLO-81,0,2026-09-17,5,-0.208,3.107,6.0
HLO-81,0,2026-09-18,6,-0.437,0.582,4.0
HLO-81,0,2026-09-19,6,0.242,2.166,2.0
HLO-81,0,2026-09-20,6,0.659,2.81,3.5
HLO-81,0,2026-09-21,6,-0.437,0.901,6.5
HLO-81,0,2026-09-22,6,4.662,1.639,2.5
HLO-81,0,2026-09-23,5,5.321,-2.962,7.0
HLO-81,0,2026-09-24,4,6.343,2.927,14.0
HLO-81,0,2026-09-25,5,4.904,-3.328,1.0
HLO-81,0,2026-09-26,5,5.967,0.0,5.0
HLO-81,0,2026-09-27,5,4.796,-0.606,7.0
HLO-81,0,2026-09-28,4,7.399,1.221,2.5
HLO-81,0,2026-09-29,5,7.245,5.429,9.0
HLO-81,0,2026-09-30,4,8.758,-1.179,6.0
HLO-93,0,2026-09-02,5,0.0,0.095,-2.0
HLO-93,0,2026-09-03,6,-0.638,-4.975,-0.5
HLO-93,0,2026-09-04,5,0.93,-3.192,-1.0
HLO-93,0,2026-09-05,5,-0.035,-4.803,1.0
HLO-93,0,2026-09-06,6,0.329,0.671,1.0
HLO-93,0,2026-09-07,5,0.381,1.761,0.0
HLO-93,0,2026-09-08,5,0.728,-0.722,3.0
HLO-93,0,2026-09-09,4,-0.22,-2.116,1.0
HLO-93,0,2026-09-10,6,-0.202,-5.771,1.5
HLO-93,0,2026-09-11,6,-0.702,-1.364,-1.0
HLO-93,0,2026-09-12,6,-1.167,-2.706,1.0
HLO-93,0,2026-09-13,6,-0.771,-7.852,1.0
HLO-93,0,2026-09-14,6,-0.685,-4.282,0.0
HLO-93,0,2026-09-15,6,-0.15,-3.812,-2.5
HLO-93,0,2026-09-16,6,-0.477,-2.644,-0.5
HLO-93,0,2026-09-17,6,-0.65,-5.087,1.0
HLO-93,0,2026-09-18,6,-0.185,-3.083,-2.5
HLO-93,0,2026-09-19,6,0.228,-3.7,1.0
HLO-93,0,2026-09-20,6,0.211,-5.071,-2.0
HLO-93,0,2026-09-21,6,0.263,-4.877,-0.5
HLO-93,0,2026-09-22,6,4.099,-7.23,1.0
HLO-93,0,2026-09-23,5,4.754,-5.631,10.0
HLO-93,0,2026-09-24,5,5.823,-8.231,13.0
HLO-93,0,2026-09-25,5,4.477,-6.393,-2.0
HLO-93,0,2026-09-26,5,6.407,-5.463,-3.0
HLO-93,0,2026-09-27,5,3.755,-3.193,0.0
HLO-93,0,2026-09-28,4,6.528,-9.071,-2.5
HLO-93,0,2026-09-29,5,6.615,-6.264,11.0
HLO-93,0,2026-09-30,5,8.613,-4.063,7.0
HLO-94,0,2026-09-02,5,0.206,3.687,-1.0
HLO-94,0,2026-09-03,6,0.767,-0.11,-2.5
HLO-94,0,2026-09-04,5,0.741,4.283,2.0
HLO-94,0,2026-09-05,5,1.38,3.072,-6.0
HLO-94,0,2026-09-06,5,1.38,5.923,2.0
HLO-94,0,2026-09-07,5,1.38,6.407,1.0
HLO-94,0,2026-09-08,6,0.763,4.698,0.5
HLO-94,0,2026-09-09,4,0.48,6.82,4.5
HLO-94,0,2026-09-10,6,0.531,5.753,2.5
HLO-94,0,2026-09-11,5,-0.39,7.432,3.0
HLO-94,0,2026-09-12,6,-0.648,4.539,4.5
HLO-94,0,2026-09-13,6,-0.174,6.044,7.0
HLO-94,0,2026-09-14,5,0.248,2.735,4.0
HLO-94,0,2026-09-15,6,0.094,3.805,3.5
HLO-94,0,2026-09-16,5,0.094,4.748,7.0
HLO-94,0,2026-09-17,5,-0.061,1.947,0.0
HLO-94,0,2026-09-18,6,-0.02,5.37,0.5
HLO-94,0,2026-09-19,6,0.402,3.785,3.5
HLO-94,0,2026-09-20,6,0.747,5.946,2.0
HLO-94,0,2026-09-21,6,0.876,3.469,1.0
HLO-94,0,2026-09-22,6,5.071,4.733,1.5
HLO-94,0,2026-09-23,5,5.838,3.811,7.0
HLO-94,0,2026-09-24,4,6.903,-1.622,10.5
HLO-94,0,2026-09-25,5,5.456,8.727,4.0
HLO-94,0,2026-09-26,4,6.558,-0.164,4.0
HLO-94,0,2026-09-27,5,5.302,2.709,6.0
HLO-94,0,2026-09-28,4,7.299,4.919,1.0
HLO-94,0,2026-09-29,5,7.505,7.714,10.0
HLO-94,0,2026-09-30,5,8.247,2.207,5.0
HLO-R3,0,2026-09-01,8,0.01,-0.16,-0.5
HLO-R3,0,2026-09-02,15,-0.0,-0.199,-1.0
HLO-R3,0,2026-09-03,15,-0.0,-0.341,-1.0
HLO-R3,0,2026-09-04,15,-1.346,-0.052,-2.0
HLO-R3,0,2026-09-05,15,-0.455,-0.236,0.0
HLO-R3,0,2026-09-06,11,-1.346,-0.627,1.0
HLO-R3,0,2026-09-07,15,-0.0,-0.182,3.0
HLO-R3,0,2026-09-08,15,2.236,-0.418,3.0
HLO-R3,0,2026-09-09,14,0.445,-0.216,2.5
HLO-R3,0,2026-09-10,15,1.346,-0.664,4.0
HLO-R3,0,2026-09-11,15,1.325,-0.192,1.0
HLO-R3,0,2026-09-12,15,-0.02,0.0,1.0
HLO-R3,0,2026-09-13,15,-0.911,-0.029,6.0
HLO-R3,0,2026-09-14,15,0.87,-0.216,3.0
HLO-R3,0,2026-09-15,15,3.106,-0.214,3.0
HLO-R3,0,2026-09-16,15,-0.02,0.1,2.0
HLO-R3,0,2026-09-17,15,-0.02,-0.34,2.0
HLO-R3,0,2026-09-18,15,0.435,-0.581,2.0
HLO-R3,0,2026-09-19,15,0.87,-0.325,3.0
HLO-R3,0,2026-09-20,14,2.671,-0.158,-0.0
HLO-R3,0,2026-09-21,13,1.781,-0.0,1.0
HLO-R3,0,2026-09-22,14,1.098,-0.072,2.5
HLO-R3,0,2026-09-23,15,-0.02,0.0,4.0
HLO-R3,0,2026-09-24,14,5.342,0.218,-2.5
HLO-R3,0,2026-09-25,13,2.195,-0.444,0.0
HLO-R3,0,2026-09-26,12,3.571,-0.12,1.0
HLO-R3,0,2026-09-27,11,1.76,-0.321,6.0
HLO-R3,0,2026-09-30,5,-3.602,0.017,8.0
HLO-R4,0,2026-09-01,8,-0.0,0.2,0.5
HLO-R4,0,2026-09-02,15,-0.949,0.037,0.5
HLO-R4,0,2026-09-03,15,-0.903,-0.018,-0.5
HLO-R4,0,2026-09-04,12,0.237,-0.369,-1.0
HLO-R4,0,2026-09-05,11,-0.0,-0.131,-1.5
HLO-R4,0,2026-09-06,6,0.214,-0.164,3.0
HLO-R4,0,2026-09-07,12,-0.452,-0.093,5.5
HLO-R4,0,2026-09-08,15,0.903,-0.321,3.5
HLO-R4,0,2026-09-09,14,-1.332,-0.02,3.5
HLO-R4,0,2026-09-10,14,0.023,-0.26,3.5
HLO-R4,0,2026-09-11,15,-0.429,-0.477,1.5
HLO-R4,0,2026-09-12,15,0.949,-0.74,-0.5
HLO-R4,0,2026-09-13,15,-0.429,-0.481,3.5
HLO-R4,0,2026-09-14,15,1.378,-1.184,4.5
HLO-R4,0,2026-09-15,15,1.378,-1.099,5.5
HLO-R4,0,2026-09-16,15,-0.383,-1.04,1.5
HLO-R4,0,2026-09-17,13,0.949,-1.389,2.5
HLO-R4,0,2026-09-18,14,-1.716,-1.634,4.5
HLO-R4,0,2026-09-19,15,-0.812,-1.668,6.5
HLO-R4,0,2026-09-20,15,0.091,-2.006,1.5
HLO-R4,0,2026-09-21,14,1.638,-1.441,3.5
HLO-R4,0,2026-09-22,15,1.423,-1.502,3.5
HLO-R4,0,2026-09-23,15,0.091,-1.689,5.5
HLO-R4,0,2026-09-24,15,5.466,-1.161,2.5
HLO-R4,0,2026-09-25,12,1.898,-2.305,5.5
HLO-R4,0,2026-09-26,12,1.401,-2.3,1.5
HLO-R4,0,2026-09-27,11,2.801,-2.235,6.5
HLO-R4,0,2026-09-30,14,4.325,-2.46,5.5
HLO-R4,0,2026-10-01,9,4.134,-1.236,1.5
HLO-R5,0,2026-09-01,8,0.446,-0.682,0.0
HLO-R5,0,2026-09-02,15,-2.908,-1.639,-1.0
HLO-R5,0,2026-09-03,15,-0.224,-1.813,-2.0
HLO-R5,0,2026-09-04,14,-1.793,-3.085,1.0
HLO-R5,0,2026-09-05,11,1.566,-0.003,-1.0
HLO-R5,0,2026-09-06,7,-0.224,-1.219,2.0
HLO-R5,0,2026-09-07,14,-1.789,-1.106,0.5
HLO-R5,0,2026-09-08,15,-1.12,-1.3,5.0
HLO-R5,0,2026-09-09,14,-2.016,-2.241,4.5
HLO-R5,0,2026-09-10,15,-0.224,-1.851,2.0
HLO-R5,0,2026-09-11,15,-0.672,-0.468,2.0
HLO-R5,0,2026-09-12,14,1.561,-0.319,0.5
HLO-R5,0,2026-09-13,15,-1.566,-0.588,6.0
HLO-R5,0,2026-09-14,15,2.012,-0.931,7.0
HLO-R5,0,2026-09-15,15,1.564,0.0,6.0
HLO-R5,0,2026-09-16,15,1.564,-0.733,2.0
HLO-R5,0,2026-09-17,14,1.561,-0.688,6.0
HLO-R5,0,2026-09-18,15,-0.224,0.0,4.0
HLO-R5,0,2026-09-19,14,0.447,-0.259,5.0
HLO-R5,0,2026-09-20,15,0.222,-0.429,3.0
HLO-R5,0,2026-09-21,14,-0.673,0.68,5.0
HLO-R5,0,2026-09-22,15,-0.226,1.104,1.0
HLO-R5,0,2026-09-23,13,2.906,0.984,7.0
HLO-R5,0,2026-09-24,13,4.691,1.308,5.0
HLO-R5,0,2026-09-25,12,0.223,0.203,6.5
HLO-R5,0,2026-09-26,12,2.458,0.165,3.0
HLO-R5,0,2026-09-27,7,4.699,3.106,7.0
HLO-R5,0,2026-09-30,7,2.463,3.132,10.0
HLO-R6,0,2026-09-01,8,-0.196,0.034,0.5
HLO-R6,0,2026-09-02,15,-1.51,0.224,1.5
HLO-R6,0,2026-09-03,15,-0.242,-0.059,-1.5
HLO-R6,0,2026-09-04,13,-3.351,-0.245,4.5
HLO-R6,0,2026-09-05,11,0.242,-0.108,-0.5
HLO-R6,0,2026-09-06,7,-3.351,0.25,4.5
HLO-R6,0,2026-09-07,14,-0.242,0.116,2.5
HLO-R6,0,2026-09-08,15,-0.151,-0.092,4.5
HLO-R6,0,2026-09-09,14,-1.555,-0.039,4.5
HLO-R6,0,2026-09-10,15,-1.6,-0.272,4.5
HLO-R6,0,2026-09-11,15,0.151,-0.388,3.5
HLO-R6,0,2026-09-12,15,1.51,-0.476,2.5
HLO-R6,0,2026-09-13,15,1.993,0.0,6.5
HLO-R6,0,2026-09-14,15,-0.332,-0.006,6.5
HLO-R6,0,2026-09-15,15,1.993,-0.413,3.5
HLO-R6,0,2026-09-16,15,1.027,-0.474,2.5
HLO-R6,0,2026-09-17,14,-0.045,-0.336,3.5
HLO-R6,0,2026-09-18,14,-1.887,-0.172,5.5
HLO-R6,0,2026-09-19,15,0.242,-0.343,5.5
HLO-R6,0,2026-09-20,15,1.027,0.026,2.5
HLO-R6,0,2026-09-21,14,0.83,-0.01,5.5
HLO-R6,0,2026-09-22,14,1.902,0.202,2.5
HLO-R6,0,2026-09-23,12,-0.528,-0.099,5.0
HLO-R6,0,2026-09-24,12,2.34,0.0,5.0
HLO-R6,0,2026-09-25,12,3.216,-0.372,7.0
HLO-R6,0,2026-09-26,11,2.868,0.108,6.5
HLO-R6,0,2026-09-27,8,5.148,0.234,6.5
HLO-R6,0,2026-09-30,7,-0.242,0.0,13.5
HLO-R7,0,2026-09-01,8,0.0,0.064,0.5
HLO-R7,0,2026-09-02,15,2.651,0.0,-1.5
HLO-R7,0,2026-09-03,15,-0.953,-0.112,-1.5
HLO-R7,0,2026-09-04,15,0.425,-0.08,-4.5
HLO-R7,0,2026-09-05,15,-2.651,0.272,-2.5
HLO-R7,0,2026-09-06,15,-1.802,0.0,-3.5
HLO-R7,0,2026-09-07,15,0.425,0.148,-1.5
HLO-R7,0,2026-09-08,15,-0.104,0.0,3.5
HLO-R7,0,2026-09-09,14,1.802,0.414,2.0
HLO-R7,0,2026-09-10,15,2.651,0.006,-0.5
HLO-R7,0,2026-09-11,15,1.274,0.457,0.5
HLO-R7,0,2026-09-12,15,2.123,0.434,-2.5
HLO-R7,0,2026-09-13,14,2.491,0.792,0.0
HLO-R7,0,2026-09-14,15,1.274,1.259,-1.5
HLO-R7,0,2026-09-15,15,2.33,1.199,-2.5
HLO-R7,0,2026-09-16,15,0.425,1.667,-3.5
HLO-R7,0,2026-09-17,14,1.906,1.926,-6.5
HLO-R7,0,2026-09-18,15,2.651,1.642,-5.5
HLO-R7,0,2026-09-19,15,-0.745,2.411,-4.5
HLO-R7,0,2026-09-20,15,4.236,2.715,-7.5
HLO-R7,0,2026-09-21,15,2.858,3.449,-7.5
HLO-R7,0,2026-09-22,15,2.858,4.057,-8.5
HLO-R7,0,2026-09-23,15,5.934,3.837,-6.5
HLO-R7,0,2026-09-24,15,3.386,4.81,-10.5
HLO-R7,0,2026-09-25,15,3.915,4.387,-9.5
HLO-R7,0,2026-09-26,15,6.141,4.635,-10.5
HLO-R7,0,2026-09-27,15,8.688,5.359,-8.5
HLO-R7,0,2026-09-28,10,9.32,5.974,-8.5
HLO-R7,0,2026-09-29,15,8.047,5.966,-13.5
HLO-R7,0,2026-09-30,25,7.726,6.376,-6.5
HLO-R7,0,2026-10-01,14,9.952,7.116,-11.5
HLO-W-15,1,2026-09-10,5,-4.042,1.825,7.5
HLO-W-15,2,2026-09-22,5,2.16,1.542,-1.0
HLO-W-15,2,2026-09-29,7,0.926,0.0,3.0
HLO-W-15,2,2026-09-30,8,1.936,0.062,7.0
HLO-W-15,2,2026-10-01,9,-0.478,3.991,10.0
HLO-W-16,0,2026-09-01,8,0.224,-0.901,0.5
HLO-W-16,0,2026-09-02,15,-0.309,0.48,2.5
HLO-W-16,0,2026-09-03,15,-0.926,0.973,-0.5
HLO-W-16,0,2026-09-04,15,-0.756,0.29,-2.5
HLO-W-16,0,2026-09-05,15,-1.543,1.042,1.5
HLO-W-16,0,2026-09-06,13,-0.926,-1.624,4.5
HLO-W-16,0,2026-09-07,15,1.543,-0.548,0.5
HLO-W-16,0,2026-09-08,15,0.478,-1.114,5.5
HLO-W-16,0,2026-09-09,6,1.767,-1.649,3.0
HLO-W-16,0,2026-09-10,15,-0.03,-1.208,2.5
HLO-W-16,0,2026-09-11,15,1.204,-2.108,2.5
HLO-W-16,0,2026-09-12,15,0.756,-1.904,4.5
HLO-W-16,0,2026-09-13,15,1.991,-1.126,7.5
HLO-W-16,0,2026-09-14,15,0.587,-1.026,4.5
HLO-W-16,0,2026-09-15,15,0.418,-1.159,3.5
HLO-W-16,0,2026-09-16,15,-0.478,-0.056,1.5
HLO-W-16,0,2026-09-17,15,0.756,-1.322,2.5
HLO-W-16,0,2026-09-18,13,-0.648,-1.019,3.5
HLO-W-16,0,2026-09-19,14,0.448,-0.212,1.5
HLO-W-16,0,2026-09-20,13,2.33,-2.634,3.5
HLO-W-16,0,2026-09-21,15,1.204,-0.509,5.5
HLO-W-16,0,2026-09-22,15,3.226,-0.588,1.5
HLO-W-16,0,2026-09-23,14,0.448,0.405,7.0
HLO-W-16,0,2026-09-24,13,3.673,-1.666,5.5
HLO-W-16,0,2026-09-25,13,0.248,0.065,5.5
HLO-W-16,0,2026-09-26,12,1.374,-0.177,1.0
HLO-W-16,0,2026-09-27,13,1.483,-1.258,5.5
HLO-W-16,0,2026-09-28,11,6.034,-0.32,4.5
HLO-W-16,0,2026-09-29,15,2.33,-1.578,0.5
HLO-W-16,0,2026-09-30,23,4.63,-0.791,9.5
HLO-W-16,0,2026-10-01,14,4.012,0.0,4.0
HLO-W-17,0,2026-09-01,5,-0.059,-1.011,0.0
HLO-W-17,0,2026-09-02,10,-0.969,0.549,-1.5
HLO-W-17,0,2026-09-03,13,5.227,-4.857,0.0
HLO-W-17,0,2026-09-04,10,5.286,-4.529,1.0
HLO-W-17,0,2026-09-05,13,6.754,-5.457,-6.0
HLO-W-17,0,2026-09-06,8,4.581,-5.821,3.5
HLO-W-17,0,2026-09-07,9,-0.059,-1.056,4.0
HLO-W-17,0,2026-09-08,8,3.729,-6.885,2.0
HLO-W-17,0,2026-09-09,4,0.969,-1.247,10.5
HLO-W-17,0,2026-09-10,4,6.666,-6.451,15.0
HLO-W-17,0,2026-09-11,6,3.113,-4.435,6.5
HLO-W-17,0,2026-09-12,8,2.027,-5.742,2.0
HLO-W-17,0,2026-09-14,7,3.818,-3.017,11.0
HLO-W-17,0,2026-09-15,5,0.236,-3.114,20.0
HLO-W-17,0,2026-09-16,7,5.227,-5.914,1.0
HLO-W-26,0,2026-09-01,8,-0.296,0.677,0.0
HLO-W-26,0,2026-09-02,15,-0.377,0.42,-2.0
HLO-W-26,0,2026-09-03,15,-0.968,1.858,-4.0
HLO-W-26,0,2026-09-04,14,-0.672,1.765,-2.5
HLO-W-26,0,2026-09-05,15,-0.968,0.684,-3.0
HLO-W-26,0,2026-09-06,15,-0.592,0.0,-1.0
HLO-W-26,0,2026-09-07,15,1.398,0.0,0.0
HLO-W-26,0,2026-09-08,15,-2.958,2.931,-2.0
HLO-W-26,0,2026-09-09,6,3.361,-2.376,0.5
HLO-W-26,0,2026-09-10,14,-0.995,1.198,-1.0
HLO-W-26,0,2026-09-11,13,-0.215,0.337,1.0
HLO-W-26,0,2026-09-12,15,0.753,-0.027,3.0
HLO-W-26,0,2026-09-13,12,-4.355,4.23,4.0
HLO-W-26,0,2026-09-14,13,1.398,-2.687,1.0
HLO-W-26,0,2026-09-15,15,-0.806,0.242,3.0
HLO-W-26,0,2026-09-16,15,-1.398,-1.827,-1.0
HLO-W-26,0,2026-09-17,15,-0.215,1.725,1.0
HLO-W-26,0,2026-09-18,12,-1.908,2.798,-0.5
HLO-W-26,0,2026-09-19,14,-0.592,0.307,5.5
HLO-W-26,0,2026-09-20,14,0.403,-0.455,2.5
HLO-W-26,0,2026-09-21,15,-0.053,0.867,1.0
HLO-W-26,0,2026-09-22,13,-1.989,2.116,4.0
HLO-W-26,0,2026-09-23,14,-1.613,2.508,3.0
HLO-W-26,0,2026-09-24,14,-0.026,1.553,2.0
HLO-W-26,0,2026-09-25,12,-1.317,1.877,1.5
HLO-W-26,0,2026-09-26,13,-0.377,1.991,2.0
HLO-W-26,0,2026-09-27,14,0.78,0.674,3.0
HLO-W-26,0,2026-09-28,11,4.355,0.038,6.0
HLO-W-26,0,2026-09-29,15,-1.56,1.36,1.0
HLO-W-26,0,2026-09-30,23,0.806,1.566,5.0
HLO-W-26,0,2026-10-01,12,-0.215,1.392,0.5
HLO-W-27,0,2026-09-01,8,0.403,-0.407,-0.0
HLO-W-27,0,2026-09-02,15,1.567,-3.007,-1.0
HLO-W-27,0,2026-09-03,15,-1.991,1.138,-3.0
HLO-W-27,0,2026-09-04,15,-2.584,0.256,2.0
HLO-W-27,0,2026-09-05,15,-0.593,-0.269,3.0
HLO-W-27,0,2026-09-06,14,0.297,-1.962,4.0
HLO-W-27,0,2026-09-07,14,1.779,-4.897,2.5
HLO-W-27,0,2026-09-08,15,-1.017,-2.501,4.0
HLO-W-27,0,2026-09-09,8,0.974,-3.343,7.0
HLO-W-27,0,2026-09-10,15,-0.0,-1.884,4.0
HLO-W-27,0,2026-09-11,15,-1.229,-2.124,4.0
HLO-W-27,0,2026-09-12,15,-0.043,-4.284,1.0
HLO-W-27,0,2026-09-13,15,0.169,-3.135,8.0
HLO-W-27,0,2026-09-14,15,0.169,-3.304,4.0
HLO-W-27,0,2026-09-15,15,2.541,-3.216,3.0
HLO-W-27,0,2026-09-16,15,2.541,-2.072,3.0
HLO-W-27,0,2026-09-17,15,2.16,-2.106,4.0
HLO-W-27,0,2026-09-18,15,-1.017,-1.985,3.0
HLO-W-27,0,2026-09-19,15,-0.212,-1.95,2.0
HLO-W-27,0,2026-09-20,15,2.753,-2.896,2.0
HLO-W-27,0,2026-09-21,15,1.143,-1.448,4.0
HLO-W-27,0,2026-09-22,15,1.143,-0.592,3.0
HLO-W-27,0,2026-09-23,14,2.033,-2.667,0.5
HLO-W-27,0,2026-09-24,14,1.461,-0.876,7.5
HLO-W-27,0,2026-09-25,14,0.678,-0.561,5.0
HLO-W-27,0,2026-09-26,12,1.758,-1.602,3.5
HLO-W-27,0,2026-09-27,14,-0.022,-0.874,6.0
HLO-W-27,0,2026-09-28,12,4.342,-2.723,9.0
HLO-W-27,0,2026-09-29,15,2.584,-2.908,4.0
HLO-W-27,0,2026-09-30,24,1.461,-0.148,11.5
HLO-W-27,0,2026-10-01,14,4.745,-2.255,7.5
HLO-W-4,0,2026-09-01,8,0.339,0.318,-0.5
HLO-W-4,0,2026-09-02,15,-0.0,-0.103,1.5
HLO-W-4,0,2026-09-03,15,-1.355,1.402,2.5
HLO-W-4,0,2026-09-04,14,-1.384,1.269,1.5
HLO-W-4,0,2026-09-05,15,-0.0,-0.144,2.5
HLO-W-4,0,2026-09-06,8,-0.339,0.608,5.0
HLO-W-4,0,2026-09-07,15,-0.175,-0.913,2.5
HLO-W-4,0,2026-09-08,15,-2.09,1.794,7.5
HLO-W-4,0,2026-09-09,8,1.016,-1.983,7.0
HLO-W-4,0,2026-09-10,15,-1.413,0.803,6.5
HLO-W-4,0,2026-09-11,15,0.56,-1.336,4.5
HLO-W-4,0,2026-09-12,15,0.56,-2.297,6.5
HLO-W-4,0,2026-09-13,15,-1.471,0.568,12.5
HLO-W-4,0,2026-09-14,15,0.56,-2.363,6.5
HLO-W-4,0,2026-09-15,15,1.296,-0.236,4.5
HLO-W-4,0,2026-09-16,14,-0.058,1.557,0.0
HLO-W-4,0,2026-09-17,15,0.619,0.217,4.5
HLO-W-4,0,2026-09-18,14,-1.162,-0.159,2.5
HLO-W-4,0,2026-09-19,15,-0.853,-1.273,8.5
HLO-W-4,0,2026-09-20,15,2.709,-3.368,2.5
HLO-W-4,0,2026-09-21,15,2.592,-1.521,9.5
HLO-W-4,0,2026-09-22,15,1.857,-0.808,8.5
HLO-W-4,0,2026-09-23,12,0.105,0.157,14.5
HLO-W-4,0,2026-09-24,8,-3.62,1.803,18.5
HLO-W-4,0,2026-09-25,9,-1.471,0.778,22.5
HLO-W-4,0,2026-09-26,6,-2.207,1.812,19.5
HLO-W-4,0,2026-09-27,5,-2.207,0.896,15.5
HLO-W-4,0,2026-09-29,8,-3.106,3.644,13.0
HLO-W-4,0,2026-09-30,12,-1.501,-0.466,18.0
HLO-W-4,0,2026-10-01,5,-3.503,6.862,12.5
SP_05,0,2026-09-02,6,-0.41,0.015,-1.5
SP_05,0,2026-09-03,6,-0.283,-0.449,-3.0
SP_05,0,2026-09-04,6,0.41,-0.668,-3.0
SP_05,0,2026-09-05,5,0.431,-1.19,-0.5
SP_05,0,2026-09-06,5,-0.162,-0.281,-2.5
SP_05,0,2026-09-07,5,0.052,-0.491,0.5
SP_05,0,2026-09-08,6,-0.103,1.015,2.0
SP_05,0,2026-09-09,6,0.038,2.37,0.5
SP_05,0,2026-09-10,6,-0.803,2.292,0.5
SP_05,0,2026-09-11,5,-2.747,0.155,4.5
SP_05,0,2026-09-12,6,-2.337,-0.696,5.0
SP_05,0,2026-09-13,6,-2.075,0.623,2.0
SP_05,0,2026-09-14,5,-2.761,0.445,3.5
SP_05,0,2026-09-15,6,-3.043,-1.896,0.5
SP_05,0,2026-09-16,5,-2.209,1.455,2.5
SP_05,0,2026-09-17,6,-2.499,1.275,2.5
SP_05,0,2026-09-18,6,-3.426,-2.605,0.5
SP_05,0,2026-09-19,6,-2.74,-0.098,-2.0
SP_05,0,2026-09-20,5,-2.168,-4.421,4.5
SP_05,0,2026-09-21,5,-2.195,-2.886,3.5
SP_05,0,2026-09-22,6,0.572,2.417,-1.5
SP_05,0,2026-09-23,6,1.81,3.659,4.5
SP_05,0,2026-09-24,6,1.837,4.22,10.5
SP_05,0,2026-09-25,5,2.085,1.17,2.5
SP_05,0,2026-09-26,5,1.548,0.196,3.5
SP_05,0,2026-09-27,6,1.258,3.714,0.0
SP_05,0,2026-09-29,4,1.682,2.288,9.5
SP_06,0,2026-09-03,5,-0.148,-2.105,-1.0
SP_06,0,2026-09-04,4,0.442,1.087,5.0
SP_06,0,2026-09-05,4,0.002,0.164,-1.5
SP_07,0,2026-09-02,6,-0.719,-2.311,-1.0
SP_07,0,2026-09-03,6,-0.487,-0.799,-3.0
SP_07,0,2026-09-04,6,0.044,-1.773,-3.0
SP_07,0,2026-09-05,6,0.487,0.595,-4.5
SP_07,0,2026-09-06,6,0.11,-0.892,0.5
SP_07,0,2026-09-07,5,-0.034,0.095,2.0
SP_07,0,2026-09-08,6,-0.256,-1.987,2.0
SP_07,0,2026-09-09,6,-0.278,-1.58,1.5
SP_07,0,2026-09-10,6,-0.489,-2.046,0.0
SP_07,0,2026-09-11,6,-1.098,-3.505,1.0
SP_07,0,2026-09-12,6,-1.563,-3.5,0.5
SP_07,0,2026-09-13,6,-1.541,-3.122,0.0
SP_07,0,2026-09-14,6,-1.142,-4.509,1.0
SP_07,0,2026-09-15,6,-1.408,-0.06,0.0
SP_07,0,2026-09-16,6,-1.264,-2.039,-1.0
SP_07,0,2026-09-17,6,-0.589,-4.947,0.5
SP_07,0,2026-09-18,6,-1.751,-1.807,-0.5
SP_07,0,2026-09-19,6,-1.142,-5.256,-1.5
SP_07,0,2026-09-20,6,-0.278,-5.056,-1.5
SP_07,0,2026-09-21,6,-0.932,-4.003,3.0
SP_07,0,2026-09-22,6,2.226,-3.879,0.5
SP_07,0,2026-09-23,6,3.896,-2.654,5.0
SP_07,0,2026-09-24,6,3.686,-0.799,8.5
SP_07,0,2026-09-25,6,3.011,-1.604,3.0
SP_07,0,2026-09-26,6,3.498,-0.072,2.0
SP_07,0,2026-09-27,6,3.243,-3.924,-1.0
SP_07,0,2026-09-28,5,3.664,-0.337,0.0
SP_07,0,2026-09-29,6,3.598,-2.668,4.5
SP_07,0,2026-09-30,4,4.638,1.124,7.5
SP_08,0,2026-09-02,5,0.772,-8.688,-1.0
SP_08,0,2026-09-03,4,-0.921,-1.289,2.5
SP_08,0,2026-09-06,4,1.267,-4.363,4.0
SP_08,0,2026-09-07,5,1.555,-5.516,6.0
SP_08,0,2026-09-08,6,1.129,-5.975,6.0
SP_08,0,2026-09-09,6,0.967,-4.82,4.5
SP_08,0,2026-09-10,6,1.118,-2.703,2.5
SP_08,0,2026-09-11,6,0.093,-0.614,6.0
SP_08,0,2026-09-12,6,0.185,-1.569,5.5
SP_08,0,2026-09-13,5,-0.449,-2.14,2.0
SP_08,0,2026-09-14,6,0.242,-4.585,4.0
SP_08,0,2026-09-15,6,0.473,-2.53,3.0
SP_08,0,2026-09-16,6,-0.103,-4.15,4.0
SP_08,0,2026-09-17,4,-1.359,-3.231,-2.0
SP_08,0,2026-09-18,6,0.242,-2.607,5.0
SP_08,0,2026-09-19,6,0.139,-2.833,4.5
SP_08,0,2026-09-20,5,1.025,-4.031,4.0
SP_08,0,2026-09-21,4,0.922,-4.714,10.0
SP_08,0,2026-09-22,5,3.996,-0.607,1.0
SP_08,0,2026-09-23,5,4.48,0.199,8.0
SP_08,0,2026-09-24,6,4.629,-0.279,12.5
SP_08,0,2026-09-25,5,4.963,2.075,7.0
SP_08,0,2026-09-26,6,5.078,-2.472,1.0
SP_08,0,2026-09-27,4,5.021,3.795,11.0
SP_09,0,2026-09-02,6,0.153,-2.653,0.5
SP_09,0,2026-09-03,6,-0.336,-1.048,0.5
SP_09,0,2026-09-04,6,0.534,-1.139,-1.0
SP_09,0,2026-09-05,6,-0.076,-1.508,-3.5
SP_09,0,2026-09-06,5,0.702,-2.705,2.0
SP_09,0,2026-09-07,5,1.221,-2.394,1.0
SP_09,0,2026-09-08,6,-0.06,-4.473,2.5
SP_09,0,2026-09-09,6,-0.137,-3.929,-2.5
SP_09,0,2026-09-10,6,-0.671,-5.681,2.0
SP_09,0,2026-09-11,6,-1.419,-3.213,1.0
SP_09,0,2026-09-12,6,-1.327,-4.032,1.0
SP_09,0,2026-09-13,6,-1.419,-3.252,-1.0
SP_09,0,2026-09-14,6,-1.48,-1.961,-0.0
SP_09,0,2026-09-15,6,-1.571,-2.527,1.5
SP_09,0,2026-09-16,6,-1.999,-2.511,1.0
SP_09,0,2026-09-17,5,-2.96,-3.63,-2.0
SP_09,0,2026-09-18,6,-1.251,-3.429,3.5
SP_09,0,2026-09-19,6,-1.342,-4.617,3.0
SP_09,0,2026-09-20,6,-1.342,-4.804,2.0
SP_09,0,2026-09-21,6,-1.999,-3.43,-0.0
SP_09,0,2026-09-22,5,3.572,-1.548,0.0
SP_09,0,2026-09-23,6,3.129,-1.933,8.0
SP_09,0,2026-09-24,6,3.648,-1.491,15.5
SP_09,0,2026-09-25,6,2.854,-3.921,0.5
SP_09,0,2026-09-26,6,3.724,-3.167,4.0
SP_09,0,2026-09-27,6,2.976,-1.453,-4.0
SP_09,0,2026-09-29,6,3.999,0.141,9.0
SP_10,0,2026-09-02,6,0.278,1.111,-0.5
SP_10,0,2026-09-03,6,0.417,0.111,-2.0
SP_10,0,2026-09-04,6,1.112,0.417,-2.5
SP_10,0,2026-09-05,6,0.829,-0.838,-5.0
SP_10,0,2026-09-06,6,0.687,-3.35,-1.5
SP_10,0,2026-09-07,5,0.293,-5.523,0.5
SP_10,0,2026-09-08,6,0.291,-3.758,-0.0
SP_10,0,2026-09-09,6,0.017,-1.532,1.0
SP_10,0,2026-09-10,5,-0.817,-2.03,-0.5
SP_10,0,2026-09-11,6,-0.817,-4.61,1.5
SP_10,0,2026-09-12,6,-0.677,-2.662,2.5
SP_10,0,2026-09-13,6,-0.677,-3.814,-0.0
SP_10,0,2026-09-14,6,-1.229,-2.79,1.0
SP_10,0,2026-09-15,5,-1.367,-4.551,-0.5
SP_10,0,2026-09-16,6,-0.535,-4.45,2.0
SP_10,0,2026-09-17,4,-2.061,-1.554,0.5
SP_10,0,2026-09-18,6,-0.953,-0.828,2.0
SP_10,0,2026-09-19,6,-0.953,-3.698,-1.0
SP_10,0,2026-09-20,5,-0.262,-2.522,1.5
SP_10,0,2026-09-21,6,-0.259,-1.97,3.5
SP_10,0,2026-09-22,6,3.456,-4.799,-1.0
SP_10,0,2026-09-23,6,4.015,-2.658,4.5
SP_10,0,2026-09-24,5,3.325,-3.971,14.5
SP_10,0,2026-09-25,5,4.152,-0.841,1.5
SP_10,0,2026-09-26,6,4.569,-1.284,2.0
SP_10,0,2026-09-27,5,3.602,-0.856,6.5
SP_10,0,2026-09-29,5,4.986,0.824,10.5
SP_10,0,2026-09-30,4,5.824,2.839,8.0
SP_13,0,2026-09-02,6,-0.0,-1.625,-0.5
SP_13,0,2026-09-03,6,-0.564,-1.726,-1.5
SP_13,0,2026-09-04,6,0.184,-3.068,-1.0
SP_13,0,2026-09-05,6,0.421,-3.169,-2.5
SP_13,0,2026-09-06,6,0.577,-1.276,0.5
SP_13,0,2026-09-07,5,1.062,-0.446,0.0
SP_13,0,2026-09-08,6,0.432,0.311,1.0
SP_13,0,2026-09-09,6,-0.055,-0.125,2.0
SP_13,0,2026-09-10,5,0.432,-2.811,2.0
SP_13,0,2026-09-11,6,-0.619,-0.767,1.0
SP_13,0,2026-09-12,6,-1.236,-2.351,3.0
SP_13,0,2026-09-13,6,-1.236,-0.968,2.5
SP_13,0,2026-09-14,6,-1.722,-2.552,2.5
SP_13,0,2026-09-15,6,-0.291,-2.949,1.5
SP_13,0,2026-09-16,6,-1.289,-3.197,1.0
SP_13,0,2026-09-17,6,-1.105,-3.19,3.0
SP_13,0,2026-09-18,6,-1.183,-4.67,5.0
SP_13,0,2026-09-19,6,-0.816,-3.605,3.0
SP_13,0,2026-09-20,6,-0.33,-3.691,2.5
SP_13,0,2026-09-21,6,-0.357,-1.501,7.0
SP_13,0,2026-09-22,6,2.141,-0.625,2.0
SP_13,0,2026-09-23,6,3.822,1.399,7.5
SP_13,0,2026-09-24,6,3.769,3.327,12.5
SP_13,0,2026-09-25,5,4.951,2.69,7.0
SP_13,0,2026-09-26,6,3.834,3.324,5.0
SP_13,0,2026-09-27,6,3.834,0.39,1.5
SP_13,0,2026-09-28,5,4.19,-1.82,1.0
SP_13,0,2026-09-29,6,3.585,2.251,11.5
SP_13,0,2026-09-30,5,5.581,2.598,8.0
SP_14,0,2026-09-02,4,-0.157,-2.519,-2.5
SP_14,0,2026-09-03,6,1.605,2.954,0.5
SP_14,0,2026-09-04,4,1.175,1.459,-2.5
SP_14,0,2026-09-05,4,0.999,1.338,-0.5
SP_14,0,2026-09-07,5,3.114,0.341,3.0
SP_14,0,2026-09-08,6,1.901,1.874,4.5
SP_14,0,2026-09-09,6,1.804,2.482,4.0
SP_14,0,2026-09-10,6,0.943,2.096,4.0
SP_14,0,2026-09-11,6,0.551,-1.666,3.5
SP_14,0,2026-09-12,6,0.61,0.157,5.5
SP_14,0,2026-09-13,6,1.119,0.275,1.5
SP_14,0,2026-09-14,6,1.765,3.34,4.0
SP_14,0,2026-09-15,6,0.669,-0.576,4.5
SP_14,0,2026-09-16,5,-1.033,-2.918,4.0
SP_14,0,2026-09-17,5,-0.838,-2.221,-1.0
SP_14,0,2026-09-18,6,0.981,0.129,8.0
SP_14,0,2026-09-19,6,1.119,0.437,3.5
SP_14,0,2026-09-20,6,1.235,-0.007,3.0
SP_14,0,2026-09-21,5,-0.486,-1.914,2.0
SP_14,0,2026-09-22,5,5.655,4.003,5.0
SP_14,0,2026-09-23,5,3.619,6.41,7.0
SP_14,0,2026-09-24,4,5.244,2.681,9.5
SP_14,0,2026-09-26,4,4.578,3.595,-2.5
SP_14,0,2026-09-27,4,3.874,1.497,-1.0
SP_14,0,2026-09-29,4,5.165,2.569,6.5
SP_15,0,2026-09-02,6,0.844,1.317,-2.0
SP_15,0,2026-09-03,6,0.86,2.355,-4.0
SP_15,0,2026-09-04,6,1.274,0.655,1.0
SP_15,0,2026-09-05,6,2.283,1.624,-1.0
SP_15,0,2026-09-06,6,1.687,1.677,-0.5
SP_15,0,2026-09-07,5,1.737,2.379,0.0
SP_15,0,2026-09-08,6,1.324,0.007,-1.0
SP_15,0,2026-09-09,6,0.894,-0.312,-1.5
SP_15,0,2026-09-10,6,0.91,-0.921,0.0
SP_15,0,2026-09-11,6,0.629,-1.858,-2.5
SP_15,0,2026-09-12,6,0.199,-2.79,-0.5
SP_15,0,2026-09-13,6,0.067,-2.425,0.0
SP_15,0,2026-09-14,6,0.381,-0.876,0.0
SP_15,0,2026-09-15,6,0.365,-2.884,0.5
SP_15,0,2026-09-16,6,0.414,-0.204,0.5
SP_15,0,2026-09-17,5,0.414,-0.694,2.0
SP_15,0,2026-09-18,6,0.48,-0.963,1.5
SP_15,0,2026-09-19,6,0.629,0.212,-1.5
SP_15,0,2026-09-20,6,1.456,-0.415,-2.0
SP_15,0,2026-09-21,6,1.439,-0.269,2.5
SP_15,0,2026-09-22,6,4.68,1.743,-2.5
SP_15,0,2026-09-23,6,5.656,1.164,7.5
SP_15,0,2026-09-24,6,6.07,3.894,13.5
SP_15,0,2026-09-25,6,5.937,3.072,-4.0
SP_15,0,2026-09-26,6,6.086,3.313,-1.0
SP_15,0,2026-09-27,6,6.053,4.256,2.5
SP_15,0,2026-09-28,5,5.342,2.479,-5.0
SP_15,0,2026-09-29,6,6.07,3.374,10.0
SP_15,0,2026-09-30,5,7.922,6.262,3.0
SP_16,0,2026-09-02,6,-0.876,-1.594,0.0
SP_16,0,2026-09-03,6,-0.876,-1.213,0.0
SP_16,0,2026-09-04,6,0.698,-0.477,1.5
SP_16,0,2026-09-05,6,-0.926,-1.662,-3.5
SP_16,0,2026-09-06,6,1.346,-1.367,-1.0
SP_16,0,2026-09-07,5,0.134,-0.013,2.5
SP_16,0,2026-09-08,6,-0.742,-2.199,2.0
SP_16,0,2026-09-09,6,-1.034,-1.9,3.5
SP_16,0,2026-09-10,6,-1.326,-2.377,2.0
SP_16,0,2026-09-11,6,-2.721,-1.106,3.0
SP_16,0,2026-09-12,6,-2.009,-3.958,2.5
SP_16,0,2026-09-13,6,-1.44,-3.503,1.5
SP_16,0,2026-09-14,6,-1.896,-3.672,-0.0
SP_16,0,2026-09-15,6,-1.832,-1.69,0.0
SP_16,0,2026-09-16,6,-2.123,-4.621,1.5
SP_16,0,2026-09-17,6,-2.109,-1.985,0.5
SP_16,0,2026-09-18,6,-1.91,-3.373,-0.0
SP_16,0,2026-09-19,6,-1.148,-4.1,1.0
SP_16,0,2026-09-20,6,-0.87,-5.899,-1.5
SP_16,0,2026-09-21,6,-1.49,-1.794,2.5
SP_16,0,2026-09-22,6,2.599,0.485,-0.5
SP_16,0,2026-09-23,6,3.475,0.009,7.0
SP_16,0,2026-09-24,6,4.109,0.268,10.5
SP_16,0,2026-09-25,6,3.105,-1.291,5.0
SP_16,0,2026-09-26,6,4.629,-0.52,0.5
SP_16,0,2026-09-27,6,3.589,-0.214,4.5
SP_16,0,2026-09-28,5,3.169,-0.621,-2.5
SP_16,0,2026-09-29,6,4.871,3.758,14.0
SP_16,0,2026-09-30,5,6.089,1.538,9.5
SP_17,0,2026-09-02,6,-0.486,-0.304,1.0
SP_17,0,2026-09-03,6,-0.792,-0.649,0.0
SP_17,0,2026-09-04,6,-0.452,-1.032,2.5
SP_17,0,2026-09-05,6,0.069,0.855,3.0
SP_17,0,2026-09-06,5,-0.237,0.008,1.5
SP_17,0,2026-09-07,5,-0.279,-2.112,1.5
SP_17,0,2026-09-08,6,-0.912,-0.497,3.0
SP_17,0,2026-09-09,6,-1.273,-2.404,-1.5
SP_17,0,2026-09-10,6,-1.488,-2.654,7.5
SP_17,0,2026-09-11,6,-1.94,-1.721,3.5
SP_17,0,2026-09-12,6,-2.065,-2.452,3.5
SP_17,0,2026-09-13,6,-1.884,-3.035,3.0
SP_17,0,2026-09-14,6,-1.6,-0.198,3.5
SP_17,0,2026-09-15,6,-1.781,-0.572,5.5
SP_17,0,2026-09-16,6,-1.6,0.092,6.5
SP_17,0,2026-09-17,6,-1.961,0.164,8.5
SP_17,0,2026-09-18,6,-1.759,-0.911,4.5
SP_17,0,2026-09-19,6,-1.273,-1.183,4.0
SP_17,0,2026-09-20,6,-0.968,-0.516,4.0
SP_17,0,2026-09-21,6,-1.454,-0.324,2.5
SP_17,0,2026-09-22,6,2.125,0.154,0.5
SP_17,0,2026-09-23,6,3.528,1.474,10.5
SP_17,0,2026-09-24,6,4.354,3.703,11.0
SP_17,0,2026-09-25,6,3.889,3.067,1.5
SP_17,0,2026-09-26,5,4.083,3.164,2.5
SP_17,0,2026-09-27,5,3.403,3.908,4.5
SP_17,0,2026-09-29,6,3.958,3.291,14.0
SP_17,0,2026-09-30,5,6.097,1.677,9.5
SP_20,0,2026-09-02,6,0.306,-1.661,-0.5
SP_20,0,2026-09-03,6,-0.0,-1.479,-3.5
SP_20,0,2026-09-04,6,0.216,-1.605,-1.0
SP_20,0,2026-09-05,6,1.276,-1.772,-3.5
SP_20,0,2026-09-06,6,0.343,-3.083,-1.5
SP_20,0,2026-09-07,5,0.58,-2.528,-0.5
SP_20,0,2026-09-08,6,0.169,-1.972,0.5
SP_20,0,2026-09-09,6,-0.316,-2.653,-1.0
SP_20,0,2026-09-10,6,-0.316,-3.425,-0.5
SP_20,0,2026-09-11,6,-0.1,-1.712,1.5
SP_20,0,2026-09-12,6,-0.711,-2.927,-0.5
SP_20,0,2026-09-13,6,-0.548,-1.08,0.5
SP_20,0,2026-09-14,6,-0.548,-2.31,-0.5
SP_20,0,2026-09-15,6,-0.242,-1.837,-0.5
SP_20,0,2026-09-16,6,-0.152,-1.672,-1.0
SP_20,0,2026-09-17,6,-0.405,-4.335,0.5
SP_20,0,2026-09-18,6,-0.622,-4.296,0.5
SP_20,0,2026-09-19,6,-0.1,-4.466,2.5
SP_20,0,2026-09-20,6,0.565,-3.949,2.5
SP_20,0,2026-09-21,6,0.386,-3.888,2.5
SP_20,0,2026-09-22,6,4.351,-0.997,1.0
SP_20,0,2026-09-23,6,5.806,-0.77,6.0
SP_20,0,2026-09-24,6,6.186,0.965,9.5
SP_20,0,2026-09-25,6,5.5,-2.502,-0.5
SP_20,0,2026-09-26,6,5.985,-0.44,-1.5
SP_20,0,2026-09-27,6,5.5,-1.547,2.0
SP_20,0,2026-09-28,5,5.537,-0.183,-1.5
SP_20,0,2026-09-29,6,5.985,-0.65,11.5
SP_20,0,2026-09-30,5,7.373,1.541,4.5
SP_21,0,2026-09-02,6,-0.703,-0.295,1.0
SP_21,0,2026-09-03,6,-0.368,0.793,-0.5
SP_21,0,2026-09-04,5,-0.777,-2.305,1.0
SP_21,0,2026-09-05,6,-0.127,2.0,-0.5
SP_21,0,2026-09-06,6,2.927,-0.039,1.0
SP_21,0,2026-09-07,4,0.562,-2.516,0.0
SP_21,0,2026-09-08,6,1.339,-5.488,-0.5
SP_21,0,2026-09-09,6,0.562,-2.986,0.0
SP_21,0,2026-09-10,6,-0.229,-1.844,3.0
SP_21,0,2026-09-11,6,-1.36,-4.084,1.0
SP_21,0,2026-09-12,6,-1.026,-3.005,1.5
SP_21,0,2026-09-13,6,-0.229,-0.697,1.5
SP_21,0,2026-09-14,6,0.012,0.619,2.0
SP_21,0,2026-09-15,6,-0.912,0.209,1.0
SP_21,0,2026-09-16,6,-1.133,1.117,1.5
SP_21,0,2026-09-17,6,-0.49,-3.202,3.0
SP_21,0,2026-09-18,6,0.307,-2.329,2.0
SP_21,0,2026-09-19,6,-0.175,-1.527,4.0
SP_21,0,2026-09-20,6,-0.081,0.127,3.5
SP_21,0,2026-09-21,6,-0.135,2.182,5.5
SP_21,0,2026-09-22,6,4.534,1.998,4.0
SP_21,0,2026-09-23,6,5.09,3.676,9.0
SP_21,0,2026-09-24,6,6.108,6.444,10.0
SP_21,0,2026-09-25,6,5.07,2.348,3.5
SP_21,0,2026-09-26,6,6.088,0.277,5.5
SP_21,0,2026-09-27,6,5.07,3.169,5.0
SP_21,0,2026-09-28,4,4.012,0.691,2.5
SP_21,0,2026-09-29,6,6.624,2.866,14.5
SP_21,0,2026-09-30,5,7.662,7.937,10.0
SP_22,0,2026-09-02,6,1.73,0.135,-1.5
SP_22,0,2026-09-03,6,1.668,2.904,-3.5
SP_22,0,2026-09-04,6,2.002,0.722,-1.5
SP_22,0,2026-09-05,6,1.433,4.369,-3.0
SP_22,0,2026-09-06,6,2.644,2.711,-3.0
SP_22,0,2026-09-07,5,2.557,-0.585,0.0
SP_22,0,2026-09-08,6,1.284,-1.782,-2.5
SP_22,0,2026-09-09,6,1.296,2.515,-2.5
SP_22,0,2026-09-10,6,0.901,-0.837,-1.5
SP_22,0,2026-09-11,6,-0.075,-2.937,-0.5
SP_22,0,2026-09-12,6,0.085,0.379,1.0
SP_22,0,2026-09-13,6,0.147,1.502,-2.5
SP_22,0,2026-09-14,6,0.654,-2.098,0.5
SP_22,0,2026-09-15,6,1.049,-0.166,2.0
SP_22,0,2026-09-16,6,0.925,0.257,5.0
SP_22,0,2026-09-17,6,-0.224,0.699,-0.5
SP_22,0,2026-09-18,6,0.765,-2.316,3.0
SP_22,0,2026-09-19,6,0.456,-0.688,3.5
SP_22,0,2026-09-20,6,0.271,0.284,3.0
SP_22,0,2026-09-21,6,0.073,0.027,4.5
SP_22,0,2026-09-22,5,3.127,2.329,3.0
SP_22,0,2026-09-23,6,5.697,1.801,7.5
SP_22,0,2026-09-24,6,6.006,3.725,15.0
SP_22,0,2026-09-25,6,5.154,2.022,2.5
SP_22,0,2026-09-26,6,5.882,0.758,7.0
SP_22,0,2026-09-27,6,4.845,3.142,1.5
SP_22,0,2026-09-28,4,5.994,3.821,-2.0
SP_22,0,2026-09-29,6,6.327,3.071,14.0
SP_24,0,2026-09-02,6,0.267,-0.228,-1.5
SP_24,0,2026-09-03,6,0.336,-0.248,-4.0
SP_24,0,2026-09-04,6,0.873,-1.222,-3.5
SP_24,0,2026-09-05,5,1.313,-1.796,-5.0
SP_24,0,2026-09-06,6,0.54,-1.395,-3.5
SP_24,0,2026-09-07,5,0.573,-1.521,-1.0
SP_24,0,2026-09-08,6,0.309,-2.121,0.5
SP_24,0,2026-09-09,6,0.613,-1.401,1.5
SP_24,0,2026-09-10,6,0.209,-3.018,-1.0
SP_24,0,2026-09-11,6,0.309,-4.89,-0.5
SP_24,0,2026-09-12,6,-0.094,-3.122,2.5
SP_24,0,2026-09-13,6,0.579,-3.887,-0.5
SP_24,0,2026-09-14,6,-0.127,-2.829,2.5
SP_24,0,2026-09-15,6,0.313,-2.832,0.0
SP_24,0,2026-09-16,6,-0.024,-3.137,1.5
SP_24,0,2026-09-17,5,-0.227,-4.045,2.0
SP_24,0,2026-09-18,5,-0.16,-2.469,4.0
SP_24,0,2026-09-19,6,0.546,-3.883,3.0
SP_24,0,2026-09-20,6,0.579,-3.495,2.0
SP_24,0,2026-09-21,6,-0.194,-1.436,1.5
SP_24,0,2026-09-22,6,4.538,-1.328,2.0
SP_24,0,2026-09-23,5,5.278,-3.044,7.0
SP_24,0,2026-09-24,5,6.963,2.832,13.0
SP_24,0,2026-09-25,5,4.878,-2.047,-1.0
SP_24,0,2026-09-26,5,6.557,-1.633,2.0
SP_24,0,2026-09-27,5,5.278,-2.688,3.0
SP_24,0,2026-09-29,4,7.027,0.717,13.5
SP_25,0,2026-09-02,6,-0.734,-1.273,-0.0
SP_25,0,2026-09-03,6,-0.312,-3.438,-1.5
SP_25,0,2026-09-04,6,0.531,-3.958,-0.0
SP_25,0,2026-09-05,6,-0.297,-2.277,-2.5
SP_25,0,2026-09-06,6,0.707,-4.47,1.0
SP_25,0,2026-09-07,5,1.125,-2.767,0.5
SP_25,0,2026-09-08,6,0.364,-3.554,1.0
SP_25,0,2026-09-09,6,-0.37,-4.287,-1.0
SP_25,0,2026-09-10,6,-0.682,-3.244,-0.0
SP_25,0,2026-09-11,6,-0.967,-4.972,1.5
SP_25,0,2026-09-12,6,-1.103,-3.184,3.0
SP_25,0,2026-09-13,6,-0.737,-4.816,-1.0
SP_25,0,2026-09-14,6,-0.588,-4.794,2.5
SP_25,0,2026-09-15,6,-1.267,-3.628,1.0
SP_25,0,2026-09-16,6,-0.982,-2.691,0.5
SP_25,0,2026-09-17,6,-0.955,-4.293,3.5
SP_25,0,2026-09-18,6,-0.682,-4.975,3.0
SP_25,0,2026-09-19,6,-0.764,-4.655,3.0
SP_25,0,2026-09-20,6,-0.655,-5.459,2.0
SP_25,0,2026-09-21,6,-0.737,-5.106,4.0
SP_25,0,2026-09-22,6,4.036,-2.121,4.5
SP_25,0,2026-09-23,6,4.797,-2.381,8.5
SP_25,0,2026-09-24,6,5.192,-3.774,11.0
SP_25,0,2026-09-25,6,4.594,-4.567,0.5
SP_25,0,2026-09-26,5,4.879,-2.259,3.5
SP_25,0,2026-09-27,6,4.43,-3.514,4.5
SP_25,0,2026-09-28,4,4.594,-2.368,-3.0
SP_25,0,2026-09-29,6,6.062,-3.937,13.0
SP_25,0,2026-09-30,5,8.167,-3.329,7.5
SP_26,0,2026-09-02,6,0.342,1.989,0.5
SP_26,0,2026-09-03,6,0.19,5.273,-2.0
SP_26,0,2026-09-04,6,1.603,2.253,0.5
SP_26,0,2026-09-05,6,1.472,5.897,0.0
SP_26,0,2026-09-06,6,1.472,2.986,0.5
SP_26,0,2026-09-07,5,1.122,1.913,2.5
SP_26,0,2026-09-08,6,0.758,1.213,0.5
SP_26,0,2026-09-09,6,0.328,2.765,-0.0
SP_26,0,2026-09-10,6,0.714,0.533,1.5
SP_26,0,2026-09-11,6,0.328,-0.083,3.5
SP_26,0,2026-09-12,6,-0.058,1.69,2.0
SP_26,0,2026-09-13,6,0.306,0.531,-1.5
SP_26,0,2026-09-14,6,-0.08,-0.294,3.0
SP_26,0,2026-09-15,6,0.132,1.008,2.0
SP_26,0,2026-09-16,6,0.132,3.459,3.5
SP_26,0,2026-09-17,6,0.54,2.745,4.5
SP_26,0,2026-09-18,6,0.008,0.122,2.5
SP_26,0,2026-09-19,6,-0.036,1.993,2.5
SP_26,0,2026-09-20,6,1.421,0.087,1.5
SP_26,0,2026-09-21,6,1.057,1.601,4.0
SP_26,0,2026-09-22,6,4.692,-0.244,1.5
SP_26,0,2026-09-23,6,6.15,-0.003,8.0
SP_26,0,2026-09-24,6,6.47,3.941,12.0
SP_26,0,2026-09-25,6,5.552,1.773,0.5
SP_26,0,2026-09-26,6,5.829,2.579,3.0
SP_26,0,2026-09-27,6,5.698,3.076,4.0
SP_26,0,2026-09-28,5,5.596,1.215,1.5
SP_26,0,2026-09-29,6,6.128,2.358,13.5
SP_26,0,2026-09-30,5,8.248,1.787,7.5
SP_27,0,2026-09-02,6,0.639,1.627,0.5
SP_27,0,2026-09-03,6,0.984,3.36,-0.5
SP_27,0,2026-09-04,6,1.261,3.609,0.0
SP_27,0,2026-09-05,6,1.623,3.236,0.0
SP_27,0,2026-09-06,6,0.882,2.291,1.0
SP_27,0,2026-09-07,5,1.227,2.757,0.0
SP_27,0,2026-09-08,6,0.561,0.709,1.5
SP_27,0,2026-09-09,6,0.493,0.859,0.5
SP_27,0,2026-09-10,6,0.493,2.271,1.5
SP_27,0,2026-09-11,6,0.476,1.218,3.5
SP_27,0,2026-09-12,6,-0.282,1.718,4.0
SP_27,0,2026-09-13,6,0.753,2.065,-0.0
SP_27,0,2026-09-14,6,-0.35,2.505,4.0
SP_27,0,2026-09-15,6,0.273,3.839,2.5
SP_27,0,2026-09-16,6,0.273,5.0,2.5
SP_27,0,2026-09-17,6,0.584,3.482,2.0
SP_27,0,2026-09-18,6,0.425,0.901,2.5
SP_27,0,2026-09-19,6,0.838,0.911,2.5
SP_27,0,2026-09-20,6,1.166,1.416,-1.5
SP_27,0,2026-09-21,6,0.493,-0.303,1.5
SP_27,0,2026-09-22,6,4.965,4.294,1.5
SP_27,0,2026-09-23,6,6.0,3.453,6.5
SP_27,0,2026-09-24,6,7.035,5.277,11.5
SP_27,0,2026-09-25,6,5.547,3.758,1.0
SP_27,0,2026-09-26,6,6.17,5.855,2.5
SP_27,0,2026-09-27,6,6.051,5.247,5.0
SP_27,0,2026-09-28,5,7.086,3.901,3.0
SP_27,0,2026-09-29,6,7.171,3.455,11.0
SP_27,0,2026-09-30,5,9.122,5.784,6.0
SP_29,0,2026-09-02,6,0.331,1.737,-1.0
SP_29,0,2026-09-03,6,0.288,-1.308,-2.5
SP_29,0,2026-09-04,6,0.375,-0.843,-3.0
SP_29,0,2026-09-05,6,1.037,-0.024,-3.0
SP_29,0,2026-09-06,6,0.836,-0.62,-0.5
SP_29,0,2026-09-07,5,0.319,-1.683,-2.0
SP_29,0,2026-09-08,6,0.579,-1.894,-1.0
SP_29,0,2026-09-09,6,0.248,-2.519,-1.0
SP_29,0,2026-09-10,6,0.335,-1.241,-1.5
SP_29,0,2026-09-11,6,-0.284,-1.342,1.0
SP_29,0,2026-09-12,6,-0.615,-1.477,0.5
SP_29,0,2026-09-13,6,-0.327,-2.303,-0.5
SP_29,0,2026-09-14,6,-0.529,-1.794,-1.0
SP_29,0,2026-09-15,6,-0.485,-1.267,-0.5
SP_29,0,2026-09-16,6,-0.268,0.003,-0.5
SP_29,0,2026-09-17,6,0.091,-2.221,0.5
SP_29,0,2026-09-18,6,0.205,-3.259,0.5
SP_29,0,2026-09-19,6,-0.04,-2.071,0.0
SP_29,0,2026-09-20,6,0.579,-3.04,0.5
SP_29,0,2026-09-21,6,0.911,-2.849,1.5
SP_29,0,2026-09-22,6,4.925,-0.678,-2.0
SP_29,0,2026-09-23,6,5.717,0.414,6.5
SP_29,0,2026-09-24,6,6.265,0.62,10.0
SP_29,0,2026-09-25,6,5.126,-2.021,0.0
SP_29,0,2026-09-26,6,6.179,0.818,0.5
SP_29,0,2026-09-27,6,5.429,-1.69,2.0
SP_29,0,2026-09-28,5,5.761,1.46,-2.0
SP_29,0,2026-09-29,6,6.336,-1.814,7.0
SP_29,0,2026-09-30,5,7.661,1.0,3.0
SP_30,0,2026-09-02,6,-0.203,0.404,-2.0
SP_30,0,2026-09-03,6,-0.021,-1.835,-3.5
SP_30,0,2026-09-04,6,0.454,0.425,-1.0
SP_30,0,2026-09-05,6,0.36,1.629,-3.5
SP_30,0,2026-09-06,6,-0.182,-1.533,-0.5
SP_30,0,2026-09-07,5,-0.166,-1.088,-0.5
SP_30,0,2026-09-08,6,-0.281,-0.331,-1.0
SP_30,0,2026-09-09,6,0.105,-0.313,-0.5
SP_30,0,2026-09-10,6,-0.667,0.688,-0.5
SP_30,0,2026-09-11,6,-0.417,-0.634,-1.0
SP_30,0,2026-09-12,6,-0.917,-0.009,2.0
SP_30,0,2026-09-13,6,-0.396,1.133,0.5
SP_30,0,2026-09-14,6,-0.849,0.114,2.5
SP_30,0,2026-09-15,6,-0.578,-0.689,-0.5
SP_30,0,2026-09-16,6,-0.078,-3.369,0.0
SP_30,0,2026-09-17,6,-0.192,-0.551,4.0
SP_30,0,2026-09-18,6,-0.26,1.636,2.5
SP_30,0,2026-09-19,6,-0.192,1.4,3.5
SP_30,0,2026-09-20,6,0.126,0.909,0.0
SP_30,0,2026-09-21,6,-0.145,-0.189,4.0
SP_30,0,2026-09-22,6,3.999,-1.224,0.5
SP_30,0,2026-09-23,6,5.042,0.992,5.5
SP_30,0,2026-09-24,6,6.585,2.003,14.0
SP_30,0,2026-09-25,6,5.542,1.136,1.5
SP_30,0,2026-09-26,6,5.678,1.455,4.5
SP_30,0,2026-09-27,6,5.224,-0.302,2.5
SP_30,0,2026-09-28,4,5.996,1.373,1.0
SP_30,0,2026-09-29,6,6.246,1.344,14.0
SP_30,0,2026-09-30,5,8.696,0.707,2.5
SP_31,0,2026-09-02,4,-0.559,-1.088,0.0
SP_31,0,2026-09-03,6,0.803,0.738,0.5
SP_31,0,2026-09-04,4,0.67,2.282,1.0
SP_31,0,2026-09-05,5,0.098,-0.98,-2.0
SP_31,0,2026-09-07,4,1.514,3.546,0.5
SP_31,0,2026-09-08,6,1.563,1.537,0.5
SP_31,0,2026-09-09,4,0.431,0.893,0.0
SP_31,0,2026-09-10,6,1.039,-0.015,1.0
SP_31,0,2026-09-11,6,0.334,-1.537,1.5
SP_31,0,2026-09-12,6,0.347,-0.386,5.5
SP_31,0,2026-09-13,6,0.578,0.675,5.0
SP_31,0,2026-09-14,6,0.116,2.489,4.0
SP_31,0,2026-09-15,6,0.347,0.031,2.5
SP_31,0,2026-09-16,6,0.068,0.328,3.0
SP_31,0,2026-09-17,5,-0.505,-1.037,0.0
SP_31,0,2026-09-18,5,-0.7,0.108,4.0
SP_31,0,2026-09-19,6,0.627,-0.874,4.0
SP_31,0,2026-09-20,6,1.088,-1.569,3.5
SP_31,0,2026-09-21,5,-0.993,-0.884,1.0
SP_31,0,2026-09-22,6,5.12,1.914,5.0
SP_31,0,2026-09-23,4,4.889,2.312,10.5
SP_31,0,2026-09-24,4,5.63,0.11,10.5
SP_31,0,2026-09-25,4,3.926,0.233,1.0
SP_31,0,2026-09-27,4,3.988,-0.742,3.0
SP_31,0,2026-09-29,4,6.531,2.955,16.0
SP_32,0,2026-09-02,5,-0.469,3.695,1.0
SP_32,0,2026-09-03,6,0.118,2.29,2.0
SP_32,0,2026-09-04,6,0.558,2.282,1.5
SP_32,0,2026-09-05,5,0.53,-0.011,-3.0
SP_32,0,2026-09-06,6,0.148,1.825,-1.0
SP_32,0,2026-09-07,5,0.179,1.975,0.0
SP_32,0,2026-09-08,6,0.151,3.454,1.0
SP_32,0,2026-09-09,6,0.004,3.783,1.5
SP_32,0,2026-09-10,6,-0.319,3.626,2.0
SP_32,0,2026-09-11,6,-0.378,2.82,1.0
SP_32,0,2026-09-12,6,-0.965,3.671,1.0
SP_32,0,2026-09-13,6,-0.436,1.801,1.0
SP_32,0,2026-09-14,6,-0.847,2.796,2.0
SP_32,0,2026-09-15,6,-0.465,1.812,0.5
SP_32,0,2026-09-16,6,-0.67,3.094,1.0
SP_32,0,2026-09-17,6,-0.083,2.436,2.0
SP_32,0,2026-09-18,6,-0.055,2.248,3.0
SP_32,0,2026-09-19,6,0.004,2.138,2.5
SP_32,0,2026-09-20,6,0.386,2.338,0.0
SP_32,0,2026-09-21,6,0.004,2.681,6.0
SP_32,0,2026-09-22,6,4.287,3.429,0.0
SP_32,0,2026-09-23,6,5.461,1.651,7.5
SP_32,0,2026-09-24,6,6.782,2.696,15.0
SP_32,0,2026-09-25,6,6.076,2.982,4.0
SP_32,0,2026-09-26,6,6.107,3.249,4.0
SP_32,0,2026-09-27,6,5.432,3.051,2.0
SP_32,0,2026-09-28,4,6.547,2.272,-1.5
SP_32,0,2026-09-29,6,6.342,1.293,16.5
SP_32,0,2026-09-30,4,7.751,2.427,7.5
SP_33,0,2026-09-02,6,-0.596,1.378,-1.5
SP_33,0,2026-09-03,6,-1.085,1.413,-4.0
SP_33,0,2026-09-04,6,-0.161,4.144,-1.5
SP_33,0,2026-09-05,6,-0.053,2.877,-1.0
SP_33,0,2026-09-06,6,0.164,3.123,0.0
SP_33,0,2026-09-07,5,-0.429,2.041,0.0
SP_33,0,2026-09-08,6,-0.754,1.68,2.5
SP_33,0,2026-09-09,6,-1.025,2.094,0.5
SP_33,0,2026-09-10,6,-0.916,3.921,1.0
SP_33,0,2026-09-11,6,-1.567,2.347,1.5
SP_33,0,2026-09-12,6,-1.946,1.527,1.5
SP_33,0,2026-09-13,6,-1.62,4.806,3.0
SP_33,0,2026-09-14,6,-1.783,2.479,4.0
SP_33,0,2026-09-15,6,-1.457,3.478,1.0
SP_33,0,2026-09-16,6,-1.728,3.611,4.0
SP_33,0,2026-09-17,6,-1.565,3.468,-0.5
SP_33,0,2026-09-18,6,-1.458,3.308,1.5
SP_33,0,2026-09-19,6,-1.296,3.366,1.5
SP_33,0,2026-09-20,6,-0.482,4.674,-1.0
SP_33,0,2026-09-21,6,-1.241,4.353,3.0
SP_33,0,2026-09-22,6,2.82,5.553,-2.0
SP_33,0,2026-09-23,6,4.23,5.776,7.0
SP_33,0,2026-09-24,6,4.555,6.259,9.5
SP_33,0,2026-09-25,6,3.957,4.758,-1.5
SP_33,0,2026-09-26,6,4.554,6.252,2.0
SP_33,0,2026-09-27,6,4.121,6.393,1.5
SP_33,0,2026-09-28,5,5.314,5.381,1.0
SP_33,0,2026-09-29,6,5.314,5.551,11.0
SP_33,0,2026-09-30,5,6.617,5.738,7.0
SP_35,0,2026-09-02,5,3.151,1.012,1.5
SP_35,0,2026-09-03,6,4.92,-1.151,-1.5
SP_35,0,2026-09-04,4,0.331,-3.966,2.0
SP_35,0,2026-09-05,4,-5.694,-2.421,0.5
SP_35,0,2026-09-06,5,6.756,-0.767,1.5
SP_35,0,2026-09-07,5,7.711,-0.274,0.5
SP_35,0,2026-09-08,6,5.752,-1.895,1.5
SP_35,0,2026-09-09,6,5.299,-1.505,1.5
SP_35,0,2026-09-10,6,4.803,-0.969,2.5
SP_35,0,2026-09-11,6,4.194,-2.723,1.5
SP_35,0,2026-09-12,6,3.906,-0.454,3.0
SP_35,0,2026-09-13,6,5.421,-0.887,3.0
SP_35,0,2026-09-14,6,4.559,-4.603,4.0
SP_35,0,2026-09-15,6,4.681,-2.485,3.0
SP_35,0,2026-09-16,6,4.184,-2.347,3.0
SP_35,0,2026-09-17,6,4.316,-2.055,4.0
SP_35,0,2026-09-18,6,4.725,-2.067,4.5
SP_35,0,2026-09-19,6,5.056,-2.519,4.5
SP_35,0,2026-09-20,6,5.178,-3.2,3.0
SP_35,0,2026-09-21,6,5.256,-2.621,5.0
SP_35,0,2026-09-22,6,9.883,-2.683,3.5
SP_35,0,2026-09-23,6,10.37,0.044,9.0
SP_35,0,2026-09-24,6,11.398,-0.161,15.5
SP_35,0,2026-09-25,6,10.624,0.573,2.0
SP_35,0,2026-09-26,5,11.773,-2.964,4.5
SP_35,0,2026-09-27,5,9.386,-1.651,2.5
SP_35,0,2026-09-28,4,3.083,-1.974,2.0
SP_35,0,2026-09-29,4,2.387,-2.651,13.0
SP_36,0,2026-09-02,6,0.664,-2.256,0.0
SP_36,0,2026-09-03,6,0.217,-3.804,0.0
SP_36,0,2026-09-04,6,0.637,-5.57,0.0
SP_36,0,2026-09-05,5,0.637,-2.886,-0.5
SP_36,0,2026-09-06,5,0.447,-5.795,0.5
SP_36,0,2026-09-07,5,0.935,-6.615,1.5
SP_36,0,2026-09-08,6,0.339,-5.217,2.5
SP_36,0,2026-09-09,6,0.908,-4.207,2.5
SP_36,0,2026-09-10,6,0.339,-6.12,5.0
SP_36,0,2026-09-11,6,-0.054,-5.528,6.0
SP_36,0,2026-09-12,6,-0.475,-6.731,5.5
SP_36,0,2026-09-13,6,-0.176,-5.389,9.0
SP_36,0,2026-09-14,6,0.095,-6.78,6.0
SP_36,0,2026-09-15,6,-0.0,-7.73,7.0
SP_36,0,2026-09-16,6,-0.0,-6.108,5.5
SP_36,0,2026-09-17,6,-0.176,-7.991,4.5
SP_36,0,2026-09-18,6,0.19,-7.041,9.0
SP_36,0,2026-09-19,6,0.637,-7.7,4.0
SP_36,0,2026-09-20,6,0.786,-5.536,6.0
SP_36,0,2026-09-21,6,0.556,-5.425,10.0
SP_36,0,2026-09-22,6,5.096,-6.327,2.5
SP_36,0,2026-09-23,6,5.814,-5.301,12.5
SP_36,0,2026-09-24,6,7.563,-7.22,17.0
SP_36,0,2026-09-25,6,5.733,-6.218,5.0
SP_36,0,2026-09-26,6,6.506,-3.742,4.5
SP_36,0,2026-09-27,6,5.814,-6.747,5.5
SP_36,0,2026-09-28,4,7.197,-6.227,3.5
SP_36,0,2026-09-29,6,7.766,-5.388,16.0
SP_36,0,2026-09-30,5,9.772,-2.275,7.5
SP_37,0,2026-09-02,6,-3.007,-0.093,-0.5
SP_37,0,2026-09-03,6,-0.696,-0.181,-0.5
SP_37,0,2026-09-04,6,3.096,-1.678,1.0
SP_37,0,2026-09-05,5,-14.225,1.116,-1.5
SP_37,0,2026-09-06,5,7.269,-5.411,-1.5
SP_37,0,2026-09-07,5,6.209,-4.032,-1.5
SP_37,0,2026-09-08,6,2.515,-4.33,-1.0
SP_37,0,2026-09-09,6,-0.835,-1.062,-1.5
SP_37,0,2026-09-10,6,-3.618,-1.222,-1.0
SP_37,0,2026-09-11,6,-3.931,-1.026,0.0
SP_37,0,2026-09-12,6,-2.061,1.378,2.5
SP_37,0,2026-09-13,6,2.426,-2.397,1.0
SP_37,0,2026-09-14,6,0.819,0.967,2.0
SP_37,0,2026-09-15,6,-1.552,0.607,1.0
SP_37,0,2026-09-16,6,-3.1,0.407,2.0
SP_37,0,2026-09-17,6,-1.238,-0.621,2.5
SP_37,0,2026-09-18,6,1.603,-1.265,2.0
SP_37,0,2026-09-19,6,-0.356,-1.454,2.5
SP_37,0,2026-09-20,6,1.79,-1.466,3.0
SP_37,0,2026-09-21,6,0.055,-0.484,4.5
SP_37,0,2026-09-22,6,5.908,0.912,-1.0
SP_37,0,2026-09-23,6,3.41,0.336,8.0
SP_37,0,2026-09-24,6,7.643,-2.174,12.5
SP_37,0,2026-09-25,6,6.506,0.881,2.0
SP_37,0,2026-09-26,6,9.288,-1.089,0.0
SP_37,0,2026-09-27,5,2.842,-1.717,5.5
SP_37,0,2026-09-28,4,0.059,1.652,-1.0
SP_37,0,2026-09-29,6,7.965,1.023,14.0
SP_38,0,2026-09-02,6,-0.131,0.727,-2.0
SP_38,0,2026-09-03,6,0.013,1.104,-3.0
SP_38,0,2026-09-04,6,0.613,3.749,-1.5
SP_38,0,2026-09-05,5,1.11,0.774,-1.5
SP_38,0,2026-09-06,6,0.718,1.85,-3.5
SP_38,0,2026-09-07,5,0.716,2.288,-0.5
SP_38,0,2026-09-08,6,0.273,-0.949,1.0
SP_38,0,2026-09-09,6,-0.107,1.584,1.5
SP_38,0,2026-09-10,6,0.011,-1.384,1.5
SP_38,0,2026-09-11,6,-0.668,-0.334,0.5
SP_38,0,2026-09-12,6,-0.394,2.197,3.5
SP_38,0,2026-09-13,6,-0.655,1.053,3.0
SP_38,0,2026-09-14,6,-0.917,1.317,2.0
SP_38,0,2026-09-15,6,-0.355,2.245,1.5
SP_38,0,2026-09-16,6,-0.473,2.634,3.0
SP_38,0,2026-09-17,6,-0.355,1.555,1.5
SP_38,0,2026-09-18,6,-0.368,1.921,2.0
SP_38,0,2026-09-19,6,-0.525,1.941,3.5
SP_38,0,2026-09-20,6,0.181,1.369,2.5
SP_38,0,2026-09-21,6,0.037,1.119,4.5
SP_38,0,2026-09-22,6,4.39,-0.251,3.0
SP_38,0,2026-09-23,6,5.918,0.149,6.5
SP_38,0,2026-09-24,6,6.636,0.497,16.0
SP_38,0,2026-09-25,6,4.913,-0.664,4.0
SP_38,0,2026-09-26,6,6.075,2.605,2.5
SP_38,0,2026-09-27,6,5.408,0.604,3.5
SP_38,0,2026-09-28,5,6.336,2.618,4.5
SP_38,0,2026-09-29,6,6.649,1.643,12.5
SP_38,0,2026-09-30,5,8.609,3.908,12.5
SP_39,0,2026-09-02,6,-0.0,-0.261,-0.5
SP_39,0,2026-09-03,6,-0.429,-0.512,-1.5
SP_39,0,2026-09-04,6,0.562,-1.162,0.0
SP_39,0,2026-09-05,5,-0.297,-0.405,-1.0
SP_39,0,2026-09-06,6,0.663,0.32,-0.5
SP_39,0,2026-09-07,5,0.827,0.663,-2.0
SP_39,0,2026-09-08,6,0.107,-1.223,0.5
SP_39,0,2026-09-09,6,-0.057,-1.499,2.0
SP_39,0,2026-09-10,6,-0.604,-1.929,0.0
SP_39,0,2026-09-11,6,-1.282,-2.11,1.5
SP_39,0,2026-09-12,6,-1.314,-1.924,4.0
SP_39,0,2026-09-13,6,-1.033,-2.243,2.0
SP_39,0,2026-09-14,6,-1.197,-2.922,4.0
SP_39,0,2026-09-15,6,-0.948,-0.346,2.0
SP_39,0,2026-09-16,6,-1.096,-1.893,3.5
SP_39,0,2026-09-17,6,-1.017,-1.152,3.0
SP_39,0,2026-09-18,6,-0.619,-0.988,2.5
SP_39,0,2026-09-19,6,-0.736,-4.097,1.5
SP_39,0,2026-09-20,6,-0.471,-2.439,4.0
SP_39,0,2026-09-21,6,-0.752,-1.602,3.5
SP_39,0,2026-09-22,6,3.536,-0.785,-1.0
SP_39,0,2026-09-23,6,4.613,0.092,9.5
SP_39,0,2026-09-24,6,5.572,-0.611,14.0
SP_39,0,2026-09-25,6,4.496,0.513,3.0
SP_39,0,2026-09-26,6,5.471,-0.475,3.5
SP_39,0,2026-09-27,6,4.332,-0.453,5.0
SP_39,0,2026-09-28,5,6.15,0.169,3.0
SP_39,0,2026-09-29,6,5.885,-0.803,13.5
SP_39,0,2026-09-30,5,7.836,-0.707,8.0
SP_41,0,2026-09-02,6,-0.62,2.278,0.0
SP_41,0,2026-09-03,6,0.084,2.013,0.0
SP_41,0,2026-09-04,6,0.581,1.238,0.5
SP_41,0,2026-09-05,6,-1.818,2.247,-1.5
SP_41,0,2026-09-06,5,2.854,1.21,1.0
SP_41,0,2026-09-07,5,1.79,0.359,1.0
SP_41,0,2026-09-08,6,0.259,0.723,3.0
SP_41,0,2026-09-09,6,-0.361,2.978,1.0
SP_41,0,2026-09-10,6,-1.229,2.267,1.0
SP_41,0,2026-09-11,6,-1.891,2.622,0.0
SP_41,0,2026-09-12,6,-1.643,1.528,3.5
SP_41,0,2026-09-13,6,-0.319,1.881,0.0
SP_41,0,2026-09-14,6,-0.606,2.419,5.0
SP_41,0,2026-09-15,6,-1.061,1.924,2.5
SP_41,0,2026-09-16,6,-1.888,1.536,3.0
SP_41,0,2026-09-17,6,-1.807,1.322,1.5
SP_41,0,2026-09-18,6,-0.61,0.881,4.0
SP_41,0,2026-09-19,6,-0.939,3.257,3.0
SP_41,0,2026-09-20,6,-0.403,0.579,3.5
SP_41,0,2026-09-21,6,-0.567,2.382,8.0
SP_41,0,2026-09-22,6,4.136,1.352,4.5
SP_41,0,2026-09-23,6,3.723,1.407,11.0
SP_41,0,2026-09-24,6,5.502,2.177,17.0
SP_41,0,2026-09-25,6,5.583,6.217,2.0
SP_41,0,2026-09-26,6,6.371,2.094,4.5
SP_41,0,2026-09-27,6,5.254,1.506,4.0
SP_41,0,2026-09-28,5,5.999,3.488,5.0
SP_41,0,2026-09-29,6,6.08,1.859,15.0
SP_41,0,2026-09-30,5,7.73,2.415,7.0
SP_42,0,2026-09-02,6,-0.878,0.487,-2.5
SP_42,0,2026-09-03,6,-1.09,0.485,-2.5
SP_42,0,2026-09-04,6,0.055,0.248,1.5
SP_42,0,2026-09-05,6,0.027,-1.202,-1.5
SP_42,0,2026-09-06,6,-0.103,0.081,0.5
SP_42,0,2026-09-07,5,0.48,-0.874,2.5
SP_42,0,2026-09-08,6,-0.015,-1.06,1.0
SP_42,0,2026-09-09,6,-0.467,-1.952,0.5
SP_42,0,2026-09-10,6,-0.44,-1.756,2.5
SP_42,0,2026-09-11,6,-1.05,-1.151,2.0
SP_42,0,2026-09-12,6,-1.372,-2.211,2.0
SP_42,0,2026-09-13,6,-0.598,-1.07,2.0
SP_42,0,2026-09-14,6,-0.865,-3.593,3.0
SP_42,0,2026-09-15,6,-1.05,-3.636,2.5
SP_42,0,2026-09-16,6,-1.421,-3.15,3.5
SP_42,0,2026-09-17,6,-0.941,-0.758,3.0
SP_42,0,2026-09-18,6,-1.077,-1.32,2.5
SP_42,0,2026-09-19,6,-0.865,-1.911,3.5
SP_42,0,2026-09-20,6,-0.412,-1.246,2.5
SP_42,0,2026-09-21,6,-0.2,-1.46,8.0
SP_42,0,2026-09-22,6,3.936,-1.437,1.0
SP_42,0,2026-09-23,6,5.609,-2.148,11.0
SP_42,0,2026-09-24,6,5.849,-2.178,15.0
SP_42,0,2026-09-25,6,4.732,-1.403,4.0
SP_42,0,2026-09-26,6,5.026,-1.013,4.5
SP_42,0,2026-09-27,6,4.999,-1.593,5.5
SP_42,0,2026-09-28,5,6.117,-2.111,3.5
SP_42,0,2026-09-29,6,6.569,-1.505,16.5
SP_42,0,2026-09-30,5,8.832,-2.009,7.5
SP_43,0,2026-09-02,6,-0.014,-0.503,1.0
SP_43,0,2026-09-03,6,-0.028,-2.708,-1.5
SP_43,0,2026-09-04,6,0.886,-2.519,1.0
SP_43,0,2026-09-05,6,-0.204,-2.845,-2.0
SP_43,0,2026-09-06,6,1.99,-3.19,-1.0
SP_43,0,2026-09-07,5,1.529,-4.164,-0.5
SP_43,0,2026-09-08,6,0.67,-2.603,0.5
SP_43,0,2026-09-09,6,1.12,-2.849,2.5
SP_43,0,2026-09-10,6,0.002,-2.778,2.5
SP_43,0,2026-09-11,6,-0.434,-2.476,2.5
SP_43,0,2026-09-12,6,-0.42,-2.727,2.5
SP_43,0,2026-09-13,6,0.03,-2.926,3.5
SP_43,0,2026-09-14,6,-0.611,-2.702,1.5
SP_43,0,2026-09-15,6,-0.611,-3.521,1.0
SP_43,0,2026-09-16,6,-0.583,-4.033,0.5
SP_43,0,2026-09-17,6,-0.351,-2.895,1.5
SP_43,0,2026-09-18,6,0.48,-2.488,1.0
SP_43,0,2026-09-19,6,0.002,-2.265,1.0
SP_43,0,2026-09-20,6,0.452,-2.464,1.0
SP_43,0,2026-09-21,6,0.234,-3.337,4.0
SP_43,0,2026-09-22,6,4.825,-2.176,0.5
SP_43,0,2026-09-23,6,5.507,-2.091,10.0
SP_43,0,2026-09-24,6,6.393,-1.903,13.0
SP_43,0,2026-09-25,6,5.711,-3.034,2.0
SP_43,0,2026-09-26,6,6.407,-1.458,5.0
SP_43,0,2026-09-27,6,5.521,-2.814,4.5
SP_43,0,2026-09-28,5,7.034,-2.325,2.5
SP_43,0,2026-09-29,6,6.393,-1.996,15.5
SP_43,0,2026-09-30,5,8.861,-1.801,6.5
SP_44,0,2026-09-02,6,-2.018,-8.111,-0.5
SP_44,0,2026-09-03,6,0.218,-5.127,-2.5
SP_44,0,2026-09-04,6,2.449,-7.231,-1.5
SP_44,0,2026-09-05,5,-17.893,-6.106,-0.5
SP_44,0,2026-09-06,6,13.637,-5.001,0.5
SP_44,0,2026-09-07,5,11.655,-7.886,0.5
SP_44,0,2026-09-08,6,4.734,-7.558,0.5
SP_44,0,2026-09-09,6,2.043,-8.501,2.5
SP_44,0,2026-09-10,6,-1.316,-12.02,1.0
SP_44,0,2026-09-11,6,-2.436,-12.315,1.5
SP_44,0,2026-09-12,6,-2.209,-12.417,1.0
SP_44,0,2026-09-13,6,4.284,-10.207,3.5
SP_44,0,2026-09-14,6,0.928,-13.2,3.0
SP_44,0,2026-09-15,6,-1.301,-13.533,1.5
SP_44,0,2026-09-16,6,-0.853,-13.156,5.5
SP_44,0,2026-09-17,6,1.15,-9.836,1.5
SP_44,0,2026-09-18,6,4.499,-11.35,3.5
SP_44,0,2026-09-19,6,2.266,-11.111,3.0
SP_44,0,2026-09-20,6,5.845,-16.705,3.5
SP_44,0,2026-09-21,6,4.057,-11.079,6.0
SP_44,0,2026-09-22,6,8.467,-8.588,0.0
SP_44,0,2026-09-23,6,5.118,-7.261,10.5
SP_44,0,2026-09-24,6,10.696,-11.627,13.0
SP_44,0,2026-09-25,6,9.585,-11.433,2.0
SP_44,0,2026-09-26,6,14.725,-12.262,7.0
SP_44,0,2026-09-27,6,11.386,-8.531,6.0
SP_44,0,2026-09-28,5,7.124,-10.067,1.5
SP_44,0,2026-09-29,6,11.591,-12.093,12.0
SP_44,0,2026-09-30,5,19.234,-2.068,6.5
SP_45,0,2026-09-02,6,-0.206,-0.964,-1.5
SP_45,0,2026-09-03,6,0.22,0.348,1.0
SP_45,0,2026-09-04,6,0.892,-1.498,-3.5
SP_45,0,2026-09-05,6,0.692,-4.399,-2.0
SP_45,0,2026-09-06,6,0.679,-5.51,-2.5
SP_45,0,2026-09-07,5,0.5,-4.387,-1.0
SP_45,0,2026-09-08,6,0.112,-2.277,2.0
SP_45,0,2026-09-09,6,-0.114,-2.053,1.5
SP_45,0,2026-09-10,6,-0.107,-4.252,3.0
SP_45,0,2026-09-11,6,-0.313,-5.827,-1.0
SP_45,0,2026-09-12,6,-0.786,-6.038,1.5
SP_45,0,2026-09-13,6,-0.567,-5.653,1.0
SP_45,0,2026-09-14,6,-0.58,-6.101,1.5
SP_45,0,2026-09-15,6,-0.826,-3.84,2.0
SP_45,0,2026-09-16,6,-0.833,-4.403,0.0
SP_45,0,2026-09-17,6,-0.56,-2.348,1.5
SP_45,0,2026-09-18,6,-0.58,-3.274,3.5
SP_45,0,2026-09-19,6,-0.147,-2.819,1.5
SP_45,0,2026-09-20,6,0.106,-3.545,3.0
SP_45,0,2026-09-21,6,0.092,-2.598,2.5
SP_45,0,2026-09-22,6,4.985,-6.108,1.5
SP_45,0,2026-09-23,6,5.671,-4.768,9.5
SP_45,0,2026-09-24,6,6.742,-2.631,16.0
SP_45,0,2026-09-25,6,5.431,-1.946,5.0
SP_45,0,2026-09-26,6,5.883,-3.227,4.5
SP_45,0,2026-09-27,6,5.664,-4.101,2.0
SP_45,0,2026-09-28,5,6.302,-1.581,4.0
SP_45,0,2026-09-29,6,6.762,-1.944,12.5
SP_45,0,2026-09-30,4,8.765,-2.823,6.0
SP_47,0,2026-09-02,6,-0.323,0.48,-1.5
SP_47,0,2026-09-03,6,0.281,0.973,-5.0
SP_47,0,2026-09-04,6,0.936,2.635,0.5
SP_47,0,2026-09-05,6,0.119,3.515,-2.0
SP_47,0,2026-09-06,6,0.884,2.817,2.0
SP_47,0,2026-09-07,5,0.705,5.447,5.0
SP_47,0,2026-09-08,6,-0.361,6.246,1.5
SP_47,0,2026-09-09,5,-1.49,1.798,2.0
SP_47,0,2026-09-10,6,-1.006,4.029,5.0
SP_47,0,2026-09-11,6,-1.479,5.368,4.5
SP_47,0,2026-09-12,6,-2.285,3.732,5.0
SP_47,0,2026-09-13,6,-1.188,3.702,1.0
SP_47,0,2026-09-14,6,-2.135,1.019,8.5
SP_47,0,2026-09-15,6,-1.693,3.609,3.0
SP_47,0,2026-09-16,6,-1.027,1.327,4.0
SP_47,0,2026-09-17,6,-1.22,2.676,1.5
SP_47,0,2026-09-18,6,-1.328,0.178,2.0
SP_47,0,2026-09-19,6,-0.866,2.547,1.5
SP_47,0,2026-09-20,6,-0.533,0.401,2.5
SP_47,0,2026-09-21,6,-1.016,2.609,3.5
SP_47,0,2026-09-22,6,3.797,6.21,0.5
SP_47,0,2026-09-23,6,4.764,3.882,6.5
SP_47,0,2026-09-24,6,5.409,2.551,16.5
SP_47,0,2026-09-25,6,4.624,5.053,2.0
SP_47,0,2026-09-26,6,5.571,4.235,3.5
SP_47,0,2026-09-27,6,4.281,4.641,6.0
SP_47,0,2026-09-28,5,5.795,4.031,7.0
SP_47,0,2026-09-29,6,6.195,4.899,10.0
SP_47,0,2026-09-30,5,7.927,6.142,4.0
SP_48,0,2026-09-02,6,0.475,0.547,-0.5
SP_48,0,2026-09-03,6,0.475,2.084,-1.0
SP_48,0,2026-09-04,6,0.959,-0.038,1.0
SP_48,0,2026-09-05,6,0.942,0.651,-2.0
SP_48,0,2026-09-06,6,0.501,0.468,-0.5
SP_48,0,2026-09-07,5,0.795,-2.054,2.0
SP_48,0,2026-09-08,6,0.717,-1.378,1.0
SP_48,0,2026-09-09,6,0.717,-1.413,0.5
SP_48,0,2026-09-10,6,0.57,-2.148,1.5
SP_48,0,2026-09-11,6,0.406,-0.461,2.0
SP_48,0,2026-09-12,6,0.095,-1.385,4.0
SP_48,0,2026-09-13,6,-0.061,-1.176,3.0
SP_48,0,2026-09-14,6,-0.666,-1.073,5.0
SP_48,0,2026-09-15,6,0.285,-0.275,4.5
SP_48,0,2026-09-16,6,0.121,-0.768,3.5
SP_48,0,2026-09-17,5,0.293,-1.014,4.0
SP_48,0,2026-09-18,6,0.414,-0.404,5.0
SP_48,0,2026-09-19,6,0.414,-1.418,3.5
SP_48,0,2026-09-20,6,1.037,0.25,2.0
SP_48,0,2026-09-21,6,0.717,-1.571,6.0
SP_48,0,2026-09-22,6,5.495,-0.834,1.5
SP_48,0,2026-09-23,6,6.757,-1.069,11.0
SP_48,0,2026-09-24,6,8.191,0.064,15.0
SP_48,0,2026-09-25,5,5.806,-1.467,2.0
SP_48,0,2026-09-26,5,6.757,-1.467,3.0
SP_48,0,2026-09-27,5,6.117,-4.448,4.0
SP_48,0,2026-09-28,5,7.707,-3.839,2.0
SP_48,0,2026-09-29,6,8.502,-0.097,14.5
SP_48,0,2026-09-30,5,10.247,-0.715,6.0
SP_50,0,2026-09-02,6,-0.195,-0.25,-1.0
SP_50,0,2026-09-03,6,-0.39,-2.415,0.0
SP_50,0,2026-09-04,6,0.426,-2.119,-0.5
SP_50,0,2026-09-05,6,0.426,-3.457,0.0
SP_50,0,2026-09-06,6,-0.089,-2.134,-0.5
SP_50,0,2026-09-07,5,0.53,-2.35,1.5
SP_50,0,2026-09-08,6,-0.038,-2.415,-1.5
SP_50,0,2026-09-09,6,-0.091,-2.548,1.5
SP_50,0,2026-09-10,6,-0.322,-2.894,0.0
SP_50,0,2026-09-11,6,-0.322,-3.384,4.0
SP_50,0,2026-09-12,6,-0.997,-4.713,4.0
SP_50,0,2026-09-13,6,-0.749,-2.871,0.0
SP_50,0,2026-09-14,5,-0.891,-6.85,3.5
SP_50,0,2026-09-15,6,-0.695,-5.713,1.0
SP_50,0,2026-09-16,5,-0.216,-5.119,0.5
SP_50,0,2026-09-17,6,-0.163,-4.369,2.5
SP_50,0,2026-09-18,6,-0.322,-4.398,3.0
SP_50,0,2026-09-19,6,-0.375,-5.611,2.5
SP_50,0,2026-09-20,6,0.388,-5.396,3.0
SP_50,0,2026-09-21,6,0.051,-4.929,7.0
SP_50,0,2026-09-22,6,4.707,-5.849,0.5
SP_50,0,2026-09-23,6,6.234,-5.647,7.0
SP_50,0,2026-09-24,4,7.388,-4.801,13.0
SP_50,0,2026-09-25,5,5.684,-5.727,5.5
SP_50,0,2026-09-26,6,6.571,-4.914,5.5
SP_50,0,2026-09-27,5,6.003,-5.617,4.5
SP_50,0,2026-09-28,4,7.441,-6.118,6.0
SP_50,0,2026-09-29,6,7.725,-5.489,17.5
SP_50,0,2026-09-30,5,9.732,-6.289,11.5
SP_51,0,2026-09-02,6,0.0,-0.615,-1.5
SP_51,0,2026-09-03,6,-0.081,-4.009,1.0
SP_51,0,2026-09-04,6,0.553,-0.995,-2.0
SP_51,0,2026-09-05,5,0.553,-0.328,-4.0
SP_51,0,2026-09-06,6,0.072,-2.033,-1.5
SP_51,0,2026-09-07,5,0.204,1.025,2.0
SP_51,0,2026-09-08,6,-0.23,-2.006,2.0
SP_51,0,2026-09-09,6,0.178,-3.07,-1.5
SP_51,0,2026-09-10,6,0.251,-2.897,-0.0
SP_51,0,2026-09-11,6,-0.367,-2.603,1.0
SP_51,0,2026-09-12,6,-0.648,-4.648,-0.0
SP_51,0,2026-09-13,6,-0.094,-4.914,-1.0
SP_51,0,2026-09-14,6,-0.703,-3.442,3.0
SP_51,0,2026-09-15,6,-0.494,-2.767,1.5
SP_51,0,2026-09-16,6,-0.358,-2.889,5.0
SP_51,0,2026-09-17,5,-0.486,-1.908,2.0
SP_51,0,2026-09-18,6,-0.158,-2.398,2.5
SP_51,0,2026-09-19,6,0.178,-5.402,5.0
SP_51,0,2026-09-20,6,0.251,-4.095,5.5
SP_51,0,2026-09-21,6,0.042,-4.006,4.0
SP_51,0,2026-09-22,6,4.649,-3.064,3.0
SP_51,0,2026-09-23,6,5.884,-5.436,9.5
SP_51,0,2026-09-24,6,7.744,-5.777,14.5
SP_51,0,2026-09-25,5,6.003,-4.589,1.0
SP_51,0,2026-09-26,6,6.944,-5.437,4.5
SP_51,0,2026-09-27,5,6.165,-3.694,1.0
SP_51,0,2026-09-28,5,7.817,-3.709,8.0
SP_51,0,2026-09-29,6,7.399,-6.316,15.0
SP_51,0,2026-09-30,5,9.741,-1.26,5.0
SP_52,0,2026-09-02,6,-0.352,0.127,-1.0
SP_52,0,2026-09-03,6,-0.302,-0.074,0.0
SP_52,0,2026-09-04,6,0.532,-0.415,-2.0
SP_52,0,2026-09-05,6,0.663,-1.02,-2.0
SP_52,0,2026-09-06,6,-0.04,-0.978,-2.0
SP_52,0,2026-09-07,5,-0.131,-3.846,0.5
SP_52,0,2026-09-08,6,-0.143,-3.239,1.5
SP_52,0,2026-09-09,6,-0.274,-2.644,0.0
SP_52,0,2026-09-10,6,-0.445,-2.065,0.0
SP_52,0,2026-09-11,6,-0.887,-2.446,1.5
SP_52,0,2026-09-12,6,-0.928,-3.716,1.5
SP_52,0,2026-09-13,6,-0.707,-3.933,2.0
SP_52,0,2026-09-14,6,-0.968,-1.961,4.5
SP_52,0,2026-09-15,6,-0.747,-2.04,1.5
SP_52,0,2026-09-16,6,-0.919,-0.673,2.0
SP_52,0,2026-09-17,6,-0.305,-1.023,1.5
SP_52,0,2026-09-18,6,-0.666,-3.229,4.5
SP_52,0,2026-09-19,6,-0.536,-3.753,4.5
SP_52,0,2026-09-20,6,-0.143,-3.036,3.5
SP_52,0,2026-09-21,6,-0.536,-2.845,4.5
SP_52,0,2026-09-22,6,4.636,-1.638,1.5
SP_52,0,2026-09-23,6,5.47,-2.05,8.5
SP_52,0,2026-09-24,6,6.918,-1.706,17.0
SP_52,0,2026-09-25,6,4.667,-4.877,2.5
SP_52,0,2026-09-26,6,6.205,-5.007,5.5
SP_52,0,2026-09-27,6,5.249,-3.859,3.0
SP_52,0,2026-09-28,5,6.787,-4.342,5.5
SP_52,0,2026-09-29,6,6.999,-1.836,15.0
SP_52,0,2026-09-30,5,8.898,-3.727,5.5
SP_53,0,2026-09-02,6,0.139,0.729,-2.5
SP_53,0,2026-09-03,6,0.175,1.296,-1.5
SP_53,0,2026-09-04,6,1.048,1.143,0.5
SP_53,0,2026-09-05,6,1.155,3.006,-2.5
SP_53,0,2026-09-06,6,0.876,3.712,-2.5
SP_53,0,2026-09-07,5,1.406,1.208,-1.5
SP_53,0,2026-09-08,6,0.532,0.646,-3.5
SP_53,0,2026-09-09,5,-0.059,5.609,1.5
SP_53,0,2026-09-10,6,0.255,3.409,0.5
SP_53,0,2026-09-11,6,0.289,0.836,-2.0
SP_53,0,2026-09-12,6,-1.141,1.399,-1.5
SP_53,0,2026-09-13,6,-0.059,1.966,-1.5
SP_53,0,2026-09-14,6,-0.163,2.065,1.5
SP_53,0,2026-09-15,6,-0.302,0.176,0.5
SP_53,0,2026-09-16,6,0.153,1.789,1.5
SP_53,0,2026-09-17,6,-0.268,0.928,3.5
SP_53,0,2026-09-18,6,0.009,0.426,0.5
SP_53,0,2026-09-19,6,0.114,-1.35,-0.5
SP_53,0,2026-09-20,6,0.289,1.881,0.0
SP_53,0,2026-09-21,6,-0.27,-0.262,4.5
SP_53,0,2026-09-22,6,4.225,2.947,0.5
SP_53,0,2026-09-23,6,5.551,1.206,10.5
SP_53,0,2026-09-24,5,7.609,-3.136,18.5
SP_53,0,2026-09-25,6,4.955,-1.264,4.0
SP_53,0,2026-09-26,6,6.181,1.687,4.5
SP_53,0,2026-09-27,5,4.885,-4.936,4.5
SP_53,0,2026-09-28,5,7.122,-3.31,5.5
SP_53,0,2026-09-29,6,7.436,0.484,14.5
SP_53,0,2026-09-30,5,9.005,-3.3,6.5
SP_54,0,2026-09-02,6,-0.14,0.072,0.0
SP_54,0,2026-09-03,6,0.285,0.481,-3.5
SP_54,0,2026-09-04,6,0.995,1.0,-3.5
SP_54,0,2026-09-05,6,0.57,0.912,-2.5
SP_54,0,2026-09-06,6,1.139,1.189,-2.0
SP_54,0,2026-09-07,5,0.947,-0.36,-3.5
SP_54,0,2026-09-08,6,0.317,0.89,0.0
SP_54,0,2026-09-09,6,-0.034,2.45,1.0
SP_54,0,2026-09-10,6,-0.104,2.271,0.0
SP_54,0,2026-09-11,6,-0.459,1.811,0.5
SP_54,0,2026-09-12,6,-1.024,0.339,2.5
SP_54,0,2026-09-13,6,-0.454,2.042,0.5
SP_54,0,2026-09-14,6,-1.225,1.984,3.0
SP_54,0,2026-09-15,6,-0.66,2.958,0.5
SP_54,0,2026-09-16,6,-0.87,2.986,3.0
SP_54,0,2026-09-17,6,-0.31,1.765,3.5
SP_54,0,2026-09-18,6,-0.459,2.389,3.5
SP_54,0,2026-09-19,6,-0.319,2.528,1.5
SP_54,0,2026-09-20,6,0.176,0.549,1.0
SP_54,0,2026-09-21,6,-0.459,2.664,6.0
SP_54,0,2026-09-22,6,4.162,0.663,3.0
SP_54,0,2026-09-23,6,5.012,-0.24,8.5
SP_54,0,2026-09-24,6,6.431,-0.256,15.0
SP_54,0,2026-09-25,6,5.082,0.177,4.0
SP_54,0,2026-09-26,6,5.787,-0.533,7.0
SP_54,0,2026-09-27,6,4.521,0.268,5.0
SP_54,0,2026-09-28,6,6.782,0.909,5.5
SP_54,0,2026-09-29,6,6.642,-0.002,11.0
SP_54,0,2026-09-30,5,8.402,-1.606,8.5
SP_55,1,2026-09-22,4,5.185,-20.165,-2.0
SP_55,1,2026-09-24,5,7.938,-21.639,12.5
SP_55,1,2026-09-26,6,7.426,-22.691,4.0
SP_55,1,2026-09-27,5,5.761,-21.161,1.5
SP_55,1,2026-09-28,5,7.656,-21.769,1.5
SP_55,1,2026-09-29,5,8.347,-24.531,11.5
SP_55,1,2026-09-30,5,10.114,-23.961,6.5
SP_56,0,2026-09-02,6,-0.199,-0.55,-0.0
SP_56,0,2026-09-03,5,0.099,-2.205,-0.5
SP_56,0,2026-09-04,6,0.682,0.084,-2.0
SP_56,0,2026-09-05,6,0.582,-0.645,-1.5
SP_56,0,2026-09-06,6,0.582,-0.492,-0.0
SP_56,0,2026-09-07,5,0.682,-2.67,-0.5
SP_56,0,2026-09-08,6,0.637,-1.193,0.5
SP_56,0,2026-09-09,6,0.239,-0.358,2.0
SP_56,0,2026-09-10,6,0.239,-0.711,-0.5
SP_56,0,2026-09-11,6,-0.549,-0.59,-2.0
SP_56,0,2026-09-12,6,-0.258,0.05,2.0
SP_56,0,2026-09-13,6,-0.358,0.09,1.5
SP_56,0,2026-09-14,6,-0.166,0.085,2.5
SP_56,0,2026-09-15,6,0.025,-0.781,0.5
SP_56,0,2026-09-16,6,-0.074,-0.895,1.5
SP_56,0,2026-09-17,6,0.125,-1.215,0.5
SP_56,0,2026-09-18,6,0.232,-0.693,1.0
SP_56,0,2026-09-19,6,0.14,-0.478,0.5
SP_56,0,2026-09-20,4,0.722,-0.858,0.5
SP_56,0,2026-09-24,6,7.472,-4.138,15.5
SP_56,0,2026-09-25,6,5.81,-1.257,1.0
SP_56,0,2026-09-26,6,6.79,-3.026,2.0
SP_56,0,2026-09-27,6,5.703,-2.68,1.5
SP_56,0,2026-09-28,5,7.77,-2.687,1.5
SP_56,0,2026-09-29,6,8.153,-1.862,13.5
SP_56,0,2026-09-30,5,9.914,-2.731,3.5
SP_57,0,2026-09-02,6,-0.084,0.165,-1.0
SP_57,0,2026-09-03,6,-0.661,0.701,0.0
SP_57,0,2026-09-04,6,0.325,-0.576,-3.0
SP_57,0,2026-09-05,6,0.482,0.681,-3.0
SP_57,0,2026-09-06,6,0.482,-0.412,-1.0
SP_57,0,2026-09-07,5,1.006,-0.721,0.5
SP_57,0,2026-09-08,6,0.429,-0.617,-0.5
SP_57,0,2026-09-09,6,-0.4,-0.126,-1.0
SP_57,0,2026-09-10,6,0.334,1.354,0.0
SP_57,0,2026-09-11,6,-0.316,0.387,-2.0
SP_57,0,2026-09-12,6,-1.145,0.413,2.0
SP_57,0,2026-09-13,6,-0.662,1.049,-0.5
SP_57,0,2026-09-14,6,-0.83,1.517,1.0
SP_57,0,2026-09-15,6,-0.505,1.762,0.5
SP_57,0,2026-09-16,6,-0.432,1.353,3.0
SP_57,0,2026-09-17,6,-0.253,0.878,1.5
SP_57,0,2026-09-18,6,0.009,-0.554,2.0
SP_57,0,2026-09-19,6,-0.411,1.463,2.5
SP_57,0,2026-09-20,6,0.009,0.257,0.5
SP_57,0,2026-09-21,6,0.082,0.727,3.0
SP_57,0,2026-09-22,6,4.541,-1.725,1.0
SP_57,0,2026-09-23,6,5.852,-1.994,6.5
SP_57,0,2026-09-24,6,6.765,-1.603,11.5
SP_57,0,2026-09-25,6,5.213,-1.193,0.5
SP_57,0,2026-09-26,6,6.199,-2.28,2.5
SP_57,0,2026-09-27,6,5.527,-2.457,4.0
SP_57,0,2026-09-28,5,6.524,-1.825,3.5
SP_57,0,2026-09-29,6,7.174,-2.387,14.0
SP_57,0,2026-09-30,5,8.81,-1.398,6.5
SP_58,0,2026-09-02,6,0.0,0.316,-1.5
SP_58,0,2026-09-03,6,-0.148,0.179,-4.0
SP_58,0,2026-09-04,6,0.62,0.905,-2.0
SP_58,0,2026-09-05,6,0.797,2.707,-4.5
SP_58,0,2026-09-06,6,0.251,-0.053,-1.5
SP_58,0,2026-09-07,5,0.486,1.989,-2.5
SP_58,0,2026-09-08,6,0.213,-1.255,0.5
SP_58,0,2026-09-09,5,0.929,0.491,-5.5
SP_58,0,2026-09-10,6,-0.008,3.022,-3.0
SP_58,0,2026-09-11,6,-0.03,2.622,-3.0
SP_58,0,2026-09-12,6,-0.65,2.353,-3.0
SP_58,0,2026-09-13,6,-0.06,-0.286,-4.5
SP_58,0,2026-09-14,6,0.117,1.413,-3.0
SP_58,0,2026-09-15,6,-0.008,-0.321,-3.5
SP_58,0,2026-09-16,6,0.043,-0.719,-5.0
SP_58,0,2026-09-17,6,-0.355,0.852,-0.5
SP_58,0,2026-09-18,6,0.162,0.357,-5.5
SP_58,0,2026-09-19,6,0.066,0.964,-2.5
SP_58,0,2026-09-20,6,0.486,1.828,-3.0
SP_58,0,2026-09-21,6,0.191,1.88,0.0
SP_58,0,2026-09-22,6,4.643,-0.613,-4.0
SP_58,0,2026-09-23,6,6.126,-2.251,4.0
SP_58,0,2026-09-24,6,7.957,-1.111,11.5
SP_58,0,2026-09-25,6,5.905,1.163,-1.0
SP_58,0,2026-09-26,6,7.388,-0.391,-1.0
SP_58,0,2026-09-27,5,5.61,0.233,-1.5
SP_58,0,2026-09-28,5,7.588,0.661,0.5
SP_58,0,2026-09-29,6,7.758,-2.252,5.5
SP_58,0,2026-09-30,5,9.61,-4.723,2.5
SP_59,0,2026-09-02,6,0.024,-1.662,-2.0
SP_59,0,2026-09-03,6,0.476,-3.1,-4.5
SP_59,0,2026-09-04,6,0.405,-2.426,-4.5
SP_59,0,2026-09-05,6,0.857,-1.212,-4.5
SP_59,0,2026-09-07,4,0.528,-1.07,-1.5
SP_59,0,2026-09-08,6,0.457,-0.696,0.0
SP_59,0,2026-09-09,5,-0.209,-0.762,-2.5
SP_59,0,2026-09-10,6,0.172,1.147,-2.5
SP_59,0,2026-09-11,6,-0.351,1.058,-4.0
SP_59,0,2026-09-12,6,-1.065,-0.899,-3.5
SP_59,0,2026-09-13,6,-0.019,2.503,-4.5
SP_59,0,2026-09-14,6,-0.516,2.401,-1.0
SP_59,0,2026-09-15,6,-0.088,3.105,-4.5
SP_59,0,2026-09-16,6,-0.112,4.67,-5.0
SP_59,0,2026-09-17,6,-0.088,3.218,-4.0
SP_59,0,2026-09-18,6,0.149,2.724,-4.0
SP_59,0,2026-09-19,6,0.172,1.443,-4.5
SP_59,0,2026-09-20,6,0.267,2.358,-4.5
SP_59,0,2026-09-21,6,0.22,1.176,-6.0
SP_59,0,2026-09-22,6,4.732,0.19,-4.5
SP_59,0,2026-09-23,6,5.825,-3.406,4.0
SP_59,0,2026-09-24,6,6.848,-0.695,8.5
SP_59,0,2026-09-25,6,5.849,0.44,-6.5
SP_59,0,2026-09-26,5,6.443,-1.07,-2.5
SP_59,0,2026-09-27,5,4.303,-0.042,-2.5
SP_59,0,2026-09-28,5,7.347,-0.815,-3.5
SP_59,0,2026-09-29,6,7.489,-3.069,2.5
SP_59,0,2026-09-30,6,8.417,-1.148,2.5
SP_60,0,2026-09-02,6,-0.826,-0.771,-0.0
SP_60,0,2026-09-03,6,-0.583,-0.272,1.0
SP_60,0,2026-09-04,6,-0.085,-1.269,0.5
SP_60,0,2026-09-05,5,-0.085,-2.367,-1.5
SP_60,0,2026-09-06,4,-0.394,-2.362,-2.0
SP_60,0,2026-09-07,4,-0.097,-4.858,-1.0
SP_60,0,2026-09-08,4,-0.278,-2.732,2.5
SP_60,0,2026-09-09,4,-0.479,-1.102,7.5
SP_60,0,2026-09-11,5,-0.618,0.562,6.5
SP_60,0,2026-09-12,4,-1.529,-0.696,2.0
SP_60,0,2026-09-13,6,-1.232,-2.111,1.0
SP_60,0,2026-09-14,5,-0.873,-2.189,2.5
SP_60,0,2026-09-15,6,-0.788,-1.568,-0.0
SP_60,0,2026-09-17,4,-1.286,-2.334,-0.5
SP_60,0,2026-09-18,6,-0.935,-3.436,2.0
SP_60,0,2026-09-19,6,-0.533,-1.053,2.5
SP_60,0,2026-09-20,5,-0.278,0.093,2.5
SP_60,0,2026-09-22,4,4.094,-5.74,-1.0
SP_60,0,2026-09-23,5,4.58,-2.765,6.5
SP_60,0,2026-09-24,6,6.785,-6.834,13.5
SP_60,0,2026-09-25,6,5.163,-2.292,0.5
SP_60,0,2026-09-26,5,6.171,-6.503,3.5
SP_60,0,2026-09-27,4,4.75,-7.832,1.5
SP_61,0,2026-09-02,6,0.31,2.32,-2.5
SP_61,0,2026-09-03,6,0.216,3.79,-1.0
SP_61,0,2026-09-04,6,0.247,2.68,-1.5
SP_61,0,2026-09-05,6,0.558,3.35,1.0
SP_61,0,2026-09-06,6,0.153,2.947,-1.0
SP_61,0,2026-09-07,5,0.711,5.912,-1.5
SP_61,0,2026-09-08,6,0.334,0.667,0.0
SP_61,0,2026-09-09,6,0.145,3.238,0.0
SP_61,0,2026-09-10,6,0.271,2.207,0.5
SP_61,0,2026-09-11,6,-0.539,0.143,-0.5
SP_61,0,2026-09-12,6,-0.417,1.913,1.0
SP_61,0,2026-09-13,6,-0.26,2.341,1.0
SP_61,0,2026-09-14,6,0.051,1.322,1.5
SP_61,0,2026-09-15,6,-0.107,2.994,2.5
SP_61,0,2026-09-16,6,-0.17,2.849,3.5
SP_61,0,2026-09-17,6,0.051,2.459,0.0
SP_61,0,2026-09-18,6,0.051,3.877,2.0
SP_61,0,2026-09-19,6,0.113,3.422,0.0
SP_61,0,2026-09-20,5,0.208,1.792,-0.5
SP_61,0,2026-09-21,6,0.082,1.232,-0.5
SP_61,0,2026-09-22,6,4.743,0.454,0.0
SP_61,0,2026-09-23,6,5.741,-0.003,5.0
SP_61,0,2026-09-24,6,7.112,0.874,12.5
SP_61,0,2026-09-25,6,5.804,-1.415,1.0
SP_61,0,2026-09-26,5,7.022,-1.587,3.5
SP_61,0,2026-09-29,4,7.116,-3.495,10.5
SP_61,0,2026-09-30,6,9.36,-0.101,6.5
SP_62,0,2026-09-02,6,0.072,-1.241,-1.0
SP_62,0,2026-09-03,6,0.036,-1.698,-2.0
SP_62,0,2026-09-04,5,-0.054,-0.202,-2.0
SP_62,0,2026-09-05,6,-0.036,-0.9,-0.5
SP_62,0,2026-09-06,6,-0.09,-0.015,-1.0
SP_62,0,2026-09-07,5,0.33,-1.024,-2.0
SP_62,0,2026-09-08,6,-0.187,-0.836,-1.5
SP_62,0,2026-09-09,6,-0.597,-1.264,-1.0
SP_62,0,2026-09-10,6,0.186,1.837,-1.0
SP_62,0,2026-09-11,6,-0.633,-0.339,-0.5
SP_62,0,2026-09-12,6,-0.651,-0.228,-0.5
SP_62,0,2026-09-13,6,-0.26,-0.433,-1.5
SP_62,0,2026-09-14,6,-0.723,-1.489,0.5
SP_62,0,2026-09-15,6,-0.723,-3.002,-1.5
SP_62,0,2026-09-16,6,-0.368,-1.64,1.0
SP_62,0,2026-09-17,6,-0.296,-3.186,-1.0
SP_62,0,2026-09-18,6,-0.151,-3.683,1.0
SP_62,0,2026-09-19,6,0.312,-2.524,1.0
SP_62,0,2026-09-20,6,0.349,-1.891,0.0
SP_62,0,2026-09-21,6,0.33,-3.654,1.5
SP_62,0,2026-09-22,5,4.341,-4.386,1.0
SP_62,0,2026-09-23,5,5.761,-1.072,9.0
SP_62,0,2026-09-24,5,7.23,-1.951,10.0
SP_62,0,2026-09-25,5,5.34,-3.979,4.0
SP_62,0,2026-09-27,4,5.178,-4.633,2.0
SP_62,0,2026-09-28,5,7.339,-4.201,3.0
SP_62,0,2026-09-29,5,7.411,-4.761,13.0
SP_62,0,2026-09-30,6,8.82,-5.904,2.5
SP_63,0,2026-09-02,6,0.948,1.202,0.0
SP_63,0,2026-09-03,6,0.039,0.205,0.5
SP_63,0,2026-09-04,6,0.935,-1.996,-0.5
SP_63,0,2026-09-05,6,0.935,-1.499,1.0
SP_63,0,2026-09-06,6,-0.013,-1.985,1.5
SP_63,0,2026-09-07,5,0.535,-0.44,1.5
SP_63,0,2026-09-08,6,0.406,0.42,1.5
SP_63,0,2026-09-09,6,0.458,1.263,2.5
SP_63,0,2026-09-10,6,0.406,1.224,1.5
SP_63,0,2026-09-11,6,-0.016,0.868,2.0
SP_63,0,2026-09-12,6,-0.042,-0.085,2.0
SP_63,0,2026-09-13,6,0.406,0.534,1.5
SP_63,0,2026-09-14,6,0.29,2.083,3.5
SP_63,0,2026-09-15,6,0.277,1.323,2.0
SP_63,0,2026-09-16,6,0.303,0.495,1.0
SP_63,0,2026-09-17,6,0.368,0.124,1.5
SP_63,0,2026-09-18,6,0.445,-0.195,0.5
SP_63,0,2026-09-19,6,0.445,0.898,2.0
SP_63,0,2026-09-20,6,0.51,0.546,-0.5
SP_63,0,2026-09-21,6,0.497,-1.534,2.5
SP_63,0,2026-09-22,6,5.14,-3.35,1.5
SP_63,0,2026-09-23,6,5.705,-2.743,8.5
SP_63,0,2026-09-24,6,7.717,-3.563,13.0
SP_63,0,2026-09-25,6,6.282,-3.426,0.0
SP_63,0,2026-09-26,6,7.23,-5.738,2.0
SP_63,0,2026-09-27,5,6.256,-3.64,2.5
SP_63,0,2026-09-28,5,8.178,-4.458,2.5
SP_63,0,2026-09-29,6,8.191,-2.301,13.0
SP_63,0,2026-09-30,6,9.242,-4.286,5.5
SP_64,0,2026-09-02,5,0.053,0.715,-1.5
SP_64,0,2026-09-03,6,0.366,-2.084,0.5
SP_64,0,2026-09-04,6,0.926,0.957,1.0
SP_64,0,2026-09-05,5,0.266,-0.638,1.5
SP_64,0,2026-09-06,5,0.892,-3.405,-1.5
SP_64,0,2026-09-07,5,0.959,-1.976,2.5
SP_64,0,2026-09-08,6,0.932,-2.186,1.0
SP_64,0,2026-09-09,5,0.12,-1.89,1.5
SP_64,0,2026-09-10,6,0.46,-3.84,1.5
SP_64,0,2026-09-11,6,0.014,-3.812,1.5
SP_64,0,2026-09-12,6,-0.718,-3.117,3.5
SP_64,0,2026-09-13,6,0.253,-2.72,2.0
SP_64,0,2026-09-14,6,-0.559,-2.345,4.5
SP_64,0,2026-09-15,6,0.467,-0.108,4.5
SP_64,0,2026-09-16,6,0.52,-1.276,4.0
SP_64,0,2026-09-17,6,-0.086,-2.035,3.0
SP_64,0,2026-09-18,6,0.28,0.498,1.5
SP_64,0,2026-09-19,6,0.62,-0.348,3.5
SP_64,0,2026-09-20,6,0.753,-2.295,2.0
SP_64,0,2026-09-21,6,0.833,1.007,4.0
SP_64,0,2026-09-22,6,4.933,-5.418,2.5
SP_64,0,2026-09-23,5,5.832,-2.934,11.5
SP_64,0,2026-09-24,6,6.59,-3.688,16.0
SP_64,0,2026-09-25,5,5.512,-1.898,1.5
SP_64,0,2026-09-26,5,6.511,-1.759,3.5
SP_64,0,2026-09-27,5,5.459,-3.618,2.5
SP_64,0,2026-09-28,4,7.616,-1.652,2.0
SP_64,0,2026-09-29,5,7.616,-4.581,14.5
SP_64,0,2026-09-30,6,8.614,-3.515,7.0
SP_74,0,2026-09-02,6,0.085,-0.814,-0.0
SP_74,0,2026-09-03,6,0.136,2.347,1.0
SP_74,0,2026-09-04,6,0.476,-0.772,1.5
SP_74,0,2026-09-05,6,1.24,-4.619,-3.5
SP_74,0,2026-09-06,5,0.731,-0.289,-3.0
SP_74,0,2026-09-07,5,0.901,-2.203,-3.0
SP_74,0,2026-09-08,6,0.121,-1.338,1.0
SP_74,0,2026-09-09,4,-0.372,-0.461,3.0
SP_74,0,2026-09-10,6,-0.304,-1.65,3.5
SP_74,0,2026-09-11,6,-0.389,-3.155,1.0
SP_74,0,2026-09-12,6,-1.289,-0.795,4.5
SP_74,0,2026-09-13,6,-0.558,-2.555,4.5
SP_74,0,2026-09-14,6,-1.016,2.422,2.5
SP_74,0,2026-09-15,6,-0.863,-0.662,0.5
SP_74,0,2026-09-16,6,-0.762,0.428,5.0
SP_74,0,2026-09-17,6,-0.948,-1.638,3.5
SP_74,0,2026-09-18,6,-0.304,0.971,1.0
SP_74,0,2026-09-19,6,-0.151,-1.575,2.5
SP_74,0,2026-09-20,5,0.461,0.048,3.0
SP_74,0,2026-09-21,6,-0.304,-0.116,8.0
SP_74,0,2026-09-22,6,3.992,-1.084,5.5
SP_74,0,2026-09-23,5,5.249,-5.237,8.0
SP_74,0,2026-09-24,6,6.456,-2.804,13.0
SP_74,0,2026-09-25,6,4.994,-2.833,7.5
SP_74,0,2026-09-26,5,5.895,-1.612,8.0
SP_74,0,2026-09-27,5,4.773,-4.342,7.0
SP_74,0,2026-09-28,5,6.88,-3.88,8.0
SP_74,0,2026-09-29,6,6.965,-3.454,14.0
SP_74,0,2026-09-30,5,8.512,-4.556,6.0
SP_76,0,2026-09-02,6,0.02,-0.844,-0.0
SP_76,0,2026-09-03,6,0.061,-1.007,-1.5
SP_76,0,2026-09-04,6,0.999,-4.666,-1.0
SP_76,0,2026-09-05,6,1.04,-2.272,2.0
SP_76,0,2026-09-06,5,-0.0,-2.223,1.5
SP_76,0,2026-09-07,5,0.878,-1.939,3.5
SP_76,0,2026-09-08,6,0.289,-3.87,1.5
SP_76,0,2026-09-09,6,0.35,-4.876,1.5
SP_76,0,2026-09-10,6,0.249,-3.765,3.0
SP_76,0,2026-09-11,6,0.188,-2.287,4.0
SP_76,0,2026-09-12,6,0.208,-3.936,5.5
SP_76,0,2026-09-13,6,0.147,-3.255,4.0
SP_76,0,2026-09-14,6,0.087,-3.627,4.5
SP_76,0,2026-09-15,6,0.026,-3.845,1.5
SP_76,0,2026-09-16,6,0.066,-5.374,0.5
SP_76,0,2026-09-17,6,0.066,-4.165,1.5
SP_76,0,2026-09-18,6,0.229,-4.208,1.5
SP_76,0,2026-09-19,6,0.269,-5.45,1.5
SP_76,0,2026-09-20,6,0.289,-4.261,1.5
SP_76,0,2026-09-21,6,0.33,-5.517,1.5
SP_76,0,2026-09-22,6,5.024,-6.356,1.5
SP_76,0,2026-09-23,6,5.86,-3.681,8.5
SP_76,0,2026-09-24,6,7.461,-5.867,14.5
SP_76,0,2026-09-25,6,5.503,-4.792,3.5
SP_76,0,2026-09-26,6,6.563,-6.12,4.0
SP_76,0,2026-09-27,6,5.422,-5.38,3.0
SP_76,0,2026-09-28,6,7.899,-5.312,3.5
SP_76,0,2026-09-29,6,7.542,-5.679,14.0
SP_76,0,2026-09-30,6,9.459,-6.865,6.5
SP_77,0,2026-09-02,6,0.34,1.699,-0.5
SP_77,0,2026-09-03,6,0.576,2.447,-2.0
SP_77,0,2026-09-04,6,1.57,1.023,-2.5
SP_77,0,2026-09-05,6,1.675,0.469,-3.5
SP_77,0,2026-09-06,6,0.733,-0.067,-0.5
SP_77,0,2026-09-07,5,1.361,2.032,-1.0
SP_77,0,2026-09-08,6,0.682,2.167,-1.5
SP_77,0,2026-09-09,6,0.525,3.268,-2.0
SP_77,0,2026-09-10,6,1.258,2.421,-3.0
SP_77,0,2026-09-11,6,0.368,3.041,-3.5
SP_77,0,2026-09-12,6,-0.051,1.364,-2.5
SP_77,0,2026-09-13,6,0.42,1.539,-4.5
SP_77,0,2026-09-14,6,-0.103,2.475,-2.5
SP_77,0,2026-09-15,6,0.29,1.108,-4.5
SP_77,0,2026-09-16,6,0.237,1.856,-3.0
SP_77,0,2026-09-17,6,0.787,1.36,-3.5
SP_77,0,2026-09-18,6,0.447,3.868,-5.0
SP_77,0,2026-09-19,6,0.891,3.677,-3.5
SP_77,0,2026-09-20,6,1.807,3.196,-6.5
SP_77,0,2026-09-21,6,0.499,3.295,-1.0
SP_77,0,2026-09-22,6,4.998,1.754,-3.5
SP_77,0,2026-09-23,6,6.49,0.368,1.5
SP_77,0,2026-09-24,6,8.034,1.217,8.5
SP_77,0,2026-09-25,6,6.255,2.899,-3.5
SP_77,0,2026-09-26,6,6.909,1.871,-0.5
SP_77,0,2026-09-27,6,6.307,0.197,-0.5
SP_77,0,2026-09-28,5,8.479,1.178,-5.0
SP_77,0,2026-09-29,6,8.139,1.998,7.5
SP_77,0,2026-09-30,5,9.002,2.093,3.0
SP_78,0,2026-09-02,5,-0.055,1.177,-0.5
SP_78,0,2026-09-03,5,0.475,7.802,-1.5
SP_78,0,2026-09-04,6,0.543,7.471,-1.5
SP_78,0,2026-09-05,4,1.049,9.553,1.5
SP_78,0,2026-09-07,5,0.525,8.064,2.5
SP_78,0,2026-09-08,5,0.55,10.538,1.5
SP_78,0,2026-09-09,5,0.044,9.711,0.5
SP_78,0,2026-09-10,5,0.044,7.85,-0.5
SP_78,0,2026-09-11,4,-0.024,11.447,-2.0
SP_78,0,2026-09-12,5,-0.413,12.513,2.5
SP_78,0,2026-09-13,5,-0.092,9.499,1.5
SP_78,0,2026-09-14,5,-0.573,9.216,0.5
SP_78,0,2026-09-15,6,-0.505,5.25,-2.5
SP_78,0,2026-09-16,5,0.229,4.865,-0.5
SP_78,0,2026-09-17,5,-0.758,6.655,-2.5
SP_78,0,2026-09-18,6,-0.357,7.864,0.0
SP_78,0,2026-09-19,5,0.229,6.482,0.5
SP_78,0,2026-09-20,5,0.204,7.009,-0.5
SP_78,0,2026-09-21,6,-0.117,5.771,0.5
SP_78,0,2026-09-22,6,4.83,1.486,-0.5
SP_78,0,2026-09-23,4,5.737,3.668,8.0
SP_78,0,2026-09-24,4,6.656,5.387,12.0
SP_78,0,2026-09-25,4,5.564,4.371,1.5
SP_78,0,2026-09-26,4,6.632,3.722,-0.5
SP_78,0,2026-09-27,5,5.361,4.951,-0.5
SP_78,0,2026-09-29,4,7.07,4.216,12.5
SP_81,0,2026-09-02,6,0.271,0.278,0.5
SP_81,0,2026-09-03,6,-0.11,1.802,-2.5
SP_81,0,2026-09-04,6,0.543,-1.046,0.5
SP_81,0,2026-09-05,6,-0.14,1.332,-2.5
SP_81,0,2026-09-06,6,1.115,0.547,-0.5
SP_81,0,2026-09-07,5,0.524,1.908,0.5
SP_81,0,2026-09-08,6,0.031,0.738,2.0
SP_81,0,2026-09-09,6,0.303,-0.253,-1.0
SP_81,0,2026-09-10,6,-0.27,2.559,0.5
SP_81,0,2026-09-11,6,-1.928,0.488,4.5
SP_81,0,2026-09-12,6,-2.309,1.322,4.5
SP_81,0,2026-09-13,6,-1.033,0.966,4.0
SP_81,0,2026-09-14,6,-1.907,1.367,3.5
SP_81,0,2026-09-15,6,-1.063,0.095,3.0
SP_81,0,2026-09-16,6,-0.872,-1.062,2.5
SP_81,0,2026-09-17,6,-1.365,0.752,4.0
SP_81,0,2026-09-18,6,-1.335,3.552,4.5
SP_81,0,2026-09-19,6,-1.114,1.118,4.0
SP_81,0,2026-09-20,6,-1.194,0.038,-1.0
SP_81,0,2026-09-21,6,-0.762,2.847,5.0
SP_81,0,2026-09-22,6,3.757,2.106,1.5
SP_81,0,2026-09-23,6,5.174,-1.272,8.0
SP_81,0,2026-09-24,6,5.284,1.251,11.5
SP_81,0,2026-09-25,6,4.249,2.113,2.0
SP_81,0,2026-09-26,6,4.932,-1.018,6.5
SP_81,0,2026-09-27,6,4.058,2.175,4.5
SP_81,0,2026-09-28,5,5.385,6.935,0.5
SP_81,0,2026-09-29,6,5.284,-0.147,15.0
SP_81,0,2026-09-30,5,6.59,-1.162,7.5
STG4N-1,0,2026-09-02,6,-0.032,-3.896,-1.5
STG4N-1,0,2026-09-03,6,-0.508,0.635,0.0
STG4N-1,0,2026-09-04,6,1.032,1.046,0.0
STG4N-1,0,2026-09-05,6,0.484,-2.334,8.5
STG4N-1,0,2026-09-06,5,0.588,-0.623,3.5
STG4N-1,0,2026-09-07,5,0.508,-8.79,-0.5
STG4N-1,0,2026-09-08,6,0.198,-3.506,1.5
STG4N-1,0,2026-09-09,4,-1.382,-7.559,5.0
STG4N-1,0,2026-09-10,6,-0.366,-6.002,3.5
STG4N-1,0,2026-09-11,6,-1.874,-7.823,2.0
STG4N-1,0,2026-09-12,6,-2.874,-7.766,13.0
STG4N-1,0,2026-09-13,6,-0.89,-8.822,9.5
STG4N-1,0,2026-09-14,6,-2.834,-8.178,18.0
STG4N-1,0,2026-09-15,6,-2.229,-9.739,13.0
STG4N-1,0,2026-09-16,5,-1.673,-7.823,11.5
STG4N-1,0,2026-09-17,5,-1.866,-12.091,11.5
STG4N-1,0,2026-09-18,6,-1.882,-8.054,10.5
STG4N-1,0,2026-09-19,6,-1.374,-7.458,12.5
STG4N-1,0,2026-09-20,6,0.134,-8.359,5.0
STG4N-1,0,2026-09-21,5,-1.818,-8.792,12.5
STG4N-1,1,2026-09-22,6,0.072,12.491,1.5
STG4N-1,1,2026-09-23,5,0.524,8.311,7.5
STG4N-1,1,2026-09-24,6,1.016,9.698,20.0
STG4N-1,1,2026-09-25,6,1.259,11.677,3.5
STG4N-1,1,2026-09-26,6,2.452,11.235,2.5
STG4N-1,1,2026-09-27,5,0.572,13.038,-1.5
STG4N-1,1,2026-09-28,5,2.54,1.903,1.5
STG4N-1,1,2026-09-29,6,2.436,9.149,17.5
STG4N-1,1,2026-09-30,6,3.459,6.295,8.0
STG4N-10,0,2026-09-02,6,-0.531,-1.451,-5.0
STG4N-10,0,2026-09-03,6,0.871,-1.144,-3.0
STG4N-10,0,2026-09-04,6,1.582,3.254,-5.0
STG4N-10,0,2026-09-05,6,0.552,0.218,-1.5
STG4N-10,0,2026-09-06,5,0.149,-0.527,-3.0
STG4N-10,0,2026-09-08,6,0.596,4.036,-1.5
STG4N-10,0,2026-09-09,4,-0.444,1.512,2.5
STG4N-10,0,2026-09-10,5,-1.209,-0.989,5.0
STG4N-10,0,2026-09-11,6,-1.559,1.778,1.5
STG4N-10,0,2026-09-12,6,-2.398,-0.291,7.0
STG4N-10,0,2026-09-13,6,-1.378,1.328,3.0
STG4N-10,0,2026-09-14,6,-1.569,3.921,4.0
STG4N-10,0,2026-09-15,6,-1.229,3.35,6.0
STG4N-10,0,2026-09-16,4,-1.611,2.338,5.5
STG4N-10,0,2026-09-17,5,-0.911,2.488,-0.0
STG4N-10,0,2026-09-18,6,-1.346,5.376,2.0
STG4N-10,0,2026-09-19,6,-0.009,3.259,-0.0
STG4N-10,0,2026-09-20,6,0.989,4.986,-3.5
STG4N-10,0,2026-09-21,5,-1.038,4.894,2.0
STG4N-10,1,2026-09-22,6,0.085,11.334,0.0
STG4N-10,1,2026-09-23,5,0.711,13.084,8.5
STG4N-10,1,2026-09-24,5,2.453,16.219,15.5
STG4N-10,1,2026-09-25,6,1.125,15.841,6.5
STG4N-10,1,2026-09-26,5,1.646,15.511,6.5
STG4N-10,1,2026-09-27,5,0.839,12.946,5.5
STG4N-10,1,2026-09-28,5,3.026,15.094,1.5
STG4N-10,1,2026-09-29,6,3.175,14.443,10.0
STG4N-10,1,2026-09-30,6,3.95,13.894,12.0
STG4N-12,0,2026-09-02,6,-0.246,-1.069,-4.0
STG4N-12,0,2026-09-03,6,0.494,-4.254,-9.0
STG4N-12,0,2026-09-04,4,0.817,-2.369,-8.5
STG4N-12,0,2026-09-05,5,1.163,-6.042,-6.0
STG4N-12,0,2026-09-06,4,0.939,-9.499,-10.5
STG4N-12,0,2026-09-07,5,0.719,-5.851,3.0
STG4N-12,0,2026-09-08,6,0.379,-5.841,-6.0
STG4N-12,0,2026-09-09,4,-0.092,-9.154,-3.5
STG4N-12,0,2026-09-10,5,-0.066,-6.805,-2.0
STG4N-12,0,2026-09-11,5,-0.362,-3.185,-11.0
STG4N-12,0,2026-09-12,5,-1.155,-11.312,-9.0
STG4N-12,0,2026-09-13,5,-0.658,-5.896,-9.0
STG4N-12,0,2026-09-14,6,-0.486,-8.375,-9.0
STG4N-12,0,2026-09-15,6,0.627,-8.993,-11.5
STG4N-12,0,2026-09-16,5,-0.013,-6.928,-7.0
STG4N-12,0,2026-09-17,5,-0.41,-8.676,-14.0
STG4N-12,0,2026-09-18,6,0.032,-6.433,-12.5
STG4N-12,0,2026-09-19,6,0.331,-2.428,-11.0
STG4N-12,0,2026-09-20,6,1.32,-4.143,-11.0
STG4N-12,0,2026-09-21,5,0.035,-2.84,-6.0
STG4N-12,1,2026-09-22,5,-0.595,4.938,-2.0
STG4N-12,1,2026-09-23,4,0.396,14.187,5.0
STG4N-12,1,2026-09-24,5,1.88,12.612,10.0
STG4N-12,1,2026-09-25,6,0.026,20.459,4.0
STG4N-12,1,2026-09-28,4,2.647,18.063,-2.0
STG4N-12,1,2026-09-29,4,2.647,15.925,7.5
STG4N-13,0,2026-09-02,6,-0.046,-4.066,-2.5
STG4N-13,0,2026-09-03,6,-0.314,-1.529,-1.0
STG4N-13,0,2026-09-04,6,0.895,-3.052,-2.5
STG4N-13,0,2026-09-05,6,1.03,-7.053,0.5
STG4N-13,0,2026-09-06,6,1.213,-2.943,-3.0
STG4N-13,0,2026-09-07,5,1.302,-3.099,-1.0
STG4N-13,0,2026-09-08,6,0.74,-3.956,-3.0
STG4N-13,0,2026-09-09,4,-0.465,-5.983,3.0
STG4N-13,0,2026-09-10,4,-0.283,-5.322,1.5
STG4N-13,0,2026-09-11,5,-0.999,-4.266,2.0
STG4N-13,0,2026-09-13,6,-0.906,-4.165,4.0
STG4N-13,0,2026-09-14,6,-0.461,-7.738,-1.0
STG4N-13,0,2026-09-15,6,-0.368,-7.413,0.5
STG4N-13,0,2026-09-16,6,-0.004,-7.94,-0.5
STG4N-13,0,2026-09-17,6,-0.008,-3.02,2.5
STG4N-13,0,2026-09-18,6,0.12,-4.43,-1.0
STG4N-13,0,2026-09-19,6,0.205,-9.036,2.0
STG4N-13,0,2026-09-20,6,0.655,-5.724,0.0
STG4N-13,0,2026-09-21,5,-1.449,-5.026,2.0
STG4N-13,1,2026-09-22,6,0.984,11.29,-0.0
STG4N-13,1,2026-09-23,6,1.832,10.318,1.0
STG4N-13,1,2026-09-24,5,2.104,13.954,10.0
STG4N-13,1,2026-09-25,6,1.472,11.865,-2.0
STG4N-13,1,2026-09-26,5,2.189,10.295,-7.0
STG4N-13,1,2026-09-27,5,-0.228,14.093,-2.0
STG4N-13,1,2026-09-28,5,2.553,12.424,-1.0
STG4N-13,1,2026-09-29,6,2.952,9.744,1.5
STG4N-13,1,2026-09-30,5,3.444,10.113,3.0
STG4N-2,0,2026-09-02,6,0.521,-2.71,-4.5
STG4N-2,0,2026-09-03,6,0.42,-0.018,-5.5
STG4N-2,0,2026-09-04,6,0.983,-0.14,-5.0
STG4N-2,0,2026-09-05,5,0.025,-4.469,-1.0
STG4N-2,0,2026-09-06,5,0.966,-5.412,-6.0
STG4N-2,0,2026-09-07,5,1.704,-7.592,-4.0
STG4N-2,0,2026-09-08,6,0.7,-8.666,-2.0
STG4N-2,0,2026-09-09,4,0.713,-10.637,-8.5
STG4N-2,0,2026-09-10,6,0.158,-7.212,-1.5
STG4N-2,0,2026-09-11,6,-0.859,-5.638,-3.0
STG4N-2,0,2026-09-12,6,-1.851,-6.805,-1.5
STG4N-2,0,2026-09-13,6,-0.376,-6.701,-5.5
STG4N-2,0,2026-09-14,6,-0.372,-11.185,-5.5
STG4N-2,0,2026-09-15,6,0.06,-6.888,-9.0
STG4N-2,0,2026-09-16,6,-0.418,-10.577,-7.5
STG4N-2,0,2026-09-17,5,0.569,-10.315,-10.0
STG4N-2,0,2026-09-18,6,-0.351,-7.099,-10.5
STG4N-2,0,2026-09-19,6,0.098,-7.247,-8.5
STG4N-2,0,2026-09-20,6,1.166,-6.598,-11.0
STG4N-2,0,2026-09-21,5,-0.389,-8.867,-7.0
STG4N-2,1,2026-09-22,6,-0.051,15.289,-0.0
STG4N-2,1,2026-09-23,5,1.818,18.277,1.0
STG4N-2,1,2026-09-24,5,0.97,14.904,11.0
STG4N-2,1,2026-09-25,6,1.517,15.955,0.5
STG4N-2,1,2026-09-26,6,2.008,12.496,-2.5
STG4N-2,1,2026-09-27,5,-1.072,14.859,9.0
STG4N-2,1,2026-09-28,5,3.063,12.438,-2.0
STG4N-2,1,2026-09-29,6,2.97,10.765,10.0
STG4N-2,1,2026-09-30,6,3.458,14.447,9.0
STG4N-3,0,2026-09-02,6,-0.0,-0.543,-6.0
STG4N-3,0,2026-09-03,6,0.885,-0.532,-7.0
STG4N-3,0,2026-09-04,6,1.485,-4.639,-2.0
STG4N-3,0,2026-09-05,6,0.957,-4.874,-1.5
STG4N-3,0,2026-09-06,5,1.085,-8.766,-1.0
STG4N-3,0,2026-09-07,5,0.798,-1.129,1.0
STG4N-3,0,2026-09-08,5,0.826,-0.686,1.0
STG4N-3,0,2026-09-09,4,-0.501,-1.846,-2.5
STG4N-3,0,2026-09-10,6,-0.173,-3.55,-2.0
STG4N-3,0,2026-09-11,6,-0.873,0.454,-1.5
STG4N-3,0,2026-09-12,6,-1.944,0.628,-1.0
STG4N-3,0,2026-09-13,6,-0.631,1.344,1.0
STG4N-3,0,2026-09-14,6,-0.93,-2.752,-2.5
STG4N-3,0,2026-09-15,6,-0.817,4.558,-2.0
STG4N-3,0,2026-09-16,5,-0.602,0.286,-3.0
STG4N-3,0,2026-09-17,5,-0.888,1.544,-1.0
STG4N-3,0,2026-09-18,6,-0.302,4.946,-1.0
STG4N-3,0,2026-09-19,6,-0.245,4.789,1.5
STG4N-3,0,2026-09-20,6,0.768,3.563,-2.5
STG4N-3,0,2026-09-21,5,-0.459,1.764,-4.0
STG4N-3,1,2026-09-22,6,0.471,12.068,-0.0
STG4N-3,1,2026-09-23,5,0.842,10.561,4.5
STG4N-3,1,2026-09-24,6,1.428,15.327,12.0
STG4N-3,1,2026-09-25,6,1.085,12.468,4.0
STG4N-3,1,2026-09-26,6,1.456,14.015,3.0
STG4N-3,1,2026-09-27,5,-0.985,10.365,8.5
STG4N-3,1,2026-09-28,5,2.956,8.917,3.5
STG4N-3,1,2026-09-29,6,2.485,13.279,9.5
STG4N-3,1,2026-09-30,6,3.613,11.658,5.5
STG4N-4,0,2026-09-02,6,-0.018,-0.81,-3.5
STG4N-4,0,2026-09-03,6,0.383,-2.906,-6.0
STG4N-4,0,2026-09-04,6,1.527,-4.708,-4.5
STG4N-4,0,2026-09-05,6,0.563,-1.347,1.0
STG4N-4,0,2026-09-06,5,1.018,-2.428,-3.0
STG4N-4,0,2026-09-07,5,2.054,-6.78,-2.0
STG4N-4,0,2026-09-08,6,1.738,-3.174,-4.0
STG4N-4,0,2026-09-09,4,0.184,-8.087,-8.0
STG4N-4,0,2026-09-10,6,-0.599,-1.048,2.5
STG4N-4,0,2026-09-11,6,-0.118,1.963,1.5
STG4N-4,0,2026-09-12,6,-1.171,-0.921,1.5
STG4N-4,0,2026-09-13,6,-0.136,-3.6,1.0
STG4N-4,0,2026-09-14,6,-0.536,-3.532,-3.0
STG4N-4,0,2026-09-15,6,-0.019,-3.538,-3.0
STG4N-4,0,2026-09-16,5,-0.028,-0.489,-3.0
STG4N-4,0,2026-09-17,5,-0.793,3.389,-6.0
STG4N-4,0,2026-09-18,6,-0.1,-2.103,-4.0
STG4N-4,0,2026-09-19,6,0.909,-2.375,-4.5
STG4N-4,0,2026-09-20,6,1.99,-5.011,-6.0
STG4N-4,0,2026-09-21,5,-0.064,1.163,-3.0
STG4N-4,1,2026-09-22,6,0.054,12.02,0.0
STG4N-4,1,2026-09-23,5,1.545,12.097,1.0
STG4N-4,1,2026-09-24,6,2.446,6.763,8.5
STG4N-4,1,2026-09-25,6,0.973,12.857,-1.0
STG4N-4,1,2026-09-26,6,1.838,11.663,-0.5
STG4N-4,1,2026-09-27,6,-1.09,6.526,5.5
STG4N-4,1,2026-09-28,5,2.473,7.175,0.0
STG4N-4,1,2026-09-29,5,2.455,3.639,9.0
STG4N-4,1,2026-09-30,6,3.909,4.861,6.5
STG4N-5,0,2026-09-16,4,0.099,-1.523,-9.0
STG4N-5,0,2026-09-18,4,-0.89,9.816,4.5
STG4N-5,0,2026-09-20,5,0.532,4.15,2.5
STG4N-5,0,2026-09-21,5,-0.54,5.76,3.5
STG4N-6,0,2026-09-02,6,-0.085,-0.756,0.5
STG4N-6,0,2026-09-03,6,0.55,-2.192,-7.0
STG4N-6,0,2026-09-04,6,1.465,-5.701,-3.0
STG4N-6,0,2026-09-05,6,1.762,-5.664,-6.5
STG4N-6,0,2026-09-06,5,0.729,-4.467,-1.5
STG4N-6,0,2026-09-07,5,0.714,-1.795,5.5
STG4N-6,0,2026-09-08,6,-0.023,-4.248,1.5
STG4N-6,0,2026-09-09,4,-0.522,-4.739,-2.5
STG4N-6,0,2026-09-10,5,-0.387,0.375,2.5
STG4N-6,0,2026-09-11,6,-0.573,-2.152,0.5
STG4N-6,0,2026-09-12,6,-1.657,-2.978,3.5
STG4N-6,0,2026-09-13,6,-1.225,-1.709,1.0
STG4N-6,0,2026-09-14,5,-0.759,-4.454,3.5
STG4N-6,0,2026-09-15,6,-0.327,-1.505,0.0
STG4N-6,0,2026-09-16,5,-0.436,5.671,-0.5
STG4N-6,0,2026-09-17,5,-0.556,-1.641,-3.5
STG4N-6,0,2026-09-18,6,0.291,-3.198,0.0
STG4N-6,0,2026-09-19,6,0.409,-0.663,1.0
STG4N-6,0,2026-09-20,6,1.273,0.134,-6.0
STG4N-6,0,2026-09-21,5,-0.353,-8.701,-0.5
STG4N-6,1,2026-09-22,6,1.296,14.867,0.0
STG4N-6,1,2026-09-23,5,1.33,8.85,9.0
STG4N-6,1,2026-09-24,6,2.897,13.306,12.5
STG4N-6,1,2026-09-25,6,1.999,13.735,2.0
STG4N-6,1,2026-09-26,5,2.499,15.635,0.0
STG4N-6,1,2026-09-27,5,1.228,19.722,4.0
STG4N-6,1,2026-09-28,5,4.261,16.725,-2.0
STG4N-6,1,2026-09-29,6,2.718,12.776,9.5
STG4N-6,1,2026-09-30,6,4.065,13.099,9.0
STG4N-7,0,2026-09-02,6,-0.2,2.175,-0.5
STG4N-7,0,2026-09-03,6,-0.35,2.137,3.0
STG4N-7,0,2026-09-04,6,0.623,5.735,-1.0
STG4N-7,0,2026-09-05,6,1.148,-1.852,2.5
STG4N-7,0,2026-09-06,5,0.522,13.293,2.0
STG4N-7,0,2026-09-07,4,0.996,-5.26,-1.5
STG4N-7,0,2026-09-08,6,0.643,1.664,-3.0
STG4N-7,0,2026-09-09,4,-0.705,-0.516,-2.5
STG4N-7,0,2026-09-10,6,-0.605,-5.384,4.0
STG4N-7,0,2026-09-11,6,-0.605,-1.884,-3.5
STG4N-7,0,2026-09-12,6,-1.13,2.517,2.5
STG4N-7,0,2026-09-13,6,0.044,-2.204,2.5
STG4N-7,0,2026-09-14,6,-0.431,-0.572,-1.0
STG4N-7,0,2026-09-15,6,-0.031,0.326,-3.5
STG4N-7,0,2026-09-16,5,-1.531,-1.284,-1.0
STG4N-7,0,2026-09-17,5,-1.03,-0.805,4.0
STG4N-7,0,2026-09-18,6,-0.481,-0.627,2.5
STG4N-7,0,2026-09-19,6,0.693,-2.264,-4.5
STG4N-7,0,2026-09-20,6,1.517,-1.667,-4.5
STG4N-7,0,2026-09-21,5,0.119,-3.822,-5.0
STG4N-7,1,2026-09-22,6,0.474,12.797,0.0
STG4N-7,1,2026-09-23,5,2.871,10.643,4.5
STG4N-7,1,2026-09-24,6,2.121,17.053,10.0
STG4N-7,1,2026-09-25,6,1.748,12.695,1.0
STG4N-7,1,2026-09-26,6,2.921,10.644,8.5
STG4N-7,1,2026-09-27,5,-0.025,13.342,0.5
STG4N-7,1,2026-09-28,5,2.571,16.552,4.5
STG4N-7,1,2026-09-29,5,3.172,12.372,8.5
STG4N-7,1,2026-09-30,6,3.92,8.888,9.0
STG4N-8,0,2026-09-02,6,-0.495,2.905,2.5
STG4N-8,0,2026-09-03,6,0.507,4.752,-6.0
STG4N-8,0,2026-09-04,6,1.014,6.276,-3.0
STG4N-8,0,2026-09-05,5,1.019,5.742,-6.0
STG4N-8,0,2026-09-06,5,0.043,3.446,-2.0
STG4N-8,0,2026-09-07,5,1.062,13.717,6.0
STG4N-8,0,2026-09-08,6,1.076,7.198,-4.0
STG4N-8,0,2026-09-09,4,1.068,3.986,-11.0
STG4N-8,0,2026-09-10,6,1.07,2.597,-8.5
STG4N-8,0,2026-09-11,6,-0.922,5.908,-10.0
STG4N-8,0,2026-09-12,6,-0.925,1.165,-8.0
STG4N-8,0,2026-09-13,6,0.578,7.126,-10.5
STG4N-8,0,2026-09-14,6,-0.408,3.075,-4.5
STG4N-8,0,2026-09-15,6,0.091,-1.71,-7.5
STG4N-8,0,2026-09-16,5,0.096,5.93,-12.0
STG4N-8,0,2026-09-17,5,0.093,4.665,-7.0
STG4N-8,0,2026-09-18,6,0.082,2.111,-6.0
STG4N-8,0,2026-09-19,6,1.066,2.474,-4.5
STG4N-8,0,2026-09-20,6,1.082,8.618,-7.0
STG4N-8,0,2026-09-21,5,1.068,3.812,-7.0
STG4N-8,1,2026-09-22,6,0.001,13.088,0.0
STG4N-8,1,2026-09-23,6,1.009,12.443,4.0
STG4N-8,1,2026-09-24,6,1.503,13.213,17.0
STG4N-8,1,2026-09-25,6,0.999,8.897,0.0
STG4N-8,1,2026-09-26,6,1.495,13.463,2.5
STG4N-8,1,2026-09-27,5,-0.485,16.845,3.0
STG4N-8,1,2026-09-28,5,3.493,8.122,0.0
STG4N-8,1,2026-09-29,6,2.493,11.354,12.0
STG4N-8,1,2026-09-30,6,3.497,12.54,5.5
STG4N-9,0,2026-09-02,6,-0.144,-1.202,-2.5
STG4N-9,0,2026-09-03,6,0.548,-1.656,0.5
STG4N-9,0,2026-09-04,6,1.807,-1.518,-5.0
STG4N-9,0,2026-09-05,6,1.403,-6.762,-3.0
STG4N-9,0,2026-09-06,5,2.307,-3.526,-4.0
STG4N-9,0,2026-09-07,5,1.347,-1.737,9.0
STG4N-9,0,2026-09-08,6,0.799,1.239,3.5
STG4N-9,0,2026-09-09,5,0.315,-6.623,2.0
STG4N-9,0,2026-09-10,6,0.527,-3.182,-7.0
STG4N-9,0,2026-09-11,6,0.107,-2.446,-3.0
STG4N-9,0,2026-09-12,6,-0.828,-4.42,5.5
STG4N-9,0,2026-09-13,6,1.043,-3.637,0.0
STG4N-9,0,2026-09-14,6,0.659,0.765,4.0
STG4N-9,0,2026-09-15,6,0.787,-2.888,0.0
STG4N-9,0,2026-09-16,6,1.111,-1.491,0.0
STG4N-9,0,2026-09-17,6,0.771,-3.983,3.0
STG4N-9,0,2026-09-18,6,1.463,-2.615,-2.5
STG4N-9,0,2026-09-19,6,1.978,-0.979,0.0
STG4N-9,0,2026-09-20,6,2.43,-0.996,-0.5
STG4N-9,0,2026-09-21,5,1.93,1.469,3.0
STG4N-9,1,2026-09-22,6,0.0,10.231,0.0
STG4N-9,1,2026-09-23,6,1.887,16.544,3.0
STG4N-9,1,2026-09-24,6,1.451,15.704,16.0
STG4N-9,1,2026-09-25,6,1.467,15.602,2.0
STG4N-9,1,2026-09-26,6,1.871,16.569,6.0
STG4N-9,1,2026-09-27,6,1.131,17.999,0.5
STG4N-9,1,2026-09-28,6,3.63,21.124,4.0
STG4N-9,1,2026-09-29,6,3.662,18.114,8.5
STG4N-9,1,2026-09-30,6,5.193,17.557,1.5
